date,value,cash,positions,returns,cummax,drawdown
2024-01-02 00:00:00-05:00,10000.0,10000.0,0,,10000.0,0.0
2024-01-03 00:00:00-05:00,10000.0,10000.0,0,0.0,10000.0,0.0
2024-01-04 00:00:00-05:00,10000.0,10000.0,0,0.0,10000.0,0.0
2024-01-05 00:00:00-05:00,10000.0,10000.0,0,0.0,10000.0,0.0
2024-01-08 00:00:00-05:00,10000.0,10000.0,0,0.0,10000.0,0.0
2024-01-09 00:00:00-05:00,10000.0,10000.0,0,0.0,10000.0,0.0
2024-01-10 00:00:00-05:00,10000.0,10000.0,0,0.0,10000.0,0.0
2024-01-11 00:00:00-05:00,10000.0,10000.0,0,0.0,10000.0,0.0
2024-01-12 00:00:00-05:00,10000.0,10000.0,0,0.0,10000.0,0.0
2024-01-16 00:00:00-05:00,10000.0,10000.0,0,0.0,10000.0,0.0
2024-01-17 00:00:00-05:00,10000.0,10000.0,0,0.0,10000.0,0.0
2024-01-18 00:00:00-05:00,10000.0,10000.0,0,0.0,10000.0,0.0
2024-01-19 00:00:00-05:00,10000.0,10000.0,0,0.0,10000.0,0.0
2024-01-22 00:00:00-05:00,10000.0,10000.0,0,0.0,10000.0,0.0
2024-01-23 00:00:00-05:00,10000.0,10000.0,0,0.0,10000.0,0.0
2024-01-24 00:00:00-05:00,10000.0,10000.0,0,0.0,10000.0,0.0
2024-01-25 00:00:00-05:00,10000.0,10000.0,0,0.0,10000.0,0.0
2024-01-26 00:00:00-05:00,10000.0,10000.0,0,0.0,10000.0,0.0
2024-01-29 00:00:00-05:00,10000.0,10000.0,0,0.0,10000.0,0.0
2024-01-30 00:00:00-05:00,12667.974334716797,7332.025665283203,3,0.2667974334716796,12667.974334716797,0.0
2024-01-31 00:00:00-05:00,7332.025665283203,9889.009170532227,0,-0.42121562046509176,12667.974334716797,-0.42121562046509176
2024-02-01 00:00:00-05:00,11630.49478149414,8147.5235595703125,2,0.5862594203078131,12667.974334716797,-0.08189782563573926
2024-02-02 00:00:00-05:00,8147.5235595703125,9898.947967529297,0,-0.29946887792476007,12667.974334716797,-0.35684085361288687
2024-02-05 00:00:00-05:00,11774.464340209961,8023.431594848633,2,0.4451586735676685,12667.974334716797,-0.07053298111428571
2024-02-06 00:00:00-05:00,8023.431594848633,9903.628829956055,0,-0.3185735365091301,12667.974334716797,-0.3666365763893061
2024-02-07 00:00:00-05:00,10841.528839111328,8965.728820800781,1,0.35123341066084834,12667.974334716797,-0.1441781809266904
2024-02-08 00:00:00-05:00,8965.728820800781,9913.52880859375,0,-0.17301987995858203,12667.974334716797,-0.2922523693286897
2024-02-09 00:00:00-05:00,9913.52880859375,9913.52880859375,0,0.10571365772228591,12667.974334716797,-0.21743377854614393
2024-02-12 00:00:00-05:00,12722.063209533691,7104.994407653809,3,0.2833031965878088,12722.063209533691,0.0
2024-02-13 00:00:00-05:00,7104.994407653809,9880.944732666016,0,-0.44152184353796875,12722.063209533691,-0.44152184353796875
2024-02-14 00:00:00-05:00,10795.129760742188,8966.759704589844,1,0.5193720278109164,12722.063209533691,-0.15146391092818134
2024-02-15 00:00:00-05:00,8966.759704589844,9879.505065917969,0,-0.16936990074926528,12722.063209533691,-0.295180384116445
2024-02-16 00:00:00-05:00,11762.33169555664,7996.678436279297,2,0.3117705930644956,12722.063209533691,-0.07543835446893903
2024-02-20 00:00:00-05:00,8968.574005126953,8908.061111450195,1,-0.2375173360809968,12722.063209533691,-0.2950377735581395
2024-02-21 00:00:00-05:00,8908.061111450195,9852.2490234375,0,-0.006747214623212705,12722.063209533691,-0.2997943050012006
2024-02-22 00:00:00-05:00,10794.285919189453,8910.212127685547,1,0.21174358641464108,12722.063209533691,-0.15153023991419848
2024-02-23 00:00:00-05:00,8910.212127685547,9855.59555053711,0,-0.17454362480379637,12722.063209533691,-0.29962522737598174
2024-02-26 00:00:00-05:00,11712.186431884766,7999.004669189453,2,0.31446774375808717,12722.063209533691,-0.07937995284382346
2024-02-27 00:00:00-05:00,8905.643920898438,8965.369003295898,1,-0.2396258399154162,12722.063209533691,-0.2999843048865923
2024-02-28 00:00:00-05:00,10814.970092773438,8016.400314331055,2,0.2143950722523813,12722.063209533691,-0.1499043893549524
2024-02-29 00:00:00-05:00,8834.562789916992,9058.98617553711,1,-0.18311722416872456,12722.063209533691,-0.30557153785429036
2024-03-01 00:00:00-05:00,10905.138397216797,8034.675384521484,2,0.23437216493191726,12722.063209533691,-0.14281683579085844
2024-03-04 00:00:00-05:00,8034.675384521484,9831.81820678711,0,-0.263221144761254,12722.063209533691,-0.3684455695440627
2024-03-05 00:00:00-05:00,13299.631591796875,6364.004821777344,4,0.6552792683346162,13299.631591796875,0.0
2024-03-06 00:00:00-05:00,7159.32177734375,9000.592208862305,1,-0.46169021841480384,13299.631591796875,-0.4616902184148039
2024-03-07 00:00:00-05:00,11542.078918457031,7268.367095947266,3,0.6121749067045525,13299.631591796875,-0.1321504780947384
2024-03-08 00:00:00-05:00,9034.277946472168,8030.205665588379,2,-0.2172746339461099,13299.631591796875,-0.3207121652870106
2024-03-11 00:00:00-04:00,9687.920631408691,8115.752662658691,2,0.07235140304619114,13299.631591796875,-0.27156473737331666
2024-03-12 00:00:00-04:00,9003.452629089355,8909.433250427246,1,-0.0706516938320344,13299.631591796875,-0.3230299225248746
2024-03-13 00:00:00-04:00,9758.98250579834,8907.283973693848,1,0.0839155719293656,13299.631591796875,-0.2662215912944825
2024-03-14 00:00:00-04:00,11719.079490661621,6954.321006774902,3,0.20085054806673552,13299.631591796875,-0.11884179574644219
2024-03-15 00:00:00-04:00,8793.635520935059,7902.4560623168945,2,-0.24963086666130307,13299.631591796875,-0.3388060819399753
2024-03-18 00:00:00-04:00,9633.862998962402,8061.053184509277,2,0.09554950009322183,13299.631591796875,-0.27562933360466124
2024-03-19 00:00:00-04:00,8935.175956726074,8917.653221130371,1,-0.0725240791063334,13299.631591796875,-0.32816364911662427
2024-03-20 00:00:00-04:00,9795.953239440918,8926.333641052246,1,0.0963357953870938,13299.631591796875,-0.26344175988431157
2024-03-21 00:00:00-04:00,8926.333641052246,9790.43367767334,0,-0.08877335131484387,13299.631591796875,-0.3288285032979448
2024-03-22 00:00:00-04:00,10644.583686828613,8936.283668518066,1,0.19249224988343783,13299.631591796875,-0.1996331918401317
2024-03-25 00:00:00-04:00,8936.283668518066,9799.433692932129,0,-0.1604853762786761,13299.631591796875,-0.3280803602086311
2024-03-26 00:00:00-04:00,9799.433692932129,9799.433692932129,0,0.09658937164840498,13299.631591796875,-0.2631800644029602
2024-03-27 00:00:00-04:00,9799.433692932129,9799.433692932129,0,0.0,13299.631591796875,-0.2631800644029602
2024-03-28 00:00:00-04:00,9799.433692932129,9799.433692932129,0,0.0,13299.631591796875,-0.2631800644029602
2024-04-01 00:00:00-04:00,9799.433692932129,9799.433692932129,0,0.0,13299.631591796875,-0.2631800644029602
2024-04-02 00:00:00-04:00,9799.433692932129,9799.433692932129,0,0.0,13299.631591796875,-0.2631800644029602
2024-04-03 00:00:00-04:00,9799.433692932129,9799.433692932129,0,0.0,13299.631591796875,-0.2631800644029602
2024-04-04 00:00:00-04:00,10744.012619018555,8854.854766845703,1,0.09639117480510184,13299.631591796875,-0.19215712519094208
2024-04-05 00:00:00-04:00,8854.854766845703,9822.557510375977,0,-0.17583354740562684,13299.631591796875,-0.3342030036149784
2024-04-08 00:00:00-04:00,9822.557510375977,9822.557510375977,0,0.10928499326194951,13299.631591796875,-0.26144138335121514
2024-04-09 00:00:00-04:00,10761.077758789062,8884.03726196289,1,0.09554744244782354,13299.631591796875,-0.19087399643262118
2024-04-10 00:00:00-04:00,9883.53970336914,8841.582824707031,1,-0.081547413287967,13299.631591796875,-0.2568561290475713
2024-04-11 00:00:00-04:00,8841.582824707031,9884.334686279297,0,-0.10542345252146079,13299.631591796875,-0.33520092164353926
2024-04-12 00:00:00-04:00,10760.790756225586,9007.878616333008,1,0.21706610338541377,13299.631591796875,-0.19089557617048802
2024-04-15 00:00:00-04:00,11740.55558013916,7132.495277404785,3,0.09104951913935677,13299.631591796875,-0.11722700744728468
2024-04-16 00:00:00-04:00,7952.516944885254,9036.337684631348,1,-0.3226456030464111,13299.631591796875,-0.40204983198254046
2024-04-17 00:00:00-04:00,10893.054870605469,7994.222549438477,2,0.36976191891190546,13299.631591796875,-0.18095063044270843
2024-04-18 00:00:00-04:00,9788.945541381836,8030.089881896973,2,-0.10135901657881419,13299.631591796875,-0.2639686690705333
2024-04-19 00:00:00-04:00,10821.624038696289,7010.939544677734,3,0.10549435513241989,13299.631591796875,-0.1863215184568725
2024-04-22 00:00:00-04:00,8736.111358642578,8103.480377197266,2,-0.1927171626547246,13299.631591796875,-0.3431313267330688
2024-04-23 00:00:00-04:00,8971.560333251953,8985.455688476562,1,0.026951233213899695,13299.631591796875,-0.32542790592894677
2024-04-24 00:00:00-04:00,8985.455688476562,9958.235717773438,0,0.0015488225802937627,13299.631591796875,-0.3243831134376134
2024-04-25 00:00:00-04:00,12528.83984375,7387.631591796875,3,0.39434662838721324,13299.631591796875,-0.05795587214026998
2024-04-26 00:00:00-04:00,8229.081558227539,9216.864685058594,1,-0.3431888617897364,13299.631591796875,-0.3812549241361556
2024-04-29 00:00:00-04:00,11864.76985168457,7539.209533691406,3,0.44180972903616733,13299.631591796875,-0.10788732982628767
2024-04-30 00:00:00-04:00,8384.787384033203,9280.14517211914,1,-0.29330383236698654,13299.631591796875,-0.36954739489138294
2024-05-01 00:00:00-04:00,10061.319793701172,9339.435104370117,1,0.1999493049591834,13299.631591796875,-0.24348883469020843
2024-05-02 00:00:00-04:00,10198.41665649414,9267.364074707031,1,0.013626131124347962,13299.631591796875,-0.23318051435466403
2024-05-03 00:00:00-04:00,9267.364074707031,10177.726547241211,0,-0.0912938364009902,13299.631591796875,-0.30318640702626076
2024-05-06 00:00:00-04:00,10177.726547241211,10177.726547241211,0,0.0982331615759855,13299.631591796875,-0.2347362047593284
2024-05-07 00:00:00-04:00,10177.726547241211,10177.726547241211,0,0.0,13299.631591796875,-0.2347362047593284
2024-05-08 00:00:00-04:00,10177.726547241211,10177.726547241211,0,0.0,13299.631591796875,-0.2347362047593284
2024-05-09 00:00:00-04:00,10177.726547241211,10177.726547241211,0,0.0,13299.631591796875,-0.2347362047593284
2024-05-10 00:00:00-04:00,10177.726547241211,10177.726547241211,0,0.0,13299.631591796875,-0.2347362047593284
2024-05-13 00:00:00-04:00,10177.726547241211,10177.726547241211,0,0.0,13299.631591796875,-0.2347362047593284
2024-05-14 00:00:00-04:00,10177.726547241211,10177.726547241211,0,0.0,13299.631591796875,-0.2347362047593284
2024-05-15 00:00:00-04:00,10177.726547241211,10177.726547241211,0,0.0,13299.631591796875,-0.2347362047593284
2024-05-16 00:00:00-04:00,10177.726547241211,10177.726547241211,0,0.0,13299.631591796875,-0.2347362047593284
2024-05-17 00:00:00-04:00,11065.026580810547,9290.426513671875,1,0.08718057313200744,13299.631591796875,-0.16802006849307147
2024-05-20 00:00:00-04:00,10165.176498413086,9290.426513671875,1,-0.08132380666468708,13299.631591796875,-0.23567984359184058
2024-05-21 00:00:00-04:00,9290.426513671875,10223.426544189453,0,-0.08605359531905532,13299.631591796875,-0.3014523410255853
2024-05-22 00:00:00-04:00,11172.548706054688,9274.304382324219,1,0.20258727514964625,13299.631591796875,-0.15993547423179438
2024-05-23 00:00:00-04:00,9274.304382324219,10311.881362915039,0,-0.16990253286627088,13299.631591796875,-0.3026645649309152
2024-05-24 00:00:00-04:00,10311.881362915039,10311.881362915039,0,0.11187652872039933,13299.631591796875,-0.2246490971016566
2024-05-28 00:00:00-04:00,11222.726699829102,9401.036026000977,1,0.0883296951213739,13299.631591796875,-0.15616258823656398
2024-05-29 00:00:00-04:00,9401.036026000977,10319.270462036133,0,-0.1623215750104532,13299.631591796875,-0.2931356059667492
2024-05-30 00:00:00-04:00,10319.270462036133,10319.270462036133,0,0.09767374930758099,13299.631591796875,-0.22409351034949038
2024-05-31 00:00:00-04:00,12261.265632629395,8377.275291442871,2,0.1881911301518575,13299.631591796875,-0.07807479117000035
2024-06-03 00:00:00-04:00,8377.275291442871,10376.402786254883,0,-0.31676912135811974,13299.631591796875,-0.3701122295289804
2024-06-04 00:00:00-04:00,10376.402786254883,10376.402786254883,0,0.23863695835017618,13299.631591796875,-0.2197977278818024
2024-06-05 00:00:00-04:00,10376.402786254883,10376.402786254883,0,0.0,13299.631591796875,-0.2197977278818024
2024-06-06 00:00:00-04:00,11344.001663208008,9408.803909301758,1,0.09324993419057104,13299.631591796875,-0.14704391735144653
2024-06-07 00:00:00-04:00,9408.803909301758,10375.523086547852,0,-0.17059216062905525,13299.631591796875,-0.29255153841215825
2024-06-10 00:00:00-04:00,11335.538803100586,9415.507369995117,1,0.20478000310900457,13299.631591796875,-0.14768024024873957
2024-06-11 00:00:00-04:00,10268.807388305664,9591.967254638672,1,-0.09410504726102131,13299.631591796875,-0.22788783152163428
2024-06-12 00:00:00-04:00,10439.318267822266,9631.066207885742,1,0.016604740265240725,13299.631591796875,-0.21506710950841915
2024-06-13 00:00:00-04:00,10543.416213989258,9570.720108032227,1,0.009971718793923445,13299.631591796875,-0.20723997945233555
2024-06-14 00:00:00-04:00,9570.720108032227,10460.770080566406,0,-0.0922562560573521,13299.631591796875,-0.28037705090001264
2024-06-17 00:00:00-04:00,12259.637817382812,8661.90234375,2,0.2809524966772261,13299.631591796875,-0.07819718668414273
2024-06-18 00:00:00-04:00,9586.202346801758,9514.105224609375,1,-0.21806806289092961,13299.631591796875,-0.279212940551341
2024-06-20 00:00:00-04:00,9514.105224609375,10421.955261230469,0,-0.00752092638816837,13299.631591796875,-0.2846339269669987
2024-06-21 00:00:00-04:00,13917.896377563477,6926.014144897461,4,0.46286971280947853,13917.896377563477,0.0
2024-06-24 00:00:00-04:00,7753.759201049805,9531.372734069824,1,-0.4428928775795923,13917.896377563477,-0.4428928775795923
2024-06-25 00:00:00-04:00,10362.81633758545,9531.372734069824,1,0.3364893168441956,13917.896377563477,-0.25543228254731365
2024-06-26 00:00:00-04:00,11361.289543151855,8549.522758483887,2,0.09635152964595073,13917.896377563477,-0.18369204404575334
2024-06-27 00:00:00-04:00,8549.522758483887,10388.069953918457,0,-0.24748658803109125,13917.896377563477,-0.3857173148475042
2024-06-28 00:00:00-04:00,12263.112739562988,8513.027168273926,2,0.43436225459415523,13917.896377563477,-0.11889610276651459
2024-07-01 00:00:00-04:00,8513.027168273926,10467.34920501709,0,-0.30580209535142067,13917.896377563477,-0.38833952076281725
2024-07-02 00:00:00-04:00,11392.389183044434,9542.309226989746,1,0.3382300981607602,13917.896377563477,-0.18145753682936736
2024-07-03 00:00:00-04:00,9542.309226989746,10527.86922454834,0,-0.162396133622981,13917.896377563477,-0.31438566805450946
2024-07-05 00:00:00-04:00,11282.429237365723,9773.309211730957,1,0.18235837562821477,13917.896377563477,-0.18935815217350607
2024-07-08 00:00:00-04:00,9773.309211730957,10532.129219055176,0,-0.13375843037745672,13917.896377563477,-0.29778833333705906
2024-07-09 00:00:00-04:00,11319.119178771973,9745.139259338379,1,0.15816648522545163,13917.896377563477,-0.1867219821366752
2024-07-10 00:00:00-04:00,9745.139259338379,10534.919288635254,0,-0.1390549825100752,13917.896377563477,-0.2998123426864885
2024-07-11 00:00:00-04:00,12400.038856506348,8669.79972076416,2,0.2724332127551574,13917.896377563477,-0.10905796967306142
2024-07-12 00:00:00-04:00,9568.520484924316,9662.719703674316,1,-0.22834754022535364,13917.896377563477,-0.31250239078160025
2024-07-15 00:00:00-04:00,11320.172966003418,8904.799705505371,2,0.1830640885222452,13917.896377563477,-0.1866462675888112
2024-07-16 00:00:00-04:00,9795.534996032715,9674.479698181152,1,-0.13468327511862888,13917.896377563477,-0.29619141209991096
2024-07-17 00:00:00-04:00,10618.101524353027,9609.703941345215,1,0.08397361947596127,13917.896377563477,-0.23709005755567528
2024-07-18 00:00:00-04:00,11366.475135803223,8821.346809387207,2,0.0704809244603446,13917.896377563477,-0.18331945953221102
2024-07-19 00:00:00-04:00,8821.346809387207,10571.509071350098,0,-0.22391535599274082,13917.896377563477,-0.36618677348339995
2024-07-22 00:00:00-04:00,10571.509071350098,10571.509071350098,0,0.19840079976228364,13917.896377563477,-0.2404377224425931
2024-07-23 00:00:00-04:00,10571.509071350098,10571.509071350098,0,0.0,13917.896377563477,-0.2404377224425931
2024-07-24 00:00:00-04:00,13194.085548400879,7948.932594299316,3,0.24807966954862093,13917.896377563477,-0.05200576362455365
2024-07-25 00:00:00-04:00,7948.932594299316,10508.326942443848,0,-0.39753819503900933,13917.896377563477,-0.4288696812606325
2024-07-26 00:00:00-04:00,12348.17975616455,8668.474128723145,2,0.5534387302541997,13917.896377563477,-0.11278404284784069
2024-07-29 00:00:00-04:00,9560.912117004395,9633.888862609863,1,-0.22572295627367067,13917.896377563477,-0.31304905154940044
2024-07-30 00:00:00-04:00,13079.879417419434,7017.476249694824,4,0.36805769756595086,13917.896377563477,-0.06021146712192648
2024-07-31 00:00:00-04:00,7900.658866882324,9628.292686462402,1,-0.39596852426938756,13917.896377563477,-0.43233814561095
2024-08-01 00:00:00-04:00,12287.070419311523,7837.903625488281,3,0.5551956648597991,13917.896377563477,-0.11717474494787496
2024-08-02 00:00:00-04:00,9542.937622070312,8736.71086883545,2,-0.22333499390776435,13917.896377563477,-0.3143405179065618
2024-08-05 00:00:00-04:00,11374.368827819824,7726.811943054199,3,0.19191482521209102,13917.896377563477,-0.18275229824558678
2024-08-06 00:00:00-04:00,9353.498100280762,8775.078269958496,2,-0.177668823486394,13917.896377563477,-0.3279517359132528
2024-08-07 00:00:00-04:00,11502.407890319824,7649.214897155762,3,0.22974397033068938,13917.896377563477,-0.17355269946811586
2024-08-08 00:00:00-04:00,7649.214897155762,10464.017097473145,0,-0.3349901194520172,13917.896377563477,-0.45040437939408884
2024-08-09 00:00:00-04:00,13245.84186553955,7682.192329406738,3,0.7316603133303008,13917.896377563477,-0.04828707541660677
2024-08-12 00:00:00-04:00,7682.192329406738,10444.792533874512,0,-0.4200298925965009,13917.896377563477,-0.4480349529120712
2024-08-13 00:00:00-04:00,10444.792533874512,10444.792533874512,0,0.359610913917475,13917.896377563477,-0.24954229787827897
2024-08-14 00:00:00-04:00,10444.792533874512,10444.792533874512,0,0.0,13917.896377563477,-0.24954229787827897
2024-08-15 00:00:00-04:00,10444.792533874512,10444.792533874512,0,0.0,13917.896377563477,-0.24954229787827897
2024-08-16 00:00:00-04:00,10444.792533874512,10444.792533874512,0,0.0,13917.896377563477,-0.24954229787827897
2024-08-19 00:00:00-04:00,10444.792533874512,10444.792533874512,0,0.0,13917.896377563477,-0.24954229787827897
2024-08-20 00:00:00-04:00,10444.792533874512,10444.792533874512,0,0.0,13917.896377563477,-0.24954229787827897
2024-08-21 00:00:00-04:00,10444.792533874512,10444.792533874512,0,0.0,13917.896377563477,-0.24954229787827897
2024-08-22 00:00:00-04:00,10444.792533874512,10444.792533874512,0,0.0,13917.896377563477,-0.24954229787827897
2024-08-23 00:00:00-04:00,10444.792533874512,10444.792533874512,0,0.0,13917.896377563477,-0.24954229787827897
2024-08-26 00:00:00-04:00,10444.792533874512,10444.792533874512,0,0.0,13917.896377563477,-0.24954229787827897
2024-08-27 00:00:00-04:00,10444.792533874512,10444.792533874512,0,0.0,13917.896377563477,-0.24954229787827897
2024-08-28 00:00:00-04:00,11323.784881591797,9565.800186157227,1,0.0841560370746035,13917.896377563477,-0.18638675167560168
2024-08-29 00:00:00-04:00,9565.800186157227,10388.670234680176,0,-0.1552470939546362,13917.896377563477,-0.31269784408095624
2024-08-30 00:00:00-04:00,11216.733528137207,9560.606941223145,1,0.17258706118167355,13917.896377563477,-0.1940783848470602
2024-09-03 00:00:00-04:00,11312.993385314941,8620.998573303223,2,0.008581808325593743,13917.896377563477,-0.18716212002036475
2024-09-04 00:00:00-04:00,9432.704689025879,9555.173377990723,1,-0.16620611647575156,13917.896377563477,-0.322260747376163
2024-09-05 00:00:00-04:00,11414.745338439941,8506.295082092285,2,0.2101243190322699,13917.896377563477,-0.17985124843713968
2024-09-06 00:00:00-04:00,10228.886184692383,8527.778717041016,2,-0.10388835831090304,13917.896377563477,-0.2650551558077419
2024-09-09 00:00:00-04:00,9416.915710449219,9401.962623596191,1,-0.07938014555859318,13917.896377563477,-0.3233951845172609
2024-09-10 00:00:00-04:00,11250.916725158691,8441.84659576416,2,0.1947560189664248,13917.896377563477,-0.19162232424033016
2024-09-11 00:00:00-04:00,10232.146217346191,8589.918838500977,2,-0.09054999985329026,13917.896377563477,-0.2648209226617714
2024-09-12 00:00:00-04:00,9476.871047973633,9514.810195922852,1,-0.07381395391830581,13917.896377563477,-0.3190873971981179
2024-09-13 00:00:00-04:00,10400.68733215332,9514.810195922852,1,0.09748114958018972,13917.896377563477,-0.2527112539133513
2024-09-16 00:00:00-04:00,9514.810195922852,10376.08186340332,0,-0.08517486469301061,13917.896377563477,-0.3163614717478912
2024-09-17 00:00:00-04:00,11239.224746704102,9512.938980102539,1,0.18123478191085418,13917.896377563477,-0.19246239217426292
2024-09-18 00:00:00-04:00,10391.609634399414,9512.938980102539,1,-0.07541579881239147,13917.896377563477,-0.25336348593948854
2024-09-19 00:00:00-04:00,11359.461135864258,8577.655899047852,2,0.0931377847625221,13917.896377563477,-0.18382341499708083
2024-09-20 00:00:00-04:00,11328.384994506836,7643.979965209961,3,-0.0027357055925221196,13917.896377563477,-0.18605623384515893
2024-09-23 00:00:00-04:00,9513.364547729492,8504.539352416992,2,-0.16021881739166277,13917.896377563477,-0.3164653414818037
2024-09-24 00:00:00-04:00,10380.137924194336,8504.539352416992,2,0.09111112815199673,13917.896377563477,-0.254187727613221
2024-09-25 00:00:00-04:00,10371.373306274414,8504.539352416992,2,-0.0008443643026643244,13917.896377563477,-0.2548174648725134
2024-09-26 00:00:00-04:00,9410.403427124023,9477.501846313477,1,-0.09265599171606609,13917.896377563477,-0.3238630916742429
2024-09-27 00:00:00-04:00,10384.440872192383,9477.501846313477,1,0.10350644928365638,13917.896377563477,-0.2538785610638146
2024-09-30 00:00:00-04:00,9477.501846313477,10405.184463500977,0,-0.08733633683711572,13917.896377563477,-0.31904207437613885
2024-10-01 00:00:00-04:00,10405.184463500977,10405.184463500977,0,0.09788261002010223,13917.896377563477,-0.2523881353022007
2024-10-02 00:00:00-04:00,10405.184463500977,10405.184463500977,0,0.0,13917.896377563477,-0.2523881353022007
2024-10-03 00:00:00-04:00,10405.184463500977,10405.184463500977,0,0.0,13917.896377563477,-0.2523881353022007
2024-10-04 00:00:00-04:00,11231.10383605957,9579.265090942383,1,0.07937575498596217,13917.896377563477,-0.1930458791053499
2024-10-07 00:00:00-04:00,9579.265090942383,10392.241653442383,0,-0.14707715013849743,13917.896377563477,-0.3117303914990515
2024-10-08 00:00:00-04:00,11215.481216430664,9569.002090454102,1,0.17080810583636485,13917.896377563477,-0.19416836336626817
2024-10-09 00:00:00-04:00,9569.002090454102,10397.700576782227,0,-0.1468041445751318,13917.896377563477,-0.3124677874538616
2024-10-10 00:00:00-04:00,11223.183303833008,9572.217849731445,1,0.17286872734922842,13917.896377563477,-0.1936149688594115
2024-10-11 00:00:00-04:00,10443.417861938477,9527.453323364258,1,-0.06947809910831815,13917.896377563477,-0.24964106797246152
2024-10-14 00:00:00-04:00,9527.453323364258,10404.093338012695,0,-0.08770735315614386,13917.896377563477,-0.3154530638176678
2024-10-15 00:00:00-04:00,13034.600723266602,7773.585952758789,3,0.36810963862732704,13917.896377563477,-0.06346473851614552
2024-10-16 00:00:00-04:00,8599.624404907227,9608.727111816406,1,-0.3402464266084497,13917.896377563477,-0.38211751462883703
2024-10-17 00:00:00-04:00,11319.516662597656,8725.167114257812,2,0.3162803547720492,13917.896377563477,-0.18669342294821017
2024-10-18 00:00:00-04:00,9555.255249023438,9607.967102050781,1,-0.1558601366261294,13917.896377563477,-0.31345549716643173
2024-10-21 00:00:00-04:00,11314.685974121094,8732.567077636719,2,0.18413225803439137,13917.896377563477,-0.18704050761858823
2024-10-22 00:00:00-04:00,9581.215881347656,9604.447082519531,1,-0.15320532065478654,13917.896377563477,-0.3115902273282349
2024-10-23 00:00:00-04:00,13193.944641113281,6857.8216552734375,4,0.3770637051189658,13917.896377563477,-0.05201588780451412
2024-10-24 00:00:00-04:00,9591.862060546875,7899.74169921875,3,-0.27301028453174325,13917.896377563477,-0.31082530000657577
2024-10-25 00:00:00-04:00,10616.813018798828,7942.090881347656,3,0.1068563071259927,13917.896377563477,-0.23718263660061462
2024-10-28 00:00:00-04:00,8871.365966796875,9726.439575195312,1,-0.16440404939894393,13917.896377563477,-0.36259290009529926
2024-10-29 00:00:00-04:00,11502.22004699707,8881.009201049805,2,0.296555692781334,13917.896377563477,-0.17356619599931986
2024-10-30 00:00:00-04:00,10655.75944519043,8891.641998291016,2,-0.0735910631467731,13917.896377563477,-0.2343843382561618
2024-10-31 00:00:00-04:00,9744.197387695312,9745.184692382812,1,-0.08554641855269718,13917.896377563477,-0.2998800161062004
2024-11-01 00:00:00-04:00,10632.694213867188,9711.127471923828,1,0.09118214572437155,13917.896377563477,-0.2360415737102513
2024-11-04 00:00:00-05:00,10521.96011352539,9784.220977783203,1,-0.010414491201804488,13917.896377563477,-0.24399781201939028
2024-11-05 00:00:00-05:00,11490.668426513672,8894.561431884766,2,0.09206538539744713,13917.896377563477,-0.1743961792216422
2024-11-06 00:00:00-05:00,11473.71029663086,8036.263519287109,3,-0.0014758175289161235,13917.896377563477,-0.17561461981228707
2024-11-07 00:00:00-05:00,8036.263519287109,10672.09994506836,0,-0.29959330403811246,13917.896377563477,-0.4225949596634394
2024-11-08 00:00:00-05:00,12540.388610839844,8803.811279296875,2,0.5604750367808113,13917.896377563477,-0.09897384844337984
2024-11-11 00:00:00-05:00,8803.811279296875,10747.558532714844,0,-0.2979634401690783,13917.896377563477,-0.3674467002434957
2024-11-12 00:00:00-05:00,11733.028503417969,9762.088562011719,1,0.3327214919985244,13917.896377563477,-0.1569826225799218
2024-11-13 00:00:00-05:00,9762.088562011719,10752.808532714844,0,-0.167982200063018,13917.896377563477,-0.29859453633030214
2024-11-14 00:00:00-05:00,11600.2265625,9905.390502929688,1,0.18829351821711882,13917.896377563477,-0.16652443387922516
2024-11-15 00:00:00-05:00,9905.390502929688,10729.205688476562,0,-0.1461037032715552,13917.896377563477,-0.2882983006758263
2024-11-18 00:00:00-05:00,10729.205688476562,10729.205688476562,0,0.08316837032353419,13917.896377563477,-0.22910723018654483
2024-11-19 00:00:00-05:00,10729.205688476562,10729.205688476562,0,0.0,13917.896377563477,-0.22910723018654483
2024-11-20 00:00:00-05:00,11604.34408569336,9854.067291259766,1,0.08156600056206553,13917.896377563477,-0.16622859009064825
2024-11-21 00:00:00-05:00,10733.884674072266,9854.067291259766,1,-0.07501151337749945,13917.896377563477,-0.22877104535884013
2024-11-22 00:00:00-05:00,10839.167114257812,9720.47134399414,1,0.009808419168118698,13917.896377563477,-0.22120650849712958
2024-11-25 00:00:00-05:00,10648.656341552734,9794.665466308594,1,-0.01757614498391491,13917.896377563477,-0.23489469581631334
2024-11-26 00:00:00-05:00,9794.665466308594,10731.579467773438,0,-0.08019705471306593,13917.896377563477,-0.29625388775718936
2024-11-27 00:00:00-05:00,12521.929550170898,8941.229385375977,2,0.27844382161325143,13917.896377563477,-0.10030013081883296
2024-11-29 00:00:00-05:00,8941.229385375977,10750.549789428711,0,-0.2859543451708728,13917.896377563477,-0.35757321776085355
2024-12-02 00:00:00-05:00,10750.549789428711,10750.549789428711,0,0.20235700551559588,13917.896377563477,-0.2275736578439201
2024-12-03 00:00:00-05:00,10750.549789428711,10750.549789428711,0,0.0,13917.896377563477,-0.2275736578439201
2024-12-04 00:00:00-05:00,10750.549789428711,10750.549789428711,0,0.0,13917.896377563477,-0.2275736578439201
2024-12-05 00:00:00-05:00,10750.549789428711,10750.549789428711,0,0.0,13917.896377563477,-0.2275736578439201
2024-12-06 00:00:00-05:00,10750.549789428711,10750.549789428711,0,0.0,13917.896377563477,-0.2275736578439201
2024-12-09 00:00:00-05:00,10750.549789428711,10750.549789428711,0,0.0,13917.896377563477,-0.2275736578439201
2024-12-10 00:00:00-05:00,12619.553970336914,8881.545608520508,2,0.1738519626918098,13917.896377563477,-0.09328582222523024
2024-12-11 00:00:00-05:00,9731.085586547852,9981.714218139648,1,-0.22888831020324463,13917.896377563477,-0.3008220982134216
2024-12-12 00:00:00-05:00,9981.714218139648,10817.91423034668,0,0.025755464728237865,13917.896377563477,-0.28281444642519404
2024-12-13 00:00:00-05:00,10817.91423034668,10817.91423034668,0,0.08377318704310488,13917.896377563477,-0.22273352690095918
2024-12-16 00:00:00-05:00,14399.242172241211,7236.586288452148,4,0.3310553093357038,14399.242172241211,0.0
2024-12-17 00:00:00-05:00,7236.586288452148,10841.434829711914,0,-0.4974328369584058,14399.242172241211,-0.49743283695840573
2024-12-18 00:00:00-05:00,13612.609420776367,8070.260238647461,3,0.8810816147523617,14399.242172241211,-0.05463014942420446
2024-12-19 00:00:00-05:00,8070.260238647461,10852.83804321289,0,-0.4071481823073426,14399.242172241211,-0.43953576569430375
2024-12-20 00:00:00-05:00,13410.5205078125,8295.155578613281,3,0.6617209496654402,14399.242172241211,-0.06866484031602467
2024-12-23 00:00:00-05:00,9156.355590820312,10029.11181640625,1,-0.31722593575050717,14399.242172241211,-0.3641085078441218
2024-12-24 00:00:00-05:00,10029.11181640625,10953.671813964844,0,0.09531698686548573,14399.242172241211,-0.30349724683842577
2024-12-26 00:00:00-05:00,10953.671813964844,10953.671813964844,0,0.09218762483494713,14399.242172241211,-0.23928831233345885
2024-12-27 00:00:00-05:00,10953.671813964844,10953.671813964844,0,0.0,14399.242172241211,-0.23928831233345885
2024-12-30 00:00:00-05:00,11798.6884765625,10108.655151367188,1,0.07714460291939229,14399.242172241211,-0.18060351125228283
