date,symbol,price,decision,confidence,reason,technical_reason,q_value,ml_confidence,rsi,macd
2025-06-11 00:00:00-04:00,AAPL,198.55465698242188,buy,0.45605885738068386,Strong upward momentum detected. Algorithm confidence: 46%. Good entry point for potential gains.,BUY: Momentum entry Q=0.457 >= 0.35,0.45671880903865764,0.4545189701787452,50.0,0.0
2025-06-11 00:00:00-04:00,MSFT,471.8443298339844,buy,0.5196843614460886,Strong upward momentum detected. Algorithm confidence: 44%. Good entry point for potential gains.,BUY: Momentum entry Q=0.439 >= 0.35,0.4393181757472453,0.7072054614100565,50.0,0.0
2025-06-11 00:00:00-04:00,GOOGL,177.1915283203125,buy,0.43669388206139437,Strong upward momentum detected. Algorithm confidence: 38%. Good entry point for potential gains.,BUY: Momentum entry Q=0.385 >= 0.35,0.3851958886103734,0.5568558667804434,50.0,0.0
2025-06-11 00:00:00-04:00,TSLA,326.42999267578125,hold,0.161894587713617,Waiting for better opportunity. No clear buy signal yet.,"HOLD: No entry signal (Q=0.324, RSI=50.0, ML=0.651)",0.323789175427234,0.6507245730846325,50.0,0.0
2025-06-11 00:00:00-04:00,NVDA,142.8300018310547,buy,0.41891144660205837,Strong upward momentum detected. Algorithm confidence: 38%. Good entry point for potential gains.,BUY: Momentum entry Q=0.384 >= 0.35,0.3838742978290064,0.5006647937391796,50.0,0.0
2025-06-12 00:00:00-04:00,AAPL,198.97418212890625,sell,0.85,AI model detects potential price peak. Taking profits.,"SELL: ML profit peak ML=0.429, P&L=$10.49",0.46332883046300255,0.42922947675459816,50.0,0.0334663934517323
2025-06-12 00:00:00-04:00,MSFT,478.0840759277344,sell,0.85,AI model detects potential price peak. Taking profits.,"SELL: ML profit peak ML=0.462, P&L=$62.40",0.4198504250665833,0.462417821297036,50.0,0.49775752314815236
2025-06-12 00:00:00-04:00,GOOGL,175.54299926757812,sell,0.8,Algorithm confidence dropped. Exiting position to preserve capital.,SELL: Conviction lost Q=0.171 <= 0.3,0.1711184743035436,0.6567706005774544,50.0,-0.13150659110132779
2025-06-12 00:00:00-04:00,TSLA,319.1099853515625,hold,0.15373878510350844,Waiting for better opportunity. No clear buy signal yet.,"HOLD: No entry signal (Q=0.307, RSI=50.0, ML=0.545)",0.3074775702070169,0.545285200588464,50.0,-0.5839322081998262
2025-06-12 00:00:00-04:00,NVDA,145.0,sell,0.85,AI model detects potential price peak. Taking profits.,"SELL: ML profit peak ML=0.515, P&L=$75.95",0.43459153040225507,0.5145377997875233,50.0,0.17310526703838036
2025-06-13 00:00:00-04:00,AAPL,196.227294921875,buy,0.45724697576324147,Strong upward momentum detected. Algorithm confidence: 44%. Good entry point for potential gains.,BUY: Momentum entry Q=0.440 >= 0.35,0.43967144348513987,0.49825655107881206,50.0,-0.1598197865239115
2025-06-13 00:00:00-04:00,MSFT,474.18048095703125,buy,0.4879677768532654,Strong upward momentum detected. Algorithm confidence: 48%. Good entry point for potential gains.,BUY: Momentum entry Q=0.482 >= 0.35,0.48155408549087997,0.5029330566988317,50.0,0.5706681487705509
2025-06-13 00:00:00-04:00,GOOGL,174.513916015625,buy,0.47307700761400784,Strong upward momentum detected. Algorithm confidence: 41%. Good entry point for potential gains.,BUY: Momentum entry Q=0.407 >= 0.35,0.40691236999065356,0.6274611620685012,50.0,-0.31513228125274395
2025-06-13 00:00:00-04:00,TSLA,325.30999755859375,buy,0.5030126007607784,Strong upward momentum detected. Algorithm confidence: 46%. Good entry point for potential gains.,BUY: Momentum entry Q=0.457 >= 0.35,0.4565971623740957,0.6113152903297046,50.0,-0.5401865860495718
2025-06-13 00:00:00-04:00,NVDA,141.97000122070312,buy,0.6227633731492163,Strong upward momentum detected. Algorithm confidence: 62%. Good entry point for potential gains.,BUY: Momentum entry Q=0.615 >= 0.35,0.6150032555545306,0.6408703142034831,50.0,0.06504703782778165
2025-06-16 00:00:00-04:00,AAPL,198.195068359375,sell,1.0,End of trading session - closing all positions.,FORCED EXIT: Held for 72.0 hours (max: 48),0.3587388661797782,0.7502458541343987,50.0,-0.15246014007718145
2025-06-16 00:00:00-04:00,MSFT,478.3536376953125,sell,1.0,End of trading session - closing all positions.,FORCED EXIT: Held for 72.0 hours (max: 48),0.3321571681711166,0.37429688475182454,50.0,0.9541899098045405
2025-06-16 00:00:00-04:00,GOOGL,176.61204528808594,sell,1.0,End of trading session - closing all positions.,FORCED EXIT: Held for 72.0 hours (max: 48),0.28863230999442685,0.5623572370327724,50.0,-0.28803517594710115
2025-06-16 00:00:00-04:00,TSLA,329.1300048828125,sell,1.0,End of trading session - closing all positions.,FORCED EXIT: Held for 72.0 hours (max: 48),0.2925403653805412,0.559498604825392,50.0,-0.1950270489737136
2025-06-16 00:00:00-04:00,NVDA,144.69000244140625,sell,1.0,End of trading session - closing all positions.,FORCED EXIT: Held for 72.0 hours (max: 48),0.4807212970787327,0.4448445368454301,50.0,0.19662490960971013
2025-06-17 00:00:00-04:00,AAPL,195.418212890625,buy,0.4966077805768162,Strong upward momentum detected. Algorithm confidence: 36%. Good entry point for potential gains.,BUY: Momentum entry Q=0.365 >= 0.35,0.3650795094522895,0.8035070798673786,50.0,-0.3664721337861465
2025-06-17 00:00:00-04:00,MSFT,477.25543212890625,buy,0.5504247293528018,Strong upward momentum detected. Algorithm confidence: 60%. Good entry point for potential gains.,BUY: Momentum entry Q=0.605 >= 0.35,0.604958942371481,0.4231782323092174,50.0,1.15618982087517
2025-06-17 00:00:00-04:00,GOOGL,175.7927703857422,buy,0.4603138595309373,Strong upward momentum detected. Algorithm confidence: 37%. Good entry point for potential gains.,BUY: Momentum entry Q=0.369 >= 0.35,0.36932295598736753,0.6726259677992668,50.0,-0.3288780608553168
2025-06-17 00:00:00-04:00,TSLA,316.3500061035156,buy,0.4316477971626285,Strong upward momentum detected. Algorithm confidence: 36%. Good entry point for potential gains.,BUY: Momentum entry Q=0.362 >= 0.35,0.36206163708118594,0.5940155040193279,50.0,-0.9418674618755745
2025-06-17 00:00:00-04:00,NVDA,144.1199951171875,buy,0.5045954660441114,Strong upward momentum detected. Algorithm confidence: 53%. Good entry point for potential gains.,BUY: Momentum entry Q=0.534 >= 0.35,0.5337854920046119,0.43648540546961057,50.0,0.2520015763432468
2025-06-18 00:00:00-04:00,AAPL,196.35714721679688,sell,0.85,AI model detects potential price peak. Taking profits.,"SELL: ML profit peak ML=0.642, P&L=$23.47",0.3059439210415904,0.641715235855446,50.0,-0.45506828364943885
2025-06-18 00:00:00-04:00,MSFT,479.4518127441406,sell,0.85,AI model detects potential price peak. Taking profits.,"SELL: ML profit peak ML=0.601, P&L=$21.96",0.40823013642768,0.6005595408214743,50.0,1.4764857567369063
2025-06-18 00:00:00-04:00,GOOGL,173.16513061523438,sell,0.8,Algorithm confidence dropped. Exiting position to preserve capital.,SELL: Conviction lost Q=0.275 <= 0.3,0.27513442639722446,0.3562758184351754,50.0,-0.5667418633640295
2025-06-18 00:00:00-04:00,TSLA,322.04998779296875,sell,0.85,AI model detects potential price peak. Taking profits.,"SELL: ML profit peak ML=0.560, P&L=$85.50",0.22851983066769557,0.5604802769159628,50.0,-1.0615659131457278
2025-06-18 00:00:00-04:00,NVDA,145.47999572753906,sell,0.85,AI model detects potential price peak. Taking profits.,"SELL: ML profit peak ML=0.501, P&L=$46.24",0.4379779829458599,0.5005883999394025,50.0,0.4010061180418063
2025-06-20 00:00:00-04:00,AAPL,200.7721405029297,buy,0.5160820940567772,Strong upward momentum detected. Algorithm confidence: 49%. Good entry point for potential gains.,BUY: Momentum entry Q=0.486 >= 0.35,0.48573926925227173,0.5868820186006232,50.0,-0.167102061615509
2025-06-20 00:00:00-04:00,MSFT,476.6164855957031,buy,0.471352445640021,Strong upward momentum detected. Algorithm confidence: 46%. Good entry point for potential gains.,BUY: Momentum entry Q=0.464 >= 0.35,0.4642362582904985,0.48795688278890664,50.0,1.4844238740553237
2025-06-20 00:00:00-04:00,GOOGL,166.4910888671875,buy,0.4265691228167583,Strong upward momentum detected. Algorithm confidence: 40%. Good entry point for potential gains.,BUY: Momentum entry Q=0.395 >= 0.35,0.39546570151796356,0.49914377251394604,50.0,-1.2790459863889794
2025-06-20 00:00:00-04:00,TSLA,322.1600036621094,buy,0.4114791043884966,Strong upward momentum detected. Algorithm confidence: 40%. Good entry point for potential gains.,BUY: Momentum entry Q=0.404 >= 0.35,0.40369862518882466,0.4296335558543979,50.0,-1.1344729391022952
2025-06-20 00:00:00-04:00,NVDA,143.85000610351562,buy,0.5919291442582333,Strong upward momentum detected. Algorithm confidence: 61%. Good entry point for potential gains.,BUY: Momentum entry Q=0.609 >= 0.35,0.6092356687609075,0.5515472537519936,50.0,0.38315003548422055
2025-06-23 00:00:00-04:00,AAPL,201.27157592773438,sell,1.0,End of trading session - closing all positions.,FORCED EXIT: Held for 72.0 hours (max: 48),0.5191654476084994,0.4606934210423599,50.0,0.10025779935409673
2025-06-23 00:00:00-04:00,MSFT,485.2023620605469,sell,1.0,End of trading session - closing all positions.,FORCED EXIT: Held for 72.0 hours (max: 48),0.4484477731138201,0.6552622647985779,50.0,2.1586399076221596
2025-06-23 00:00:00-04:00,GOOGL,165.04238891601562,sell,1.0,End of trading session - closing all positions.,FORCED EXIT: Held for 72.0 hours (max: 48),0.26521371127372845,0.5825817117240641,50.0,-1.9381088026827626
2025-06-23 00:00:00-04:00,TSLA,348.67999267578125,sell,1.0,End of trading session - closing all positions.,FORCED EXIT: Held for 72.0 hours (max: 48),0.46674000054144793,0.49722282306645804,50.0,0.9368893173112269
2025-06-23 00:00:00-04:00,NVDA,144.1699981689453,sell,1.0,End of trading session - closing all positions.,FORCED EXIT: Held for 72.0 hours (max: 48),0.48363715143882285,0.48366210389002506,50.0,0.3903202776117496
2025-06-24 00:00:00-04:00,AAPL,200.07293701171875,buy,0.6705706131370059,Strong upward momentum detected. Algorithm confidence: 74%. Good entry point for potential gains.,BUY: Momentum entry Q=0.735 >= 0.35,0.7345472812643411,0.5212917208398907,50.0,0.21296731764692822
2025-06-24 00:00:00-04:00,MSFT,489.30560302734375,buy,0.6078403969061907,Strong upward momentum detected. Algorithm confidence: 65%. Good entry point for potential gains.,BUY: Momentum entry Q=0.647 >= 0.35,0.6467352831686507,0.5170856622937842,50.0,2.9895960234931636
2025-06-24 00:00:00-04:00,GOOGL,166.62098693847656,buy,0.4644570059576949,Strong upward momentum detected. Algorithm confidence: 40%. Good entry point for potential gains.,BUY: Momentum entry Q=0.397 >= 0.35,0.39738380168878307,0.6209611492518227,50.0,-2.306453801660382
2025-06-24 00:00:00-04:00,TSLA,340.4700012207031,buy,0.553563230565316,Strong upward momentum detected. Algorithm confidence: 60%. Good entry point for potential gains.,BUY: Momentum entry Q=0.603 >= 0.35,0.6025232133632258,0.4393232707035263,50.0,1.8941465893975646
2025-06-24 00:00:00-04:00,NVDA,147.89999389648438,buy,0.6359370878579652,Strong upward momentum detected. Algorithm confidence: 60%. Good entry point for potential gains.,BUY: Momentum entry Q=0.597 >= 0.35,0.5968249059049245,0.7271988457483936,50.0,0.6890394110752993
2025-06-25 00:00:00-04:00,AAPL,201.33151245117188,sell,0.85,AI model detects potential price peak. Taking profits.,"SELL: ML profit peak ML=0.402, P&L=$30.21",0.47841982364887997,0.4016858255276947,50.0,0.39924469817293584
2025-06-25 00:00:00-04:00,MSFT,491.4620666503906,sell,0.85,AI model detects potential price peak. Taking profits.,"SELL: ML profit peak ML=0.459, P&L=$21.56",0.46432241386410517,0.45855963519564713,50.0,3.778586135219257
2025-06-25 00:00:00-04:00,GOOGL,170.52748107910156,sell,0.88,Exit signal triggered. Closing position with loss.,SELL: Swing trade profit 2.3% >= 2.0% (24.0h),0.24068822509077528,0.6441413756272224,50.0,-2.2571296523005913
2025-06-25 00:00:00-04:00,TSLA,327.54998779296875,sell,0.95,Stop loss triggered to limit losses. Protecting capital.,SELL: Stop loss 3.8% >= 2.0%,0.5303413589826419,0.30051897300580965,50.0,1.591892422701278
2025-06-25 00:00:00-04:00,NVDA,154.30999755859375,sell,0.88,Exit signal triggered. Closing position with loss.,SELL: Swing trade profit 4.3% >= 2.0% (24.0h),0.40568487743359805,0.4458030308133387,50.0,1.4265656406970493
2025-06-26 00:00:00-04:00,AAPL,200.7721405029297,buy,0.6050389845284322,Strong upward momentum detected. Algorithm confidence: 60%. Good entry point for potential gains.,BUY: Momentum entry Q=0.603 >= 0.35,0.6033618748142352,0.6089522405282253,50.0,0.49601645401673977
2025-06-26 00:00:00-04:00,MSFT,496.6335754394531,buy,0.5352501788848876,Strong upward momentum detected. Algorithm confidence: 57%. Good entry point for potential gains.,BUY: Momentum entry Q=0.575 >= 0.35,0.5752214868514159,0.4419837936296548,50.0,4.76622198216387
2025-06-26 00:00:00-04:00,GOOGL,173.38491821289062,buy,0.4177895425344323,Strong upward momentum detected. Algorithm confidence: 42%. Good entry point for potential gains.,BUY: Momentum entry Q=0.419 >= 0.35,0.4187190707177637,0.4156206434399925,50.0,-1.9648193975164077
2025-06-26 00:00:00-04:00,TSLA,325.7799987792969,buy,0.6414960641023303,Strong upward momentum detected. Algorithm confidence: 64%. Good entry point for potential gains.,BUY: Momentum entry Q=0.642 >= 0.35,0.6416380105217412,0.6411648557903716,50.0,1.1957466736553783
2025-06-26 00:00:00-04:00,NVDA,155.02000427246094,buy,0.6835174764029691,Strong upward momentum detected. Algorithm confidence: 69%. Good entry point for potential gains.,BUY: Momentum entry Q=0.693 >= 0.35,0.6930719903416968,0.661223610545938,50.0,2.0447811352026974
2025-06-27 00:00:00-04:00,AAPL,200.85205078125,sell,0.85,AI model detects potential price peak. Taking profits.,"SELL: ML profit peak ML=0.610, P&L=$1.92",0.4506573874454553,0.6100682724834362,50.0,0.5725567811790029
2025-06-27 00:00:00-04:00,MSFT,495.1260681152344,hold,0.49542260968498164,Holding position - indicators suggest more upside potential.,"HOLD: swing trade, Q=0.406, P&L=$-15.08 (-0.3%), 24.0h",0.4061098267737851,0.5847353925961781,50.0,5.365437836588342
2025-06-27 00:00:00-04:00,GOOGL,178.37046813964844,sell,0.88,Exit signal triggered. Closing position with loss.,SELL: Swing trade profit 2.9% >= 2.0% (24.0h),0.34276694183554174,0.4757520714362595,50.0,-1.3157026009211847
2025-06-27 00:00:00-04:00,TSLA,323.6300048828125,hold,0.4644206222845836,Holding position - indicators suggest more upside potential.,"HOLD: swing trade, Q=0.409, P&L=$-32.25 (-0.7%), 24.0h",0.4085136027405544,0.5203276418286128,50.0,0.7002398452114562
2025-06-27 00:00:00-04:00,NVDA,157.75,sell,0.85,AI model detects potential price peak. Taking profits.,"SELL: ML profit peak ML=0.563, P&L=$87.36",0.4225046126226072,0.5625831164245969,50.0,2.7236130919529273
2025-06-30 00:00:00-04:00,AAPL,204.93740844726562,buy,0.550022991785044,Strong upward momentum detected. Algorithm confidence: 60%. Good entry point for potential gains.,BUY: Momentum entry Q=0.598 >= 0.35,0.5980169899599097,0.4380369960436906,50.0,0.9518968879976342
2025-06-30 00:00:00-04:00,MSFT,496.5936584472656,sell,1.0,End of trading session - closing all positions.,FORCED EXIT: Held for 96.0 hours (max: 48),0.523151230116821,0.4224654952344642,50.0,5.890837089913873
2025-06-30 00:00:00-04:00,GOOGL,176.07252502441406,buy,0.4565868418028856,Strong upward momentum detected. Algorithm confidence: 37%. Good entry point for potential gains.,BUY: Momentum entry Q=0.370 >= 0.35,0.3696498326011159,0.6594398632736816,50.0,-0.9754532498077708
2025-06-30 00:00:00-04:00,TSLA,317.6600036621094,sell,1.0,End of trading session - closing all positions.,FORCED EXIT: Held for 96.0 hours (max: 48),0.21580451944360432,0.718747935495264,50.0,-0.172197110294519
2025-06-30 00:00:00-04:00,NVDA,157.99000549316406,buy,0.5277842985038779,Strong upward momentum detected. Algorithm confidence: 57%. Good entry point for potential gains.,BUY: Momentum entry Q=0.569 >= 0.35,0.5689211336227964,0.4317983498930683,50.0,3.2435689026284535
2025-07-01 00:00:00-04:00,AAPL,207.58441162109375,sell,0.85,AI model detects potential price peak. Taking profits.,"SELL: ML profit peak ML=0.689, P&L=$63.53",0.4142726706263703,0.6889928460081541,69.13629990272977,1.449409795947247
2025-07-01 00:00:00-04:00,MSFT,491.242431640625,buy,0.5620058258610466,Strong upward momentum detected. Algorithm confidence: 56%. Good entry point for potential gains.,BUY: Momentum entry Q=0.556 >= 0.35,0.5562748374176993,0.5753781322288569,69.87924903596259,5.808464143244123
2025-07-01 00:00:00-04:00,GOOGL,175.682861328125,sell,0.8,Algorithm confidence dropped. Exiting position to preserve capital.,SELL: Conviction lost Q=0.176 <= 0.3,0.17588194322176254,0.5869874006893754,47.669010418631316,-0.7288441299806152
2025-07-01 00:00:00-04:00,TSLA,300.7099914550781,buy,0.40356468724951716,Strong upward momentum detected. Algorithm confidence: 46%. Good entry point for potential gains.,BUY: Momentum entry Q=0.455 >= 0.35,0.4552720543986682,0.2829141639014981,38.353560001359774,-2.205905703228609
2025-07-01 00:00:00-04:00,NVDA,153.3000030517578,sell,0.95,Stop loss triggered to limit losses. Protecting capital.,SELL: Stop loss 3.0% >= 2.0%,0.5215785812786191,0.61135167055698,67.27153095354602,3.2398466917049973
2025-07-02 00:00:00-04:00,AAPL,212.1991729736328,buy,0.49762873387466644,Strong upward momentum detected. Algorithm confidence: 52%. Good entry point for potential gains.,BUY: Momentum entry Q=0.521 >= 0.35,0.5211204154855869,0.44281481011585233,74.18552331144879,2.1908107314841345
2025-07-02 00:00:00-04:00,MSFT,490.2840270996094,hold,0.6120997013573215,Holding position - indicators suggest more upside potential.,"HOLD: swing trade, Q=0.510, P&L=$-9.58 (-0.2%), 24.0h",0.5104617408645737,0.7137376618500694,68.53301843388645,5.60127968724521
2025-07-02 00:00:00-04:00,GOOGL,178.48036193847656,hold,0.1741776193778055,Waiting for better opportunity. No clear buy signal yet.,"HOLD: No entry signal (Q=0.348, RSI=51.8, ML=0.528)",0.348355238755611,0.5277513554255109,51.83288609740759,-0.30416349874920456
2025-07-02 00:00:00-04:00,TSLA,315.6499938964844,sell,0.88,Exit signal triggered. Closing position with loss.,SELL: Swing trade profit 5.0% >= 2.0% (24.0h),0.24410347281448447,0.7353678846832002,45.7003839284171,-2.58233354335556
2025-07-02 00:00:00-04:00,NVDA,157.25,buy,0.4034253386686498,Strong upward momentum detected. Algorithm confidence: 41%. Good entry point for potential gains.,BUY: Momentum entry Q=0.408 >= 0.35,0.4081993849649926,0.3922858973105168,71.0449510814546,3.515108571420143
2025-07-03 00:00:00-04:00,AAPL,213.30792236328125,sell,0.85,AI model detects potential price peak. Taking profits.,"SELL: ML profit peak ML=0.539, P&L=$25.50",0.16631420880039485,0.5385701167581426,74.80122081940638,2.8351611510193493
2025-07-03 00:00:00-04:00,MSFT,498.02130126953125,sell,1.0,End of trading session - closing all positions.,FORCED EXIT: Held for 48.0 hours (max: 48),0.4016081155579949,0.6969245826674662,69.45256163423397,5.992341888410863
2025-07-03 00:00:00-04:00,GOOGL,179.36956787109375,buy,0.5624649995013549,Strong upward momentum detected. Algorithm confidence: 60%. Good entry point for potential gains.,BUY: Momentum entry Q=0.596 >= 0.35,0.5959363286347169,0.48436523152351024,55.561992379313246,0.10296354882041214
2025-07-03 00:00:00-04:00,TSLA,315.3500061035156,buy,0.4225073829059207,Strong upward momentum detected. Algorithm confidence: 40%. Good entry point for potential gains.,BUY: Momentum entry Q=0.405 >= 0.35,0.40514405487278055,0.463021814983248,48.41136582541748,-2.871757987984097
2025-07-03 00:00:00-04:00,NVDA,159.33999633789062,sell,0.85,AI model detects potential price peak. Taking profits.,"SELL: ML profit peak ML=0.456, P&L=$64.79",0.2538256927955394,0.4564506064242498,70.9771787751895,3.8574347255424186
2025-07-07 00:00:00-04:00,AAPL,209.7119903564453,buy,0.4205734253634873,Strong upward momentum detected. Algorithm confidence: 39%. Good entry point for potential gains.,BUY: Momentum entry Q=0.390 >= 0.35,0.38951287101941295,0.4930480521663276,72.66617866652851,3.0208295971068537
2025-07-07 00:00:00-04:00,MSFT,496.90313720703125,buy,0.4556027113151254,Strong upward momentum detected. Algorithm confidence: 40%. Good entry point for potential gains.,BUY: Momentum entry Q=0.405 >= 0.35,0.4047833140692705,0.574181304888787,73.44459642255288,6.141242583615792
2025-07-07 00:00:00-04:00,GOOGL,176.63201904296875,sell,1.0,End of trading session - closing all positions.,FORCED EXIT: Held for 96.0 hours (max: 48),0.42038501885068524,0.6730046528327318,52.933032899529906,0.2023843941162795
2025-07-07 00:00:00-04:00,TSLA,293.94000244140625,sell,1.0,End of trading session - closing all positions.,FORCED EXIT: Held for 96.0 hours (max: 48),0.2843136935648175,0.5722490019985899,38.25533583506659,-4.773708964793229
2025-07-07 00:00:00-04:00,NVDA,158.24000549316406,buy,0.4122460244436397,Strong upward momentum detected. Algorithm confidence: 37%. Good entry point for potential gains.,BUY: Momentum entry Q=0.373 >= 0.35,0.37349518231896106,0.5026646560678899,75.22482476041324,3.9939310498418763
2025-07-08 00:00:00-04:00,AAPL,209.7719268798828,sell,0.85,AI model detects potential price peak. Taking profits.,"SELL: ML profit peak ML=0.475, P&L=$1.38",0.2898793973171917,0.47488006379820713,70.79292553637565,3.1366521809868573
2025-07-08 00:00:00-04:00,MSFT,495.804931640625,hold,0.5006297258444491,Holding position - indicators suggest more upside potential.,"HOLD: swing trade, Q=0.385, P&L=$-10.98 (-0.2%), 24.0h",0.3852117948533983,0.6160476568354999,69.22567960473054,6.100310859933529
2025-07-08 00:00:00-04:00,GOOGL,174.20419311523438,buy,0.410823718864224,Strong upward momentum detected. Algorithm confidence: 49%. Good entry point for potential gains.,BUY: Momentum entry Q=0.491 >= 0.35,0.4906561586167273,0.22454802610838293,46.69590776741516,0.08429912033659548
2025-07-08 00:00:00-04:00,TSLA,297.80999755859375,buy,0.4971762535457235,Strong upward momentum detected. Algorithm confidence: 45%. Good entry point for potential gains.,BUY: Momentum entry Q=0.449 >= 0.35,0.449465908725567,0.6085003914594218,38.27843823067456,-5.9007226955113765
2025-07-08 00:00:00-04:00,NVDA,160.0,sell,0.85,AI model detects potential price peak. Taking profits.,"SELL: ML profit peak ML=0.358, P&L=$54.56",0.2705902254868312,0.35839099275844866,74.46469848143488,4.195756152902845
2025-07-09 00:00:00-04:00,AAPL,210.90065002441406,buy,0.4370427905450967,Strong upward momentum detected. Algorithm confidence: 40%. Good entry point for potential gains.,BUY: Momentum entry Q=0.402 >= 0.35,0.40193501805708737,0.5189609263504519,79.55755300747083,3.281691639362691
2025-07-09 00:00:00-04:00,MSFT,502.68365478515625,sell,1.0,End of trading session - closing all positions.,FORCED EXIT: Held for 48.0 hours (max: 48),0.28236802156339047,0.359088168487277,74.8488015059012,6.547452684989025
2025-07-09 00:00:00-04:00,GOOGL,176.46217346191406,sell,0.85,AI model detects potential price peak. Taking profits.,"SELL: ML profit peak ML=0.587, P&L=$63.22",0.5170291748725536,0.5867810269253384,50.88367408601068,0.1709452825482458
2025-07-09 00:00:00-04:00,TSLA,295.8800048828125,hold,0.5005322131100527,Holding position - indicators suggest more upside potential.,"HOLD: swing trade, Q=0.304, P&L=$-30.88 (-0.6%), 24.0h",0.30438463280099093,0.6966797934191145,41.661911890074045,-6.8704254877829385
2025-07-09 00:00:00-04:00,NVDA,162.8800048828125,hold,0.17491199404654953,Waiting for better opportunity. No clear buy signal yet.,"HOLD: No entry signal (Q=0.350, RSI=77.9, ML=0.631)",0.34982398809309906,0.6312858226356198,77.91670148337336,4.535810327970921
2025-07-10 00:00:00-04:00,AAPL,212.16920471191406,sell,0.85,AI model detects potential price peak. Taking profits.,"SELL: ML profit peak ML=0.388, P&L=$29.18",0.15692811648025734,0.38756169144600294,79.81163525432233,3.4591235930547555
2025-07-10 00:00:00-04:00,MSFT,500.656982421875,buy,0.4768844527391901,Strong upward momentum detected. Algorithm confidence: 39%. Good entry point for potential gains.,BUY: Momentum entry Q=0.388 >= 0.35,0.3878714193639232,0.6845815306148127,70.7909371572126,6.661490761850757
2025-07-10 00:00:00-04:00,GOOGL,177.46127319335938,buy,0.5782857950990927,Strong upward momentum detected. Algorithm confidence: 66%. Good entry point for potential gains.,BUY: Momentum entry Q=0.656 >= 0.35,0.6560712605975726,0.39678637560263985,55.92610803015085,0.31658262146126503
2025-07-10 00:00:00-04:00,TSLA,309.8699951171875,sell,1.0,End of trading session - closing all positions.,FORCED EXIT: Held for 48.0 hours (max: 48),0.28589563022435477,0.7424977805106279,45.352566117937045,-6.4358580785552135
2025-07-10 00:00:00-04:00,NVDA,164.10000610351562,buy,0.43921912472461355,Strong upward momentum detected. Algorithm confidence: 42%. Good entry point for potential gains.,BUY: Momentum entry Q=0.417 >= 0.35,0.4174503550856024,0.4900129205489731,77.82430308190364,4.847866427718856
2025-07-11 00:00:00-04:00,AAPL,210.92062377929688,buy,0.4548624707494143,Strong upward momentum detected. Algorithm confidence: 43%. Good entry point for potential gains.,BUY: Momentum entry Q=0.427 >= 0.35,0.4266027917574564,0.5208017217306495,71.72794196917734,3.4591151223419843
2025-07-11 00:00:00-04:00,MSFT,502.49395751953125,sell,0.85,AI model detects potential price peak. Taking profits.,"SELL: ML profit peak ML=0.446, P&L=$16.53",0.2560505564142923,0.4456668699110262,75.878593371661,6.82146173285912
2025-07-11 00:00:00-04:00,GOOGL,180.02899169921875,sell,0.85,AI model detects potential price peak. Taking profits.,"SELL: ML profit peak ML=0.460, P&L=$71.90",0.26851890106518894,0.4604501278648424,71.06000256360348,0.6319104159891822
2025-07-11 00:00:00-04:00,TSLA,313.510009765625,buy,0.4570800396156707,Strong upward momentum detected. Algorithm confidence: 39%. Good entry point for potential gains.,BUY: Momentum entry Q=0.391 >= 0.35,0.39084397369425317,0.6116308600989782,46.78606101384959,-5.731670386224437
2025-07-11 00:00:00-04:00,NVDA,164.9199981689453,sell,0.85,AI model detects potential price peak. Taking profits.,"SELL: ML profit peak ML=0.647, P&L=$24.60",0.22751988991582617,0.6465248570389042,82.26647144127652,5.102520956356557
2025-07-14 00:00:00-04:00,AAPL,208.3834991455078,sell,1.0,End of trading session - closing all positions.,FORCED EXIT: Held for 72.0 hours (max: 48),0.44414597061358896,0.6062758410212845,64.00468979392912,3.2172966617110035
2025-07-14 00:00:00-04:00,MSFT,502.1944274902344,buy,0.4735805360081741,Strong upward momentum detected. Algorithm confidence: 39%. Good entry point for potential gains.,BUY: Momentum entry Q=0.389 >= 0.35,0.3894058860868637,0.6699880524912318,70.36856838078961,6.845163525666919
2025-07-14 00:00:00-04:00,GOOGL,181.3977508544922,buy,0.527394064520205,Strong upward momentum detected. Algorithm confidence: 43%. Good entry point for potential gains.,BUY: Momentum entry Q=0.432 >= 0.35,0.431689653722023,0.7507043563826297,75.50637239900989,0.9809496130799857
2025-07-14 00:00:00-04:00,TSLA,316.8999938964844,sell,1.0,End of trading session - closing all positions.,FORCED EXIT: Held for 72.0 hours (max: 48),0.2960209023528854,0.5958826209140532,35.74120298548743,-4.844212116708945
2025-07-14 00:00:00-04:00,NVDA,164.07000732421875,buy,0.3612567252029799,Strong upward momentum detected. Algorithm confidence: 39%. Good entry point for potential gains.,BUY: Momentum entry Q=0.387 >= 0.35,0.38673790265602237,0.3018006444792144,79.98797875173088,5.176082688258589
2025-07-15 00:00:00-04:00,AAPL,208.87295532226562,buy,0.6584185639350076,Strong upward momentum detected. Algorithm confidence: 71%. Good entry point for potential gains.,BUY: Momentum entry Q=0.710 >= 0.35,0.7100590371143782,0.5379241265164763,67.82676645470158,3.030218341565302
2025-07-15 00:00:00-04:00,MSFT,504.9898376464844,sell,0.85,AI model detects potential price peak. Taking profits.,"SELL: ML profit peak ML=0.461, P&L=$25.16",0.5542710663107056,0.461058193972602,69.40942499964123,7.008721426790771
2025-07-15 00:00:00-04:00,GOOGL,181.83737182617188,sell,0.85,AI model detects potential price peak. Taking profits.,"SELL: ML profit peak ML=0.523, P&L=$11.87",0.16512960932416187,0.523302230109444,74.6041873609382,1.2783039377372063
2025-07-15 00:00:00-04:00,TSLA,310.7799987792969,buy,0.47658134238854477,Strong upward momentum detected. Algorithm confidence: 44%. Good entry point for potential gains.,BUY: Momentum entry Q=0.439 >= 0.35,0.43917709080579415,0.563857929414963,36.42432141282325,-4.5819100959045045
2025-07-15 00:00:00-04:00,NVDA,170.6999969482422,sell,0.88,Exit signal triggered. Closing position with loss.,SELL: Swing trade profit 4.0% >= 2.0% (24.0h),0.22799331415205606,0.5917678242161089,81.59648167907713,5.703617887667889
2025-07-16 00:00:00-04:00,AAPL,209.92176818847656,sell,0.85,AI model detects potential price peak. Taking profits.,"SELL: ML profit peak ML=0.525, P&L=$24.12",0.4800453729566079,0.525358674734676,67.55099559487846,2.9327805889942624
2025-07-16 00:00:00-04:00,MSFT,504.7901611328125,buy,0.5973557709875681,Strong upward momentum detected. Algorithm confidence: 62%. Good entry point for potential gains.,BUY: Momentum entry Q=0.618 >= 0.35,0.6184326750592243,0.5481763281537037,67.33313383504243,7.04106500148896
2025-07-16 00:00:00-04:00,GOOGL,182.80650329589844,buy,0.4437950875174099,Strong upward momentum detected. Algorithm confidence: 41%. Good entry point for potential gains.,BUY: Momentum entry Q=0.409 >= 0.35,0.4087429061557195,0.5255835106946877,71.93858968039676,1.5740159168885839
2025-07-16 00:00:00-04:00,TSLA,321.6700134277344,sell,0.88,Exit signal triggered. Closing position with loss.,SELL: Swing trade profit 3.5% >= 2.0% (24.0h),0.28261057413249785,0.5236537793503783,47.26054060940193,-3.4554681977247697
2025-07-16 00:00:00-04:00,NVDA,171.3699951171875,hold,0.15206088083438488,Waiting for better opportunity. No clear buy signal yet.,"HOLD: No entry signal (Q=0.304, RSI=78.1, ML=0.496)",0.30412176166876975,0.49591716516585865,78.11472771530306,6.105377594270038
2025-07-17 00:00:00-04:00,AAPL,209.78192138671875,buy,0.6034796680033462,Strong upward momentum detected. Algorithm confidence: 60%. Good entry point for potential gains.,BUY: Momentum entry Q=0.596 >= 0.35,0.5959670138341789,0.6210091943980699,68.72921188006758,2.8118625982187098
2025-07-17 00:00:00-04:00,MSFT,510.8601989746094,sell,0.85,AI model detects potential price peak. Taking profits.,"SELL: ML profit peak ML=0.564, P&L=$54.63",0.38861366395945274,0.564255690426022,68.079145562993,7.470384894954464
2025-07-17 00:00:00-04:00,GOOGL,183.41595458984375,sell,0.85,AI model detects potential price peak. Taking profits.,"SELL: ML profit peak ML=0.489, P&L=$16.46",0.4145338392319159,0.4886865353265145,69.48757929685183,1.8363787853488134
2025-07-17 00:00:00-04:00,TSLA,319.4100036621094,buy,0.5195313205607868,Strong upward momentum detected. Algorithm confidence: 48%. Good entry point for potential gains.,BUY: Momentum entry Q=0.479 >= 0.35,0.4793290865133816,0.6133365333380655,47.045730794249636,-2.7138353733577674
2025-07-17 00:00:00-04:00,NVDA,173.0,buy,0.49609569249826413,Strong upward momentum detected. Algorithm confidence: 40%. Good entry point for potential gains.,BUY: Momentum entry Q=0.398 >= 0.35,0.3977653894828675,0.7255330662008563,78.7588234805992,6.480598522068533
2025-07-18 00:00:00-04:00,AAPL,210.9405975341797,sell,0.8,Algorithm confidence dropped. Exiting position to preserve capital.,SELL: Conviction lost Q=0.212 <= 0.3,0.21183830494757008,0.2986021451676046,70.0715049431731,2.777512268511458
2025-07-18 00:00:00-04:00,MSFT,509.212890625,buy,0.5447609183538683,Strong upward momentum detected. Algorithm confidence: 59%. Good entry point for potential gains.,BUY: Momentum entry Q=0.586 >= 0.35,0.586370223367904,0.4476725399877851,67.83810500590872,7.590204830379321
2025-07-18 00:00:00-04:00,GOOGL,184.89462280273438,buy,0.5961727131602782,Strong upward momentum detected. Algorithm confidence: 68%. Good entry point for potential gains.,BUY: Momentum entry Q=0.682 >= 0.35,0.6815635236948877,0.39692748857952276,64.67413425878576,2.1389627843405776
2025-07-18 00:00:00-04:00,TSLA,329.6499938964844,sell,0.88,Exit signal triggered. Closing position with loss.,SELL: Swing trade profit 3.2% >= 2.0% (24.0h),0.15913667101212403,0.42511124319195875,52.5970618337774,-1.284991798551971
2025-07-18 00:00:00-04:00,NVDA,172.41000366210938,sell,0.8,Algorithm confidence dropped. Exiting position to preserve capital.,SELL: Conviction lost Q=0.290 <= 0.3,0.28952114663846557,0.5365571849566181,75.17174018526457,6.653656822910023
2025-07-21 00:00:00-04:00,AAPL,212.23912048339844,buy,0.5321756727017645,Strong upward momentum detected. Algorithm confidence: 62%. Good entry point for potential gains.,BUY: Momentum entry Q=0.625 >= 0.35,0.6254198299217049,0.3146059725219035,66.33881483029347,2.822532931857836
2025-07-21 00:00:00-04:00,MSFT,509.2228698730469,sell,1.0,End of trading session - closing all positions.,FORCED EXIT: Held for 72.0 hours (max: 48),0.3612701353327741,0.448837826264013,66.60532803461714,7.598378852788528
2025-07-21 00:00:00-04:00,GOOGL,189.9301300048828,sell,1.0,End of trading session - closing all positions.,FORCED EXIT: Held for 72.0 hours (max: 48),0.2768960587772439,0.530663431852777,77.75108447076971,2.753347257974525
2025-07-21 00:00:00-04:00,TSLA,328.489990234375,buy,0.46585933746979413,Strong upward momentum detected. Algorithm confidence: 39%. Good entry point for potential gains.,BUY: Momentum entry Q=0.388 >= 0.35,0.3882451063951849,0.6469592099772158,54.8744202580245,-0.24341958280621157
2025-07-21 00:00:00-04:00,NVDA,171.3800048828125,buy,0.46004880989814256,Strong upward momentum detected. Algorithm confidence: 45%. Good entry point for potential gains.,BUY: Momentum entry Q=0.448 >= 0.35,0.4477189782488015,0.48881841707993823,72.38384861790684,6.631253516982611
2025-07-22 00:00:00-04:00,AAPL,214.15695190429688,sell,0.85,AI model detects potential price peak. Taking profits.,"SELL: ML profit peak ML=0.746, P&L=$44.11",0.43148879302596904,0.7455415737989027,65.20329748678873,2.9786293149859944
2025-07-22 00:00:00-04:00,MSFT,504.44073486328125,buy,0.6244046346038078,Strong upward momentum detected. Algorithm confidence: 70%. Good entry point for potential gains.,BUY: Momentum entry Q=0.704 >= 0.35,0.7043179732778295,0.4379401776977574,67.61723587303656,7.136710933922245
2025-07-22 00:00:00-04:00,GOOGL,191.1690216064453,buy,0.38578577416091614,Strong upward momentum detected. Algorithm confidence: 37%. Good entry point for potential gains.,BUY: Momentum entry Q=0.367 >= 0.35,0.367401553734744,0.4286822884886512,79.99228103646885,3.3021543977500016
2025-07-22 00:00:00-04:00,TSLA,332.1099853515625,sell,0.85,AI model detects potential price peak. Taking profits.,"SELL: ML profit peak ML=0.584, P&L=$54.30",0.5187043428285476,0.5844857595425441,66.05973842159531,0.8641755765742118
2025-07-22 00:00:00-04:00,NVDA,167.02999877929688,sell,0.95,Stop loss triggered to limit losses. Protecting capital.,SELL: Stop loss 2.5% >= 2.0%,0.17316181315576157,0.6098594415738675,73.21612036140208,6.191122194770571
2025-07-23 00:00:00-04:00,AAPL,213.9072265625,buy,0.5551812825340727,Strong upward momentum detected. Algorithm confidence: 56%. Good entry point for potential gains.,BUY: Momentum entry Q=0.564 >= 0.35,0.5642330369203413,0.5340605222994461,54.950744210443446,3.0470614475500213
2025-07-23 00:00:00-04:00,MSFT,505.0397644042969,sell,0.85,AI model detects potential price peak. Taking profits.,"SELL: ML profit peak ML=0.522, P&L=$5.39",0.3983689797664195,0.5218516140896121,69.88690954079416,6.741461092681618
2025-07-23 00:00:00-04:00,GOOGL,190.0600128173828,sell,0.8,Algorithm confidence dropped. Exiting position to preserve capital.,SELL: Conviction lost Q=0.260 <= 0.3,0.2604220690534257,0.4261721039982861,73.99587675806941,3.606032174825515
2025-07-23 00:00:00-04:00,TSLA,332.55999755859375,buy,0.5366861641423618,Strong upward momentum detected. Algorithm confidence: 55%. Good entry point for potential gains.,BUY: Momentum entry Q=0.554 >= 0.35,0.5536380076959111,0.4971318625174136,60.15372036336703,1.7579998168026805
2025-07-23 00:00:00-04:00,NVDA,170.77999877929688,buy,0.502127065145374,Strong upward momentum detected. Algorithm confidence: 47%. Good entry point for potential gains.,BUY: Momentum entry Q=0.466 >= 0.35,0.46584127126759045,0.5867939175268688,73.03373355015353,6.074881162327898
2025-07-24 00:00:00-04:00,AAPL,213.51766967773438,hold,0.5311707181271067,Holding position - indicators suggest more upside potential.,"HOLD: swing trade, Q=0.445, P&L=$-8.96 (-0.2%), 24.0h",0.44512710163123304,0.6172143346229804,50.63439524309715,3.0348762563576486
2025-07-24 00:00:00-04:00,MSFT,510.0415344238281,buy,0.5688119845641506,Strong upward momentum detected. Algorithm confidence: 58%. Good entry point for potential gains.,BUY: Momentum entry Q=0.579 >= 0.35,0.578736644116088,0.54565444560963,67.4897671192609,6.75396824320859
2025-07-24 00:00:00-04:00,GOOGL,191.99827575683594,buy,0.3829848124742734,Strong upward momentum detected. Algorithm confidence: 36%. Good entry point for potential gains.,BUY: Momentum entry Q=0.361 >= 0.35,0.36070618036679913,0.43496828739171345,75.07937729654776,3.957637936367263
2025-07-24 00:00:00-04:00,TSLA,305.29998779296875,sell,0.95,Stop loss triggered to limit losses. Protecting capital.,SELL: Stop loss 8.2% >= 2.0%,0.5050347290620599,0.5361981736229338,45.44134205348424,0.26366760414782675
2025-07-24 00:00:00-04:00,NVDA,173.74000549316406,sell,0.85,AI model detects potential price peak. Taking profits.,"SELL: ML profit peak ML=0.507, P&L=$85.84",0.2025537415576109,0.5067214693088317,73.80955865026212,6.150705605112023
2025-07-25 00:00:00-04:00,AAPL,213.63754272460938,sell,1.0,End of trading session - closing all positions.,FORCED EXIT: Held for 48.0 hours (max: 48),0.4266065606875966,0.5908770156010003,65.03441496890439,3.0003064919963265
2025-07-25 00:00:00-04:00,MSFT,512.866943359375,sell,0.8,Algorithm confidence dropped. Exiting position to preserve capital.,SELL: Conviction lost Q=0.239 <= 0.3,0.2392183200263787,0.349902521178332,72.12839581376853,6.912187740694037
2025-07-25 00:00:00-04:00,GOOGL,193.0073699951172,sell,0.85,AI model detects potential price peak. Taking profits.,"SELL: ML profit peak ML=0.420, P&L=$26.24",0.1953190151863617,0.4199675336335445,84.91691909250336,4.268508794915334
2025-07-25 00:00:00-04:00,TSLA,316.05999755859375,buy,0.43755510153119115,Strong upward momentum detected. Algorithm confidence: 37%. Good entry point for potential gains.,BUY: Momentum entry Q=0.372 >= 0.35,0.3721777274542939,0.590102307710618,61.10664356345222,-0.05176189858491398
2025-07-25 00:00:00-04:00,NVDA,173.5,buy,0.43152842799960295,Strong upward momentum detected. Algorithm confidence: 45%. Good entry point for potential gains.,BUY: Momentum entry Q=0.450 >= 0.35,0.4497667560076562,0.38897232931414544,75.97004747469029,6.120872971313105
2025-07-28 00:00:00-04:00,AAPL,213.80735778808594,buy,0.48872938316130965,Strong upward momentum detected. Algorithm confidence: 50%. Good entry point for potential gains.,BUY: Momentum entry Q=0.502 >= 0.35,0.5015333910978643,0.45885336464268206,65.32624468583244,2.9525768925945783
2025-07-28 00:00:00-04:00,MSFT,511.65887451171875,buy,0.47930090083816523,Strong upward momentum detected. Algorithm confidence: 44%. Good entry point for potential gains.,BUY: Momentum entry Q=0.443 >= 0.35,0.44342121362950393,0.5630201709917083,71.90937692417992,6.861007350697889
2025-07-28 00:00:00-04:00,GOOGL,192.4079132080078,buy,0.42414187671259995,Strong upward momentum detected. Algorithm confidence: 38%. Good entry point for potential gains.,BUY: Momentum entry Q=0.378 >= 0.35,0.3777452626473014,0.5324006428649632,92.09799206877399,4.415604694864072
2025-07-28 00:00:00-04:00,TSLA,325.5899963378906,sell,1.0,End of trading session - closing all positions.,FORCED EXIT: Held for 72.0 hours (max: 48),0.3888686432650043,0.435361528310037,63.198400466289016,0.4619244266662008
2025-07-28 00:00:00-04:00,NVDA,176.75,sell,1.0,End of trading session - closing all positions.,FORCED EXIT: Held for 72.0 hours (max: 48),0.31790417200719634,0.41347063184605437,77.129903870108,6.287005546299042
2025-07-29 00:00:00-04:00,AAPL,211.03050231933594,hold,0.4344171821249269,Holding position - indicators suggest more upside potential.,"HOLD: swing trade, Q=0.469, P&L=$-63.87 (-1.3%), 24.0h",0.4689781889519129,0.39985617529794093,50.43829831067161,2.660018771424035
2025-07-29 00:00:00-04:00,MSFT,511.728759765625,sell,0.85,AI model detects potential price peak. Taking profits.,"SELL: ML profit peak ML=0.651, P&L=$0.63",0.41113838251697776,0.6514439333895161,65.39755501019266,6.748295528639858
2025-07-29 00:00:00-04:00,GOOGL,195.5750732421875,sell,0.85,AI model detects potential price peak. Taking profits.,"SELL: ML profit peak ML=0.475, P&L=$79.18",0.21442115690676591,0.4749127675232001,92.41687351635439,4.733181431797078
2025-07-29 00:00:00-04:00,TSLA,321.20001220703125,buy,0.5374374968905212,Strong upward momentum detected. Algorithm confidence: 59%. Good entry point for potential gains.,BUY: Momentum entry Q=0.587 >= 0.35,0.5868538300608673,0.42213271949304715,61.754876719765925,0.5089229624877021
2025-07-29 00:00:00-04:00,NVDA,175.50999450683594,buy,0.4827880825811135,Strong upward momentum detected. Algorithm confidence: 40%. Good entry point for potential gains.,BUY: Momentum entry Q=0.401 >= 0.35,0.4011560996415833,0.6732627094400174,71.60450131733013,6.246601791676085
2025-07-30 00:00:00-04:00,AAPL,208.81301879882812,sell,1.0,End of trading session - closing all positions.,FORCED EXIT: Held for 48.0 hours (max: 48),0.5000890472690409,0.6751299792811041,39.35366204286783,2.2235996917038108
2025-07-30 00:00:00-04:00,MSFT,512.3976440429688,buy,0.38396538169846617,Strong upward momentum detected. Algorithm confidence: 38%. Good entry point for potential gains.,BUY: Momentum entry Q=0.376 >= 0.35,0.37559968947571826,0.4034853302182113,70.95491554153422,6.636443182728499
2025-07-30 00:00:00-04:00,GOOGL,196.35438537597656,buy,0.4592975554576341,Strong upward momentum detected. Algorithm confidence: 46%. Good entry point for potential gains.,BUY: Momentum entry Q=0.455 >= 0.35,0.4545063626945836,0.4704770052380854,92.34216827586961,4.990223074747149
2025-07-30 00:00:00-04:00,TSLA,319.0400085449219,hold,0.44867699080301804,Holding position - indicators suggest more upside potential.,"HOLD: swing trade, Q=0.438, P&L=$-32.40 (-0.7%), 24.0h",0.4383761629975379,0.45897781860849823,54.78252371740737,0.36763750084065805
2025-07-30 00:00:00-04:00,NVDA,179.27000427246094,sell,0.88,Exit signal triggered. Closing position with loss.,SELL: Swing trade profit 2.1% >= 2.0% (24.0h),0.26670049703384313,0.5183813351322163,73.87471849050877,6.443703882130421
2025-07-31 00:00:00-04:00,AAPL,207.33470153808594,buy,0.5938272275328931,Strong upward momentum detected. Algorithm confidence: 65%. Good entry point for potential gains.,BUY: Momentum entry Q=0.653 >= 0.35,0.6528525554889777,0.456101462302029,38.78831538722097,1.7384073014169985
2025-07-31 00:00:00-04:00,MSFT,532.6243896484375,sell,0.88,Exit signal triggered. Closing position with loss.,SELL: Swing trade profit 3.9% >= 2.0% (24.0h),0.1671934189215496,0.5866336989192911,82.4654305447591,8.08671016021168
2025-07-31 00:00:00-04:00,GOOGL,191.728515625,sell,0.95,Stop loss triggered to limit losses. Protecting capital.,SELL: Stop loss 2.4% >= 2.0%,0.30280878516533116,0.6378925514040235,74.00572575726646,4.765725087524771
2025-07-31 00:00:00-04:00,TSLA,308.2699890136719,sell,1.0,End of trading session - closing all positions.,FORCED EXIT: Held for 48.0 hours (max: 48),0.22415353739932392,0.35834979197420386,47.456301359513255,-0.606392695259899
2025-07-31 00:00:00-04:00,NVDA,177.8699951171875,buy,0.4652992665095733,Strong upward momentum detected. Algorithm confidence: 46%. Good entry point for potential gains.,BUY: Momentum entry Q=0.455 >= 0.35,0.4548277469068014,0.48973281224937454,70.0154380165757,6.413014431984465
2025-08-01 00:00:00-04:00,AAPL,202.1505889892578,sell,0.95,Stop loss triggered to limit losses. Protecting capital.,SELL: Stop loss 2.5% >= 2.0%,0.3674192043730819,0.727493213590282,33.279820682134854,0.9249124640901414
2025-08-01 00:00:00-04:00,MSFT,523.2498168945312,buy,0.47794833292630867,Strong upward momentum detected. Algorithm confidence: 44%. Good entry point for potential gains.,BUY: Momentum entry Q=0.442 >= 0.35,0.44224979914452645,0.5612449117504674,68.97602936961923,8.382973809948624
2025-08-01 00:00:00-04:00,GOOGL,188.96099853515625,buy,0.6118849915008092,Strong upward momentum detected. Algorithm confidence: 58%. Good entry point for potential gains.,BUY: Momentum entry Q=0.580 >= 0.35,0.5798481914497744,0.6866375249532238,64.67625571235942,4.314755499627694
2025-08-01 00:00:00-04:00,TSLA,302.6300048828125,buy,0.4305440194626596,Strong upward momentum detected. Algorithm confidence: 40%. Good entry point for potential gains.,BUY: Momentum entry Q=0.401 >= 0.35,0.40080460899126863,0.49993597722923855,43.220909797604,-1.8125245722134196
2025-08-01 00:00:00-04:00,NVDA,173.72000122070312,sell,0.95,Stop loss triggered to limit losses. Protecting capital.,SELL: Stop loss 2.3% >= 2.0%,0.4191773179930073,0.5835566680541944,63.53434402232532,5.984833561273234
2025-08-04 00:00:00-04:00,AAPL,203.11949157714844,buy,0.5805638106575051,Strong upward momentum detected. Algorithm confidence: 60%. Good entry point for potential gains.,BUY: Momentum entry Q=0.603 >= 0.35,0.6029179138335679,0.5284042365800252,34.95301846298983,0.3543100206134966
2025-08-04 00:00:00-04:00,MSFT,534.7609252929688,sell,1.0,End of trading session - closing all positions.,FORCED EXIT: Held for 72.0 hours (max: 48),0.19047956355605372,0.5322869024265979,73.18815191043242,9.437821797396225
2025-08-04 00:00:00-04:00,GOOGL,194.86570739746094,sell,1.0,End of trading session - closing all positions.,FORCED EXIT: Held for 72.0 hours (max: 48),0.3142016657075653,0.5798581582844171,70.85732376468312,4.3832916519761795
2025-08-04 00:00:00-04:00,TSLA,309.260009765625,sell,1.0,End of trading session - closing all positions.,FORCED EXIT: Held for 72.0 hours (max: 48),0.29199583999586154,0.7799800558046934,49.281397298260444,-2.207954860403163
2025-08-04 00:00:00-04:00,NVDA,180.0,buy,0.5423947921200566,Strong upward momentum detected. Algorithm confidence: 56%. Good entry point for potential gains.,BUY: Momentum entry Q=0.561 >= 0.35,0.5613165886189723,0.49824393362258684,63.17279632821149,6.0821295502465205
2025-08-05 00:00:00-04:00,AAPL,202.68995666503906,sell,0.8,Algorithm confidence dropped. Exiting position to preserve capital.,SELL: Conviction lost Q=0.277 <= 0.3,0.27695133758277457,0.407372927690007,30.453563893054337,-0.13104579014887463
2025-08-05 00:00:00-04:00,MSFT,526.8838500976562,buy,0.6287011459768311,Strong upward momentum detected. Algorithm confidence: 63%. Good entry point for potential gains.,BUY: Momentum entry Q=0.631 >= 0.35,0.630599150913141,0.6242724677921081,65.37016231144128,9.528345455201702
2025-08-05 00:00:00-04:00,GOOGL,194.4960479736328,buy,0.6321963677019403,Strong upward momentum detected. Algorithm confidence: 61%. Good entry point for potential gains.,BUY: Momentum entry Q=0.606 >= 0.35,0.6058994368660672,0.6935558729856446,69.08025559691083,4.35754752496976
2025-08-05 00:00:00-04:00,TSLA,308.7200012207031,buy,0.4659383528081861,Strong upward momentum detected. Algorithm confidence: 45%. Good entry point for potential gains.,BUY: Momentum entry Q=0.447 >= 0.35,0.4473186281839809,0.5093843769313318,43.21349566721554,-2.535680641224758
2025-08-05 00:00:00-04:00,NVDA,178.25999450683594,hold,0.529119786113284,Holding position - indicators suggest more upside potential.,"HOLD: swing trade, Q=0.470, P&L=$-46.98 (-1.0%), 24.0h",0.47005362513424226,0.5881859470923257,59.472080894565956,5.950242726765282
2025-08-06 00:00:00-04:00,AAPL,213.0082550048828,buy,0.6080672434145018,Strong upward momentum detected. Algorithm confidence: 64%. Good entry point for potential gains.,BUY: Momentum entry Q=0.643 >= 0.35,0.6434792780032788,0.5254391627073556,55.6251991982586,0.31329520334560357
2025-08-06 00:00:00-04:00,MSFT,524.0784912109375,hold,0.5755666087963771,Holding position - indicators suggest more upside potential.,"HOLD: swing trade, Q=0.410, P&L=$-25.25 (-0.5%), 24.0h",0.4102958382479759,0.7408373793447784,59.63329441201001,9.266894102630772
2025-08-06 00:00:00-04:00,GOOGL,195.91476440429688,sell,0.85,AI model detects potential price peak. Taking profits.,"SELL: ML profit peak ML=0.589, P&L=$35.47",0.40283430974607065,0.5893264446238385,69.87608295172409,4.400892923921134
2025-08-06 00:00:00-04:00,TSLA,319.9100036621094,sell,0.88,Exit signal triggered. Closing position with loss.,SELL: Swing trade profit 3.6% >= 2.0% (24.0h),0.2520919063927629,0.4918930434526833,50.23960124176152,-1.8708994412294828
2025-08-06 00:00:00-04:00,NVDA,179.4199981689453,sell,1.0,End of trading session - closing all positions.,FORCED EXIT: Held for 48.0 hours (max: 48),0.4715116320578742,0.5806500549663064,58.94149174687439,5.871639465154601
2025-08-07 00:00:00-04:00,AAPL,219.7805633544922,sell,0.88,Exit signal triggered. Closing position with loss.,SELL: Swing trade profit 3.2% >= 2.0% (24.0h),0.4442262328981404,0.6453786778386226,62.88957791202258,1.1980964175525912
2025-08-07 00:00:00-04:00,MSFT,519.9852294921875,sell,1.0,End of trading session - closing all positions.,FORCED EXIT: Held for 48.0 hours (max: 48),0.5031968134476128,0.3899680450322166,57.58046518579858,8.62991966817907
2025-08-07 00:00:00-04:00,GOOGL,196.34439086914062,buy,0.6390178359374336,Strong upward momentum detected. Algorithm confidence: 63%. Good entry point for potential gains.,BUY: Momentum entry Q=0.632 >= 0.35,0.6315080219319187,0.6565407352836349,68.83632171951108,4.418972565036768
2025-08-07 00:00:00-04:00,TSLA,322.2699890136719,buy,0.41797243134620277,Strong upward momentum detected. Algorithm confidence: 39%. Good entry point for potential gains.,BUY: Momentum entry Q=0.390 >= 0.35,0.38969572509758754,0.4839514125929716,46.174578477234576,-1.1404777386443925
2025-08-07 00:00:00-04:00,NVDA,180.77000427246094,buy,0.5369360078651971,Strong upward momentum detected. Algorithm confidence: 56%. Good entry point for potential gains.,BUY: Momentum entry Q=0.562 >= 0.35,0.5624178505391422,0.47747837495932566,61.40205856020658,5.850835237504697
2025-08-08 00:00:00-04:00,AAPL,229.0900115966797,buy,0.49492768367550705,Strong upward momentum detected. Algorithm confidence: 47%. Good entry point for potential gains.,BUY: Momentum entry Q=0.470 >= 0.35,0.46986893235588223,0.5533981034212984,69.91733963181579,2.6202972694556195
2025-08-08 00:00:00-04:00,MSFT,521.1832275390625,buy,0.5731908691012219,Strong upward momentum detected. Algorithm confidence: 55%. Good entry point for potential gains.,BUY: Momentum entry Q=0.549 >= 0.35,0.5486284752206168,0.6305031214893005,58.27806064794613,8.128085756969824
2025-08-08 00:00:00-04:00,GOOGL,201.24000549316406,sell,0.88,Exit signal triggered. Closing position with loss.,SELL: Swing trade profit 2.5% >= 2.0% (24.0h),0.43630265158464937,0.761319117374264,68.69221760327319,4.773312224635902
2025-08-08 00:00:00-04:00,TSLA,329.6499938964844,sell,0.88,Exit signal triggered. Closing position with loss.,SELL: Swing trade profit 2.3% >= 2.0% (24.0h),0.4055443641894637,0.6127179086224837,50.56486336194381,0.03350521259267225
2025-08-08 00:00:00-04:00,NVDA,182.6999969482422,sell,0.85,AI model detects potential price peak. Taking profits.,"SELL: ML profit peak ML=0.638, P&L=$52.11",0.33670996041053847,0.6383084718046015,65.06919462855495,5.921818973596231
2025-08-11 00:00:00-04:00,AAPL,227.17999267578125,sell,1.0,End of trading session - closing all positions.,FORCED EXIT: Held for 72.0 hours (max: 48),0.43825153899855585,0.43187348799058917,65.39575784076462,3.552330076892531
2025-08-11 00:00:00-04:00,MSFT,520.9136962890625,sell,1.0,End of trading session - closing all positions.,FORCED EXIT: Held for 72.0 hours (max: 48),0.39620798343255204,0.6547902490490509,62.1609906395342,7.620782213920165
2025-08-11 00:00:00-04:00,GOOGL,200.8203887939453,buy,0.5341942912027808,Strong upward momentum detected. Algorithm confidence: 54%. Good entry point for potential gains.,BUY: Momentum entry Q=0.540 >= 0.35,0.5400808241643069,0.5204590476258866,66.39513894001023,4.963058349744415
2025-08-11 00:00:00-04:00,TSLA,339.0299987792969,buy,0.6373763961081761,Strong upward momentum detected. Algorithm confidence: 63%. Good entry point for potential gains.,BUY: Momentum entry Q=0.629 >= 0.35,0.6291846018533412,0.6564905827027909,53.190709758614595,1.7011730970900771
2025-08-11 00:00:00-04:00,NVDA,182.05999755859375,buy,0.4468933229768408,Strong upward momentum detected. Algorithm confidence: 35%. Good entry point for potential gains.,BUY: Momentum entry Q=0.351 >= 0.35,0.35120022106906507,0.6701772274283175,72.20086044150818,5.858893812971303
2025-08-12 00:00:00-04:00,AAPL,229.64999389648438,buy,0.6179054568659279,Strong upward momentum detected. Algorithm confidence: 65%. Good entry point for potential gains.,BUY: Momentum entry Q=0.652 >= 0.35,0.6520719467289835,0.5381836471854647,67.68273035652095,4.439109951300736
2025-08-12 00:00:00-04:00,MSFT,528.3713989257812,buy,0.6417479612962695,Strong upward momentum detected. Algorithm confidence: 68%. Good entry point for potential gains.,BUY: Momentum entry Q=0.680 >= 0.35,0.6803857189405786,0.5515931934595485,65.64047234152414,7.731392101765778
2025-08-12 00:00:00-04:00,GOOGL,203.15829467773438,sell,0.85,AI model detects potential price peak. Taking profits.,"SELL: ML profit peak ML=0.464, P&L=$56.11",0.19510901416317192,0.4643732335398137,71.35878146742049,5.241660388923805
2025-08-12 00:00:00-04:00,TSLA,340.8399963378906,sell,0.85,AI model detects potential price peak. Taking profits.,"SELL: ML profit peak ML=0.378, P&L=$25.34",0.3705184345459067,0.3780040608233567,53.770490618625665,3.1327511811044246
2025-08-12 00:00:00-04:00,NVDA,183.16000366210938,sell,0.85,AI model detects potential price peak. Taking profits.,"SELL: ML profit peak ML=0.525, P&L=$29.70",0.4282251603224607,0.5246984202453793,69.83972424667168,5.830575227429108
2025-08-13 00:00:00-04:00,AAPL,233.3300018310547,sell,0.85,AI model detects potential price peak. Taking profits.,"SELL: ML profit peak ML=0.404, P&L=$77.28",0.2598067357406548,0.4042490706249473,70.72203902587563,5.376854247098521
2025-08-13 00:00:00-04:00,MSFT,519.7256469726562,hold,0.4773752987260549,Holding position - indicators suggest more upside potential.,"HOLD: swing trade, Q=0.433, P&L=$-77.81 (-1.6%), 24.0h",0.43328211764411123,0.5214684798079986,56.18940621848772,7.04025562331276
2025-08-13 00:00:00-04:00,GOOGL,201.779541015625,buy,0.5599915214596942,Strong upward momentum detected. Algorithm confidence: 60%. Good entry point for potential gains.,BUY: Momentum entry Q=0.598 >= 0.35,0.5980911264404267,0.47109244317131854,66.24632317720068,5.2902182712017805
2025-08-13 00:00:00-04:00,TSLA,339.3800048828125,buy,0.4612255715988458,Strong upward momentum detected. Algorithm confidence: 41%. Good entry point for potential gains.,BUY: Momentum entry Q=0.411 >= 0.35,0.4111350921777912,0.5781033569146398,70.28572445824032,4.102190519102578
2025-08-13 00:00:00-04:00,NVDA,181.58999633789062,buy,0.6176498450575046,Strong upward momentum detected. Algorithm confidence: 59%. Good entry point for potential gains.,BUY: Momentum entry Q=0.593 >= 0.35,0.5929033629601002,0.6753916366181154,63.16668807978579,5.61670025018708
2025-08-14 00:00:00-04:00,AAPL,232.77999877929688,buy,0.5632866154677838,Strong upward momentum detected. Algorithm confidence: 58%. Good entry point for potential gains.,BUY: Momentum entry Q=0.585 >= 0.35,0.5854152076006507,0.511653233824428,69.84286661503967,6.006404614354295
2025-08-14 00:00:00-04:00,MSFT,521.6224975585938,sell,1.0,End of trading session - closing all positions.,FORCED EXIT: Held for 48.0 hours (max: 48),0.4592670442559083,0.49189826234128453,55.66315496921113,6.569851812311072
2025-08-14 00:00:00-04:00,GOOGL,202.75865173339844,sell,0.85,AI model detects potential price peak. Taking profits.,"SELL: ML profit peak ML=0.623, P&L=$23.50",0.5135837800842755,0.6229870092847871,66.2126699633562,5.3460805066413855
2025-08-14 00:00:00-04:00,TSLA,335.5799865722656,hold,0.5634607091386357,Holding position - indicators suggest more upside potential.,"HOLD: swing trade, Q=0.456, P&L=$-53.20 (-1.1%), 24.0h",0.4558757442903949,0.6710456739868764,62.66873497443202,4.511838790264335
2025-08-14 00:00:00-04:00,NVDA,182.02000427246094,sell,0.85,AI model detects potential price peak. Taking profits.,"SELL: ML profit peak ML=0.673, P&L=$11.61",0.4914279621332592,0.6728050750556758,64.19998545330995,5.419429032026557
2025-08-15 00:00:00-04:00,AAPL,231.58999633789062,hold,0.5613806284678154,Holding position - indicators suggest more upside potential.,"HOLD: swing trade, Q=0.551, P&L=$-24.99 (-0.5%), 24.0h",0.5511846212321942,0.5715766357034366,68.05149946019122,6.33626405645839
2025-08-15 00:00:00-04:00,MSFT,519.3162841796875,buy,0.6237217300000215,Strong upward momentum detected. Algorithm confidence: 64%. Good entry point for potential gains.,BUY: Momentum entry Q=0.638 >= 0.35,0.6375946691699901,0.5913515386034283,54.88349353572266,5.94246027417978
2025-08-15 00:00:00-04:00,GOOGL,203.71778869628906,buy,0.6026090233805461,Strong upward momentum detected. Algorithm confidence: 60%. Good entry point for potential gains.,BUY: Momentum entry Q=0.599 >= 0.35,0.598818160643466,0.6114543697670664,68.58177591883026,5.405435571257499
2025-08-15 00:00:00-04:00,TSLA,330.55999755859375,sell,1.0,End of trading session - closing all positions.,FORCED EXIT: Held for 48.0 hours (max: 48),0.42166342759703823,0.6967625662109536,53.42616938118699,4.380916360137803
2025-08-15 00:00:00-04:00,NVDA,180.4499969482422,buy,0.5633799031196312,Strong upward momentum detected. Algorithm confidence: 57%. Good entry point for potential gains.,BUY: Momentum entry Q=0.568 >= 0.35,0.568475094572001,0.5514911230641019,56.53246823920262,5.077869185301864
2025-08-18 00:00:00-04:00,AAPL,230.88999938964844,sell,1.0,End of trading session - closing all positions.,FORCED EXIT: Held for 96.0 hours (max: 48),0.17841087390490534,0.44595292727544145,71.04721842914002,6.466652591506858
2025-08-18 00:00:00-04:00,MSFT,516.2512817382812,sell,1.0,End of trading session - closing all positions.,FORCED EXIT: Held for 72.0 hours (max: 48),0.4804966334243884,0.4815597915126525,52.7780964657133,5.1386922330339075
2025-08-18 00:00:00-04:00,GOOGL,203.3181610107422,sell,1.0,End of trading session - closing all positions.,FORCED EXIT: Held for 72.0 hours (max: 48),0.541048655546665,0.4112040107731476,63.99428591914796,5.358459290029828
2025-08-18 00:00:00-04:00,TSLA,335.1600036621094,buy,0.5239816231472283,Strong upward momentum detected. Algorithm confidence: 55%. Good entry point for potential gains.,BUY: Momentum entry Q=0.552 >= 0.35,0.5520027507306768,0.45859899211918176,59.59581212018233,4.595368887696509
2025-08-18 00:00:00-04:00,NVDA,182.00999450683594,sell,1.0,End of trading session - closing all positions.,FORCED EXIT: Held for 72.0 hours (max: 48),0.4974399279776491,0.4968005212011848,61.34774746743926,4.8768421113706495
2025-08-19 00:00:00-04:00,AAPL,230.55999755859375,buy,0.47962256786189184,Strong upward momentum detected. Algorithm confidence: 48%. Good entry point for potential gains.,BUY: Momentum entry Q=0.475 >= 0.35,0.47505131255902006,0.4902888302352595,74.00808169832908,6.468789872141542
2025-08-19 00:00:00-04:00,MSFT,508.933349609375,buy,0.5893746882350099,Strong upward momentum detected. Algorithm confidence: 61%. Good entry point for potential gains.,BUY: Momentum entry Q=0.609 >= 0.35,0.6088808308638702,0.5438603554343358,48.0326592634751,3.8666321764623035
2025-08-19 00:00:00-04:00,GOOGL,201.389892578125,buy,0.6426874125960496,Strong upward momentum detected. Algorithm confidence: 67%. Good entry point for potential gains.,BUY: Momentum entry Q=0.674 >= 0.35,0.673819787271239,0.5700452050206074,58.73791214930604,5.1067674649272305
2025-08-19 00:00:00-04:00,TSLA,329.30999755859375,hold,0.509158966932252,Holding position - indicators suggest more upside potential.,"HOLD: swing trade, Q=0.509, P&L=$-81.90 (-1.7%), 24.0h",0.5086088985015441,0.5097090353629599,56.7185567821234,4.244351219974078
2025-08-19 00:00:00-04:00,NVDA,175.63999938964844,buy,0.6283553950131704,Strong upward momentum detected. Algorithm confidence: 71%. Good entry point for potential gains.,BUY: Momentum entry Q=0.711 >= 0.35,0.7111931453034,0.4350673110026348,44.19199785937709,4.155617960208758
2025-08-20 00:00:00-04:00,AAPL,226.00999450683594,hold,0.5146197250804148,Holding position - indicators suggest more upside potential.,"HOLD: swing trade, Q=0.477, P&L=$-95.55 (-2.0%), 24.0h",0.47714812677592044,0.5520913233849091,69.30756139623549,6.033782770251975
2025-08-20 00:00:00-04:00,MSFT,504.8900146484375,hold,0.5248845479121621,Holding position - indicators suggest more upside potential.,"HOLD: swing trade, Q=0.478, P&L=$-36.39 (-0.8%), 24.0h",0.4779676900185717,0.5718014058057524,30.70294942508039,2.503394503615368
2025-08-20 00:00:00-04:00,GOOGL,199.1418914794922,hold,0.5399384369303462,Holding position - indicators suggest more upside potential.,"HOLD: swing trade, Q=0.450, P&L=$-53.95 (-1.1%), 24.0h",0.45003788413797835,0.629838989722714,64.02122448885356,4.672048511865597
2025-08-20 00:00:00-04:00,TSLA,323.8999938964844,sell,1.0,End of trading session - closing all positions.,FORCED EXIT: Held for 48.0 hours (max: 48),0.4734611161746238,0.6876944661832907,60.99620323064622,3.489401459168846
2025-08-20 00:00:00-04:00,NVDA,175.39999389648438,hold,0.5005492462375462,Holding position - indicators suggest more upside potential.,"HOLD: swing trade, Q=0.424, P&L=$-6.72 (-0.1%), 24.0h",0.42386102163244865,0.5772374708426437,45.89564802888467,3.5240530963370986
2025-08-21 00:00:00-04:00,AAPL,224.89999389648438,sell,1.0,End of trading session - closing all positions.,FORCED EXIT: Held for 48.0 hours (max: 48),0.30262210851650284,0.8723689645670998,75.6831799422083,5.535657125834632
2025-08-21 00:00:00-04:00,MSFT,504.239990234375,sell,1.0,End of trading session - closing all positions.,FORCED EXIT: Held for 48.0 hours (max: 48),0.390268636564126,0.9365905463374944,34.945608199226825,1.3549482881136328
2025-08-21 00:00:00-04:00,GOOGL,199.57150268554688,sell,1.0,End of trading session - closing all positions.,FORCED EXIT: Held for 48.0 hours (max: 48),0.24198294615670607,0.5664876136556074,72.01499388973666,4.312485000840269
2025-08-21 00:00:00-04:00,TSLA,320.1099853515625,buy,0.6654870836551208,Strong upward momentum detected. Algorithm confidence: 62%. Good entry point for potential gains.,BUY: Momentum entry Q=0.620 >= 0.35,0.6197590481690294,0.7721858331226673,62.626388654978705,2.555814481060793
2025-08-21 00:00:00-04:00,NVDA,174.97999572753906,sell,1.0,End of trading session - closing all positions.,FORCED EXIT: Held for 48.0 hours (max: 48),0.5388130307469403,0.45592277567278905,52.38997158372266,2.95557304311626
2025-08-22 00:00:00-04:00,AAPL,227.75999450683594,buy,0.47904179809902836,Strong upward momentum detected. Algorithm confidence: 41%. Good entry point for potential gains.,BUY: Momentum entry Q=0.414 >= 0.35,0.4138135724923191,0.63124099118135,76.67897600735917,5.310451531452088
2025-08-22 00:00:00-04:00,MSFT,507.2300109863281,buy,0.7969413031264422,Strong upward momentum detected. Algorithm confidence: 79%. Good entry point for potential gains.,BUY: Momentum entry Q=0.792 >= 0.35,0.7924379613436439,0.8074491006196384,24.795952748540373,0.6782476574562679
2025-08-22 00:00:00-04:00,GOOGL,205.9058380126953,buy,0.4252080099919623,Strong upward momentum detected. Algorithm confidence: 36%. Good entry point for potential gains.,BUY: Momentum entry Q=0.365 >= 0.35,0.3647413133014751,0.5662969689364323,72.50517273771266,4.486933672136104
2025-08-22 00:00:00-04:00,TSLA,340.010009765625,sell,0.88,Exit signal triggered. Closing position with loss.,SELL: Swing trade profit 6.2% >= 2.0% (24.0h),0.4636876382212915,0.8487234039237856,68.63861127902942,3.382711936017529
2025-08-22 00:00:00-04:00,NVDA,177.99000549316406,buy,0.5686400767040172,Strong upward momentum detected. Algorithm confidence: 53%. Good entry point for potential gains.,BUY: Momentum entry Q=0.534 >= 0.35,0.5340785405550195,0.6492836610516783,45.64748626942782,2.716615683085763
2025-08-25 00:00:00-04:00,AAPL,227.16000366210938,sell,1.0,End of trading session - closing all positions.,FORCED EXIT: Held for 72.0 hours (max: 48),0.28059598275606,0.879812615174028,76.39698327527762,5.025627918251672
2025-08-25 00:00:00-04:00,MSFT,504.260009765625,sell,1.0,End of trading session - closing all positions.,FORCED EXIT: Held for 72.0 hours (max: 48),0.4478496107281674,0.5438441132238152,27.24371095438292,-0.0965833916613974
2025-08-25 00:00:00-04:00,GOOGL,208.30369567871094,sell,1.0,End of trading session - closing all positions.,FORCED EXIT: Held for 72.0 hours (max: 48),0.21005637142267602,0.6472442257737564,75.99704893052461,4.76375892731059
2025-08-25 00:00:00-04:00,TSLA,346.6000061035156,buy,0.5421961594395062,Strong upward momentum detected. Algorithm confidence: 45%. Good entry point for potential gains.,BUY: Momentum entry Q=0.450 >= 0.35,0.45030878082408926,0.7566000428754792,71.39145480615453,4.5177143571854685
2025-08-25 00:00:00-04:00,NVDA,179.80999755859375,sell,1.0,End of trading session - closing all positions.,FORCED EXIT: Held for 72.0 hours (max: 48),0.49470421053930713,0.8559280607552668,53.344844913073736,2.643624347163552
2025-08-26 00:00:00-04:00,AAPL,229.30999755859375,buy,0.4723989651838242,Strong upward momentum detected. Algorithm confidence: 43%. Good entry point for potential gains.,BUY: Momentum entry Q=0.427 >= 0.35,0.42746969473696605,0.5772339295598266,71.34754250222097,4.916712886338416
2025-08-26 00:00:00-04:00,MSFT,502.0400085449219,buy,0.6124826106735674,Strong upward momentum detected. Algorithm confidence: 57%. Good entry point for potential gains.,BUY: Momentum entry Q=0.574 >= 0.35,0.5740722754925608,0.7021067260959161,27.56834730813459,-0.8796382039702735
2025-08-26 00:00:00-04:00,GOOGL,206.95489501953125,buy,0.4871802284665889,Strong upward momentum detected. Algorithm confidence: 44%. Good entry point for potential gains.,BUY: Momentum entry Q=0.445 >= 0.35,0.4448175471474166,0.5860264848779911,70.84123553120052,4.818760326190102
2025-08-26 00:00:00-04:00,TSLA,351.6700134277344,sell,0.85,AI model detects potential price peak. Taking profits.,"SELL: ML profit peak ML=0.627, P&L=$70.98",0.5129603581216066,0.6267295927391346,69.267163814362,5.759922372771143
2025-08-26 00:00:00-04:00,NVDA,181.77000427246094,buy,0.6282603778893807,Strong upward momentum detected. Algorithm confidence: 62%. Good entry point for potential gains.,BUY: Momentum entry Q=0.624 >= 0.35,0.6243493071614636,0.6373862095878537,54.90196702527214,2.7126644418103183
2025-08-27 00:00:00-04:00,AAPL,230.49000549316406,sell,0.85,AI model detects potential price peak. Taking profits.,"SELL: ML profit peak ML=0.708, P&L=$24.78",0.4180364052699629,0.7079513003634226,66.4308282110925,4.869481367382491
2025-08-27 00:00:00-04:00,MSFT,506.739990234375,sell,0.85,AI model detects potential price peak. Taking profits.,"SELL: ML profit peak ML=0.721, P&L=$42.30",0.2058403202661746,0.7214211206755137,36.68294095844042,-1.1081910052932358
2025-08-27 00:00:00-04:00,GOOGL,207.29458618164062,sell,0.85,AI model detects potential price peak. Taking profits.,"SELL: ML profit peak ML=0.618, P&L=$8.15",0.246555854986177,0.6184091982569384,70.74188830632806,4.834035813159261
2025-08-27 00:00:00-04:00,TSLA,349.6000061035156,buy,0.6380562850672041,Strong upward momentum detected. Algorithm confidence: 65%. Good entry point for potential gains.,BUY: Momentum entry Q=0.647 >= 0.35,0.6465622967408146,0.6182089244954466,66.638253472937,6.502393340625417
2025-08-27 00:00:00-04:00,NVDA,181.60000610351562,hold,0.6001774227684105,Holding position - indicators suggest more upside potential.,"HOLD: swing trade, Q=0.506, P&L=$-4.59 (-0.1%), 24.0h",0.5056900886041407,0.6946647569326801,51.82097622671096,2.722281021668266
2025-08-28 00:00:00-04:00,AAPL,232.55999755859375,buy,0.5983135484727476,Strong upward momentum detected. Algorithm confidence: 60%. Good entry point for potential gains.,BUY: Momentum entry Q=0.602 >= 0.35,0.6024487611930022,0.5886647187921539,56.84414800350801,4.942111523079404
2025-08-28 00:00:00-04:00,MSFT,509.6400146484375,buy,0.4905000359369117,Strong upward momentum detected. Algorithm confidence: 40%. Good entry point for potential gains.,BUY: Momentum entry Q=0.400 >= 0.35,0.40018497417581356,0.7012351800461409,38.778261426801535,-1.0432866541504495
2025-08-28 00:00:00-04:00,GOOGL,211.4508819580078,buy,0.5830213946410141,Strong upward momentum detected. Algorithm confidence: 53%. Good entry point for potential gains.,BUY: Momentum entry Q=0.527 >= 0.35,0.5266206428365255,0.7146231488514873,69.89880211102508,5.1224714182936
2025-08-28 00:00:00-04:00,TSLA,345.9800109863281,hold,0.5564663750502838,Holding position - indicators suggest more upside potential.,"HOLD: swing trade, Q=0.442, P&L=$-50.68 (-1.0%), 24.0h",0.4422875928993517,0.670645157201216,60.41853093616508,6.72122547599912
2025-08-28 00:00:00-04:00,NVDA,180.1699981689453,sell,1.0,End of trading session - closing all positions.,FORCED EXIT: Held for 48.0 hours (max: 48),0.3650189993343264,0.5283888905148314,44.32482201533407,2.5847175265295164
2025-08-29 00:00:00-04:00,AAPL,232.13999938964844,hold,0.6041861063635504,Holding position - indicators suggest more upside potential.,"HOLD: swing trade, Q=0.473, P&L=$-8.82 (-0.2%), 24.0h",0.47321375358789775,0.7351584591392031,60.393978598046026,4.90919100454343
2025-08-29 00:00:00-04:00,MSFT,506.69000244140625,hold,0.501711270983267,Holding position - indicators suggest more upside potential.,"HOLD: swing trade, Q=0.328, P&L=$-26.55 (-0.6%), 24.0h",0.3275156908985039,0.67590685106803,36.85737972106453,-1.2158749692957826
2025-08-29 00:00:00-04:00,GOOGL,212.71974182128906,sell,0.85,AI model detects potential price peak. Taking profits.,"SELL: ML profit peak ML=0.593, P&L=$29.18",0.2434338844292317,0.5927181663423646,72.44631037456378,5.391297577583231
2025-08-29 00:00:00-04:00,TSLA,333.8699951171875,sell,1.0,End of trading session - closing all positions.,FORCED EXIT: Held for 48.0 hours (max: 48),0.44469424437060573,0.6383369428566747,46.81874266929622,5.850038840636785
2025-08-29 00:00:00-04:00,NVDA,174.17999267578125,buy,0.5881027187947703,Strong upward momentum detected. Algorithm confidence: 62%. Good entry point for potential gains.,BUY: Momentum entry Q=0.617 >= 0.35,0.6169748752459713,0.5207343537419682,35.74531113194193,1.9696491929743445
2025-09-02 00:00:00-04:00,AAPL,229.72000122070312,sell,1.0,End of trading session - closing all positions.,FORCED EXIT: Held for 120.0 hours (max: 48),0.5144505490152178,0.5440754254301641,50.14701245568479,4.634405091876658
2025-09-02 00:00:00-04:00,MSFT,505.1199951171875,sell,1.0,End of trading session - closing all positions.,FORCED EXIT: Held for 120.0 hours (max: 48),0.41245513964520364,0.5551772219162322,25.892869573141326,-1.4624803592271292
2025-09-02 00:00:00-04:00,GOOGL,211.16114807128906,buy,0.5718714470814628,Strong upward momentum detected. Algorithm confidence: 54%. Good entry point for potential gains.,BUY: Momentum entry Q=0.544 >= 0.35,0.5436513120821916,0.6377184287464289,65.55344739540735,5.416144809760738
2025-09-02 00:00:00-04:00,TSLA,329.3599853515625,buy,0.5838665519205135,Strong upward momentum detected. Algorithm confidence: 55%. Good entry point for potential gains.,BUY: Momentum entry Q=0.551 >= 0.35,0.5513067093627847,0.6598395178885473,43.15035792569523,4.741045240851349
2025-09-02 00:00:00-04:00,NVDA,170.77999877929688,sell,1.0,End of trading session - closing all positions.,FORCED EXIT: Held for 96.0 hours (max: 48),0.6288997414500493,0.7726613632160875,29.32533190632725,1.1940873194668598
2025-09-03 00:00:00-04:00,AAPL,238.47000122070312,buy,0.6466979280858314,Strong upward momentum detected. Algorithm confidence: 64%. Good entry point for potential gains.,BUY: Momentum entry Q=0.643 >= 0.35,0.6433186142369816,0.6545829937331479,58.898894107241645,5.064308948426884
2025-09-03 00:00:00-04:00,MSFT,505.3500061035156,hold,0.17290873384480135,Waiting for better opportunity. No clear buy signal yet.,"HOLD: No entry signal (Q=0.346, RSI=31.9, ML=0.708)",0.3458174676896027,0.7084749625942836,31.944422085513338,-1.6206748127229957
2025-09-03 00:00:00-04:00,GOOGL,230.45388793945312,sell,0.88,Exit signal triggered. Closing position with loss.,SELL: Swing trade profit 9.1% >= 2.0% (24.0h),0.20083899256611773,0.6625140170263967,82.85258449846367,6.912911550268916
2025-09-03 00:00:00-04:00,TSLA,334.0899963378906,sell,0.85,AI model detects potential price peak. Taking profits.,"SELL: ML profit peak ML=0.510, P&L=$70.95",0.43546111730659787,0.5100347804240382,46.96221285311868,4.195469419520293
2025-09-03 00:00:00-04:00,NVDA,170.6199951171875,buy,0.6960241716226085,Strong upward momentum detected. Algorithm confidence: 57%. Good entry point for potential gains.,BUY: Momentum entry Q=0.566 >= 0.35,0.5657488166037264,1.0,30.77464080644195,0.5600817153885487
2025-09-04 00:00:00-04:00,AAPL,239.77999877929688,sell,0.85,AI model detects potential price peak. Taking profits.,"SELL: ML profit peak ML=0.646, P&L=$26.20",0.43101394509425855,0.6460353904184594,61.80837339368211,5.447916516513004
2025-09-04 00:00:00-04:00,MSFT,507.9700012207031,hold,0.16859692454706435,Waiting for better opportunity. No clear buy signal yet.,"HOLD: No entry signal (Q=0.337, RSI=33.2, ML=0.631)",0.3371938490941287,0.6307405024668719,33.158606836017356,-1.5171446479914152
2025-09-04 00:00:00-04:00,GOOGL,232.09242248535156,buy,0.49447133299707235,Strong upward momentum detected. Algorithm confidence: 42%. Good entry point for potential gains.,BUY: Momentum entry Q=0.423 >= 0.35,0.4233831324473613,0.6603438009463981,83.10782883288763,8.137521734667274
2025-09-04 00:00:00-04:00,TSLA,338.5299987792969,buy,0.608503625592882,Strong upward momentum detected. Algorithm confidence: 58%. Good entry point for potential gains.,BUY: Momentum entry Q=0.576 >= 0.35,0.5759827608214898,0.6843856433927971,51.68168362511326,4.0744005870850515
2025-09-04 00:00:00-04:00,NVDA,171.66000366210938,sell,0.85,AI model detects potential price peak. Taking profits.,"SELL: ML profit peak ML=0.857, P&L=$30.16",0.42077074365343714,0.8566913971830965,32.22376462320936,0.1399346250031499
2025-09-05 00:00:00-04:00,AAPL,239.69000244140625,buy,0.6948746482211079,Strong upward momentum detected. Algorithm confidence: 66%. Good entry point for potential gains.,BUY: Momentum entry Q=0.660 >= 0.35,0.6603304846627109,0.7754776965240341,64.19063128877522,5.6792000427143705
2025-09-05 00:00:00-04:00,MSFT,495.0,buy,0.6314243049701205,Strong upward momentum detected. Algorithm confidence: 59%. Good entry point for potential gains.,BUY: Momentum entry Q=0.588 >= 0.35,0.5880806898287484,0.7325594069666556,26.25193579883667,-2.4533858453889366
2025-09-05 00:00:00-04:00,GOOGL,234.79000854492188,sell,0.85,AI model detects potential price peak. Taking profits.,"SELL: ML profit peak ML=0.764, P&L=$56.65",0.19660151536429454,0.7637123987092657,83.74568598226368,9.219430918253721
2025-09-05 00:00:00-04:00,TSLA,350.8399963378906,sell,0.88,Exit signal triggered. Closing position with loss.,SELL: Swing trade profit 3.6% >= 2.0% (24.0h),0.3502035790201035,0.651026577828444,60.67367328169336,4.915108280454376
2025-09-05 00:00:00-04:00,NVDA,167.02000427246094,buy,0.6553127547175848,Strong upward momentum detected. Algorithm confidence: 67%. Good entry point for potential gains.,BUY: Momentum entry Q=0.667 >= 0.35,0.6665701783940149,0.6290454328059145,29.15246272234424,-0.5609775438462918
2025-09-08 00:00:00-04:00,AAPL,237.8800048828125,sell,1.0,End of trading session - closing all positions.,FORCED EXIT: Held for 72.0 hours (max: 48),0.42760568471831306,0.7027338634601202,61.78753883531869,5.651297586571644
2025-09-08 00:00:00-04:00,MSFT,498.20001220703125,sell,1.0,End of trading session - closing all positions.,FORCED EXIT: Held for 72.0 hours (max: 48),0.268946838396165,0.6548224902541793,32.41691864453939,-2.90367770893846
2025-09-08 00:00:00-04:00,GOOGL,234.0399932861328,buy,0.4274173951825843,Strong upward momentum detected. Algorithm confidence: 41%. Good entry point for potential gains.,BUY: Momentum entry Q=0.412 >= 0.35,0.41243416539723143,0.46237826468174115,83.11313673416088,9.90218554665023
2025-09-08 00:00:00-04:00,TSLA,346.3999938964844,buy,0.6031066198232995,Strong upward momentum detected. Algorithm confidence: 60%. Good entry point for potential gains.,BUY: Momentum entry Q=0.598 >= 0.35,0.5976150273489077,0.6159203355968803,55.92575907739436,5.163581540270172
2025-09-08 00:00:00-04:00,NVDA,168.30999755859375,sell,1.0,End of trading session - closing all positions.,FORCED EXIT: Held for 72.0 hours (max: 48),0.4104379612938279,0.493171017418286,28.55355454584108,-1.0008269006739283
