date,symbol,price,decision,confidence,reason,technical_reason,q_value,ml_confidence,rsi,macd
2025-06-09 00:00:00-04:00,AAPL,201.2216339111328,hold,0.18240377143872827,Waiting for better opportunity. No clear buy signal yet.,"HOLD: No entry signal (Q=0.365, RSI=50.0, ML=0.591)",0.36480754287745654,0.590920371883114,50.0,0.0
2025-06-09 00:00:00-04:00,MSFT,471.97412109375,hold,0.17830943416254386,Waiting for better opportunity. No clear buy signal yet.,"HOLD: No entry signal (Q=0.357, RSI=50.0, ML=0.435)",0.3566188683250877,0.4354228650401558,50.0,0.0
2025-06-09 00:00:00-04:00,GOOGL,176.08999633789062,buy,0.5003200228057725,Strong upward momentum detected. Algorithm confidence: 44%. Good entry point for potential gains.,BUY: Momentum entry Q=0.440 >= 0.4,0.4400825090403405,0.6408742215917803,50.0,0.0
2025-06-09 00:00:00-04:00,TSLA,308.5799865722656,hold,0.17841396497477657,Waiting for better opportunity. No clear buy signal yet.,"HOLD: No entry signal (Q=0.357, RSI=50.0, ML=0.644)",0.35682792994955315,0.6441453076770847,50.0,0.0
2025-06-09 00:00:00-04:00,NVDA,142.62010192871094,hold,0.18686653155648011,Waiting for better opportunity. No clear buy signal yet.,"HOLD: No entry signal (Q=0.374, RSI=50.0, ML=0.528)",0.37373306311296023,0.528289343308508,50.0,0.0
2025-06-10 00:00:00-04:00,AAPL,202.44024658203125,buy,0.611007036497436,Strong upward momentum detected. Algorithm confidence: 60%. Good entry point for potential gains.,BUY: Momentum entry Q=0.599 >= 0.4,0.5986031623462434,0.6399494095168856,50.0,0.09721126719418294
2025-06-10 00:00:00-04:00,MSFT,470.1471252441406,buy,0.43755266611171795,Strong upward momentum detected. Algorithm confidence: 43%. Good entry point for potential gains.,BUY: Momentum entry Q=0.429 >= 0.4,0.4291652380670329,0.4571233315493166,50.0,-0.1457432586582854
2025-06-10 00:00:00-04:00,GOOGL,178.60000610351562,buy,0.5072250208727576,Strong upward momentum detected. Algorithm confidence: 47%. Good entry point for potential gains.,BUY: Momentum entry Q=0.469 >= 0.4,0.46852095009243727,0.5975345193601719,50.0,0.20022869925210784
2025-06-10 00:00:00-04:00,TSLA,326.0899963378906,buy,0.6039647952870099,Strong upward momentum detected. Algorithm confidence: 62%. Good entry point for potential gains.,BUY: Momentum entry Q=0.622 >= 0.4,0.6224622255768869,0.5608041246106302,50.0,1.3968098958333144
2025-06-10 00:00:00-04:00,NVDA,143.95001220703125,buy,0.631855860439084,Strong upward momentum detected. Algorithm confidence: 67%. Good entry point for potential gains.,BUY: Momentum entry Q=0.666 >= 0.4,0.6658954913355031,0.5524300550141066,50.0,0.10608970881187929
2025-06-11 00:00:00-04:00,AAPL,198.55465698242188,hold,0.1260189861891245,Waiting for better opportunity. No clear buy signal yet.,"HOLD: No entry signal (Q=0.252, RSI=50.0, ML=0.509)",0.252037972378249,0.5091100969348368,50.0,-0.1376954432885782
2025-06-11 00:00:00-04:00,MSFT,471.8443298339844,hold,0.12223492745260445,Waiting for better opportunity. No clear buy signal yet.,"HOLD: No entry signal (Q=0.244, RSI=50.0, ML=0.453)",0.2444698549052089,0.45313097136810254,50.0,-0.12287914065484529
2025-06-11 00:00:00-04:00,GOOGL,177.35000610351562,buy,0.4612085619219219,Strong upward momentum detected. Algorithm confidence: 43%. Good entry point for potential gains.,BUY: Momentum entry Q=0.433 >= 0.4,0.43263393610469325,0.5278826888287887,50.0,0.25510612801943466
2025-06-11 00:00:00-04:00,TSLA,326.42999267578125,buy,0.75,Strong upward momentum detected. Algorithm confidence: 40%. Good entry point for potential gains.,"BUY: MACD momentum MACD=2.502, Q=0.396",0.3955359741723478,0.4594859394645264,50.0,2.502380776835537
2025-06-11 00:00:00-04:00,NVDA,142.8300018310547,hold,0.1984661785210629,Waiting for better opportunity. No clear buy signal yet.,"HOLD: No entry signal (Q=0.397, RSI=50.0, ML=0.618)",0.3969323570421258,0.6181767938791114,50.0,0.09865386995340941
2025-06-12 00:00:00-04:00,AAPL,198.97418212890625,hold,0.15138637685078443,Waiting for better opportunity. No clear buy signal yet.,"HOLD: No entry signal (Q=0.303, RSI=50.0, ML=0.555)",0.30277275370156886,0.5550414710394458,50.0,-0.28670359003515955
2025-06-12 00:00:00-04:00,MSFT,478.0840759277344,buy,0.4815344063187874,Strong upward momentum detected. Algorithm confidence: 49%. Good entry point for potential gains.,BUY: Momentum entry Q=0.493 >= 0.4,0.49330998877299903,0.4540580472589604,50.0,0.394192197346797
2025-06-12 00:00:00-04:00,GOOGL,175.6999969482422,buy,0.5109166284954405,Strong upward momentum detected. Algorithm confidence: 52%. Good entry point for potential gains.,BUY: Momentum entry Q=0.515 >= 0.4,0.5148092999813808,0.5018337283615799,50.0,0.16356941021680882
2025-06-12 00:00:00-04:00,TSLA,319.1099853515625,buy,0.75,Strong upward momentum detected. Algorithm confidence: 38%. Good entry point for potential gains.,"BUY: MACD momentum MACD=2.756, Q=0.378",0.37786519899026005,0.6326551355232932,50.0,2.756119420966911
2025-06-12 00:00:00-04:00,NVDA,145.0,buy,0.85,AI model predicts price increase based on market patterns. High probability setup.,"BUY: Strong ML signal ML=0.677, Q=0.368",0.367875100406498,0.6769272304643811,50.0,0.26480907669011344
2025-06-13 00:00:00-04:00,AAPL,196.227294921875,hold,0.1136346985002223,Waiting for better opportunity. No clear buy signal yet.,"HOLD: No entry signal (Q=0.227, RSI=50.0, ML=0.399)",0.2272693970004446,0.39866548169784405,50.0,-0.619305492576558
2025-06-13 00:00:00-04:00,MSFT,474.18048095703125,buy,0.5266847373185184,Strong upward momentum detected. Algorithm confidence: 46%. Good entry point for potential gains.,BUY: Momentum entry Q=0.456 >= 0.4,0.455694501220389,0.6923286215474869,50.0,0.4834149608264511
2025-06-13 00:00:00-04:00,GOOGL,174.6699981689453,buy,0.4807313550183949,Strong upward momentum detected. Algorithm confidence: 46%. Good entry point for potential gains.,BUY: Momentum entry Q=0.455 >= 0.4,0.4554101390871846,0.5398141921912192,50.0,0.007823424869513929
2025-06-13 00:00:00-04:00,TSLA,325.30999755859375,buy,0.4757016800392441,Strong upward momentum detected. Algorithm confidence: 45%. Good entry point for potential gains.,BUY: Momentum entry Q=0.447 >= 0.4,0.44704274202113026,0.5425725354148433,50.0,3.4180966040129874
2025-06-13 00:00:00-04:00,NVDA,141.97000122070312,buy,0.5710655802365541,Strong upward momentum detected. Algorithm confidence: 54%. Good entry point for potential gains.,BUY: Momentum entry Q=0.538 >= 0.4,0.5384462074737049,0.6471774500165357,50.0,0.15026058587960733
2025-06-16 00:00:00-04:00,AAPL,198.195068359375,hold,0.12807217824804942,Waiting for better opportunity. No clear buy signal yet.,"HOLD: No entry signal (Q=0.256, RSI=50.0, ML=0.607)",0.25614435649609885,0.606784329192312,50.0,-0.7158600366750534
2025-06-16 00:00:00-04:00,MSFT,478.3536376953125,buy,0.4462468509812762,Strong upward momentum detected. Algorithm confidence: 44%. Good entry point for potential gains.,BUY: Momentum entry Q=0.441 >= 0.4,0.4414474677725043,0.4574454118017441,50.0,0.8807112251726039
2025-06-16 00:00:00-04:00,GOOGL,176.77000427246094,hold,0.16862672634797998,Waiting for better opportunity. No clear buy signal yet.,"HOLD: No entry signal (Q=0.337, RSI=50.0, ML=0.569)",0.33725345269595997,0.5688883961450202,50.0,0.053232915548875326
2025-06-16 00:00:00-04:00,TSLA,329.1300048828125,buy,0.4347243906887045,Strong upward momentum detected. Algorithm confidence: 47%. Good entry point for potential gains.,BUY: Momentum entry Q=0.469 >= 0.4,0.4694399960673415,0.35372131147188485,50.0,4.2025169572885375
2025-06-16 00:00:00-04:00,NVDA,144.69000244140625,buy,0.43722285616162937,Strong upward momentum detected. Algorithm confidence: 42%. Good entry point for potential gains.,BUY: Momentum entry Q=0.415 >= 0.4,0.41505097111338674,0.48895725460752915,50.0,0.2757824003049052
2025-06-17 00:00:00-04:00,AAPL,195.418212890625,hold,0.11769154780180484,Waiting for better opportunity. No clear buy signal yet.,"HOLD: No entry signal (Q=0.235, RSI=50.0, ML=0.425)",0.23538309560360968,0.4247727981294189,50.0,-1.0048657705935682
2025-06-17 00:00:00-04:00,MSFT,477.25543212890625,buy,0.5672845320728704,Strong upward momentum detected. Algorithm confidence: 51%. Good entry point for potential gains.,BUY: Momentum entry Q=0.514 >= 0.4,0.5136929309756024,0.6923316012998292,50.0,1.0943404899450684
2025-06-17 00:00:00-04:00,GOOGL,175.9499969482422,buy,0.4539794329246196,Strong upward momentum detected. Algorithm confidence: 48%. Good entry point for potential gains.,BUY: Momentum entry Q=0.477 >= 0.4,0.4771281737665968,0.3999657042933398,50.0,0.022789819242603926
2025-06-17 00:00:00-04:00,TSLA,316.3500061035156,buy,0.5066364895100703,Strong upward momentum detected. Algorithm confidence: 48%. Good entry point for potential gains.,BUY: Momentum entry Q=0.476 >= 0.4,0.4764735446873611,0.5770166940963919,50.0,3.7497122948990977
2025-06-17 00:00:00-04:00,NVDA,144.1199951171875,buy,0.5280733796892088,Strong upward momentum detected. Algorithm confidence: 49%. Good entry point for potential gains.,BUY: Momentum entry Q=0.494 >= 0.4,0.4944137013319663,0.6066126291894414,50.0,0.32551221309014977
2025-06-18 00:00:00-04:00,AAPL,196.35714721679688,hold,0.11896617956199518,Waiting for better opportunity. No clear buy signal yet.,"HOLD: No entry signal (Q=0.238, RSI=50.0, ML=0.697)",0.23793235912399036,0.6970081642925552,50.0,-1.1449425586631037
2025-06-18 00:00:00-04:00,MSFT,479.4518127441406,buy,0.475604022558197,Strong upward momentum detected. Algorithm confidence: 46%. Good entry point for potential gains.,BUY: Momentum entry Q=0.464 >= 0.4,0.4637437870747202,0.5032779053529761,50.0,1.424452578489877
2025-06-18 00:00:00-04:00,GOOGL,173.32000732421875,hold,0.13910115482573707,Waiting for better opportunity. No clear buy signal yet.,"HOLD: No entry signal (Q=0.278, RSI=50.0, ML=0.551)",0.27820230965147413,0.5507761799863365,50.0,-0.21112106461450253
2025-06-18 00:00:00-04:00,TSLA,322.04998779296875,buy,0.5182659122995031,Strong upward momentum detected. Algorithm confidence: 52%. Good entry point for potential gains.,BUY: Momentum entry Q=0.520 >= 0.4,0.5196683000386252,0.5149936742415516,50.0,3.806918437258105
2025-06-18 00:00:00-04:00,NVDA,145.47999572753906,buy,0.47854154347438205,Strong upward momentum detected. Algorithm confidence: 45%. Good entry point for potential gains.,BUY: Momentum entry Q=0.452 >= 0.4,0.4515951404042607,0.541416483971332,50.0,0.469254853413247
2025-06-20 00:00:00-04:00,AAPL,200.7721405029297,hold,0.12273957332465472,Waiting for better opportunity. No clear buy signal yet.,"HOLD: No entry signal (Q=0.245, RSI=50.0, ML=0.450)",0.24547914664930945,0.45017344695165745,50.0,-0.8894483548817504
2025-06-20 00:00:00-04:00,MSFT,476.6164855957031,buy,0.4302176411683084,Strong upward momentum detected. Algorithm confidence: 42%. Good entry point for potential gains.,BUY: Momentum entry Q=0.416 >= 0.4,0.41555910548976005,0.46442089108492124,50.0,1.4406743844145922
2025-06-20 00:00:00-04:00,GOOGL,166.63999938964844,hold,0.0926992744890691,Waiting for better opportunity. No clear buy signal yet.,"HOLD: No entry signal (Q=0.185, RSI=50.0, ML=0.439)",0.1853985489781382,0.4389180763942998,50.0,-0.9248567653843622
2025-06-20 00:00:00-04:00,TSLA,322.1600036621094,buy,0.75,Strong upward momentum detected. Algorithm confidence: 36%. Good entry point for potential gains.,"BUY: MACD momentum MACD=3.817, Q=0.358",0.3582902709336751,0.4861792994540373,50.0,3.8171305732570318
2025-06-20 00:00:00-04:00,NVDA,143.85000610351562,buy,0.48061733474025026,Strong upward momentum detected. Algorithm confidence: 46%. Good entry point for potential gains.,BUY: Momentum entry Q=0.460 >= 0.4,0.46001468279772506,0.5286901892728092,50.0,0.44649843518686794
2025-06-23 00:00:00-04:00,AAPL,201.27157592773438,hold,0.12640554733023043,Waiting for better opportunity. No clear buy signal yet.,"HOLD: No entry signal (Q=0.253, RSI=50.0, ML=0.586)",0.25281109466046087,0.5860279757628921,50.0,-0.6392976672636905
2025-06-23 00:00:00-04:00,MSFT,485.2023620605469,buy,0.49871342692491677,Strong upward momentum detected. Algorithm confidence: 53%. Good entry point for potential gains.,BUY: Momentum entry Q=0.527 >= 0.4,0.5270179189059303,0.432669612302552,50.0,2.1218790570848682
2025-06-23 00:00:00-04:00,GOOGL,165.19000244140625,hold,0.12631102217665216,Waiting for better opportunity. No clear buy signal yet.,"HOLD: No entry signal (Q=0.253, RSI=50.0, ML=0.602)",0.2526220443533043,0.6017840536582982,50.0,-1.5891809967260997
2025-06-23 00:00:00-04:00,TSLA,348.67999267578125,buy,0.5410982666178935,Strong upward momentum detected. Algorithm confidence: 51%. Good entry point for potential gains.,BUY: Momentum entry Q=0.514 >= 0.4,0.5135254275920558,0.6054348910115152,50.0,5.897186150150162
2025-06-23 00:00:00-04:00,NVDA,144.1699981689453,buy,0.75,Strong upward momentum detected. Algorithm confidence: 39%. Good entry point for potential gains.,"BUY: MACD momentum MACD=0.449, Q=0.393",0.3931019621119281,0.6430265062251495,50.0,0.4491074639020667
2025-06-24 00:00:00-04:00,AAPL,200.07293701171875,hold,0.13393307237261784,Waiting for better opportunity. No clear buy signal yet.,"HOLD: No entry signal (Q=0.268, RSI=50.0, ML=0.566)",0.2678661447452357,0.5663756827525462,50.0,-0.5316431370198984
2025-06-24 00:00:00-04:00,MSFT,489.30560302734375,buy,0.5318241138636697,Strong upward momentum detected. Algorithm confidence: 52%. Good entry point for potential gains.,BUY: Momentum entry Q=0.521 >= 0.4,0.5205626472877006,0.5581008692075975,50.0,2.9587295295244758
2025-06-24 00:00:00-04:00,GOOGL,166.77000427246094,hold,0.0782263940081715,Waiting for better opportunity. No clear buy signal yet.,"HOLD: No entry signal (Q=0.156, RSI=50.0, ML=0.483)",0.156452788016343,0.4825226580909057,50.0,-1.9655125875025874
2025-06-24 00:00:00-04:00,TSLA,340.4700012207031,buy,0.39116256101367464,Strong upward momentum detected. Algorithm confidence: 40%. Good entry point for potential gains.,BUY: Momentum entry Q=0.401 >= 0.4,0.40061727511398504,0.3691015614462837,50.0,6.804726829075605
2025-06-24 00:00:00-04:00,NVDA,147.89999389648438,buy,0.4030767456714327,Strong upward momentum detected. Algorithm confidence: 44%. Good entry point for potential gains.,BUY: Momentum entry Q=0.440 >= 0.4,0.440158551745869,0.3165525314977481,50.0,0.7435830576689284
2025-06-25 00:00:00-04:00,AAPL,201.33151245117188,hold,0.15014330590158043,Waiting for better opportunity. No clear buy signal yet.,"HOLD: No entry signal (Q=0.300, RSI=50.0, ML=0.480)",0.30028661180316085,0.4802099503932816,50.0,-0.3408406279890812
2025-06-25 00:00:00-04:00,MSFT,491.4620666503906,buy,0.5360816896299588,Strong upward momentum detected. Algorithm confidence: 45%. Good entry point for potential gains.,BUY: Momentum entry Q=0.450 >= 0.4,0.4503408347487456,0.73614368435279,50.0,3.7526894817982566
2025-06-25 00:00:00-04:00,GOOGL,170.67999267578125,hold,0.08729415536644994,Waiting for better opportunity. No clear buy signal yet.,"HOLD: No entry signal (Q=0.175, RSI=50.0, ML=0.549)",0.17458831073289988,0.5491423082848952,50.0,-1.926052364769106
2025-06-25 00:00:00-04:00,TSLA,327.54998779296875,buy,0.5008875798572703,Strong upward momentum detected. Algorithm confidence: 44%. Good entry point for potential gains.,BUY: Momentum entry Q=0.445 >= 0.4,0.4450532653876384,0.6311676469530781,50.0,6.407559887228388
2025-06-25 00:00:00-04:00,NVDA,154.30999755859375,buy,0.49948767308174447,Strong upward momentum detected. Algorithm confidence: 46%. Good entry point for potential gains.,BUY: Momentum entry Q=0.459 >= 0.4,0.4592146460515031,0.5934580694856413,50.0,1.4771629966839441
2025-06-26 00:00:00-04:00,AAPL,200.7721405029297,hold,0.11593307457655014,Waiting for better opportunity. No clear buy signal yet.,"HOLD: No entry signal (Q=0.232, RSI=50.0, ML=0.617)",0.23186614915310028,0.6174484856999356,50.0,-0.23208952273370187
2025-06-26 00:00:00-04:00,MSFT,496.6335754394531,buy,0.4542488048298045,Strong upward momentum detected. Algorithm confidence: 45%. Good entry point for potential gains.,BUY: Momentum entry Q=0.453 >= 0.4,0.453119668188133,0.4568834569937049,50.0,4.744514197017224
2025-06-26 00:00:00-04:00,GOOGL,173.5399932861328,buy,0.85,AI model predicts price increase based on market patterns. High probability setup.,"BUY: Strong ML signal ML=0.683, Q=0.350",0.3501803418215639,0.6833784303098414,50.0,-1.6450387243114903
2025-06-26 00:00:00-04:00,TSLA,325.7799987792969,buy,0.4296848231422248,Strong upward momentum detected. Algorithm confidence: 42%. Good entry point for potential gains.,BUY: Momentum entry Q=0.425 >= 0.4,0.4251456174276527,0.440276303142893,50.0,5.88217287600412
2025-06-26 00:00:00-04:00,NVDA,155.02000427246094,hold,0.16437109728392305,Waiting for better opportunity. No clear buy signal yet.,"HOLD: No entry signal (Q=0.329, RSI=50.0, ML=0.525)",0.3287421945678461,0.5250494086997094,50.0,2.09171006001921
2025-06-27 00:00:00-04:00,AAPL,200.85205078125,buy,0.4487312357714651,Strong upward momentum detected. Algorithm confidence: 40%. Good entry point for potential gains.,BUY: Momentum entry Q=0.405 >= 0.4,0.40517285118330304,0.5503674664771767,49.15870386000743,-0.13786616139711327
2025-06-27 00:00:00-04:00,MSFT,495.1260681152344,hold,0.09512123372674693,Waiting for better opportunity. No clear buy signal yet.,"HOLD: No entry signal (Q=0.190, RSI=75.4, ML=0.501)",0.19024246745349385,0.5011091942383389,75.44437937814054,5.347259310461766
2025-06-27 00:00:00-04:00,GOOGL,178.52999877929688,hold,0.0990837708707596,Waiting for better opportunity. No clear buy signal yet.,"HOLD: No entry signal (Q=0.198, RSI=53.6, ML=0.558)",0.1981675417415192,0.5584331390124866,53.64614590420807,-1.0080613458736423
2025-06-27 00:00:00-04:00,TSLA,323.6300048828125,buy,0.5233088585388309,Strong upward momentum detected. Algorithm confidence: 49%. Good entry point for potential gains.,BUY: Momentum entry Q=0.487 >= 0.4,0.4868084837838484,0.6084763996337903,57.14286541937118,5.232002082009103
2025-06-27 00:00:00-04:00,NVDA,157.75,hold,0.1348834674226216,Waiting for better opportunity. No clear buy signal yet.,"HOLD: No entry signal (Q=0.270, RSI=77.2, ML=0.531)",0.2697669348452432,0.5313729408230858,77.18280066298912,2.7671330872221063
2025-06-30 00:00:00-04:00,AAPL,204.93740844726562,hold,0.17364927056257046,Waiting for better opportunity. No clear buy signal yet.,"HOLD: No entry signal (Q=0.347, RSI=57.1, ML=0.624)",0.3472985411251409,0.6239563945314388,57.131878707366205,0.2634241624250535
2025-06-30 00:00:00-04:00,MSFT,496.5936584472656,hold,0.11042654534158947,Waiting for better opportunity. No clear buy signal yet.,"HOLD: No entry signal (Q=0.221, RSI=76.2, ML=0.514)",0.22085309068317893,0.5137146933502453,76.2117440185278,5.875630815454031
2025-06-30 00:00:00-04:00,GOOGL,176.22999572753906,hold,0.17503141452821355,Waiting for better opportunity. No clear buy signal yet.,"HOLD: No entry signal (Q=0.350, RSI=50.2, ML=0.451)",0.3500628290564271,0.451029621020968,50.19574845033365,-0.6809931435811052
2025-06-30 00:00:00-04:00,TSLA,317.6600036621094,hold,0.15135168307312005,Waiting for better opportunity. No clear buy signal yet.,"HOLD: No entry signal (Q=0.303, RSI=54.1, ML=0.745)",0.3027033661462401,0.7452297669481434,54.07834014212659,4.186745640822892
2025-06-30 00:00:00-04:00,NVDA,157.99000549316406,hold,0.1034293943529482,Waiting for better opportunity. No clear buy signal yet.,"HOLD: No entry signal (Q=0.207, RSI=77.4, ML=0.656)",0.2068587887058964,0.655711777354074,77.37789398724716,3.2839221297876406
2025-07-01 00:00:00-04:00,AAPL,207.58441162109375,buy,0.4884664672034468,Strong upward momentum detected. Algorithm confidence: 46%. Good entry point for potential gains.,BUY: Momentum entry Q=0.458 >= 0.4,0.45796919782286033,0.5596267624248152,59.3602257595563,0.7859803768654956
2025-07-01 00:00:00-04:00,MSFT,491.242431640625,hold,0.08939891616450354,Waiting for better opportunity. No clear buy signal yet.,"HOLD: No entry signal (Q=0.179, RSI=70.9, ML=0.702)",0.1787978323290071,0.7022524809502463,70.89180764271842,5.7957598468645415
2025-07-01 00:00:00-04:00,GOOGL,175.83999633789062,hold,0.11619136284171096,Waiting for better opportunity. No clear buy signal yet.,"HOLD: No entry signal (Q=0.232, RSI=45.9, ML=0.493)",0.23238272568342191,0.49290789461294715,45.89772805620167,-0.4480935843371583
2025-07-01 00:00:00-04:00,TSLA,300.7099914550781,buy,0.5246247377229238,Strong upward momentum detected. Algorithm confidence: 41%. Good entry point for potential gains.,BUY: Momentum entry Q=0.414 >= 0.4,0.4140948823747486,0.7825277335353327,38.54279403887823,1.9679626046793715
2025-07-01 00:00:00-04:00,NVDA,153.3000030517578,buy,0.4990948214500445,Strong upward momentum detected. Algorithm confidence: 45%. Good entry point for potential gains.,BUY: Momentum entry Q=0.453 >= 0.4,0.45296493110818326,0.6067312322477209,64.87430557477265,3.2772589669015986
2025-07-02 00:00:00-04:00,AAPL,212.1991729736328,hold,0.12142693446378115,Waiting for better opportunity. No clear buy signal yet.,"HOLD: No entry signal (Q=0.243, RSI=74.2, ML=0.475)",0.2428538689275623,0.4746413260791926,74.18552331144879,1.5545625857963898
2025-07-02 00:00:00-04:00,MSFT,490.2840270996094,buy,0.4072657546034291,Strong upward momentum detected. Algorithm confidence: 40%. Good entry point for potential gains.,BUY: Momentum entry Q=0.405 >= 0.4,0.40527661570493423,0.4119070786999173,68.53301843388645,5.590680408408673
2025-07-02 00:00:00-04:00,GOOGL,178.63999938964844,hold,0.13897391628611702,Waiting for better opportunity. No clear buy signal yet.,"HOLD: No entry signal (Q=0.278, RSI=51.8, ML=0.653)",0.27794783257223404,0.6528050445241853,51.83289661449311,-0.03715387328685438
2025-07-02 00:00:00-04:00,TSLA,315.6499938964844,buy,0.4769620757014922,Strong upward momentum detected. Algorithm confidence: 45%. Good entry point for potential gains.,BUY: Momentum entry Q=0.453 >= 0.4,0.4526780425799197,0.5336248196518282,45.7003839284171,1.3989679693552262
2025-07-02 00:00:00-04:00,NVDA,157.25,hold,0.13134137408735955,Waiting for better opportunity. No clear buy signal yet.,"HOLD: No entry signal (Q=0.263, RSI=71.0, ML=0.504)",0.2626827481747191,0.5040324596280527,71.0449510814546,3.5497903312591745
2025-07-03 00:00:00-04:00,AAPL,213.30792236328125,hold,0.1294757265620537,Waiting for better opportunity. No clear buy signal yet.,"HOLD: No entry signal (Q=0.259, RSI=74.8, ML=0.362)",0.2589514531241074,0.3620140336460945,74.80122081940638,2.2274595659187924
2025-07-03 00:00:00-04:00,MSFT,498.02130126953125,buy,0.5167941377761158,Strong upward momentum detected. Algorithm confidence: 48%. Good entry point for potential gains.,BUY: Momentum entry Q=0.481 >= 0.4,0.48119966072549447,0.599847917560899,69.45256163423397,5.983512629345512
2025-07-03 00:00:00-04:00,GOOGL,179.52999877929688,buy,0.4830852041673249,Strong upward momentum detected. Algorithm confidence: 43%. Good entry point for potential gains.,BUY: Momentum entry Q=0.426 >= 0.4,0.4257925195958595,0.6167681348340774,55.562011252412574,0.35622794706108607
2025-07-03 00:00:00-04:00,TSLA,315.3500061035156,buy,0.5063744527557809,Strong upward momentum detected. Algorithm confidence: 48%. Good entry point for potential gains.,BUY: Momentum entry Q=0.485 >= 0.4,0.4854637186473768,0.5551661656753903,48.41136582541748,0.9133011465783056
2025-07-03 00:00:00-04:00,NVDA,159.33999633789062,hold,0.15129346718523592,Waiting for better opportunity. No clear buy signal yet.,"HOLD: No entry signal (Q=0.303, RSI=71.0, ML=0.597)",0.30258693437047185,0.5967267243575162,70.9771787751895,3.889581958992011
2025-07-07 00:00:00-04:00,AAPL,209.7119903564453,hold,0.17013578554479863,Waiting for better opportunity. No clear buy signal yet.,"HOLD: No entry signal (Q=0.340, RSI=72.7, ML=0.620)",0.34027157108959727,0.6195645600935593,72.66617866652851,2.4424189251170674
2025-07-07 00:00:00-04:00,MSFT,496.90313720703125,hold,0.1691276388127121,Waiting for better opportunity. No clear buy signal yet.,"HOLD: No entry signal (Q=0.338, RSI=73.4, ML=0.456)",0.3382552776254242,0.4557156024193147,73.44459642255288,6.133900710514354
2025-07-07 00:00:00-04:00,GOOGL,176.7899932861328,buy,0.5038699649223145,Strong upward momentum detected. Algorithm confidence: 42%. Good entry point for potential gains.,BUY: Momentum entry Q=0.421 >= 0.4,0.4214047800706737,0.6962887295761432,52.93303024059393,0.4417975624424173
2025-07-07 00:00:00-04:00,TSLA,293.94000244140625,hold,0.1271045010954431,Waiting for better opportunity. No clear buy signal yet.,"HOLD: No entry signal (Q=0.254, RSI=38.3, ML=0.513)",0.2542090021908862,0.5128248943020205,38.25533583506659,-1.1855355582338234
2025-07-07 00:00:00-04:00,NVDA,158.24000549316406,hold,0.08229643329202449,Waiting for better opportunity. No clear buy signal yet.,"HOLD: No entry signal (Q=0.165, RSI=75.2, ML=0.711)",0.16459286658404898,0.7113324235617359,75.22482476041324,4.023726193004052
2025-07-08 00:00:00-04:00,AAPL,209.7719268798828,hold,0.15616730742872095,Waiting for better opportunity. No clear buy signal yet.,"HOLD: No entry signal (Q=0.312, RSI=70.8, ML=0.616)",0.3123346148574419,0.6162453544447404,70.79292553637565,2.587781804704804
2025-07-08 00:00:00-04:00,MSFT,495.804931640625,buy,0.53333983611445,Strong upward momentum detected. Algorithm confidence: 56%. Good entry point for potential gains.,BUY: Momentum entry Q=0.564 >= 0.4,0.5643882394771192,0.4608935616015552,69.22567960473054,6.094217985785008
2025-07-08 00:00:00-04:00,GOOGL,174.36000061035156,buy,0.44179006197212795,Strong upward momentum detected. Algorithm confidence: 41%. Good entry point for potential gains.,BUY: Momentum entry Q=0.411 >= 0.4,0.4113600063457687,0.5127935251002996,46.69590954011091,0.3099589842606747
2025-07-08 00:00:00-04:00,TSLA,297.80999755859375,hold,0.1589784209599128,Waiting for better opportunity. No clear buy signal yet.,"HOLD: No entry signal (Q=0.318, RSI=38.3, ML=0.607)",0.3179568419198256,0.6069477508368257,38.27843823067456,-2.507695353986321
2025-07-08 00:00:00-04:00,NVDA,160.0,hold,0.09778462419545832,Waiting for better opportunity. No clear buy signal yet.,"HOLD: No entry signal (Q=0.196, RSI=74.5, ML=0.588)",0.19556924839091663,0.5879282792826458,74.46469848143488,4.223368944493217
2025-07-09 00:00:00-04:00,AAPL,210.90065002441406,hold,0.12768218001588902,Waiting for better opportunity. No clear buy signal yet.,"HOLD: No entry signal (Q=0.255, RSI=79.6, ML=0.388)",0.25536436003177804,0.38822951946201323,79.55755300747083,2.7622203024674548
2025-07-09 00:00:00-04:00,MSFT,502.68365478515625,hold,0.11165927996678175,Waiting for better opportunity. No clear buy signal yet.,"HOLD: No entry signal (Q=0.223, RSI=74.8, ML=0.444)",0.2233185599335635,0.4441823341261897,74.8488015059012,6.542407805736957
2025-07-09 00:00:00-04:00,GOOGL,176.6199951171875,buy,0.75,Strong upward momentum detected. Algorithm confidence: 38%. Good entry point for potential gains.,"BUY: MACD momentum MACD=0.383, Q=0.384",0.3842594103903465,0.5365793399811098,50.88366970970456,0.38341881689427737
2025-07-09 00:00:00-04:00,TSLA,295.8800048828125,hold,0.1334745294504656,Waiting for better opportunity. No clear buy signal yet.,"HOLD: No entry signal (Q=0.267, RSI=41.7, ML=0.555)",0.2669490589009312,0.5548714695335594,41.661911890074045,-3.668957340703912
2025-07-09 00:00:00-04:00,NVDA,162.8800048828125,hold,0.15228480908370542,Waiting for better opportunity. No clear buy signal yet.,"HOLD: No entry signal (Q=0.305, RSI=77.9, ML=0.487)",0.30456961816741085,0.48749384030884435,77.91670148337336,4.561398624266161
2025-07-10 00:00:00-04:00,AAPL,212.16920471191406,hold,0.11436098211491608,Waiting for better opportunity. No clear buy signal yet.,"HOLD: No entry signal (Q=0.229, RSI=79.8, ML=0.644)",0.22872196422983215,0.6444021814604914,79.81163525432233,2.9686055928516453
2025-07-10 00:00:00-04:00,MSFT,500.656982421875,hold,0.13637102903630854,Waiting for better opportunity. No clear buy signal yet.,"HOLD: No entry signal (Q=0.273, RSI=70.8, ML=0.457)",0.2727420580726171,0.4568741289625667,70.7909371572126,6.657324452722605
2025-07-10 00:00:00-04:00,GOOGL,177.6199951171875,buy,0.4971569152483141,Strong upward momentum detected. Algorithm confidence: 44%. Good entry point for potential gains.,BUY: Momentum entry Q=0.437 >= 0.4,0.43650047117467816,0.6386886180867981,55.92611347526083,0.5163754513861818
2025-07-10 00:00:00-04:00,TSLA,309.8699951171875,hold,0.10252094698160469,Waiting for better opportunity. No clear buy signal yet.,"HOLD: No entry signal (Q=0.205, RSI=45.4, ML=0.644)",0.20504189396320938,0.64447116916943,45.352566117937045,-3.4209558889148184
2025-07-10 00:00:00-04:00,NVDA,164.10000610351562,hold,0.13801345890980588,Waiting for better opportunity. No clear buy signal yet.,"HOLD: No entry signal (Q=0.276, RSI=77.8, ML=0.641)",0.27602691781961175,0.6411793169488591,77.82430308190364,4.871576976460403
2025-07-11 00:00:00-04:00,AAPL,210.92062377929688,hold,0.13707795148226093,Waiting for better opportunity. No clear buy signal yet.,"HOLD: No entry signal (Q=0.274, RSI=71.7, ML=0.497)",0.27415590296452186,0.4971906759387437,71.72794196917734,2.9968713090082417
2025-07-11 00:00:00-04:00,MSFT,502.49395751953125,hold,0.07860709333726063,Waiting for better opportunity. No clear buy signal yet.,"HOLD: No entry signal (Q=0.157, RSI=75.9, ML=0.599)",0.15721418667452125,0.5986012081474138,75.878593371661,6.818031241453468
2025-07-11 00:00:00-04:00,GOOGL,180.19000244140625,hold,0.1326580606419361,Waiting for better opportunity. No clear buy signal yet.,"HOLD: No entry signal (Q=0.265, RSI=71.1, ML=0.673)",0.2653161212838722,0.6734210373973363,71.05999972489592,0.8196739635168626
2025-07-11 00:00:00-04:00,TSLA,313.510009765625,hold,0.15991945210269864,Waiting for better opportunity. No clear buy signal yet.,"HOLD: No entry signal (Q=0.320, RSI=46.8, ML=0.500)",0.3198389042053973,0.4996642024729551,46.78606101384959,-2.8972959659691924
2025-07-11 00:00:00-04:00,NVDA,164.9199981689453,hold,0.11121690811695494,Waiting for better opportunity. No clear buy signal yet.,"HOLD: No entry signal (Q=0.222, RSI=82.3, ML=0.718)",0.22243381623390987,0.7175871543565342,82.26647144127652,5.124490129678662
2025-07-14 00:00:00-04:00,AAPL,208.3834991455078,buy,0.5308560897819476,Strong upward momentum detected. Algorithm confidence: 49%. Good entry point for potential gains.,BUY: Momentum entry Q=0.494 >= 0.4,0.4942225401227978,0.616334372319964,64.00468979392912,2.782472724851374
2025-07-14 00:00:00-04:00,MSFT,502.1944274902344,hold,0.13029549045659894,Waiting for better opportunity. No clear buy signal yet.,"HOLD: No entry signal (Q=0.261, RSI=70.4, ML=0.476)",0.2605909809131979,0.4762306878543395,70.36856838078961,6.842348623547082
2025-07-14 00:00:00-04:00,GOOGL,181.55999755859375,hold,0.1609901952209189,Waiting for better opportunity. No clear buy signal yet.,"HOLD: No entry signal (Q=0.322, RSI=75.5, ML=0.590)",0.3219803904418378,0.5895369203557546,75.50638358574452,1.1572473488818673
2025-07-14 00:00:00-04:00,TSLA,316.8999938964844,hold,0.12085481432983605,Waiting for better opportunity. No clear buy signal yet.,"HOLD: No entry signal (Q=0.242, RSI=35.7, ML=0.717)",0.2417096286596721,0.7171650196126194,35.74120298548743,-2.1835773952057025
2025-07-14 00:00:00-04:00,NVDA,164.07000732421875,hold,0.09496776730020706,Waiting for better opportunity. No clear buy signal yet.,"HOLD: No entry signal (Q=0.190, RSI=80.0, ML=0.525)",0.18993553460041412,0.525154531234041,79.98797875173088,5.196437175160042
2025-07-15 00:00:00-04:00,AAPL,208.87295532226562,buy,0.4780402402312167,Strong upward momentum detected. Algorithm confidence: 49%. Good entry point for potential gains.,BUY: Momentum entry Q=0.493 >= 0.4,0.4927562068345693,0.4437029848233942,67.82676645470158,2.6218324724487445
2025-07-15 00:00:00-04:00,MSFT,504.9898376464844,buy,0.5020121080616442,Strong upward momentum detected. Algorithm confidence: 42%. Good entry point for potential gains.,BUY: Momentum entry Q=0.424 >= 0.4,0.424247609640129,0.6834626043785132,69.40942499964123,7.006420902625621
2025-07-15 00:00:00-04:00,GOOGL,182.0,hold,0.12383338229263047,Waiting for better opportunity. No clear buy signal yet.,"HOLD: No entry signal (Q=0.248, RSI=74.6, ML=0.534)",0.24766676458526093,0.5344073892628862,74.60419584694668,1.4436398273411726
2025-07-15 00:00:00-04:00,TSLA,310.7799987792969,hold,0.1833246840818133,Waiting for better opportunity. No clear buy signal yet.,"HOLD: No entry signal (Q=0.367, RSI=36.4, ML=0.402)",0.3666493681636266,0.4023717265055284,36.42432141282325,-2.0877168446087353
2025-07-15 00:00:00-04:00,NVDA,170.6999969482422,hold,0.09597314257517273,Waiting for better opportunity. No clear buy signal yet.,"HOLD: No entry signal (Q=0.192, RSI=81.6, ML=0.402)",0.19194628515034545,0.40173736226499035,81.59648167907713,5.722475346896175
2025-07-16 00:00:00-04:00,AAPL,209.92176818847656,buy,0.5387714768400688,Strong upward momentum detected. Algorithm confidence: 53%. Good entry point for potential gains.,BUY: Momentum entry Q=0.529 >= 0.4,0.5293123684359555,0.5608427297829998,67.55099559487846,2.549762275734736
2025-07-16 00:00:00-04:00,MSFT,504.7901611328125,hold,0.16624043734959648,Waiting for better opportunity. No clear buy signal yet.,"HOLD: No entry signal (Q=0.332, RSI=67.3, ML=0.464)",0.33248087469919296,0.4642234407675319,67.33313383504243,7.039193696794541
2025-07-16 00:00:00-04:00,GOOGL,182.97000122070312,hold,0.100279373406471,Waiting for better opportunity. No clear buy signal yet.,"HOLD: No entry signal (Q=0.201, RSI=71.9, ML=0.363)",0.200558746812942,0.36265006429504887,71.93860096401085,1.7289486776164722
2025-07-16 00:00:00-04:00,TSLA,321.6700134277344,hold,0.12232277431675333,Waiting for better opportunity. No clear buy signal yet.,"HOLD: No entry signal (Q=0.245, RSI=47.3, ML=0.639)",0.24464554863350665,0.6394595989046519,47.26054060940193,-1.1201016624182785
2025-07-16 00:00:00-04:00,NVDA,171.3699951171875,hold,0.13819703520429152,Waiting for better opportunity. No clear buy signal yet.,"HOLD: No entry signal (Q=0.276, RSI=78.1, ML=0.569)",0.27639407040858305,0.5686715203638606,78.11472771530306,6.122847268748927
2025-07-17 00:00:00-04:00,AAPL,209.78192138671875,buy,0.46213060748162704,Strong upward momentum detected. Algorithm confidence: 44%. Good entry point for potential gains.,BUY: Momentum entry Q=0.441 >= 0.4,0.44091265130358204,0.5116391718970655,68.72921188006758,2.4530840317219145
2025-07-17 00:00:00-04:00,MSFT,510.8601989746094,buy,0.4643405189616875,Strong upward momentum detected. Algorithm confidence: 41%. Good entry point for potential gains.,BUY: Momentum entry Q=0.414 >= 0.4,0.4142151692829383,0.5812996682121024,68.079145562993,7.46887119873071
2025-07-17 00:00:00-04:00,GOOGL,183.5800018310547,buy,0.48306604473326464,Strong upward momentum detected. Algorithm confidence: 46%. Good entry point for potential gains.,BUY: Momentum entry Q=0.458 >= 0.4,0.45777433680133933,0.542080029907757,69.48758683764086,1.9814391511352483
2025-07-17 00:00:00-04:00,TSLA,319.4100036621094,hold,0.09938071745861993,Waiting for better opportunity. No clear buy signal yet.,"HOLD: No entry signal (Q=0.199, RSI=47.0, ML=0.479)",0.19876143491723985,0.47905713628482377,47.045730794249636,-0.5295195874480783
2025-07-17 00:00:00-04:00,NVDA,173.0,hold,0.12038714266343253,Waiting for better opportunity. No clear buy signal yet.,"HOLD: No entry signal (Q=0.241, RSI=78.8, ML=0.642)",0.24077428532686507,0.6421313180155441,78.7588234805992,6.496781816194158
2025-07-18 00:00:00-04:00,AAPL,210.9405975341797,hold,0.13417568653372727,Waiting for better opportunity. No clear buy signal yet.,"HOLD: No entry signal (Q=0.268, RSI=70.1, ML=0.708)",0.26835137306745455,0.708471493894463,70.0715049431731,2.441813601233264
2025-07-18 00:00:00-04:00,MSFT,509.212890625,buy,0.47138823272448876,Strong upward momentum detected. Algorithm confidence: 45%. Good entry point for potential gains.,BUY: Momentum entry Q=0.450 >= 0.4,0.4500940025987134,0.5210747696846313,67.83810500590872,7.588988561831684
2025-07-18 00:00:00-04:00,GOOGL,185.05999755859375,buy,0.4888319707821633,Strong upward momentum detected. Algorithm confidence: 48%. Good entry point for potential gains.,BUY: Momentum entry Q=0.484 >= 0.4,0.4842587940754973,0.4995027164310506,64.67415456021769,2.2747411567882807
2025-07-18 00:00:00-04:00,TSLA,329.6499938964844,buy,0.5266760690830639,Strong upward momentum detected. Algorithm confidence: 47%. Good entry point for potential gains.,BUY: Momentum entry Q=0.469 >= 0.4,0.4686396055601126,0.66209448396995,52.5970618337774,0.7560868955408182
2025-07-18 00:00:00-04:00,NVDA,172.41000366210938,hold,0.11518136363770982,Waiting for better opportunity. No clear buy signal yet.,"HOLD: No entry signal (Q=0.230, RSI=75.2, ML=0.712)",0.23036272727541965,0.7116971200300568,75.17174018526457,6.668647844176263
2025-07-21 00:00:00-04:00,AAPL,212.23912048339844,buy,0.41601386293015946,Strong upward momentum detected. Algorithm confidence: 42%. Good entry point for potential gains.,BUY: Momentum entry Q=0.421 >= 0.4,0.4211244609542845,0.40408913420720094,66.33881483029347,2.5087424325404584
2025-07-21 00:00:00-04:00,MSFT,509.2228698730469,buy,0.5323063107503102,Strong upward momentum detected. Algorithm confidence: 53%. Good entry point for potential gains.,BUY: Momentum entry Q=0.528 >= 0.4,0.5282872072407332,0.5416842189393235,66.60532803461714,7.597409472232698
2025-07-21 00:00:00-04:00,GOOGL,190.10000610351562,hold,0.16110342397277236,Waiting for better opportunity. No clear buy signal yet.,"HOLD: No entry signal (Q=0.322, RSI=77.8, ML=0.464)",0.3222068479455447,0.4644877457439035,77.75111510033614,2.8806651630140436
2025-07-21 00:00:00-04:00,TSLA,328.489990234375,buy,0.5598198135576491,Strong upward momentum detected. Algorithm confidence: 50%. Good entry point for potential gains.,BUY: Momentum entry Q=0.495 >= 0.4,0.49540158031879067,0.710129024448319,54.8744202580245,1.662176162494461
2025-07-21 00:00:00-04:00,NVDA,171.3800048828125,hold,0.09417675154053046,Waiting for better opportunity. No clear buy signal yet.,"HOLD: No entry signal (Q=0.188, RSI=72.4, ML=0.682)",0.1883535030810609,0.6822693192426342,72.38384861790684,6.64513958348698
2025-07-22 00:00:00-04:00,AAPL,214.15695190429688,buy,0.5566435812010812,Strong upward momentum detected. Algorithm confidence: 54%. Good entry point for potential gains.,BUY: Momentum entry Q=0.535 >= 0.4,0.5351650340531784,0.6067601912128543,65.20329748678873,2.6855792948323938
2025-07-22 00:00:00-04:00,MSFT,504.44073486328125,buy,0.5208759044158209,Strong upward momentum detected. Algorithm confidence: 46%. Good entry point for potential gains.,BUY: Momentum entry Q=0.457 >= 0.4,0.4568932394372993,0.6701687893657047,67.61723587303656,7.135946031201115
2025-07-22 00:00:00-04:00,GOOGL,191.33999633789062,hold,0.1530776667818321,Waiting for better opportunity. No clear buy signal yet.,"HOLD: No entry signal (Q=0.306, RSI=80.0, ML=0.452)",0.3061553335636642,0.4515245575274238,79.99226431249815,3.4214804553859324
2025-07-22 00:00:00-04:00,TSLA,332.1099853515625,buy,0.85,AI model predicts price increase based on market patterns. High probability setup.,"BUY: Strong ML signal ML=0.733, Q=0.395",0.39504943091269523,0.7328307925572823,66.05973842159531,2.6419075215928274
2025-07-22 00:00:00-04:00,NVDA,167.02999877929688,hold,0.15236601006617043,Waiting for better opportunity. No clear buy signal yet.,"HOLD: No entry signal (Q=0.305, RSI=73.2, ML=0.576)",0.30473202013234085,0.5757145321480552,73.21612036140208,6.203984310205101
2025-07-23 00:00:00-04:00,AAPL,213.9072265625,buy,0.4767345826732915,Strong upward momentum detected. Algorithm confidence: 42%. Good entry point for potential gains.,BUY: Momentum entry Q=0.421 >= 0.4,0.4208810563267143,0.6070594774819718,54.950744210443446,2.773600691928209
2025-07-23 00:00:00-04:00,MSFT,505.0397644042969,buy,0.85,AI model predicts price increase based on market patterns. High probability setup.,"BUY: Strong ML signal ML=0.795, Q=0.399",0.3994145757425509,0.7952350310137862,69.88690954079416,6.740865110232335
2025-07-23 00:00:00-04:00,GOOGL,190.22999572753906,hold,0.12513628218947412,Waiting for better opportunity. No clear buy signal yet.,"HOLD: No entry signal (Q=0.250, RSI=74.0, ML=0.606)",0.25027256437894824,0.6063728765004847,73.99585769580221,3.717657852795867
2025-07-23 00:00:00-04:00,TSLA,332.55999755859375,buy,0.5002552073537617,Strong upward momentum detected. Algorithm confidence: 45%. Good entry point for potential gains.,BUY: Momentum entry Q=0.447 >= 0.4,0.44704663282487755,0.6244085479211582,60.15372036336703,3.415294517212601
2025-07-23 00:00:00-04:00,NVDA,170.77999877929688,hold,0.116530765374565,Waiting for better opportunity. No clear buy signal yet.,"HOLD: No entry signal (Q=0.233, RSI=73.0, ML=0.559)",0.23306153074913,0.5589254597502032,73.03373355015353,6.086794460081677
2025-07-24 00:00:00-04:00,AAPL,213.51766967773438,buy,0.5353230728516684,Strong upward momentum detected. Algorithm confidence: 53%. Good entry point for potential gains.,BUY: Momentum entry Q=0.533 >= 0.4,0.5333241741531962,0.5399871698147702,50.63439524309715,2.779879577000031
2025-07-24 00:00:00-04:00,MSFT,510.0415344238281,buy,0.75,Strong upward momentum detected. Algorithm confidence: 36%. Good entry point for potential gains.,"BUY: MACD momentum MACD=6.754, Q=0.360",0.35968138283316786,0.43805711756275656,67.4897671192609,6.753511397524392
2025-07-24 00:00:00-04:00,GOOGL,192.1699981689453,hold,0.11365212197750432,Waiting for better opportunity. No clear buy signal yet.,"HOLD: No entry signal (Q=0.227, RSI=75.1, ML=0.618)",0.22730424395500864,0.6180302985432375,75.07936690549903,4.062097229536363
2025-07-24 00:00:00-04:00,TSLA,305.29998779296875,buy,0.47698931914232695,Strong upward momentum detected. Algorithm confidence: 41%. Good entry point for potential gains.,BUY: Momentum entry Q=0.413 >= 0.4,0.41344053685826604,0.6252698111384691,45.44134205348424,1.8077160906858012
2025-07-24 00:00:00-04:00,NVDA,173.74000549316406,hold,0.11089442545075066,Waiting for better opportunity. No clear buy signal yet.,"HOLD: No entry signal (Q=0.222, RSI=73.8, ML=0.559)",0.22178885090150133,0.5594603851724237,73.80955865026212,6.161739763113019
2025-07-25 00:00:00-04:00,AAPL,213.63754272460938,buy,0.48260034213485337,Strong upward momentum detected. Algorithm confidence: 42%. Good entry point for potential gains.,BUY: Momentum entry Q=0.423 >= 0.4,0.42297009047909306,0.6217375959982944,65.03441496890439,2.762681914319842
2025-07-25 00:00:00-04:00,MSFT,512.866943359375,hold,0.09774519916390818,Waiting for better opportunity. No clear buy signal yet.,"HOLD: No entry signal (Q=0.195, RSI=72.1, ML=0.622)",0.19549039832781637,0.6220684999909258,72.12839581376853,6.911845111514538
2025-07-25 00:00:00-04:00,GOOGL,193.17999267578125,hold,0.14685232141780666,Waiting for better opportunity. No clear buy signal yet.,"HOLD: No entry signal (Q=0.294, RSI=84.9, ML=0.492)",0.2937046428356133,0.49228674290609287,84.91693479545603,4.366234796137178
2025-07-25 00:00:00-04:00,TSLA,316.05999755859375,buy,0.48807635874240685,Strong upward momentum detected. Algorithm confidence: 48%. Good entry point for potential gains.,BUY: Momentum entry Q=0.477 >= 0.4,0.4770098073329424,0.5138983120311573,61.10664356345222,1.3859649276654977
2025-07-25 00:00:00-04:00,NVDA,173.5,hold,0.14622778426774025,Waiting for better opportunity. No clear buy signal yet.,"HOLD: No entry signal (Q=0.292, RSI=76.0, ML=0.476)",0.2924555685354805,0.47552678422713085,75.97004747469029,6.131092599217226
2025-07-28 00:00:00-04:00,AAPL,213.80735778808594,buy,0.5454017930809376,Strong upward momentum detected. Algorithm confidence: 53%. Good entry point for potential gains.,BUY: Momentum entry Q=0.530 >= 0.4,0.5300160603984084,0.581301836006839,65.32624468583244,2.7312709082885362
2025-07-28 00:00:00-04:00,MSFT,511.65887451171875,hold,0.07575491283812341,Waiting for better opportunity. No clear buy signal yet.,"HOLD: No entry signal (Q=0.152, RSI=71.9, ML=0.557)",0.15150982567624682,0.5572104298309328,71.90937692417992,6.860758111989924
2025-07-28 00:00:00-04:00,GOOGL,192.5800018310547,hold,0.11776595864072953,Waiting for better opportunity. No clear buy signal yet.,"HOLD: No entry signal (Q=0.236, RSI=92.1, ML=0.702)",0.23553191728145906,0.7015823758233102,92.09800042025161,4.5068990353917115
2025-07-28 00:00:00-04:00,TSLA,325.5899963378906,buy,0.5158411401917041,Strong upward momentum detected. Algorithm confidence: 48%. Good entry point for potential gains.,BUY: Momentum entry Q=0.480 >= 0.4,0.4803724616764957,0.5986013900605238,63.198400466289016,1.799966455526146
2025-07-28 00:00:00-04:00,NVDA,176.75,hold,0.12777170073122415,Waiting for better opportunity. No clear buy signal yet.,"HOLD: No entry signal (Q=0.256, RSI=77.1, ML=0.451)",0.2555434014624483,0.45115990109750015,77.129903870108,6.296470546601256
2025-07-29 00:00:00-04:00,AAPL,211.03050231933594,buy,0.47834504439923436,Strong upward momentum detected. Algorithm confidence: 49%. Good entry point for potential gains.,BUY: Momentum entry Q=0.487 >= 0.4,0.48737427340381634,0.45727684338854324,50.43829831067161,2.4540200153632554
2025-07-29 00:00:00-04:00,MSFT,511.728759765625,buy,0.4781026228930012,Strong upward momentum detected. Algorithm confidence: 43%. Good entry point for potential gains.,BUY: Momentum entry Q=0.429 >= 0.4,0.42901313797278334,0.5926447543735095,65.39755501019266,6.748122299431998
2025-07-29 00:00:00-04:00,GOOGL,195.75,hold,0.08956533165585201,Waiting for better opportunity. No clear buy signal yet.,"HOLD: No entry signal (Q=0.179, RSI=92.4, ML=0.590)",0.17913066331170402,0.589972424607765,92.4168852294842,4.818622734491129
2025-07-29 00:00:00-04:00,TSLA,321.20001220703125,buy,0.5624465963891786,Strong upward momentum detected. Algorithm confidence: 53%. Good entry point for potential gains.,BUY: Momentum entry Q=0.527 >= 0.4,0.526804897710438,0.6456105599729067,61.754876719765925,1.7536160244022199
2025-07-29 00:00:00-04:00,NVDA,175.50999450683594,hold,0.10799963499781755,Waiting for better opportunity. No clear buy signal yet.,"HOLD: No entry signal (Q=0.216, RSI=71.6, ML=0.615)",0.2159992699956351,0.6146855408907088,71.60450131733013,6.255367696275329
2025-07-30 00:00:00-04:00,AAPL,208.81301879882812,buy,0.5486441729151642,Strong upward momentum detected. Algorithm confidence: 51%. Good entry point for potential gains.,BUY: Momentum entry Q=0.507 >= 0.4,0.5066775483021589,0.6465662970121766,39.35366204286783,2.031941342456946
2025-07-30 00:00:00-04:00,MSFT,512.3976440429688,hold,0.1457542490641532,Waiting for better opportunity. No clear buy signal yet.,"HOLD: No entry signal (Q=0.292, RSI=71.0, ML=0.520)",0.2915084981283064,0.5202546589464179,70.95491554153422,6.636331479245257
2025-07-30 00:00:00-04:00,GOOGL,196.52999877929688,hold,0.09706444648617588,Waiting for better opportunity. No clear buy signal yet.,"HOLD: No entry signal (Q=0.194, RSI=92.3, ML=0.476)",0.19412889297235175,0.47611757192334314,92.34217427966583,5.070159749119881
2025-07-30 00:00:00-04:00,TSLA,319.0400085449219,buy,0.4587929400350784,Strong upward momentum detected. Algorithm confidence: 46%. Good entry point for potential gains.,BUY: Momentum entry Q=0.458 >= 0.4,0.45756070723960546,0.46166814989118204,54.78252371740737,1.5250093714228683
2025-07-30 00:00:00-04:00,NVDA,179.27000427246094,hold,0.15474598995327007,Waiting for better opportunity. No clear buy signal yet.,"HOLD: No entry signal (Q=0.309, RSI=73.9, ML=0.503)",0.30949197990654015,0.5034712150863172,73.87471849050877,6.451822165827394
2025-07-31 00:00:00-04:00,AAPL,207.33470153808594,buy,0.46588878324318606,Strong upward momentum detected. Algorithm confidence: 42%. Good entry point for potential gains.,BUY: Momentum entry Q=0.421 >= 0.4,0.42090815288845185,0.5708435874042326,38.78831538722097,1.5601684543662202
2025-07-31 00:00:00-04:00,MSFT,532.6243896484375,hold,0.1576533584276023,Waiting for better opportunity. No clear buy signal yet.,"HOLD: No entry signal (Q=0.315, RSI=82.5, ML=0.532)",0.3153067168552046,0.532458949412903,82.4654305447591,8.086647933617883
2025-07-31 00:00:00-04:00,GOOGL,191.89999389648438,hold,0.14985789610182573,Waiting for better opportunity. No clear buy signal yet.,"HOLD: No entry signal (Q=0.300, RSI=74.0, ML=0.424)",0.29971579220365147,0.42394488059347024,74.00573815925958,4.840108191591895
2025-07-31 00:00:00-04:00,TSLA,308.2699890136719,buy,0.4495248637465793,Strong upward momentum detected. Algorithm confidence: 43%. Good entry point for potential gains.,BUY: Momentum entry Q=0.429 >= 0.4,0.4286951170249998,0.49812760609693174,47.456301359513255,0.4693757135025862
2025-07-31 00:00:00-04:00,NVDA,177.8699951171875,hold,0.11133137281549149,Waiting for better opportunity. No clear buy signal yet.,"HOLD: No entry signal (Q=0.223, RSI=70.0, ML=0.573)",0.22266274563098298,0.5732046827039579,70.0154380165757,6.420532804334073
2025-08-01 00:00:00-04:00,AAPL,202.1505889892578,buy,0.574332451069279,Strong upward momentum detected. Algorithm confidence: 42%. Good entry point for potential gains.,BUY: Momentum entry Q=0.418 >= 0.4,0.41822190164743717,0.9385903997202433,33.279820682134854,0.75921868396847
2025-08-01 00:00:00-04:00,MSFT,523.2498168945312,buy,0.442809358001012,Strong upward momentum detected. Algorithm confidence: 49%. Good entry point for potential gains.,BUY: Momentum entry Q=0.486 >= 0.4,0.4857726946863629,0.3425615724018599,68.97602936961923,8.382951056434422
2025-08-01 00:00:00-04:00,GOOGL,189.1300048828125,buy,0.5024594813290832,Strong upward momentum detected. Algorithm confidence: 50%. Good entry point for potential gains.,BUY: Momentum entry Q=0.503 >= 0.4,0.5033048698618816,0.500486908085887,64.6762578009812,4.383742654642134
2025-08-01 00:00:00-04:00,TSLA,302.6300048828125,hold,0.16385839726981288,Waiting for better opportunity. No clear buy signal yet.,"HOLD: No entry signal (Q=0.328, RSI=43.2, ML=0.502)",0.32771679453962577,0.5019690698115022,43.220909797604,-0.8129499686801296
2025-08-01 00:00:00-04:00,NVDA,173.72000122070312,buy,0.75,Strong upward momentum detected. Algorithm confidence: 36%. Good entry point for potential gains.,"BUY: MACD momentum MACD=5.992, Q=0.361",0.361424752291008,0.6478762898729419,63.53434402232532,5.991796238153
2025-08-04 00:00:00-04:00,AAPL,203.11949157714844,buy,0.49263767955084803,Strong upward momentum detected. Algorithm confidence: 42%. Good entry point for potential gains.,BUY: Momentum entry Q=0.420 >= 0.4,0.42048302807053817,0.6609985330049045,34.95301846298983,0.20033324483938486
2025-08-04 00:00:00-04:00,MSFT,534.7609252929688,hold,0.07929597946412345,Waiting for better opportunity. No clear buy signal yet.,"HOLD: No entry signal (Q=0.159, RSI=73.2, ML=0.696)",0.1585919589282469,0.696074030627998,73.18815191043242,9.437830229383337
2025-08-04 00:00:00-04:00,GOOGL,195.0399932861328,hold,0.1291640829363879,Waiting for better opportunity. No clear buy signal yet.,"HOLD: No entry signal (Q=0.258, RSI=70.9, ML=0.579)",0.2583281658727758,0.579473322421965,70.85733894417454,4.447686193141294
2025-08-04 00:00:00-04:00,TSLA,309.260009765625,hold,0.12923516656820186,Waiting for better opportunity. No clear buy signal yet.,"HOLD: No entry signal (Q=0.258, RSI=49.3, ML=0.536)",0.2584703331364037,0.5358927376611754,49.281397298260444,-1.2794674216908675
2025-08-04 00:00:00-04:00,NVDA,180.0,buy,0.4923901096371982,Strong upward momentum detected. Algorithm confidence: 43%. Good entry point for potential gains.,BUY: Momentum entry Q=0.427 >= 0.4,0.4271709956815964,0.6445680422002691,63.17279632821149,6.088577506437616
2025-08-05 00:00:00-04:00,AAPL,202.68995666503906,hold,0.08729744273761861,Waiting for better opportunity. No clear buy signal yet.,"HOLD: No entry signal (Q=0.175, RSI=30.5, ML=0.545)",0.17459488547523722,0.5451948124205899,30.453563893054337,-0.2740878556703592
2025-08-05 00:00:00-04:00,MSFT,526.8838500976562,buy,0.41018588094759506,Strong upward momentum detected. Algorithm confidence: 44%. Good entry point for potential gains.,BUY: Momentum entry Q=0.441 >= 0.4,0.4408750282896458,0.3385778704828101,65.37016231144128,9.528378224182973
2025-08-05 00:00:00-04:00,GOOGL,194.6699981689453,buy,0.5006959752971165,Strong upward momentum detected. Algorithm confidence: 50%. Good entry point for potential gains.,BUY: Momentum entry Q=0.504 >= 0.4,0.5042475966965593,0.49240885869841666,69.08025606532722,4.417583244518653
2025-08-05 00:00:00-04:00,TSLA,308.7200012207031,hold,0.06137637934958963,Waiting for better opportunity. No clear buy signal yet.,"HOLD: No entry signal (Q=0.123, RSI=43.2, ML=0.492)",0.12275275869917926,0.49185856974135334,43.21349566721554,-1.6734693280983493
2025-08-05 00:00:00-04:00,NVDA,178.25999450683594,buy,0.48780643617383423,Strong upward momentum detected. Algorithm confidence: 51%. Good entry point for potential gains.,BUY: Momentum entry Q=0.508 >= 0.4,0.5083601658887255,0.4398477335057548,59.472080894565956,5.956213930779285
2025-08-06 00:00:00-04:00,AAPL,213.0082550048828,buy,0.47105194305399944,Strong upward momentum detected. Algorithm confidence: 46%. Good entry point for potential gains.,BUY: Momentum entry Q=0.463 >= 0.4,0.4627027011103765,0.4905335075891199,55.6251991982586,0.18045032751518875
2025-08-06 00:00:00-04:00,MSFT,524.0784912109375,buy,0.5670217756691085,Strong upward momentum detected. Algorithm confidence: 47%. Good entry point for potential gains.,BUY: Momentum entry Q=0.472 >= 0.4,0.47248019403146047,0.7876187994902872,59.63329441201001,9.266945565621882
2025-08-06 00:00:00-04:00,GOOGL,196.08999633789062,buy,0.46583977243757646,Strong upward momentum detected. Algorithm confidence: 43%. Good entry point for potential gains.,BUY: Momentum entry Q=0.430 >= 0.4,0.4304768544713067,0.5483532476922061,69.87609186317982,4.456931691473557
2025-08-06 00:00:00-04:00,TSLA,319.9100036621094,hold,0.1150559072294867,Waiting for better opportunity. No clear buy signal yet.,"HOLD: No entry signal (Q=0.230, RSI=50.2, ML=0.591)",0.2301118144589734,0.5914052954180504,50.23960124176152,-1.0704396374724183
2025-08-06 00:00:00-04:00,NVDA,179.4199981689453,buy,0.49660739572537205,Strong upward momentum detected. Algorithm confidence: 47%. Good entry point for potential gains.,BUY: Momentum entry Q=0.473 >= 0.4,0.473095099350636,0.5514694205997562,58.94149174687439,5.877169097474166
2025-08-07 00:00:00-04:00,AAPL,219.7805633544922,buy,0.4397657666772694,Strong upward momentum detected. Algorithm confidence: 44%. Good entry point for potential gains.,BUY: Momentum entry Q=0.439 >= 0.4,0.4387090482754535,0.4422314429481732,62.88957791202258,1.0747546946235218
2025-08-07 00:00:00-04:00,MSFT,519.9852294921875,buy,0.48640940229941637,Strong upward momentum detected. Algorithm confidence: 46%. Good entry point for potential gains.,BUY: Momentum entry Q=0.460 >= 0.4,0.4602965326220909,0.5473394315465091,57.58046518579858,8.629985191001424
2025-08-07 00:00:00-04:00,GOOGL,196.52000427246094,buy,0.46615604479378014,Strong upward momentum detected. Algorithm confidence: 43%. Good entry point for potential gains.,BUY: Momentum entry Q=0.430 >= 0.4,0.4302904529328111,0.5498424258027079,68.83632297904849,4.471271629691984
2025-08-07 00:00:00-04:00,TSLA,322.2699890136719,hold,0.12816399719794663,Waiting for better opportunity. No clear buy signal yet.,"HOLD: No entry signal (Q=0.256, RSI=46.2, ML=0.707)",0.25632799439589327,0.7072359752246697,46.174578477234576,-0.3975207961169076
2025-08-07 00:00:00-04:00,NVDA,180.77000427246094,buy,0.5448904247515404,Strong upward momentum detected. Algorithm confidence: 51%. Good entry point for potential gains.,BUY: Momentum entry Q=0.512 >= 0.4,0.5117341681450862,0.6222550234999336,61.40205856020658,5.85595589334207
2025-08-08 00:00:00-04:00,AAPL,229.0900115966797,buy,0.4669768985493243,Strong upward momentum detected. Algorithm confidence: 49%. Good entry point for potential gains.,BUY: Momentum entry Q=0.494 >= 0.4,0.4939105127179742,0.4041317988224745,69.91733963181579,2.5058066403715316
2025-08-08 00:00:00-04:00,MSFT,521.1832275390625,buy,0.503408450286089,Strong upward momentum detected. Algorithm confidence: 51%. Good entry point for potential gains.,BUY: Momentum entry Q=0.511 >= 0.4,0.5107591294431488,0.48625686558628295,58.27806064794613,8.128161548630544
2025-08-08 00:00:00-04:00,GOOGL,201.4199981689453,buy,0.47181623469538503,Strong upward momentum detected. Algorithm confidence: 43%. Good entry point for potential gains.,BUY: Momentum entry Q=0.427 >= 0.4,0.42691807975841894,0.5765785962149725,68.69222198649787,4.822434665569091
2025-08-08 00:00:00-04:00,TSLA,329.6499938964844,buy,0.5115860323755721,Strong upward momentum detected. Algorithm confidence: 51%. Good entry point for potential gains.,BUY: Momentum entry Q=0.512 >= 0.4,0.5121311646472402,0.5103140570750131,50.56486336194381,0.7229433100824281
2025-08-08 00:00:00-04:00,NVDA,182.6999969482422,buy,0.49474942299339236,Strong upward momentum detected. Algorithm confidence: 54%. Good entry point for potential gains.,BUY: Momentum entry Q=0.543 >= 0.4,0.5431179824871577,0.38188945084127324,65.06919462855495,5.926560851211519
2025-08-11 00:00:00-04:00,AAPL,227.17999267578125,buy,0.4280914387685974,Strong upward momentum detected. Algorithm confidence: 47%. Good entry point for potential gains.,BUY: Momentum entry Q=0.467 >= 0.4,0.46717180649523377,0.3369039140731126,65.39575784076462,3.4460788020070083
2025-08-11 00:00:00-04:00,MSFT,520.9136962890625,buy,0.5281498554365703,Strong upward momentum detected. Algorithm confidence: 48%. Good entry point for potential gains.,BUY: Momentum entry Q=0.475 >= 0.4,0.47520444518841404,0.6516891460156019,62.1609906395342,7.620865187244476
2025-08-11 00:00:00-04:00,GOOGL,201.0,buy,0.85,AI model predicts price increase based on market patterns. High probability setup.,"BUY: Strong ML signal ML=0.702, Q=0.383",0.38286405329572826,0.7020921590133589,66.39513997082906,5.009101752388091
2025-08-11 00:00:00-04:00,TSLA,339.0299987792969,buy,0.4523062150862325,Strong upward momentum detected. Algorithm confidence: 47%. Good entry point for potential gains.,BUY: Momentum entry Q=0.472 >= 0.4,0.4719875261575839,0.40638315591974605,53.190709758614595,2.3408236311173596
2025-08-11 00:00:00-04:00,NVDA,182.05999755859375,hold,0.08820216541274173,Waiting for better opportunity. No clear buy signal yet.,"HOLD: No entry signal (Q=0.176, RSI=72.2, ML=0.507)",0.17640433082548346,0.5072099313295949,72.20086044150818,5.863284888530927
2025-08-12 00:00:00-04:00,AAPL,229.64999389648438,buy,0.5389067331875929,Strong upward momentum detected. Algorithm confidence: 50%. Good entry point for potential gains.,BUY: Momentum entry Q=0.502 >= 0.4,0.502295005531903,0.624334097717536,67.68273035652095,4.3405248516407084
2025-08-12 00:00:00-04:00,MSFT,528.3713989257812,buy,0.75,Strong upward momentum detected. Algorithm confidence: 37%. Good entry point for potential gains.,"BUY: MACD momentum MACD=7.731, Q=0.371",0.37056020135141005,0.5638259005920687,65.64047234152414,7.73147975618474
2025-08-12 00:00:00-04:00,GOOGL,203.33999633789062,hold,0.1127599036152825,Waiting for better opportunity. No clear buy signal yet.,"HOLD: No entry signal (Q=0.226, RSI=71.4, ML=0.627)",0.225519807230565,0.6267194105609379,71.3587799315566,5.284933488361332
2025-08-12 00:00:00-04:00,TSLA,340.8399963378906,buy,0.5648529816523875,Strong upward momentum detected. Algorithm confidence: 46%. Good entry point for potential gains.,BUY: Momentum entry Q=0.457 >= 0.4,0.4567576713203446,0.8170753724271544,53.770490618625665,3.7261049000653657
2025-08-12 00:00:00-04:00,NVDA,183.16000366210938,buy,0.4004276369931661,Strong upward momentum detected. Algorithm confidence: 41%. Good entry point for potential gains.,BUY: Momentum entry Q=0.413 >= 0.4,0.4130713561604093,0.3709256256029319,69.83972424667168,5.834641417326196
2025-08-13 00:00:00-04:00,AAPL,233.3300018310547,hold,0.15811297545416617,Waiting for better opportunity. No clear buy signal yet.,"HOLD: No entry signal (Q=0.316, RSI=70.7, ML=0.589)",0.31622595090833233,0.5893022011999256,70.72203902587563,5.285398886998735
2025-08-13 00:00:00-04:00,MSFT,519.7256469726562,buy,0.49340514217520537,Strong upward momentum detected. Algorithm confidence: 49%. Good entry point for potential gains.,BUY: Momentum entry Q=0.491 >= 0.4,0.4907950327287933,0.49949539755016675,56.18940621848772,7.040345946345155
2025-08-13 00:00:00-04:00,GOOGL,201.9600067138672,buy,0.524387885566786,Strong upward momentum detected. Algorithm confidence: 51%. Good entry point for potential gains.,BUY: Momentum entry Q=0.512 >= 0.4,0.5121987776451526,0.5528291373839304,66.24631063772031,5.330729169177658
2025-08-13 00:00:00-04:00,TSLA,339.3800048828125,hold,0.1364725032975183,Waiting for better opportunity. No clear buy signal yet.,"HOLD: No entry signal (Q=0.273, RSI=70.3, ML=0.544)",0.2729450065950366,0.5437651072797792,70.28572445824032,4.65250993886383
2025-08-13 00:00:00-04:00,NVDA,181.58999633789062,buy,0.85,AI model predicts price increase based on market patterns. High probability setup.,"BUY: Strong ML signal ML=0.737, Q=0.399",0.39900279876120426,0.7374653750283597,63.16668807978579,5.620465561688775
2025-08-14 00:00:00-04:00,AAPL,232.77999877929688,buy,0.5309747624912408,Strong upward momentum detected. Algorithm confidence: 48%. Good entry point for potential gains.,BUY: Momentum entry Q=0.476 >= 0.4,0.4763089687691691,0.6585282811760746,69.84286661503967,5.9215774588683985
2025-08-14 00:00:00-04:00,MSFT,521.6224975585938,buy,0.4282287892980588,Strong upward momentum detected. Algorithm confidence: 43%. Good entry point for potential gains.,BUY: Momentum entry Q=0.430 >= 0.4,0.4304742753211304,0.4229893219108918,55.66315496921113,6.569943196815302
2025-08-14 00:00:00-04:00,GOOGL,202.94000244140625,hold,0.1550923584865044,Waiting for better opportunity. No clear buy signal yet.,"HOLD: No entry signal (Q=0.310, RSI=66.2, ML=0.484)",0.3101847169730088,0.4835279773188854,66.21267039434665,5.384036223077601
2025-08-14 00:00:00-04:00,TSLA,335.5799865722656,buy,0.5395583744302426,Strong upward momentum detected. Algorithm confidence: 54%. Good entry point for potential gains.,BUY: Momentum entry Q=0.538 >= 0.4,0.5378098946514003,0.5436381605808746,62.66873497443202,5.02217043236476
2025-08-14 00:00:00-04:00,NVDA,182.02000427246094,buy,0.4834411354665755,Strong upward momentum detected. Algorithm confidence: 46%. Good entry point for potential gains.,BUY: Momentum entry Q=0.457 >= 0.4,0.4567103006963597,0.5458130832637459,64.19998545330995,5.422915703058948
2025-08-15 00:00:00-04:00,AAPL,231.58999633789062,buy,0.492956376359691,Strong upward momentum detected. Algorithm confidence: 47%. Good entry point for potential gains.,BUY: Momentum entry Q=0.471 >= 0.4,0.4708420710905614,0.54455642198766,68.05149946019122,6.25759663000602
2025-08-15 00:00:00-04:00,MSFT,519.3162841796875,buy,0.5176067609206998,Strong upward momentum detected. Algorithm confidence: 47%. Good entry point for potential gains.,BUY: Momentum entry Q=0.473 >= 0.4,0.4729328318789354,0.6218459286848167,54.88349353572266,5.942551448902577
2025-08-15 00:00:00-04:00,GOOGL,203.89999389648438,buy,0.43394077064795444,Strong upward momentum detected. Algorithm confidence: 41%. Good entry point for potential gains.,BUY: Momentum entry Q=0.408 >= 0.4,0.4084735180363199,0.49336436007510176,68.5817666663494,5.441024985676904
2025-08-15 00:00:00-04:00,TSLA,330.55999755859375,buy,0.4521219578889815,Strong upward momentum detected. Algorithm confidence: 41%. Good entry point for potential gains.,BUY: Momentum entry Q=0.412 >= 0.4,0.41168785522601486,0.5464681974359037,53.42616938118699,4.8541028015968095
2025-08-15 00:00:00-04:00,NVDA,180.4499969482422,buy,0.4309887708319151,Strong upward momentum detected. Algorithm confidence: 42%. Good entry point for potential gains.,BUY: Momentum entry Q=0.425 >= 0.4,0.424603313729165,0.4458881707383323,56.53246823920262,5.081097814131397
2025-08-18 00:00:00-04:00,AAPL,230.88999938964844,hold,0.11357394234571862,Waiting for better opportunity. No clear buy signal yet.,"HOLD: No entry signal (Q=0.227, RSI=71.0, ML=0.586)",0.22714788469143724,0.5858481429436523,71.04721842914002,6.393707658473346
2025-08-18 00:00:00-04:00,MSFT,516.2512817382812,buy,0.4570901005228648,Strong upward momentum detected. Algorithm confidence: 43%. Good entry point for potential gains.,BUY: Momentum entry Q=0.434 >= 0.4,0.4344150008310177,0.509998666470508,52.7780964657133,5.138782204369818
2025-08-18 00:00:00-04:00,GOOGL,203.5,buy,0.4663059949290108,Strong upward momentum detected. Algorithm confidence: 42%. Good entry point for potential gains.,BUY: Momentum entry Q=0.424 >= 0.4,0.4240755167269657,0.5648437774004496,63.99425135340069,5.3917599733422605
2025-08-18 00:00:00-04:00,TSLA,335.1600036621094,buy,0.5945716428262282,Strong upward momentum detected. Algorithm confidence: 56%. Good entry point for potential gains.,BUY: Momentum entry Q=0.563 >= 0.4,0.5625780019975258,0.6692234714265339,59.59581212018233,5.034060525901339
2025-08-18 00:00:00-04:00,NVDA,182.00999450683594,buy,0.5153802028469646,Strong upward momentum detected. Algorithm confidence: 47%. Good entry point for potential gains.,BUY: Momentum entry Q=0.468 >= 0.4,0.46839255719839923,0.6250180426936173,61.34774746743926,4.879831776892161
2025-08-19 00:00:00-04:00,AAPL,230.55999755859375,hold,0.1515427705753235,Waiting for better opportunity. No clear buy signal yet.,"HOLD: No entry signal (Q=0.303, RSI=74.0, ML=0.641)",0.303085541150647,0.6414115883867624,74.00808169832908,6.401159655410936
2025-08-19 00:00:00-04:00,MSFT,508.933349609375,buy,0.4828924427378625,Strong upward momentum detected. Algorithm confidence: 40%. Good entry point for potential gains.,BUY: Momentum entry Q=0.402 >= 0.4,0.40193826006333283,0.6717855356450986,48.0326592634751,3.8667201796592963
2025-08-19 00:00:00-04:00,GOOGL,201.57000732421875,buy,0.44942329747196336,Strong upward momentum detected. Algorithm confidence: 44%. Good entry point for potential gains.,BUY: Momentum entry Q=0.437 >= 0.4,0.4373564779675,0.47757920964904466,58.73789849390546,5.137757941412701
2025-08-19 00:00:00-04:00,TSLA,329.30999755859375,buy,0.513249276823732,Strong upward momentum detected. Algorithm confidence: 43%. Good entry point for potential gains.,BUY: Momentum entry Q=0.429 >= 0.4,0.42854495926063424,0.7108926844709603,56.7185567821234,4.651017680265113
2025-08-19 00:00:00-04:00,NVDA,175.63999938964844,hold,0.1706104817335021,Waiting for better opportunity. No clear buy signal yet.,"HOLD: No entry signal (Q=0.341, RSI=44.2, ML=0.795)",0.3412209634670042,0.7952074140958381,44.19199785937709,4.1583863335029605
2025-08-20 00:00:00-04:00,AAPL,226.00999450683594,buy,0.5626824183570769,Strong upward momentum detected. Algorithm confidence: 47%. Good entry point for potential gains.,BUY: Momentum entry Q=0.472 >= 0.4,0.4717671166627463,0.774818122310515,69.30756139623549,5.971087219761301
2025-08-20 00:00:00-04:00,MSFT,504.8900146484375,buy,0.5805686193967701,Strong upward momentum detected. Algorithm confidence: 50%. Good entry point for potential gains.,BUY: Momentum entry Q=0.503 >= 0.4,0.5026179368870201,0.7624535452528537,30.70294942508039,2.503479961937728
2025-08-20 00:00:00-04:00,GOOGL,199.32000732421875,buy,0.4416646591032828,Strong upward momentum detected. Algorithm confidence: 43%. Good entry point for potential gains.,BUY: Momentum entry Q=0.431 >= 0.4,0.43074463264708696,0.4671447208344065,64.02122626548517,4.700716372904822
2025-08-20 00:00:00-04:00,TSLA,323.8999938964844,buy,0.75,Strong upward momentum detected. Algorithm confidence: 36%. Good entry point for potential gains.,"BUY: MACD momentum MACD=3.866, Q=0.355",0.3550482939125414,0.5221125985790964,60.99620323064622,3.866342592487115
2025-08-20 00:00:00-04:00,NVDA,175.39999389648438,buy,0.6004039578685432,Strong upward momentum detected. Algorithm confidence: 55%. Good entry point for potential gains.,BUY: Momentum entry Q=0.553 >= 0.4,0.5531263029736889,0.7107184859565363,45.89564802888467,3.526616544116507
2025-08-21 00:00:00-04:00,AAPL,224.89999389648438,hold,0.1130737857341857,Waiting for better opportunity. No clear buy signal yet.,"HOLD: No entry signal (Q=0.226, RSI=75.7, ML=0.596)",0.2261475714683714,0.596287251483051,75.6831799422083,5.477542246050348
2025-08-21 00:00:00-04:00,MSFT,504.239990234375,buy,0.85,AI model predicts price increase based on market patterns. High probability setup.,"BUY: Strong ML signal ML=0.836, Q=0.364",0.36367554101308064,0.8363334966637422,34.945608199226825,1.3550307787043039
2025-08-21 00:00:00-04:00,GOOGL,199.75,hold,0.15358666568092924,Waiting for better opportunity. No clear buy signal yet.,"HOLD: No entry signal (Q=0.307, RSI=72.0, ML=0.617)",0.3071733313618585,0.6168074150890238,72.01497541632821,4.339036880285391
2025-08-21 00:00:00-04:00,TSLA,320.1099853515625,buy,0.548758684890539,Strong upward momentum detected. Algorithm confidence: 52%. Good entry point for potential gains.,BUY: Momentum entry Q=0.519 >= 0.4,0.5187700103573524,0.6187322588013079,62.626388654978705,2.9051709150891156
2025-08-21 00:00:00-04:00,NVDA,174.97999572753906,buy,0.5670708637470049,Strong upward momentum detected. Algorithm confidence: 50%. Good entry point for potential gains.,BUY: Momentum entry Q=0.496 >= 0.4,0.4964299728371962,0.7318996092032252,52.38997158372266,2.957946723637292
2025-08-22 00:00:00-04:00,AAPL,227.75999450683594,hold,0.10166836340963603,Waiting for better opportunity. No clear buy signal yet.,"HOLD: No entry signal (Q=0.203, RSI=76.7, ML=0.712)",0.20333672681927206,0.7116233590729714,76.67897600735917,5.256587774070681
2025-08-22 00:00:00-04:00,MSFT,507.2300109863281,buy,0.6771565499843266,Strong upward momentum detected. Algorithm confidence: 56%. Good entry point for potential gains.,BUY: Momentum entry Q=0.558 >= 0.4,0.5579998949432418,0.9551887450801912,24.795952748540373,0.6783268828372684
2025-08-22 00:00:00-04:00,GOOGL,206.08999633789062,hold,0.18442201609464098,Waiting for better opportunity. No clear buy signal yet.,"HOLD: No entry signal (Q=0.369, RSI=72.5, ML=0.635)",0.36884403218928197,0.6350763885806736,72.50515101886066,4.5119767363237315
2025-08-22 00:00:00-04:00,TSLA,340.010009765625,buy,0.5454929702324078,Strong upward momentum detected. Algorithm confidence: 49%. Good entry point for potential gains.,BUY: Momentum entry Q=0.486 >= 0.4,0.48568576880392794,0.6850431068988613,68.63861127902942,3.706475156254214
2025-08-22 00:00:00-04:00,NVDA,177.99000549316406,buy,0.75,Strong upward momentum detected. Algorithm confidence: 38%. Good entry point for potential gains.,"BUY: MACD momentum MACD=2.719, Q=0.381",0.3805493142247355,0.6290831306798228,45.64748626942782,2.7188136350651178
2025-08-25 00:00:00-04:00,AAPL,227.16000366210938,hold,0.13119194551831176,Waiting for better opportunity. No clear buy signal yet.,"HOLD: No entry signal (Q=0.262, RSI=76.4, ML=0.712)",0.2623838910366235,0.711621748159869,76.39698327527762,4.975708644318445
2025-08-25 00:00:00-04:00,MSFT,504.260009765625,buy,0.5083013293742211,Strong upward momentum detected. Algorithm confidence: 49%. Good entry point for potential gains.,BUY: Momentum entry Q=0.489 >= 0.4,0.48896036428570167,0.5534302479140999,27.24371095438292,-0.096507627346341
2025-08-25 00:00:00-04:00,GOOGL,208.49000549316406,hold,0.16023045610024417,Waiting for better opportunity. No clear buy signal yet.,"HOLD: No entry signal (Q=0.320, RSI=76.0, ML=0.572)",0.32046091220048833,0.571815830078124,75.99704697739996,4.787506109010053
2025-08-25 00:00:00-04:00,TSLA,346.6000061035156,hold,0.1296382195216009,Waiting for better opportunity. No clear buy signal yet.,"HOLD: No entry signal (Q=0.259, RSI=71.4, ML=0.760)",0.2592764390432018,0.7595824423663485,71.39145480615453,4.817736304847699
2025-08-25 00:00:00-04:00,NVDA,179.80999755859375,buy,0.582117833845316,Strong upward momentum detected. Algorithm confidence: 43%. Good entry point for potential gains.,BUY: Momentum entry Q=0.429 >= 0.4,0.42938859171779653,0.9384860654761948,53.344844913073736,2.6456595722002305
2025-08-26 00:00:00-04:00,AAPL,229.30999755859375,hold,0.13979850416359468,Waiting for better opportunity. No clear buy signal yet.,"HOLD: No entry signal (Q=0.280, RSI=71.3, ML=0.761)",0.27959700832718937,0.7605462496797104,71.34754250222097,4.8704529002797585
2025-08-26 00:00:00-04:00,MSFT,502.0400085449219,buy,0.5410570151287297,Strong upward momentum detected. Algorithm confidence: 54%. Good entry point for potential gains.,BUY: Momentum entry Q=0.542 >= 0.4,0.5415182928008184,0.539980700560523,27.56834730813459,-0.8795660147275726
2025-08-26 00:00:00-04:00,GOOGL,207.13999938964844,hold,0.08498424125193693,Waiting for better opportunity. No clear buy signal yet.,"HOLD: No entry signal (Q=0.170, RSI=70.8, ML=0.502)",0.16996848250387386,0.5023610381264307,70.84122606925348,4.841125431386871
2025-08-26 00:00:00-04:00,TSLA,351.6700134277344,buy,0.4635305316759313,Strong upward momentum detected. Algorithm confidence: 42%. Good entry point for potential gains.,BUY: Momentum entry Q=0.415 >= 0.4,0.41491713211828674,0.5769617973104354,69.267163814362,6.037924554767756
2025-08-26 00:00:00-04:00,NVDA,181.77000427246094,hold,0.1596809068351548,Waiting for better opportunity. No clear buy signal yet.,"HOLD: No entry signal (Q=0.319, RSI=54.9, ML=0.528)",0.3193618136703096,0.5278458218419093,54.90196702527214,2.714548980780364
2025-08-27 00:00:00-04:00,AAPL,230.49000549316406,buy,0.85,AI model predicts price increase based on market patterns. High probability setup.,"BUY: Strong ML signal ML=0.754, Q=0.395",0.39519310744350317,0.7536466700008958,66.4308282110925,4.826615524086634
2025-08-27 00:00:00-04:00,MSFT,506.739990234375,hold,0.10510523000320532,Waiting for better opportunity. No clear buy signal yet.,"HOLD: No entry signal (Q=0.210, RSI=36.7, ML=0.736)",0.21021046000641064,0.7360088726064512,36.68294095844042,-1.1081224397025835
2025-08-27 00:00:00-04:00,GOOGL,207.47999572753906,hold,0.0903700857297097,Waiting for better opportunity. No clear buy signal yet.,"HOLD: No entry signal (Q=0.181, RSI=70.7, ML=0.644)",0.1807401714594194,0.6441023438329802,70.74188343003411,4.855087566398282
2025-08-27 00:00:00-04:00,TSLA,349.6000061035156,buy,0.5494237621546294,Strong upward momentum detected. Algorithm confidence: 48%. Good entry point for potential gains.,BUY: Momentum entry Q=0.485 >= 0.4,0.48495195140917724,0.6998579872273514,66.638253472937,6.759975453431025
2025-08-27 00:00:00-04:00,NVDA,181.60000610351562,buy,0.580219200745435,Strong upward momentum detected. Algorithm confidence: 53%. Good entry point for potential gains.,BUY: Momentum entry Q=0.530 >= 0.4,0.5300549824358112,0.6972690434678905,51.82097622671096,2.724026025526655
2025-08-28 00:00:00-04:00,AAPL,232.55999755859375,buy,0.5981096104810975,Strong upward momentum detected. Algorithm confidence: 52%. Good entry point for potential gains.,BUY: Momentum entry Q=0.518 >= 0.4,0.518063211100672,0.7848845423687568,56.84414800350801,4.902393408082588
2025-08-28 00:00:00-04:00,MSFT,509.6400146484375,hold,0.1300414798917235,Waiting for better opportunity. No clear buy signal yet.,"HOLD: No entry signal (Q=0.260, RSI=38.8, ML=0.697)",0.260082959783447,0.6973808756869697,38.778261426801535,-1.0432217089777396
2025-08-28 00:00:00-04:00,GOOGL,211.63999938964844,buy,0.5209936984459599,Strong upward momentum detected. Algorithm confidence: 42%. Good entry point for potential gains.,BUY: Momentum entry Q=0.424 >= 0.4,0.4241774992912766,0.7468981631402208,69.89878559349528,5.142550071815975
2025-08-28 00:00:00-04:00,TSLA,345.9800109863281,buy,0.5575035209487935,Strong upward momentum detected. Algorithm confidence: 43%. Good entry point for potential gains.,BUY: Momentum entry Q=0.434 >= 0.4,0.43385783129795874,0.8460101301340751,60.41853093616508,6.959873550403813
2025-08-28 00:00:00-04:00,NVDA,180.1699981689453,buy,0.75,Strong upward momentum detected. Algorithm confidence: 39%. Good entry point for potential gains.,"BUY: MACD momentum MACD=2.586, Q=0.394",0.39350982620493324,0.580343109736667,44.32482201533407,2.586333321923121
2025-08-29 00:00:00-04:00,AAPL,232.13999938964844,buy,0.5049934405387266,Strong upward momentum detected. Algorithm confidence: 46%. Good entry point for potential gains.,BUY: Momentum entry Q=0.465 >= 0.4,0.4649519380495932,0.5984236130133715,60.393978598046026,4.872391686532978
2025-08-29 00:00:00-04:00,MSFT,506.69000244140625,hold,0.1579671866834025,Waiting for better opportunity. No clear buy signal yet.,"HOLD: No entry signal (Q=0.316, RSI=36.9, ML=0.730)",0.315934373366805,0.7301522486683956,36.85737972106453,-1.2158136007487315
2025-08-29 00:00:00-04:00,GOOGL,212.91000366210938,hold,0.11704200306398654,Waiting for better opportunity. No clear buy signal yet.,"HOLD: No entry signal (Q=0.234, RSI=72.4, ML=0.641)",0.2340840061279731,0.6407842310456797,72.44632097674771,5.410476306378655
2025-08-29 00:00:00-04:00,TSLA,333.8699951171875,buy,0.5544080102872055,Strong upward momentum detected. Algorithm confidence: 53%. Good entry point for potential gains.,BUY: Momentum entry Q=0.529 >= 0.4,0.5285281056387892,0.614794454466844,46.81874266929622,6.071132918295405
2025-08-29 00:00:00-04:00,NVDA,174.17999267578125,buy,0.44945231000681934,Strong upward momentum detected. Algorithm confidence: 40%. Good entry point for potential gains.,BUY: Momentum entry Q=0.404 >= 0.4,0.4043928192431462,0.5545911217887234,35.74531113194193,1.971145343042025
2025-09-02 00:00:00-04:00,AAPL,229.72000122070312,buy,0.85,AI model predicts price increase based on market patterns. High probability setup.,"BUY: Strong ML signal ML=0.799, Q=0.378",0.37772129296007195,0.799195741593095,50.14701245568479,4.600311946069297
2025-09-02 00:00:00-04:00,MSFT,505.1199951171875,buy,0.5178001436556466,Strong upward momentum detected. Algorithm confidence: 46%. Good entry point for potential gains.,BUY: Momentum entry Q=0.465 >= 0.4,0.4654009247179817,0.6400649878435314,25.892869573141326,-1.4624224922363283
2025-09-02 00:00:00-04:00,GOOGL,211.35000610351562,buy,0.75,Strong upward momentum detected. Algorithm confidence: 39%. Good entry point for potential gains.,"BUY: MACD momentum MACD=5.434, Q=0.389",0.3887000062061869,0.5667389398895022,65.55343545376434,5.434287923582673
2025-09-02 00:00:00-04:00,TSLA,329.3599853515625,buy,0.5530123389131896,Strong upward momentum detected. Algorithm confidence: 47%. Good entry point for potential gains.,BUY: Momentum entry Q=0.473 >= 0.4,0.4726398180425715,0.7405482209446319,43.15035792569523,4.945866596527537
2025-09-02 00:00:00-04:00,NVDA,170.77999877929688,buy,0.7209785885389917,Strong upward momentum detected. Algorithm confidence: 65%. Good entry point for potential gains.,BUY: Momentum entry Q=0.650 >= 0.4,0.6497839819419975,0.8870993372653118,29.32533190632725,1.1954726801758682
2025-09-03 00:00:00-04:00,AAPL,238.47000122070312,buy,0.626097610938247,Strong upward momentum detected. Algorithm confidence: 50%. Good entry point for potential gains.,BUY: Momentum entry Q=0.505 >= 0.4,0.5046839232546312,0.9093962155333508,58.898894107241645,5.032724548884715
2025-09-03 00:00:00-04:00,MSFT,505.3500061035156,hold,0.1271610858414375,Waiting for better opportunity. No clear buy signal yet.,"HOLD: No entry signal (Q=0.254, RSI=31.9, ML=0.488)",0.254322171682875,0.48819617207108207,31.944422085513338,-1.6206203485695596
2025-09-03 00:00:00-04:00,GOOGL,230.66000366210938,hold,0.10776544325302503,Waiting for better opportunity. No clear buy signal yet.,"HOLD: No entry signal (Q=0.216, RSI=82.9, ML=0.586)",0.21553088650605007,0.5857518487915526,82.85257759437101,6.93141320756385
2025-09-03 00:00:00-04:00,TSLA,334.0899963378906,buy,0.5061450079299201,Strong upward momentum detected. Algorithm confidence: 47%. Good entry point for potential gains.,BUY: Momentum entry Q=0.466 >= 0.4,0.46561198498615236,0.6007220614653784,46.96221285311868,4.385207345088645
2025-09-03 00:00:00-04:00,NVDA,170.6199951171875,buy,0.85,AI model predicts price increase based on market patterns. High probability setup.,"BUY: Strong ML signal ML=0.881, Q=0.399",0.39917089868814454,0.8814836972768113,30.77464080644195,0.561364487731538
2025-09-04 00:00:00-04:00,AAPL,239.77999877929688,buy,0.5683986208817764,Strong upward momentum detected. Algorithm confidence: 51%. Good entry point for potential gains.,BUY: Momentum entry Q=0.509 >= 0.4,0.5085669064175833,0.7080059546315602,61.80837339368211,5.418657595093634
2025-09-04 00:00:00-04:00,MSFT,507.9700012207031,hold,0.12318280025495461,Waiting for better opportunity. No clear buy signal yet.,"HOLD: No entry signal (Q=0.246, RSI=33.2, ML=0.588)",0.24636560050990922,0.5882885437783829,33.158606836017356,-1.5170934705527657
2025-09-04 00:00:00-04:00,GOOGL,232.3000030517578,hold,0.11877802335855525,Waiting for better opportunity. No clear buy signal yet.,"HOLD: No entry signal (Q=0.238, RSI=83.1, ML=0.572)",0.2375560467171105,0.5724516673800859,83.1078181539748,8.156210310625738
2025-09-04 00:00:00-04:00,TSLA,338.5299987792969,buy,0.506806142056604,Strong upward momentum detected. Algorithm confidence: 44%. Good entry point for potential gains.,BUY: Momentum entry Q=0.441 >= 0.4,0.4405567434794935,0.661388072069862,51.68168362511326,4.250158754870142
2025-09-04 00:00:00-04:00,NVDA,171.66000366210938,buy,0.6022114490277891,Strong upward momentum detected. Algorithm confidence: 52%. Good entry point for potential gains.,BUY: Momentum entry Q=0.518 >= 0.4,0.5176032368662751,0.7996306107379886,32.22376462320936,0.14112240335742854
2025-09-05 00:00:00-04:00,AAPL,239.69000244140625,buy,0.4813821086331199,Strong upward momentum detected. Algorithm confidence: 44%. Good entry point for potential gains.,BUY: Momentum entry Q=0.439 >= 0.4,0.43853680969813913,0.5813544728147417,64.19063128877522,5.652096512091163
2025-09-05 00:00:00-04:00,MSFT,495.0,buy,0.49397679704609826,Strong upward momentum detected. Algorithm confidence: 44%. Good entry point for potential gains.,BUY: Momentum entry Q=0.442 >= 0.4,0.44242946418389295,0.6142539070579108,26.25193579883667,-2.453337826230495
2025-09-05 00:00:00-04:00,GOOGL,235.0,hold,0.1331259046139591,Waiting for better opportunity. No clear buy signal yet.,"HOLD: No entry signal (Q=0.266, RSI=83.7, ML=0.522)",0.2662518092279182,0.5219453434301204,83.74567617846695,9.23824528683744
2025-09-05 00:00:00-04:00,TSLA,350.8399963378906,buy,0.508923045792777,Strong upward momentum detected. Algorithm confidence: 46%. Good entry point for potential gains.,BUY: Momentum entry Q=0.456 >= 0.4,0.45633871225548067,0.6316198240464687,60.67367328169336,5.077910704474334
2025-09-05 00:00:00-04:00,NVDA,167.02000427246094,buy,0.5181477843184181,Strong upward momentum detected. Algorithm confidence: 44%. Good entry point for potential gains.,BUY: Momentum entry Q=0.440 >= 0.4,0.4401576322671236,0.7001248057714389,29.15246272234424,-0.5598777269173638
