date,symbol,price,decision,confidence,reason,technical_reason,q_value,ml_confidence,rsi,macd
2025-06-09 00:00:00-04:00,AAPL,201.2216339111328,buy,0.46305872439544243,Strong upward momentum detected. Algorithm confidence: 50%. Good entry point for potential gains.,BUY: Momentum entry Q=0.500 >= 0.4,0.4999101365864332,0.3770720959497974,50.0,0.0
2025-06-09 00:00:00-04:00,MSFT,471.97412109375,buy,0.4481742606248635,Strong upward momentum detected. Algorithm confidence: 46%. Good entry point for potential gains.,BUY: Momentum entry Q=0.465 >= 0.4,0.4654930118694631,0.407763841054131,50.0,0.0
2025-06-09 00:00:00-04:00,GOOGL,176.08999633789062,buy,0.4455151537675265,Strong upward momentum detected. Algorithm confidence: 43%. Good entry point for potential gains.,BUY: Momentum entry Q=0.430 >= 0.4,0.429696426519634,0.48242551734594225,50.0,0.0
2025-06-09 00:00:00-04:00,TSLA,308.5799865722656,buy,0.85,AI model predicts price increase based on market patterns. High probability setup.,"BUY: Strong ML signal ML=0.665, Q=0.382",0.3819732776352511,0.6645059468902492,50.0,0.0
2025-06-09 00:00:00-04:00,NVDA,142.62010192871094,hold,0.15229382366360816,Waiting for better opportunity. No clear buy signal yet.,"HOLD: No entry signal (Q=0.305, RSI=50.0, ML=0.607)",0.3045876473272163,0.6068006344489157,50.0,0.0
2025-06-10 00:00:00-04:00,AAPL,202.44024658203125,buy,0.4729448291842093,Strong upward momentum detected. Algorithm confidence: 42%. Good entry point for potential gains.,BUY: Momentum entry Q=0.418 >= 0.4,0.4180775250038856,0.6009685389382983,50.0,0.09721126719418294
2025-06-10 00:00:00-04:00,MSFT,470.1471252441406,hold,0.0947952190938581,Waiting for better opportunity. No clear buy signal yet.,"HOLD: No entry signal (Q=0.190, RSI=50.0, ML=0.470)",0.1895904381877162,0.46958509804949883,50.0,-0.1457432586582854
2025-06-10 00:00:00-04:00,GOOGL,178.60000610351562,buy,0.5189987465663497,Strong upward momentum detected. Algorithm confidence: 51%. Good entry point for potential gains.,BUY: Momentum entry Q=0.512 >= 0.4,0.5124954409038728,0.5341731264454624,50.0,0.20022869925210784
2025-06-10 00:00:00-04:00,TSLA,326.0899963378906,buy,0.85,AI model predicts price increase based on market patterns. High probability setup.,"BUY: Strong ML signal ML=0.671, Q=0.382",0.3821510555583864,0.6711800426693297,50.0,1.3968098958333144
2025-06-10 00:00:00-04:00,NVDA,143.95001220703125,buy,0.583627027382597,Strong upward momentum detected. Algorithm confidence: 63%. Good entry point for potential gains.,BUY: Momentum entry Q=0.634 >= 0.4,0.6339098000278074,0.46630055787710617,50.0,0.10608970881187929
2025-06-11 00:00:00-04:00,AAPL,198.55465698242188,hold,0.14154162470864434,Waiting for better opportunity. No clear buy signal yet.,"HOLD: No entry signal (Q=0.283, RSI=50.0, ML=0.478)",0.2830832494172887,0.4777450396850974,50.0,-0.1376954432885782
2025-06-11 00:00:00-04:00,MSFT,471.8443298339844,hold,0.07464199862855334,Waiting for better opportunity. No clear buy signal yet.,"HOLD: No entry signal (Q=0.149, RSI=50.0, ML=0.576)",0.14928399725710667,0.5762246486819457,50.0,-0.12287914065484529
2025-06-11 00:00:00-04:00,GOOGL,177.35000610351562,buy,0.47072262989308344,Strong upward momentum detected. Algorithm confidence: 42%. Good entry point for potential gains.,BUY: Momentum entry Q=0.420 >= 0.4,0.41976431044905443,0.5896253752624845,50.0,0.25510612801943466
2025-06-11 00:00:00-04:00,TSLA,326.42999267578125,buy,0.5240568681489353,Strong upward momentum detected. Algorithm confidence: 52%. Good entry point for potential gains.,BUY: Momentum entry Q=0.519 >= 0.4,0.5187688083279469,0.5363956743979081,50.0,2.502380776835537
2025-06-11 00:00:00-04:00,NVDA,142.8300018310547,buy,0.48314001777589277,Strong upward momentum detected. Algorithm confidence: 45%. Good entry point for potential gains.,BUY: Momentum entry Q=0.454 >= 0.4,0.4543272935326111,0.5503697076768833,50.0,0.09865386995340941
2025-06-12 00:00:00-04:00,AAPL,198.97418212890625,hold,0.13581347718943854,Waiting for better opportunity. No clear buy signal yet.,"HOLD: No entry signal (Q=0.272, RSI=50.0, ML=0.620)",0.2716269543788771,0.619941745898008,50.0,-0.28670359003515955
2025-06-12 00:00:00-04:00,MSFT,478.0840759277344,buy,0.4827790074556657,Strong upward momentum detected. Algorithm confidence: 48%. Good entry point for potential gains.,BUY: Momentum entry Q=0.484 >= 0.4,0.48354550502036586,0.4809905131380322,50.0,0.394192197346797
2025-06-12 00:00:00-04:00,GOOGL,175.6999969482422,hold,0.17031628399286458,Waiting for better opportunity. No clear buy signal yet.,"HOLD: No entry signal (Q=0.341, RSI=50.0, ML=0.570)",0.34063256798572916,0.5703476278302768,50.0,0.16356941021680882
2025-06-12 00:00:00-04:00,TSLA,319.1099853515625,buy,0.4913349905484167,Strong upward momentum detected. Algorithm confidence: 43%. Good entry point for potential gains.,BUY: Momentum entry Q=0.426 >= 0.4,0.42615948679162186,0.6434111659809381,50.0,2.756119420966911
2025-06-12 00:00:00-04:00,NVDA,145.0,buy,0.49527094542175276,Strong upward momentum detected. Algorithm confidence: 52%. Good entry point for potential gains.,BUY: Momentum entry Q=0.517 >= 0.4,0.517089183639149,0.44436172291449505,50.0,0.26480907669011344
2025-06-13 00:00:00-04:00,AAPL,196.227294921875,hold,0.09203727891657873,Waiting for better opportunity. No clear buy signal yet.,"HOLD: No entry signal (Q=0.184, RSI=50.0, ML=0.662)",0.18407455783315746,0.661507216561489,50.0,-0.619305492576558
2025-06-13 00:00:00-04:00,MSFT,474.18048095703125,buy,0.75,Strong upward momentum detected. Algorithm confidence: 37%. Good entry point for potential gains.,"BUY: MACD momentum MACD=0.483, Q=0.367",0.3668519044427584,0.5848962617522804,50.0,0.4834149608264511
2025-06-13 00:00:00-04:00,GOOGL,174.6699981689453,buy,0.4613288593655745,Strong upward momentum detected. Algorithm confidence: 43%. Good entry point for potential gains.,BUY: Momentum entry Q=0.429 >= 0.4,0.42931512913301806,0.5360275632415396,50.0,0.007823424869513929
2025-06-13 00:00:00-04:00,TSLA,325.30999755859375,buy,0.4795119853566395,Strong upward momentum detected. Algorithm confidence: 45%. Good entry point for potential gains.,BUY: Momentum entry Q=0.450 >= 0.4,0.44967190915875377,0.5491388298183729,50.0,3.4180966040129874
2025-06-13 00:00:00-04:00,NVDA,141.97000122070312,buy,0.4399872645627849,Strong upward momentum detected. Algorithm confidence: 42%. Good entry point for potential gains.,BUY: Momentum entry Q=0.424 >= 0.4,0.42363961722924465,0.47813177500771215,50.0,0.15026058587960733
2025-06-16 00:00:00-04:00,AAPL,198.195068359375,hold,0.1450940625298845,Waiting for better opportunity. No clear buy signal yet.,"HOLD: No entry signal (Q=0.290, RSI=50.0, ML=0.553)",0.290188125059769,0.5527969127236612,50.0,-0.7158600366750534
2025-06-16 00:00:00-04:00,MSFT,478.3536376953125,buy,0.47253630769732824,Strong upward momentum detected. Algorithm confidence: 48%. Good entry point for potential gains.,BUY: Momentum entry Q=0.483 >= 0.4,0.4830540615148623,0.4479948821230823,50.0,0.8807112251726039
2025-06-16 00:00:00-04:00,GOOGL,176.77000427246094,buy,0.4320470234988398,Strong upward momentum detected. Algorithm confidence: 41%. Good entry point for potential gains.,BUY: Momentum entry Q=0.412 >= 0.4,0.4123073532482803,0.4781062540834787,50.0,0.053232915548875326
2025-06-16 00:00:00-04:00,TSLA,329.1300048828125,buy,0.44827735794980306,Strong upward momentum detected. Algorithm confidence: 43%. Good entry point for potential gains.,BUY: Momentum entry Q=0.432 >= 0.4,0.43157793418001694,0.48724268007930416,50.0,4.2025169572885375
2025-06-16 00:00:00-04:00,NVDA,144.69000244140625,buy,0.5526352285726286,Strong upward momentum detected. Algorithm confidence: 46%. Good entry point for potential gains.,BUY: Momentum entry Q=0.457 >= 0.4,0.4566336959799904,0.776638804622118,50.0,0.2757824003049052
2025-06-17 00:00:00-04:00,AAPL,195.418212890625,hold,0.11440191217932368,Waiting for better opportunity. No clear buy signal yet.,"HOLD: No entry signal (Q=0.229, RSI=50.0, ML=0.569)",0.22880382435864735,0.568940825094502,50.0,-1.0048657705935682
2025-06-17 00:00:00-04:00,MSFT,477.25543212890625,buy,0.5143982881375995,Strong upward momentum detected. Algorithm confidence: 49%. Good entry point for potential gains.,BUY: Momentum entry Q=0.491 >= 0.4,0.49146959947732627,0.5678985616782372,50.0,1.0943404899450684
2025-06-17 00:00:00-04:00,GOOGL,175.9499969482422,buy,0.85,AI model predicts price increase based on market patterns. High probability setup.,"BUY: Strong ML signal ML=0.697, Q=0.394",0.3941186879168871,0.6965876638799513,50.0,0.022789819242603926
2025-06-17 00:00:00-04:00,TSLA,316.3500061035156,buy,0.4948031061407239,Strong upward momentum detected. Algorithm confidence: 52%. Good entry point for potential gains.,BUY: Momentum entry Q=0.518 >= 0.4,0.5176431455105722,0.44150968094441134,50.0,3.7497122948990977
2025-06-17 00:00:00-04:00,NVDA,144.1199951171875,buy,0.5118029258939343,Strong upward momentum detected. Algorithm confidence: 48%. Good entry point for potential gains.,BUY: Momentum entry Q=0.484 >= 0.4,0.48354990229164835,0.5777266476326017,50.0,0.32551221309014977
2025-06-18 00:00:00-04:00,AAPL,196.35714721679688,hold,0.1090750050755124,Waiting for better opportunity. No clear buy signal yet.,"HOLD: No entry signal (Q=0.218, RSI=50.0, ML=0.414)",0.2181500101510248,0.41417089266231266,50.0,-1.1449425586631037
2025-06-18 00:00:00-04:00,MSFT,479.4518127441406,hold,0.1702219635503017,Waiting for better opportunity. No clear buy signal yet.,"HOLD: No entry signal (Q=0.340, RSI=50.0, ML=0.606)",0.3404439271006034,0.6061318308118472,50.0,1.424452578489877
2025-06-18 00:00:00-04:00,GOOGL,173.32000732421875,hold,0.11397851711183149,Waiting for better opportunity. No clear buy signal yet.,"HOLD: No entry signal (Q=0.228, RSI=50.0, ML=0.548)",0.22795703422366298,0.5476901004355597,50.0,-0.21112106461450253
2025-06-18 00:00:00-04:00,TSLA,322.04998779296875,buy,0.5372276538634975,Strong upward momentum detected. Algorithm confidence: 51%. Good entry point for potential gains.,BUY: Momentum entry Q=0.514 >= 0.4,0.5136786961170346,0.5921752219385775,50.0,3.806918437258105
2025-06-18 00:00:00-04:00,NVDA,145.47999572753906,buy,0.49363218005298515,Strong upward momentum detected. Algorithm confidence: 50%. Good entry point for potential gains.,BUY: Momentum entry Q=0.496 >= 0.4,0.4956973583263128,0.48881343074855405,50.0,0.469254853413247
2025-06-20 00:00:00-04:00,AAPL,200.7721405029297,hold,0.1412137791139888,Waiting for better opportunity. No clear buy signal yet.,"HOLD: No entry signal (Q=0.282, RSI=50.0, ML=0.576)",0.2824275582279776,0.5761266169472866,50.0,-0.8894483548817504
2025-06-20 00:00:00-04:00,MSFT,476.6164855957031,buy,0.42880334424617206,Strong upward momentum detected. Algorithm confidence: 42%. Good entry point for potential gains.,BUY: Momentum entry Q=0.422 >= 0.4,0.42161258506063903,0.4455817823457493,50.0,1.4406743844145922
2025-06-20 00:00:00-04:00,GOOGL,166.63999938964844,hold,0.1366045787049321,Waiting for better opportunity. No clear buy signal yet.,"HOLD: No entry signal (Q=0.273, RSI=50.0, ML=0.499)",0.2732091574098642,0.4991934054519921,50.0,-0.9248567653843622
2025-06-20 00:00:00-04:00,TSLA,322.1600036621094,buy,0.75,Strong upward momentum detected. Algorithm confidence: 39%. Good entry point for potential gains.,"BUY: MACD momentum MACD=3.817, Q=0.393",0.39264570132938376,0.5834562404125844,50.0,3.8171305732570318
2025-06-20 00:00:00-04:00,NVDA,143.85000610351562,buy,0.75,Strong upward momentum detected. Algorithm confidence: 36%. Good entry point for potential gains.,"BUY: MACD momentum MACD=0.446, Q=0.361",0.36140399826236047,0.5871324463958119,50.0,0.44649843518686794
2025-06-23 00:00:00-04:00,AAPL,201.27157592773438,hold,0.0970735184476326,Waiting for better opportunity. No clear buy signal yet.,"HOLD: No entry signal (Q=0.194, RSI=50.0, ML=0.507)",0.1941470368952652,0.5067910675323246,50.0,-0.6392976672636905
2025-06-23 00:00:00-04:00,MSFT,485.2023620605469,buy,0.47694904312491115,Strong upward momentum detected. Algorithm confidence: 47%. Good entry point for potential gains.,BUY: Momentum entry Q=0.473 >= 0.4,0.47318186720413014,0.48573912027340044,50.0,2.1218790570848682
2025-06-23 00:00:00-04:00,GOOGL,165.19000244140625,hold,0.1273428211085978,Waiting for better opportunity. No clear buy signal yet.,"HOLD: No entry signal (Q=0.255, RSI=50.0, ML=0.685)",0.2546856422171956,0.685434897089171,50.0,-1.5891809967260997
2025-06-23 00:00:00-04:00,TSLA,348.67999267578125,buy,0.5092460915136479,Strong upward momentum detected. Algorithm confidence: 53%. Good entry point for potential gains.,BUY: Momentum entry Q=0.531 >= 0.4,0.5309546353477648,0.45859282256737516,50.0,5.897186150150162
2025-06-23 00:00:00-04:00,NVDA,144.1699981689453,buy,0.5242651225127364,Strong upward momentum detected. Algorithm confidence: 45%. Good entry point for potential gains.,BUY: Momentum entry Q=0.446 >= 0.4,0.44552189229773836,0.707999326347732,50.0,0.4491074639020667
2025-06-24 00:00:00-04:00,AAPL,200.07293701171875,hold,0.15423849867660172,Waiting for better opportunity. No clear buy signal yet.,"HOLD: No entry signal (Q=0.308, RSI=50.0, ML=0.474)",0.30847699735320344,0.4741462014528449,50.0,-0.5316431370198984
2025-06-24 00:00:00-04:00,MSFT,489.30560302734375,buy,0.48818662988185685,Strong upward momentum detected. Algorithm confidence: 46%. Good entry point for potential gains.,BUY: Momentum entry Q=0.455 >= 0.4,0.45508713608466156,0.5654187820753126,50.0,2.9587295295244758
2025-06-24 00:00:00-04:00,GOOGL,166.77000427246094,hold,0.11161622829414723,Waiting for better opportunity. No clear buy signal yet.,"HOLD: No entry signal (Q=0.223, RSI=50.0, ML=0.573)",0.22323245658829446,0.5728410095061752,50.0,-1.9655125875025874
2025-06-24 00:00:00-04:00,TSLA,340.4700012207031,buy,0.512874886790445,Strong upward momentum detected. Algorithm confidence: 50%. Good entry point for potential gains.,BUY: Momentum entry Q=0.499 >= 0.4,0.49886927452207863,0.5455546487499667,50.0,6.804726829075605
2025-06-24 00:00:00-04:00,NVDA,147.89999389648438,buy,0.5066433962380676,Strong upward momentum detected. Algorithm confidence: 46%. Good entry point for potential gains.,BUY: Momentum entry Q=0.461 >= 0.4,0.46109404793552494,0.6129252089440007,50.0,0.7435830576689284
2025-06-25 00:00:00-04:00,AAPL,201.33151245117188,hold,0.1408477900006413,Waiting for better opportunity. No clear buy signal yet.,"HOLD: No entry signal (Q=0.282, RSI=50.0, ML=0.622)",0.2816955800012826,0.6221763132260327,50.0,-0.3408406279890812
2025-06-25 00:00:00-04:00,MSFT,491.4620666503906,buy,0.5069357773784021,Strong upward momentum detected. Algorithm confidence: 55%. Good entry point for potential gains.,BUY: Momentum entry Q=0.546 >= 0.4,0.5457456722525289,0.41637935600543974,50.0,3.7526894817982566
2025-06-25 00:00:00-04:00,GOOGL,170.67999267578125,hold,0.14993380681576418,Waiting for better opportunity. No clear buy signal yet.,"HOLD: No entry signal (Q=0.300, RSI=50.0, ML=0.355)",0.29986761363152836,0.3554895183280281,50.0,-1.926052364769106
2025-06-25 00:00:00-04:00,TSLA,327.54998779296875,buy,0.4287853844844045,Strong upward momentum detected. Algorithm confidence: 44%. Good entry point for potential gains.,BUY: Momentum entry Q=0.445 >= 0.4,0.44507345559667394,0.39077988522244267,50.0,6.407559887228388
2025-06-25 00:00:00-04:00,NVDA,154.30999755859375,buy,0.4891795036382399,Strong upward momentum detected. Algorithm confidence: 48%. Good entry point for potential gains.,BUY: Momentum entry Q=0.480 >= 0.4,0.480073737674221,0.5104262908876174,50.0,1.4771629966839441
2025-06-26 00:00:00-04:00,AAPL,200.7721405029297,hold,0.13531243681531724,Waiting for better opportunity. No clear buy signal yet.,"HOLD: No entry signal (Q=0.271, RSI=50.0, ML=0.638)",0.2706248736306345,0.6375805015927517,50.0,-0.23208952273370187
2025-06-26 00:00:00-04:00,MSFT,496.6335754394531,buy,0.75,Strong upward momentum detected. Algorithm confidence: 39%. Good entry point for potential gains.,"BUY: MACD momentum MACD=4.745, Q=0.391",0.3908454569541719,0.445082545282178,50.0,4.744514197017224
2025-06-26 00:00:00-04:00,GOOGL,173.5399932861328,hold,0.1184307062203864,Waiting for better opportunity. No clear buy signal yet.,"HOLD: No entry signal (Q=0.237, RSI=50.0, ML=0.403)",0.2368614124407728,0.40340524538588984,50.0,-1.6450387243114903
2025-06-26 00:00:00-04:00,TSLA,325.7799987792969,buy,0.4364338597143779,Strong upward momentum detected. Algorithm confidence: 40%. Good entry point for potential gains.,BUY: Momentum entry Q=0.401 >= 0.4,0.40119297889624067,0.518662581623365,50.0,5.88217287600412
2025-06-26 00:00:00-04:00,NVDA,155.02000427246094,buy,0.5233794549567543,Strong upward momentum detected. Algorithm confidence: 45%. Good entry point for potential gains.,BUY: Momentum entry Q=0.446 >= 0.4,0.44637213772488893,0.7030631951644404,50.0,2.09171006001921
2025-06-27 00:00:00-04:00,AAPL,200.85205078125,hold,0.12976147851912118,Waiting for better opportunity. No clear buy signal yet.,"HOLD: No entry signal (Q=0.260, RSI=49.2, ML=0.451)",0.25952295703824235,0.4505887969488906,49.15870386000743,-0.13786616139711327
2025-06-27 00:00:00-04:00,MSFT,495.1260681152344,hold,0.11927021928854926,Waiting for better opportunity. No clear buy signal yet.,"HOLD: No entry signal (Q=0.239, RSI=75.4, ML=0.715)",0.23854043857709853,0.7151784227487809,75.44437937814054,5.347259310461766
2025-06-27 00:00:00-04:00,GOOGL,178.52999877929688,hold,0.10453891383041805,Waiting for better opportunity. No clear buy signal yet.,"HOLD: No entry signal (Q=0.209, RSI=53.6, ML=0.454)",0.2090778276608361,0.45397932238844924,53.64614590420807,-1.0080613458736423
2025-06-27 00:00:00-04:00,TSLA,323.6300048828125,buy,0.4506760005846502,Strong upward momentum detected. Algorithm confidence: 41%. Good entry point for potential gains.,BUY: Momentum entry Q=0.410 >= 0.4,0.41045914277734996,0.5445153354683508,57.14286541937118,5.232002082009103
2025-06-27 00:00:00-04:00,NVDA,157.75,hold,0.16046949751612097,Waiting for better opportunity. No clear buy signal yet.,"HOLD: No entry signal (Q=0.321, RSI=77.2, ML=0.493)",0.32093899503224194,0.4933690289576971,77.18280066298912,2.7671330872221063
2025-06-30 00:00:00-04:00,AAPL,204.93740844726562,buy,0.43736954253991955,Strong upward momentum detected. Algorithm confidence: 41%. Good entry point for potential gains.,BUY: Momentum entry Q=0.414 >= 0.4,0.4143058372167926,0.49118485496054926,57.131878707366205,0.2634241624250535
2025-06-30 00:00:00-04:00,MSFT,496.5936584472656,hold,0.13270133745588894,Waiting for better opportunity. No clear buy signal yet.,"HOLD: No entry signal (Q=0.265, RSI=76.2, ML=0.620)",0.2654026749117779,0.6198800976796751,76.2117440185278,5.875630815454031
2025-06-30 00:00:00-04:00,GOOGL,176.22999572753906,hold,0.13629452549479404,Waiting for better opportunity. No clear buy signal yet.,"HOLD: No entry signal (Q=0.273, RSI=50.2, ML=0.492)",0.2725890509895881,0.4915296856815674,50.19574845033365,-0.6809931435811052
2025-06-30 00:00:00-04:00,TSLA,317.6600036621094,buy,0.5830036326717156,Strong upward momentum detected. Algorithm confidence: 51%. Good entry point for potential gains.,BUY: Momentum entry Q=0.509 >= 0.4,0.5087170606900564,0.7563389672955874,54.07834014212659,4.186745640822892
2025-06-30 00:00:00-04:00,NVDA,157.99000549316406,hold,0.08010650511942115,Waiting for better opportunity. No clear buy signal yet.,"HOLD: No entry signal (Q=0.160, RSI=77.4, ML=0.560)",0.1602130102388423,0.559953138097235,77.37789398724716,3.2839221297876406
2025-07-01 00:00:00-04:00,AAPL,207.58441162109375,buy,0.5552156117646089,Strong upward momentum detected. Algorithm confidence: 49%. Good entry point for potential gains.,BUY: Momentum entry Q=0.490 >= 0.4,0.4898665745716504,0.707696698548179,59.3602257595563,0.7859803768654956
2025-07-01 00:00:00-04:00,MSFT,491.242431640625,hold,0.15459081760393834,Waiting for better opportunity. No clear buy signal yet.,"HOLD: No entry signal (Q=0.309, RSI=70.9, ML=0.608)",0.30918163520787667,0.6079094121901857,70.89180764271842,5.7957598468645415
2025-07-01 00:00:00-04:00,GOOGL,175.83999633789062,hold,0.139406399029957,Waiting for better opportunity. No clear buy signal yet.,"HOLD: No entry signal (Q=0.279, RSI=45.9, ML=0.507)",0.278812798059914,0.5073771363407741,45.89772805620167,-0.4480935843371583
2025-07-01 00:00:00-04:00,TSLA,300.7099914550781,buy,0.5084228278989745,Strong upward momentum detected. Algorithm confidence: 49%. Good entry point for potential gains.,BUY: Momentum entry Q=0.490 >= 0.4,0.49028121355147725,0.5507532613764681,38.54279403887823,1.9679626046793715
2025-07-01 00:00:00-04:00,NVDA,153.3000030517578,hold,0.1725109103367354,Waiting for better opportunity. No clear buy signal yet.,"HOLD: No entry signal (Q=0.345, RSI=64.9, ML=0.622)",0.3450218206734708,0.6215585227554095,64.87430557477265,3.2772589669015986
2025-07-02 00:00:00-04:00,AAPL,212.1991729736328,hold,0.11750674251567722,Waiting for better opportunity. No clear buy signal yet.,"HOLD: No entry signal (Q=0.235, RSI=74.2, ML=0.580)",0.23501348503135444,0.5804115209972716,74.18552331144879,1.5545625857963898
2025-07-02 00:00:00-04:00,MSFT,490.2840270996094,buy,0.517852099656897,Strong upward momentum detected. Algorithm confidence: 53%. Good entry point for potential gains.,BUY: Momentum entry Q=0.534 >= 0.4,0.5341339646163146,0.47986108141825623,68.53301843388645,5.590680408408673
2025-07-02 00:00:00-04:00,GOOGL,178.63999938964844,hold,0.11788232136213628,Waiting for better opportunity. No clear buy signal yet.,"HOLD: No entry signal (Q=0.236, RSI=51.8, ML=0.560)",0.23576464272427256,0.5600513465066688,51.83289661449311,-0.03715387328685438
2025-07-02 00:00:00-04:00,TSLA,315.6499938964844,buy,0.4923252315701039,Strong upward momentum detected. Algorithm confidence: 49%. Good entry point for potential gains.,BUY: Momentum entry Q=0.491 >= 0.4,0.4905574329493102,0.49645009501862253,45.7003839284171,1.3989679693552262
2025-07-02 00:00:00-04:00,NVDA,157.25,hold,0.13564136602147303,Waiting for better opportunity. No clear buy signal yet.,"HOLD: No entry signal (Q=0.271, RSI=71.0, ML=0.554)",0.27128273204294606,0.5535723974819093,71.0449510814546,3.5497903312591745
2025-07-03 00:00:00-04:00,AAPL,213.30792236328125,hold,0.13570062259754165,Waiting for better opportunity. No clear buy signal yet.,"HOLD: No entry signal (Q=0.271, RSI=74.8, ML=0.448)",0.2714012451950833,0.44788902909125694,74.80122081940638,2.2274595659187924
2025-07-03 00:00:00-04:00,MSFT,498.02130126953125,buy,0.85,AI model predicts price increase based on market patterns. High probability setup.,"BUY: Strong ML signal ML=0.701, Q=0.394",0.39392995549605,0.7005294338867575,69.45256163423397,5.983512629345512
2025-07-03 00:00:00-04:00,GOOGL,179.52999877929688,buy,0.5126154728528565,Strong upward momentum detected. Algorithm confidence: 41%. Good entry point for potential gains.,BUY: Momentum entry Q=0.414 >= 0.4,0.41390772161498707,0.7429335590745518,55.562011252412574,0.35622794706108607
2025-07-03 00:00:00-04:00,TSLA,315.3500061035156,buy,0.49838649204310936,Strong upward momentum detected. Algorithm confidence: 45%. Good entry point for potential gains.,BUY: Momentum entry Q=0.454 >= 0.4,0.4535688441880035,0.6029610037050233,48.41136582541748,0.9133011465783056
2025-07-03 00:00:00-04:00,NVDA,159.33999633789062,hold,0.1380998992767604,Waiting for better opportunity. No clear buy signal yet.,"HOLD: No entry signal (Q=0.276, RSI=71.0, ML=0.572)",0.2761997985535208,0.5716738675471538,70.9771787751895,3.889581958992011
2025-07-07 00:00:00-04:00,AAPL,209.7119903564453,hold,0.12301570132368815,Waiting for better opportunity. No clear buy signal yet.,"HOLD: No entry signal (Q=0.246, RSI=72.7, ML=0.478)",0.2460314026473763,0.4778800482549895,72.66617866652851,2.4424189251170674
2025-07-07 00:00:00-04:00,MSFT,496.90313720703125,hold,0.11302903321937283,Waiting for better opportunity. No clear buy signal yet.,"HOLD: No entry signal (Q=0.226, RSI=73.4, ML=0.623)",0.22605806643874565,0.6225670578277334,73.44459642255288,6.133900710514354
2025-07-07 00:00:00-04:00,GOOGL,176.7899932861328,buy,0.4830616955554877,Strong upward momentum detected. Algorithm confidence: 48%. Good entry point for potential gains.,BUY: Momentum entry Q=0.479 >= 0.4,0.47868809893164654,0.4932667543444506,52.93303024059393,0.4417975624424173
2025-07-07 00:00:00-04:00,TSLA,293.94000244140625,hold,0.11551172695559173,Waiting for better opportunity. No clear buy signal yet.,"HOLD: No entry signal (Q=0.231, RSI=38.3, ML=0.414)",0.23102345391118345,0.413839620044242,38.25533583506659,-1.1855355582338234
2025-07-07 00:00:00-04:00,NVDA,158.24000549316406,hold,0.10677477394110804,Waiting for better opportunity. No clear buy signal yet.,"HOLD: No entry signal (Q=0.214, RSI=75.2, ML=0.641)",0.21354954788221608,0.6411664951770856,75.22482476041324,4.023726193004052
2025-07-08 00:00:00-04:00,AAPL,209.7719268798828,hold,0.0932444811826144,Waiting for better opportunity. No clear buy signal yet.,"HOLD: No entry signal (Q=0.186, RSI=70.8, ML=0.629)",0.1864889623652288,0.6292465990582474,70.79292553637565,2.587781804704804
2025-07-08 00:00:00-04:00,MSFT,495.804931640625,buy,0.4483104809571637,Strong upward momentum detected. Algorithm confidence: 41%. Good entry point for potential gains.,BUY: Momentum entry Q=0.409 >= 0.4,0.4085295376533415,0.5411326819994156,69.22567960473054,6.094217985785008
2025-07-08 00:00:00-04:00,GOOGL,174.36000061035156,buy,0.4378559201506651,Strong upward momentum detected. Algorithm confidence: 44%. Good entry point for potential gains.,BUY: Momentum entry Q=0.436 >= 0.4,0.43557133157606476,0.44318662682473275,46.69590954011091,0.3099589842606747
2025-07-08 00:00:00-04:00,TSLA,297.80999755859375,hold,0.1220606974279251,Waiting for better opportunity. No clear buy signal yet.,"HOLD: No entry signal (Q=0.244, RSI=38.3, ML=0.643)",0.2441213948558502,0.6426448093720311,38.27843823067456,-2.507695353986321
2025-07-08 00:00:00-04:00,NVDA,160.0,hold,0.12319835703433328,Waiting for better opportunity. No clear buy signal yet.,"HOLD: No entry signal (Q=0.246, RSI=74.5, ML=0.587)",0.24639671406866656,0.5872199905434982,74.46469848143488,4.223368944493217
2025-07-09 00:00:00-04:00,AAPL,210.90065002441406,hold,0.10484022328046488,Waiting for better opportunity. No clear buy signal yet.,"HOLD: No entry signal (Q=0.210, RSI=79.6, ML=0.380)",0.20968044656092977,0.38023415184375886,79.55755300747083,2.7622203024674548
2025-07-09 00:00:00-04:00,MSFT,502.68365478515625,hold,0.1235988596436496,Waiting for better opportunity. No clear buy signal yet.,"HOLD: No entry signal (Q=0.247, RSI=74.8, ML=0.641)",0.2471977192872992,0.6412367868520951,74.8488015059012,6.542407805736957
2025-07-09 00:00:00-04:00,GOOGL,176.6199951171875,buy,0.46889994107415345,Strong upward momentum detected. Algorithm confidence: 40%. Good entry point for potential gains.,BUY: Momentum entry Q=0.405 >= 0.4,0.4052634281014646,0.6173851380104274,50.88366970970456,0.38341881689427737
2025-07-09 00:00:00-04:00,TSLA,295.8800048828125,hold,0.1474311003752671,Waiting for better opportunity. No clear buy signal yet.,"HOLD: No entry signal (Q=0.295, RSI=41.7, ML=0.595)",0.2948622007505342,0.5948895030173148,41.661911890074045,-3.668957340703912
2025-07-09 00:00:00-04:00,NVDA,162.8800048828125,hold,0.13578846646208378,Waiting for better opportunity. No clear buy signal yet.,"HOLD: No entry signal (Q=0.272, RSI=77.9, ML=0.660)",0.27157693292416757,0.6597181604566205,77.91670148337336,4.561398624266161
2025-07-10 00:00:00-04:00,AAPL,212.16920471191406,hold,0.1035541473217721,Waiting for better opportunity. No clear buy signal yet.,"HOLD: No entry signal (Q=0.207, RSI=79.8, ML=0.649)",0.2071082946435442,0.6489900679744918,79.81163525432233,2.9686055928516453
2025-07-10 00:00:00-04:00,MSFT,500.656982421875,hold,0.12182200876015307,Waiting for better opportunity. No clear buy signal yet.,"HOLD: No entry signal (Q=0.244, RSI=70.8, ML=0.596)",0.24364401752030615,0.596115558510956,70.7909371572126,6.657324452722605
2025-07-10 00:00:00-04:00,GOOGL,177.6199951171875,buy,0.46503036153143285,Strong upward momentum detected. Algorithm confidence: 42%. Good entry point for potential gains.,BUY: Momentum entry Q=0.422 >= 0.4,0.42207870483259485,0.5652508938287215,55.92611347526083,0.5163754513861818
2025-07-10 00:00:00-04:00,TSLA,309.8699951171875,hold,0.0717333779780471,Waiting for better opportunity. No clear buy signal yet.,"HOLD: No entry signal (Q=0.143, RSI=45.4, ML=0.555)",0.1434667559560942,0.5553876485179694,45.352566117937045,-3.4209558889148184
2025-07-10 00:00:00-04:00,NVDA,164.10000610351562,hold,0.12173354393220094,Waiting for better opportunity. No clear buy signal yet.,"HOLD: No entry signal (Q=0.243, RSI=77.8, ML=0.574)",0.24346708786440188,0.574274018279791,77.82430308190364,4.871576976460403
2025-07-11 00:00:00-04:00,AAPL,210.92062377929688,hold,0.07340129214088129,Waiting for better opportunity. No clear buy signal yet.,"HOLD: No entry signal (Q=0.147, RSI=71.7, ML=0.446)",0.14680258428176257,0.4457667159308166,71.72794196917734,2.9968713090082417
2025-07-11 00:00:00-04:00,MSFT,502.49395751953125,hold,0.12887866899739892,Waiting for better opportunity. No clear buy signal yet.,"HOLD: No entry signal (Q=0.258, RSI=75.9, ML=0.492)",0.25775733799479783,0.4924186370540361,75.878593371661,6.818031241453468
2025-07-11 00:00:00-04:00,GOOGL,180.19000244140625,hold,0.1209643132611625,Waiting for better opportunity. No clear buy signal yet.,"HOLD: No entry signal (Q=0.242, RSI=71.1, ML=0.495)",0.241928626522325,0.4948727669705566,71.05999972489592,0.8196739635168626
2025-07-11 00:00:00-04:00,TSLA,313.510009765625,hold,0.13394608362377602,Waiting for better opportunity. No clear buy signal yet.,"HOLD: No entry signal (Q=0.268, RSI=46.8, ML=0.389)",0.26789216724755205,0.38903457192085567,46.78606101384959,-2.8972959659691924
2025-07-11 00:00:00-04:00,NVDA,164.9199981689453,hold,0.11869767995012122,Waiting for better opportunity. No clear buy signal yet.,"HOLD: No entry signal (Q=0.237, RSI=82.3, ML=0.638)",0.23739535990024244,0.6377346212940779,82.26647144127652,5.124490129678662
2025-07-14 00:00:00-04:00,AAPL,208.3834991455078,buy,0.4311856054202737,Strong upward momentum detected. Algorithm confidence: 42%. Good entry point for potential gains.,BUY: Momentum entry Q=0.420 >= 0.4,0.4196018722212094,0.4582143162180904,64.00468979392912,2.782472724851374
2025-07-14 00:00:00-04:00,MSFT,502.1944274902344,hold,0.1054882836749448,Waiting for better opportunity. No clear buy signal yet.,"HOLD: No entry signal (Q=0.211, RSI=70.4, ML=0.622)",0.2109765673498896,0.6222206305566759,70.36856838078961,6.842348623547082
2025-07-14 00:00:00-04:00,GOOGL,181.55999755859375,hold,0.16469838163619244,Waiting for better opportunity. No clear buy signal yet.,"HOLD: No entry signal (Q=0.329, RSI=75.5, ML=0.509)",0.3293967632723849,0.5088535249428191,75.50638358574452,1.1572473488818673
2025-07-14 00:00:00-04:00,TSLA,316.8999938964844,hold,0.15502345932951464,Waiting for better opportunity. No clear buy signal yet.,"HOLD: No entry signal (Q=0.310, RSI=35.7, ML=0.525)",0.3100469186590293,0.524572534555648,35.74120298548743,-2.1835773952057025
2025-07-14 00:00:00-04:00,NVDA,164.07000732421875,hold,0.12406723408913342,Waiting for better opportunity. No clear buy signal yet.,"HOLD: No entry signal (Q=0.248, RSI=80.0, ML=0.470)",0.24813446817826684,0.46969089128330077,79.98797875173088,5.196437175160042
2025-07-15 00:00:00-04:00,AAPL,208.87295532226562,buy,0.49881555609681694,Strong upward momentum detected. Algorithm confidence: 46%. Good entry point for potential gains.,BUY: Momentum entry Q=0.455 >= 0.4,0.4549265730451525,0.6012231832173673,67.82676645470158,2.6218324724487445
2025-07-15 00:00:00-04:00,MSFT,504.9898376464844,buy,0.4534600766514128,Strong upward momentum detected. Algorithm confidence: 47%. Good entry point for potential gains.,BUY: Momentum entry Q=0.471 >= 0.4,0.47121836672326095,0.4120240664837671,69.40942499964123,7.006420902625621
2025-07-15 00:00:00-04:00,GOOGL,182.0,hold,0.14461525667638428,Waiting for better opportunity. No clear buy signal yet.,"HOLD: No entry signal (Q=0.289, RSI=74.6, ML=0.679)",0.28923051335276856,0.6787076124195577,74.60419584694668,1.4436398273411726
2025-07-15 00:00:00-04:00,TSLA,310.7799987792969,hold,0.16896189589295918,Waiting for better opportunity. No clear buy signal yet.,"HOLD: No entry signal (Q=0.338, RSI=36.4, ML=0.402)",0.33792379178591836,0.40217089774145437,36.42432141282325,-2.0877168446087353
2025-07-15 00:00:00-04:00,NVDA,170.6999969482422,hold,0.1900809318327608,Waiting for better opportunity. No clear buy signal yet.,"HOLD: No entry signal (Q=0.380, RSI=81.6, ML=0.506)",0.3801618636655216,0.5059244065693363,81.59648167907713,5.722475346896175
2025-07-16 00:00:00-04:00,AAPL,209.92176818847656,buy,0.75,Strong upward momentum detected. Algorithm confidence: 37%. Good entry point for potential gains.,"BUY: MACD momentum MACD=2.550, Q=0.369",0.368884801253481,0.5462107955731755,67.55099559487846,2.549762275734736
2025-07-16 00:00:00-04:00,MSFT,504.7901611328125,buy,0.4681409679957771,Strong upward momentum detected. Algorithm confidence: 42%. Good entry point for potential gains.,BUY: Momentum entry Q=0.415 >= 0.4,0.4147376517630472,0.5927487058721468,67.33313383504243,7.039193696794541
2025-07-16 00:00:00-04:00,GOOGL,182.97000122070312,hold,0.12161321317606238,Waiting for better opportunity. No clear buy signal yet.,"HOLD: No entry signal (Q=0.243, RSI=71.9, ML=0.556)",0.24322642635212477,0.5564884088234578,71.93860096401085,1.7289486776164722
2025-07-16 00:00:00-04:00,TSLA,321.6700134277344,hold,0.09558934891097484,Waiting for better opportunity. No clear buy signal yet.,"HOLD: No entry signal (Q=0.191, RSI=47.3, ML=0.521)",0.19117869782194968,0.5210349133541249,47.26054060940193,-1.1201016624182785
2025-07-16 00:00:00-04:00,NVDA,171.3699951171875,hold,0.10602881559016714,Waiting for better opportunity. No clear buy signal yet.,"HOLD: No entry signal (Q=0.212, RSI=78.1, ML=0.683)",0.21205763118033427,0.68276161119267,78.11472771530306,6.122847268748927
2025-07-17 00:00:00-04:00,AAPL,209.78192138671875,buy,0.44765896463031274,Strong upward momentum detected. Algorithm confidence: 43%. Good entry point for potential gains.,BUY: Momentum entry Q=0.426 >= 0.4,0.4262012528977528,0.49772695867295275,68.72921188006758,2.4530840317219145
2025-07-17 00:00:00-04:00,MSFT,510.8601989746094,buy,0.47922896391362435,Strong upward momentum detected. Algorithm confidence: 44%. Good entry point for potential gains.,BUY: Momentum entry Q=0.444 >= 0.4,0.4438172166644888,0.5618563741616074,68.079145562993,7.46887119873071
2025-07-17 00:00:00-04:00,GOOGL,183.5800018310547,buy,0.47630465972708314,Strong upward momentum detected. Algorithm confidence: 41%. Good entry point for potential gains.,BUY: Momentum entry Q=0.413 >= 0.4,0.4131889975637499,0.6235745381081942,69.48758683764086,1.9814391511352483
2025-07-17 00:00:00-04:00,TSLA,319.4100036621094,hold,0.1148765206317883,Waiting for better opportunity. No clear buy signal yet.,"HOLD: No entry signal (Q=0.230, RSI=47.0, ML=0.611)",0.2297530412635766,0.6114088934534393,47.045730794249636,-0.5295195874480783
2025-07-17 00:00:00-04:00,NVDA,173.0,hold,0.1291451524597298,Waiting for better opportunity. No clear buy signal yet.,"HOLD: No entry signal (Q=0.258, RSI=78.8, ML=0.491)",0.2582903049194596,0.4906347876858479,78.7588234805992,6.496781816194158
2025-07-18 00:00:00-04:00,AAPL,210.9405975341797,hold,0.15664212582051845,Waiting for better opportunity. No clear buy signal yet.,"HOLD: No entry signal (Q=0.313, RSI=70.1, ML=0.510)",0.3132842516410369,0.5097560166588756,70.0715049431731,2.441813601233264
2025-07-18 00:00:00-04:00,MSFT,509.212890625,buy,0.48313596631510614,Strong upward momentum detected. Algorithm confidence: 40%. Good entry point for potential gains.,BUY: Momentum entry Q=0.405 >= 0.4,0.4054003464405731,0.6645190793556832,67.83810500590872,7.588988561831684
2025-07-18 00:00:00-04:00,GOOGL,185.05999755859375,buy,0.558904974949901,Strong upward momentum detected. Algorithm confidence: 48%. Good entry point for potential gains.,BUY: Momentum entry Q=0.485 >= 0.4,0.4853461879021574,0.7305421447279694,64.67415456021769,2.2747411567882807
2025-07-18 00:00:00-04:00,TSLA,329.6499938964844,buy,0.517839428054635,Strong upward momentum detected. Algorithm confidence: 53%. Good entry point for potential gains.,BUY: Momentum entry Q=0.534 >= 0.4,0.5339712814611319,0.48019843677280877,52.5970618337774,0.7560868955408182
2025-07-18 00:00:00-04:00,NVDA,172.41000366210938,hold,0.09539376442313811,Waiting for better opportunity. No clear buy signal yet.,"HOLD: No entry signal (Q=0.191, RSI=75.2, ML=0.502)",0.19078752884627623,0.5015073235324742,75.17174018526457,6.668647844176263
2025-07-21 00:00:00-04:00,AAPL,212.23912048339844,buy,0.4793060435783413,Strong upward momentum detected. Algorithm confidence: 50%. Good entry point for potential gains.,BUY: Momentum entry Q=0.497 >= 0.4,0.49705924299477877,0.4378819116066539,66.33881483029347,2.5087424325404584
2025-07-21 00:00:00-04:00,MSFT,509.2228698730469,hold,0.1707579359161235,Waiting for better opportunity. No clear buy signal yet.,"HOLD: No entry signal (Q=0.342, RSI=66.6, ML=0.748)",0.341515871832247,0.7479259117939655,66.60532803461714,7.597409472232698
2025-07-21 00:00:00-04:00,GOOGL,190.10000610351562,hold,0.1080929088750274,Waiting for better opportunity. No clear buy signal yet.,"HOLD: No entry signal (Q=0.216, RSI=77.8, ML=0.486)",0.2161858177500548,0.48567407705876864,77.75111510033614,2.8806651630140436
2025-07-21 00:00:00-04:00,TSLA,328.489990234375,buy,0.49330867732208206,Strong upward momentum detected. Algorithm confidence: 47%. Good entry point for potential gains.,BUY: Momentum entry Q=0.474 >= 0.4,0.4738147651425573,0.5387944724076399,54.8744202580245,1.662176162494461
2025-07-21 00:00:00-04:00,NVDA,171.3800048828125,hold,0.1471024566562096,Waiting for better opportunity. No clear buy signal yet.,"HOLD: No entry signal (Q=0.294, RSI=72.4, ML=0.544)",0.2942049133124192,0.5438914997291053,72.38384861790684,6.64513958348698
2025-07-22 00:00:00-04:00,AAPL,214.15695190429688,buy,0.4638936643750695,Strong upward momentum detected. Algorithm confidence: 46%. Good entry point for potential gains.,BUY: Momentum entry Q=0.463 >= 0.4,0.4629148969859074,0.4661774549497812,65.20329748678873,2.6855792948323938
2025-07-22 00:00:00-04:00,MSFT,504.44073486328125,buy,0.75,Strong upward momentum detected. Algorithm confidence: 36%. Good entry point for potential gains.,"BUY: MACD momentum MACD=7.136, Q=0.361",0.36051325259169054,0.6040627535161041,67.61723587303656,7.135946031201115
2025-07-22 00:00:00-04:00,GOOGL,191.33999633789062,hold,0.14929048254674734,Waiting for better opportunity. No clear buy signal yet.,"HOLD: No entry signal (Q=0.299, RSI=80.0, ML=0.662)",0.2985809650934947,0.6623883403205578,79.99226431249815,3.4214804553859324
2025-07-22 00:00:00-04:00,TSLA,332.1099853515625,buy,0.5291092185752915,Strong upward momentum detected. Algorithm confidence: 47%. Good entry point for potential gains.,BUY: Momentum entry Q=0.469 >= 0.4,0.4690727871867539,0.6691942251485461,66.05973842159531,2.6419075215928274
2025-07-22 00:00:00-04:00,NVDA,167.02999877929688,hold,0.0791261509327468,Waiting for better opportunity. No clear buy signal yet.,"HOLD: No entry signal (Q=0.158, RSI=73.2, ML=0.671)",0.1582523018654936,0.6712144641860334,73.21612036140208,6.203984310205101
2025-07-23 00:00:00-04:00,AAPL,213.9072265625,buy,0.476103206049484,Strong upward momentum detected. Algorithm confidence: 43%. Good entry point for potential gains.,BUY: Momentum entry Q=0.431 >= 0.4,0.4314332276486719,0.5803331556513789,54.950744210443446,2.773600691928209
2025-07-23 00:00:00-04:00,MSFT,505.0397644042969,buy,0.42092921394705474,Strong upward momentum detected. Algorithm confidence: 48%. Good entry point for potential gains.,BUY: Momentum entry Q=0.475 >= 0.4,0.47473170669839443,0.29539006419392894,69.88690954079416,6.740865110232335
2025-07-23 00:00:00-04:00,GOOGL,190.22999572753906,hold,0.0709663320723618,Waiting for better opportunity. No clear buy signal yet.,"HOLD: No entry signal (Q=0.142, RSI=74.0, ML=0.651)",0.1419326641447236,0.6507686413384131,73.99585769580221,3.717657852795867
2025-07-23 00:00:00-04:00,TSLA,332.55999755859375,buy,0.5274151597177068,Strong upward momentum detected. Algorithm confidence: 47%. Good entry point for potential gains.,BUY: Momentum entry Q=0.473 >= 0.4,0.47286833056894373,0.6546910943981541,60.15372036336703,3.415294517212601
2025-07-23 00:00:00-04:00,NVDA,170.77999877929688,hold,0.13999076227168827,Waiting for better opportunity. No clear buy signal yet.,"HOLD: No entry signal (Q=0.280, RSI=73.0, ML=0.407)",0.27998152454337655,0.40659131626055345,73.03373355015353,6.086794460081677
2025-07-24 00:00:00-04:00,AAPL,213.51766967773438,buy,0.75,Strong upward momentum detected. Algorithm confidence: 40%. Good entry point for potential gains.,"BUY: MACD momentum MACD=2.780, Q=0.400",0.39964537581296444,0.6296461279126874,50.63439524309715,2.779879577000031
2025-07-24 00:00:00-04:00,MSFT,510.0415344238281,buy,0.5051266276869715,Strong upward momentum detected. Algorithm confidence: 46%. Good entry point for potential gains.,BUY: Momentum entry Q=0.461 >= 0.4,0.46106138591584184,0.6079455251529405,67.4897671192609,6.753511397524392
2025-07-24 00:00:00-04:00,GOOGL,192.1699981689453,hold,0.12078773534357272,Waiting for better opportunity. No clear buy signal yet.,"HOLD: No entry signal (Q=0.242, RSI=75.1, ML=0.679)",0.24157547068714544,0.6785024437820442,75.07936690549903,4.062097229536363
2025-07-24 00:00:00-04:00,TSLA,305.29998779296875,buy,0.75,Strong upward momentum detected. Algorithm confidence: 37%. Good entry point for potential gains.,"BUY: MACD momentum MACD=1.808, Q=0.373",0.3730065911938916,0.6301946921213263,45.44134205348424,1.8077160906858012
2025-07-24 00:00:00-04:00,NVDA,173.74000549316406,hold,0.11624245415350397,Waiting for better opportunity. No clear buy signal yet.,"HOLD: No entry signal (Q=0.232, RSI=73.8, ML=0.490)",0.23248490830700794,0.4896733885006898,73.80955865026212,6.161739763113019
2025-07-25 00:00:00-04:00,AAPL,213.63754272460938,hold,0.170317332534515,Waiting for better opportunity. No clear buy signal yet.,"HOLD: No entry signal (Q=0.341, RSI=65.0, ML=0.499)",0.34063466506903,0.49925084775097855,65.03441496890439,2.762681914319842
2025-07-25 00:00:00-04:00,MSFT,512.866943359375,hold,0.10212328122365913,Waiting for better opportunity. No clear buy signal yet.,"HOLD: No entry signal (Q=0.204, RSI=72.1, ML=0.558)",0.20424656244731826,0.5584920162378799,72.12839581376853,6.911845111514538
2025-07-25 00:00:00-04:00,GOOGL,193.17999267578125,hold,0.14171761949195358,Waiting for better opportunity. No clear buy signal yet.,"HOLD: No entry signal (Q=0.283, RSI=84.9, ML=0.465)",0.28343523898390716,0.4651981872745431,84.91693479545603,4.366234796137178
2025-07-25 00:00:00-04:00,TSLA,316.05999755859375,buy,0.4822245769350417,Strong upward momentum detected. Algorithm confidence: 46%. Good entry point for potential gains.,BUY: Momentum entry Q=0.458 >= 0.4,0.45756486252067047,0.5397639105685749,61.10664356345222,1.3859649276654977
2025-07-25 00:00:00-04:00,NVDA,173.5,hold,0.128867753969098,Waiting for better opportunity. No clear buy signal yet.,"HOLD: No entry signal (Q=0.258, RSI=76.0, ML=0.515)",0.257735507938196,0.5152446678913425,75.97004747469029,6.131092599217226
2025-07-28 00:00:00-04:00,AAPL,213.80735778808594,buy,0.75,Strong upward momentum detected. Algorithm confidence: 36%. Good entry point for potential gains.,"BUY: MACD momentum MACD=2.731, Q=0.355",0.3547257992313171,0.513861648746668,65.32624468583244,2.7312709082885362
2025-07-28 00:00:00-04:00,MSFT,511.65887451171875,hold,0.0769336695546749,Waiting for better opportunity. No clear buy signal yet.,"HOLD: No entry signal (Q=0.154, RSI=71.9, ML=0.409)",0.1538673391093498,0.40929115660884363,71.90937692417992,6.860758111989924
2025-07-28 00:00:00-04:00,GOOGL,192.5800018310547,hold,0.11505210876128893,Waiting for better opportunity. No clear buy signal yet.,"HOLD: No entry signal (Q=0.230, RSI=92.1, ML=0.345)",0.23010421752257787,0.34475082543971036,92.09800042025161,4.5068990353917115
2025-07-28 00:00:00-04:00,TSLA,325.5899963378906,buy,0.5785024483800562,Strong upward momentum detected. Algorithm confidence: 58%. Good entry point for potential gains.,BUY: Momentum entry Q=0.576 >= 0.4,0.5762917077201304,0.5836608432532163,63.198400466289016,1.799966455526146
2025-07-28 00:00:00-04:00,NVDA,176.75,hold,0.08980213597513151,Waiting for better opportunity. No clear buy signal yet.,"HOLD: No entry signal (Q=0.180, RSI=77.1, ML=0.708)",0.17960427195026302,0.7084915858441844,77.129903870108,6.296470546601256
2025-07-29 00:00:00-04:00,AAPL,211.03050231933594,buy,0.75,Strong upward momentum detected. Algorithm confidence: 36%. Good entry point for potential gains.,"BUY: MACD momentum MACD=2.454, Q=0.356",0.3562638519466618,0.37453411513189294,50.43829831067161,2.4540200153632554
2025-07-29 00:00:00-04:00,MSFT,511.728759765625,buy,0.4306169467319926,Strong upward momentum detected. Algorithm confidence: 40%. Good entry point for potential gains.,BUY: Momentum entry Q=0.401 >= 0.4,0.4009735492343731,0.4997848742264381,65.39755501019266,6.748122299431998
2025-07-29 00:00:00-04:00,GOOGL,195.75,hold,0.09934826243926481,Waiting for better opportunity. No clear buy signal yet.,"HOLD: No entry signal (Q=0.199, RSI=92.4, ML=0.517)",0.19869652487852962,0.516784302692669,92.4168852294842,4.818622734491129
2025-07-29 00:00:00-04:00,TSLA,321.20001220703125,buy,0.5771128535852535,Strong upward momentum detected. Algorithm confidence: 49%. Good entry point for potential gains.,BUY: Momentum entry Q=0.493 >= 0.4,0.4927218875850741,0.7740251075856723,61.754876719765925,1.7536160244022199
2025-07-29 00:00:00-04:00,NVDA,175.50999450683594,hold,0.11784290969171858,Waiting for better opportunity. No clear buy signal yet.,"HOLD: No entry signal (Q=0.236, RSI=71.6, ML=0.555)",0.23568581938343716,0.5549089903443661,71.60450131733013,6.255367696275329
2025-07-30 00:00:00-04:00,AAPL,208.81301879882812,buy,0.48036772090759605,Strong upward momentum detected. Algorithm confidence: 50%. Good entry point for potential gains.,BUY: Momentum entry Q=0.498 >= 0.4,0.49806355843083217,0.43907743335337857,39.35366204286783,2.031941342456946
2025-07-30 00:00:00-04:00,MSFT,512.3976440429688,hold,0.10148085616509495,Waiting for better opportunity. No clear buy signal yet.,"HOLD: No entry signal (Q=0.203, RSI=71.0, ML=0.643)",0.2029617123301899,0.6434548869689816,70.95491554153422,6.636331479245257
2025-07-30 00:00:00-04:00,GOOGL,196.52999877929688,hold,0.129913693623781,Waiting for better opportunity. No clear buy signal yet.,"HOLD: No entry signal (Q=0.260, RSI=92.3, ML=0.634)",0.259827387247562,0.6343929268152259,92.34217427966583,5.070159749119881
2025-07-30 00:00:00-04:00,TSLA,319.0400085449219,buy,0.4750843224175054,Strong upward momentum detected. Algorithm confidence: 44%. Good entry point for potential gains.,BUY: Momentum entry Q=0.439 >= 0.4,0.4390584695073483,0.5591446458745388,54.78252371740737,1.5250093714228683
2025-07-30 00:00:00-04:00,NVDA,179.27000427246094,hold,0.18025606762161792,Waiting for better opportunity. No clear buy signal yet.,"HOLD: No entry signal (Q=0.361, RSI=73.9, ML=0.557)",0.36051213524323583,0.5565149669088988,73.87471849050877,6.451822165827394
2025-07-31 00:00:00-04:00,AAPL,207.33470153808594,buy,0.5214284718458659,Strong upward momentum detected. Algorithm confidence: 44%. Good entry point for potential gains.,BUY: Momentum entry Q=0.438 >= 0.4,0.4378045647286322,0.7165509217860782,38.78831538722097,1.5601684543662202
2025-07-31 00:00:00-04:00,MSFT,532.6243896484375,hold,0.08199435932559956,Waiting for better opportunity. No clear buy signal yet.,"HOLD: No entry signal (Q=0.164, RSI=82.5, ML=0.599)",0.16398871865119913,0.5986457036887056,82.4654305447591,8.086647933617883
2025-07-31 00:00:00-04:00,GOOGL,191.89999389648438,hold,0.09622786078916445,Waiting for better opportunity. No clear buy signal yet.,"HOLD: No entry signal (Q=0.192, RSI=74.0, ML=0.595)",0.1924557215783289,0.5949441783814419,74.00573815925958,4.840108191591895
2025-07-31 00:00:00-04:00,TSLA,308.2699890136719,buy,0.4801762059597716,Strong upward momentum detected. Algorithm confidence: 46%. Good entry point for potential gains.,BUY: Momentum entry Q=0.455 >= 0.4,0.45495521557356794,0.5390251835275802,47.456301359513255,0.4693757135025862
2025-07-31 00:00:00-04:00,NVDA,177.8699951171875,hold,0.08696910355490575,Waiting for better opportunity. No clear buy signal yet.,"HOLD: No entry signal (Q=0.174, RSI=70.0, ML=0.618)",0.1739382071098115,0.6181515463466928,70.0154380165757,6.420532804334073
2025-08-01 00:00:00-04:00,AAPL,202.1505889892578,buy,0.85,AI model predicts price increase based on market patterns. High probability setup.,"BUY: Strong ML signal ML=0.780, Q=0.367",0.3670834857632324,0.7800848917575313,33.279820682134854,0.75921868396847
2025-08-01 00:00:00-04:00,MSFT,523.2498168945312,buy,0.43250165856566736,Strong upward momentum detected. Algorithm confidence: 42%. Good entry point for potential gains.,BUY: Momentum entry Q=0.424 >= 0.4,0.42415351362713255,0.45198066342224863,68.97602936961923,8.382951056434422
2025-08-01 00:00:00-04:00,GOOGL,189.1300048828125,buy,0.3906255351242622,Strong upward momentum detected. Algorithm confidence: 43%. Good entry point for potential gains.,BUY: Momentum entry Q=0.431 >= 0.4,0.4307091350944607,0.29709713519379904,64.6762578009812,4.383742654642134
2025-08-01 00:00:00-04:00,TSLA,302.6300048828125,hold,0.11064521644716609,Waiting for better opportunity. No clear buy signal yet.,"HOLD: No entry signal (Q=0.221, RSI=43.2, ML=0.420)",0.22129043289433217,0.4201743173982133,43.220909797604,-0.8129499686801296
2025-08-01 00:00:00-04:00,NVDA,173.72000122070312,buy,0.48970060924426295,Strong upward momentum detected. Algorithm confidence: 46%. Good entry point for potential gains.,BUY: Momentum entry Q=0.463 >= 0.4,0.463457367194865,0.5509348406928583,63.53434402232532,5.991796238153
2025-08-04 00:00:00-04:00,AAPL,203.11949157714844,buy,0.5111282235532392,Strong upward momentum detected. Algorithm confidence: 49%. Good entry point for potential gains.,BUY: Momentum entry Q=0.489 >= 0.4,0.48923710054545533,0.5622075105714017,34.95301846298983,0.20033324483938486
2025-08-04 00:00:00-04:00,MSFT,534.7609252929688,hold,0.08793951176015363,Waiting for better opportunity. No clear buy signal yet.,"HOLD: No entry signal (Q=0.176, RSI=73.2, ML=0.796)",0.17587902352030726,0.7959656584472536,73.18815191043242,9.437830229383337
2025-08-04 00:00:00-04:00,GOOGL,195.0399932861328,hold,0.11346106312229898,Waiting for better opportunity. No clear buy signal yet.,"HOLD: No entry signal (Q=0.227, RSI=70.9, ML=0.452)",0.22692212624459795,0.4523981749857104,70.85733894417454,4.447686193141294
2025-08-04 00:00:00-04:00,TSLA,309.260009765625,hold,0.11696845992620819,Waiting for better opportunity. No clear buy signal yet.,"HOLD: No entry signal (Q=0.234, RSI=49.3, ML=0.514)",0.23393691985241638,0.5136620035138273,49.281397298260444,-1.2794674216908675
2025-08-04 00:00:00-04:00,NVDA,180.0,buy,0.503279511657922,Strong upward momentum detected. Algorithm confidence: 44%. Good entry point for potential gains.,BUY: Momentum entry Q=0.437 >= 0.4,0.43700119671542836,0.657928913190407,63.17279632821149,6.088577506437616
2025-08-05 00:00:00-04:00,AAPL,202.68995666503906,hold,0.13213714013188688,Waiting for better opportunity. No clear buy signal yet.,"HOLD: No entry signal (Q=0.264, RSI=30.5, ML=0.524)",0.26427428026377375,0.5241401956892103,30.453563893054337,-0.2740878556703592
2025-08-05 00:00:00-04:00,MSFT,526.8838500976562,buy,0.5255418858390174,Strong upward momentum detected. Algorithm confidence: 44%. Good entry point for potential gains.,BUY: Momentum entry Q=0.438 >= 0.4,0.43771668539815156,0.7304673535343712,65.37016231144128,9.528378224182973
2025-08-05 00:00:00-04:00,GOOGL,194.6699981689453,buy,0.85,AI model predicts price increase based on market patterns. High probability setup.,"BUY: Strong ML signal ML=0.653, Q=0.362",0.36193033741969993,0.6525111579722186,69.08025606532722,4.417583244518653
2025-08-05 00:00:00-04:00,TSLA,308.7200012207031,hold,0.15480141165284225,Waiting for better opportunity. No clear buy signal yet.,"HOLD: No entry signal (Q=0.310, RSI=43.2, ML=0.621)",0.3096028233056845,0.6212554115364545,43.21349566721554,-1.6734693280983493
2025-08-05 00:00:00-04:00,NVDA,178.25999450683594,buy,0.5528854117234188,Strong upward momentum detected. Algorithm confidence: 53%. Good entry point for potential gains.,BUY: Momentum entry Q=0.530 >= 0.4,0.5296880488172812,0.60701259183774,59.472080894565956,5.956213930779285
2025-08-06 00:00:00-04:00,AAPL,213.0082550048828,buy,0.4741129402878025,Strong upward momentum detected. Algorithm confidence: 44%. Good entry point for potential gains.,BUY: Momentum entry Q=0.437 >= 0.4,0.4368940943517197,0.5609569141386623,55.6251991982586,0.18045032751518875
2025-08-06 00:00:00-04:00,MSFT,524.0784912109375,buy,0.49951333502418815,Strong upward momentum detected. Algorithm confidence: 50%. Good entry point for potential gains.,BUY: Momentum entry Q=0.500 >= 0.4,0.5002897759641687,0.4977016394975669,59.63329441201001,9.266945565621882
2025-08-06 00:00:00-04:00,GOOGL,196.08999633789062,buy,0.4768247197565011,Strong upward momentum detected. Algorithm confidence: 46%. Good entry point for potential gains.,BUY: Momentum entry Q=0.458 >= 0.4,0.4582488958723652,0.520168308819485,69.87609186317982,4.456931691473557
2025-08-06 00:00:00-04:00,TSLA,319.9100036621094,hold,0.0952481830598357,Waiting for better opportunity. No clear buy signal yet.,"HOLD: No entry signal (Q=0.190, RSI=50.2, ML=0.414)",0.1904963661196714,0.4141773220230328,50.23960124176152,-1.0704396374724183
2025-08-06 00:00:00-04:00,NVDA,179.4199981689453,buy,0.42724326364165377,Strong upward momentum detected. Algorithm confidence: 45%. Good entry point for potential gains.,BUY: Momentum entry Q=0.446 >= 0.4,0.44552366448537495,0.3845889950063044,58.94149174687439,5.877169097474166
2025-08-07 00:00:00-04:00,AAPL,219.7805633544922,buy,0.49246363607828486,Strong upward momentum detected. Algorithm confidence: 48%. Good entry point for potential gains.,BUY: Momentum entry Q=0.484 >= 0.4,0.48400070231129066,0.5122104815346048,62.88957791202258,1.0747546946235218
2025-08-07 00:00:00-04:00,MSFT,519.9852294921875,buy,0.5059604850772312,Strong upward momentum detected. Algorithm confidence: 46%. Good entry point for potential gains.,BUY: Momentum entry Q=0.463 >= 0.4,0.4634117060460164,0.6052409694833993,57.58046518579858,8.629985191001424
2025-08-07 00:00:00-04:00,GOOGL,196.52000427246094,buy,0.500149047426305,Strong upward momentum detected. Algorithm confidence: 42%. Good entry point for potential gains.,BUY: Momentum entry Q=0.423 >= 0.4,0.42302643411888985,0.6801018118102735,68.83632297904849,4.471271629691984
2025-08-07 00:00:00-04:00,TSLA,322.2699890136719,hold,0.12658508512033917,Waiting for better opportunity. No clear buy signal yet.,"HOLD: No entry signal (Q=0.253, RSI=46.2, ML=0.459)",0.25317017024067834,0.45904697881366674,46.174578477234576,-0.3975207961169076
2025-08-07 00:00:00-04:00,NVDA,180.77000427246094,buy,0.75,Strong upward momentum detected. Algorithm confidence: 37%. Good entry point for potential gains.,"BUY: MACD momentum MACD=5.856, Q=0.371",0.3706681443948562,0.4711534475525522,61.40205856020658,5.85595589334207
2025-08-08 00:00:00-04:00,AAPL,229.0900115966797,buy,0.4871192229951362,Strong upward momentum detected. Algorithm confidence: 43%. Good entry point for potential gains.,BUY: Momentum entry Q=0.428 >= 0.4,0.4278630884730139,0.6253835368800884,69.91733963181579,2.5058066403715316
2025-08-08 00:00:00-04:00,MSFT,521.1832275390625,buy,0.49273635182150244,Strong upward momentum detected. Algorithm confidence: 50%. Good entry point for potential gains.,BUY: Momentum entry Q=0.499 >= 0.4,0.4988526357250075,0.47846502271332414,58.27806064794613,8.128161548630544
2025-08-08 00:00:00-04:00,GOOGL,201.4199981689453,buy,0.4857103016560363,Strong upward momentum detected. Algorithm confidence: 44%. Good entry point for potential gains.,BUY: Momentum entry Q=0.444 >= 0.4,0.4441273905958797,0.5827370941297352,68.69222198649787,4.822434665569091
2025-08-08 00:00:00-04:00,TSLA,329.6499938964844,buy,0.46351074051654895,Strong upward momentum detected. Algorithm confidence: 42%. Good entry point for potential gains.,BUY: Momentum entry Q=0.425 >= 0.4,0.42488964772004245,0.5536266237083977,50.56486336194381,0.7229433100824281
2025-08-08 00:00:00-04:00,NVDA,182.6999969482422,buy,0.75,Strong upward momentum detected. Algorithm confidence: 39%. Good entry point for potential gains.,"BUY: MACD momentum MACD=5.927, Q=0.391",0.39136062837267166,0.41011315308558294,65.06919462855495,5.926560851211519
2025-08-11 00:00:00-04:00,AAPL,227.17999267578125,buy,0.4500900972431514,Strong upward momentum detected. Algorithm confidence: 46%. Good entry point for potential gains.,BUY: Momentum entry Q=0.464 >= 0.4,0.4642097718232967,0.41714418988947916,65.39575784076462,3.4460788020070083
2025-08-11 00:00:00-04:00,MSFT,520.9136962890625,buy,0.4943257369588169,Strong upward momentum detected. Algorithm confidence: 47%. Good entry point for potential gains.,BUY: Momentum entry Q=0.471 >= 0.4,0.4706509261082848,0.5495669622767252,62.1609906395342,7.620865187244476
2025-08-11 00:00:00-04:00,GOOGL,201.0,buy,0.486181500802668,Strong upward momentum detected. Algorithm confidence: 44%. Good entry point for potential gains.,BUY: Momentum entry Q=0.442 >= 0.4,0.4422849115014259,0.5886068758388997,66.39513997082906,5.009101752388091
2025-08-11 00:00:00-04:00,TSLA,339.0299987792969,buy,0.75,Strong upward momentum detected. Algorithm confidence: 40%. Good entry point for potential gains.,"BUY: MACD momentum MACD=2.341, Q=0.398",0.39795933477153167,0.5950105136635289,53.190709758614595,2.3408236311173596
2025-08-11 00:00:00-04:00,NVDA,182.05999755859375,hold,0.1628231011396837,Waiting for better opportunity. No clear buy signal yet.,"HOLD: No entry signal (Q=0.326, RSI=72.2, ML=0.654)",0.3256462022793674,0.6544810898644591,72.20086044150818,5.863284888530927
2025-08-12 00:00:00-04:00,AAPL,229.64999389648438,buy,0.75,Strong upward momentum detected. Algorithm confidence: 39%. Good entry point for potential gains.,"BUY: MACD momentum MACD=4.341, Q=0.391",0.39115409746944996,0.5626076293007398,67.68273035652095,4.3405248516407084
2025-08-12 00:00:00-04:00,MSFT,528.3713989257812,buy,0.5434588441847021,Strong upward momentum detected. Algorithm confidence: 49%. Good entry point for potential gains.,BUY: Momentum entry Q=0.488 >= 0.4,0.4882219254726696,0.6723449878461114,65.64047234152414,7.73147975618474
2025-08-12 00:00:00-04:00,GOOGL,203.33999633789062,hold,0.08510410983049657,Waiting for better opportunity. No clear buy signal yet.,"HOLD: No entry signal (Q=0.170, RSI=71.4, ML=0.489)",0.17020821966099314,0.48946694479897107,71.3587799315566,5.284933488361332
2025-08-12 00:00:00-04:00,TSLA,340.8399963378906,buy,0.46708061487181673,Strong upward momentum detected. Algorithm confidence: 44%. Good entry point for potential gains.,BUY: Momentum entry Q=0.436 >= 0.4,0.4360357247723968,0.5395186917704633,53.770490618625665,3.7261049000653657
2025-08-12 00:00:00-04:00,NVDA,183.16000366210938,buy,0.5047086605995181,Strong upward momentum detected. Algorithm confidence: 48%. Good entry point for potential gains.,BUY: Momentum entry Q=0.480 >= 0.4,0.47979873685233404,0.5628318160096145,69.83972424667168,5.834641417326196
2025-08-13 00:00:00-04:00,AAPL,233.3300018310547,hold,0.10288680512933385,Waiting for better opportunity. No clear buy signal yet.,"HOLD: No entry signal (Q=0.206, RSI=70.7, ML=0.465)",0.2057736102586677,0.46513510440014266,70.72203902587563,5.285398886998735
2025-08-13 00:00:00-04:00,MSFT,519.7256469726562,buy,0.5158336809990809,Strong upward momentum detected. Algorithm confidence: 54%. Good entry point for potential gains.,BUY: Momentum entry Q=0.536 >= 0.4,0.536148534757036,0.4684323555638523,56.18940621848772,7.040345946345155
2025-08-13 00:00:00-04:00,GOOGL,201.9600067138672,buy,0.41224230287601704,Strong upward momentum detected. Algorithm confidence: 41%. Good entry point for potential gains.,BUY: Momentum entry Q=0.407 >= 0.4,0.40732326662234253,0.4237200541345909,66.24631063772031,5.330729169177658
2025-08-13 00:00:00-04:00,TSLA,339.3800048828125,hold,0.16407466527328735,Waiting for better opportunity. No clear buy signal yet.,"HOLD: No entry signal (Q=0.328, RSI=70.3, ML=0.459)",0.3281493305465747,0.45890104590740105,70.28572445824032,4.65250993886383
2025-08-13 00:00:00-04:00,NVDA,181.58999633789062,buy,0.43119183716796167,Strong upward momentum detected. Algorithm confidence: 41%. Good entry point for potential gains.,BUY: Momentum entry Q=0.413 >= 0.4,0.4127267209847531,0.47427710826211505,63.16668807978579,5.620465561688775
2025-08-14 00:00:00-04:00,AAPL,232.77999877929688,buy,0.4867418386595118,Strong upward momentum detected. Algorithm confidence: 49%. Good entry point for potential gains.,BUY: Momentum entry Q=0.489 >= 0.4,0.4893653531344487,0.480620304884659,69.84286661503967,5.9215774588683985
2025-08-14 00:00:00-04:00,MSFT,521.6224975585938,buy,0.5368806766293273,Strong upward momentum detected. Algorithm confidence: 50%. Good entry point for potential gains.,BUY: Momentum entry Q=0.501 >= 0.4,0.5013319606305588,0.6198276806264534,55.66315496921113,6.569943196815302
2025-08-14 00:00:00-04:00,GOOGL,202.94000244140625,buy,0.5716778088474145,Strong upward momentum detected. Algorithm confidence: 53%. Good entry point for potential gains.,BUY: Momentum entry Q=0.530 >= 0.4,0.5300688648012299,0.6687653449551786,66.21267039434665,5.384036223077601
2025-08-14 00:00:00-04:00,TSLA,335.5799865722656,buy,0.5067135212967243,Strong upward momentum detected. Algorithm confidence: 50%. Good entry point for potential gains.,BUY: Momentum entry Q=0.504 >= 0.4,0.5040575305240195,0.5129108330997023,62.66873497443202,5.02217043236476
2025-08-14 00:00:00-04:00,NVDA,182.02000427246094,buy,0.5187785339725752,Strong upward momentum detected. Algorithm confidence: 46%. Good entry point for potential gains.,BUY: Momentum entry Q=0.459 >= 0.4,0.4594728410606572,0.6571584841003839,64.19998545330995,5.422915703058948
2025-08-15 00:00:00-04:00,AAPL,231.58999633789062,hold,0.15961672414411598,Waiting for better opportunity. No clear buy signal yet.,"HOLD: No entry signal (Q=0.319, RSI=68.1, ML=0.654)",0.31923344828823197,0.6540659097002828,68.05149946019122,6.25759663000602
2025-08-15 00:00:00-04:00,MSFT,519.3162841796875,buy,0.45800308796545824,Strong upward momentum detected. Algorithm confidence: 44%. Good entry point for potential gains.,BUY: Momentum entry Q=0.442 >= 0.4,0.4417106791072845,0.49601870863453046,54.88349353572266,5.942551448902577
2025-08-15 00:00:00-04:00,GOOGL,203.89999389648438,buy,0.4419463557774273,Strong upward momentum detected. Algorithm confidence: 44%. Good entry point for potential gains.,BUY: Momentum entry Q=0.440 >= 0.4,0.4400118612726723,0.44646017628852247,68.5817666663494,5.441024985676904
2025-08-15 00:00:00-04:00,TSLA,330.55999755859375,buy,0.4113447160086976,Strong upward momentum detected. Algorithm confidence: 42%. Good entry point for potential gains.,BUY: Momentum entry Q=0.416 >= 0.4,0.4161969795175562,0.4000227678213609,53.42616938118699,4.8541028015968095
2025-08-15 00:00:00-04:00,NVDA,180.4499969482422,buy,0.47352708630692014,Strong upward momentum detected. Algorithm confidence: 46%. Good entry point for potential gains.,BUY: Momentum entry Q=0.458 >= 0.4,0.45815800303215004,0.5093882806147171,56.53246823920262,5.081097814131397
2025-08-18 00:00:00-04:00,AAPL,230.88999938964844,hold,0.08701821882526256,Waiting for better opportunity. No clear buy signal yet.,"HOLD: No entry signal (Q=0.174, RSI=71.0, ML=0.643)",0.17403643765052512,0.6433577139937768,71.04721842914002,6.393707658473346
2025-08-18 00:00:00-04:00,MSFT,516.2512817382812,buy,0.75,Strong upward momentum detected. Algorithm confidence: 39%. Good entry point for potential gains.,"BUY: MACD momentum MACD=5.139, Q=0.393",0.3926016986843288,0.5296659841927087,52.7780964657133,5.138782204369818
2025-08-18 00:00:00-04:00,GOOGL,203.5,buy,0.5305088981874183,Strong upward momentum detected. Algorithm confidence: 48%. Good entry point for potential gains.,BUY: Momentum entry Q=0.478 >= 0.4,0.4778365267479152,0.6534110982129256,63.99425135340069,5.3917599733422605
2025-08-18 00:00:00-04:00,TSLA,335.1600036621094,buy,0.43973460705485296,Strong upward momentum detected. Algorithm confidence: 43%. Good entry point for potential gains.,BUY: Momentum entry Q=0.426 >= 0.4,0.4256231566634816,0.4726613246347195,59.59581212018233,5.034060525901339
2025-08-18 00:00:00-04:00,NVDA,182.00999450683594,hold,0.17113114772277016,Waiting for better opportunity. No clear buy signal yet.,"HOLD: No entry signal (Q=0.342, RSI=61.3, ML=0.507)",0.3422622954455403,0.5066481117247383,61.34774746743926,4.879831776892161
2025-08-19 00:00:00-04:00,AAPL,230.55999755859375,hold,0.13434001707526866,Waiting for better opportunity. No clear buy signal yet.,"HOLD: No entry signal (Q=0.269, RSI=74.0, ML=0.560)",0.2686800341505373,0.5595391303058648,74.00808169832908,6.401159655410936
2025-08-19 00:00:00-04:00,MSFT,508.933349609375,buy,0.75,Strong upward momentum detected. Algorithm confidence: 40%. Good entry point for potential gains.,"BUY: MACD momentum MACD=3.867, Q=0.399",0.39913142525182715,0.568702480217958,48.0326592634751,3.8667201796592963
2025-08-19 00:00:00-04:00,GOOGL,201.57000732421875,buy,0.4503209881747594,Strong upward momentum detected. Algorithm confidence: 40%. Good entry point for potential gains.,BUY: Momentum entry Q=0.403 >= 0.4,0.4034428975434093,0.5597031996479098,58.73789849390546,5.137757941412701
2025-08-19 00:00:00-04:00,TSLA,329.30999755859375,buy,0.5216026846336597,Strong upward momentum detected. Algorithm confidence: 50%. Good entry point for potential gains.,BUY: Momentum entry Q=0.496 >= 0.4,0.49607663434133675,0.5811634686490798,56.7185567821234,4.651017680265113
2025-08-19 00:00:00-04:00,NVDA,175.63999938964844,buy,0.526796076816986,Strong upward momentum detected. Algorithm confidence: 43%. Good entry point for potential gains.,BUY: Momentum entry Q=0.429 >= 0.4,0.4290378947382729,0.7548985016673169,44.19199785937709,4.1583863335029605
2025-08-20 00:00:00-04:00,AAPL,226.00999450683594,hold,0.17203400758972678,Waiting for better opportunity. No clear buy signal yet.,"HOLD: No entry signal (Q=0.344, RSI=69.3, ML=0.515)",0.34406801517945357,0.5147588101755539,69.30756139623549,5.971087219761301
2025-08-20 00:00:00-04:00,MSFT,504.8900146484375,buy,0.5525862181675476,Strong upward momentum detected. Algorithm confidence: 46%. Good entry point for potential gains.,BUY: Momentum entry Q=0.460 >= 0.4,0.46043213156872653,0.7676124202314635,30.70294942508039,2.503479961937728
2025-08-20 00:00:00-04:00,GOOGL,199.32000732421875,buy,0.5389664901084323,Strong upward momentum detected. Algorithm confidence: 46%. Good entry point for potential gains.,BUY: Momentum entry Q=0.456 >= 0.4,0.45649984041544783,0.7313886727253961,64.02122626548517,4.700716372904822
2025-08-20 00:00:00-04:00,TSLA,323.8999938964844,buy,0.5512944651265812,Strong upward momentum detected. Algorithm confidence: 52%. Good entry point for potential gains.,BUY: Momentum entry Q=0.523 >= 0.4,0.5231643099088434,0.6169314939679695,60.99620323064622,3.866342592487115
2025-08-20 00:00:00-04:00,NVDA,175.39999389648438,buy,0.5192856331744553,Strong upward momentum detected. Algorithm confidence: 48%. Good entry point for potential gains.,BUY: Momentum entry Q=0.476 >= 0.4,0.47602481931010354,0.6202275321912762,45.89564802888467,3.526616544116507
2025-08-21 00:00:00-04:00,AAPL,224.89999389648438,hold,0.1347564480530619,Waiting for better opportunity. No clear buy signal yet.,"HOLD: No entry signal (Q=0.270, RSI=75.7, ML=0.695)",0.2695128961061238,0.6948232173979281,75.6831799422083,5.477542246050348
2025-08-21 00:00:00-04:00,MSFT,504.239990234375,buy,0.85,AI model predicts price increase based on market patterns. High probability setup.,"BUY: Strong ML signal ML=0.977, Q=0.391",0.390831502513828,0.9772610251422713,34.945608199226825,1.3550307787043039
2025-08-21 00:00:00-04:00,GOOGL,199.75,hold,0.140433602264781,Waiting for better opportunity. No clear buy signal yet.,"HOLD: No entry signal (Q=0.281, RSI=72.0, ML=0.645)",0.280867204529562,0.6452902068337819,72.01497541632821,4.339036880285391
2025-08-21 00:00:00-04:00,TSLA,320.1099853515625,buy,0.5116207827617388,Strong upward momentum detected. Algorithm confidence: 43%. Good entry point for potential gains.,BUY: Momentum entry Q=0.430 >= 0.4,0.43042186281631445,0.7010849293010626,62.626388654978705,2.9051709150891156
2025-08-21 00:00:00-04:00,NVDA,174.97999572753906,buy,0.5255761534863019,Strong upward momentum detected. Algorithm confidence: 51%. Good entry point for potential gains.,BUY: Momentum entry Q=0.512 >= 0.4,0.5123817127906568,0.5563631817761407,52.38997158372266,2.957946723637292
2025-08-22 00:00:00-04:00,AAPL,227.75999450683594,hold,0.11783490051924933,Waiting for better opportunity. No clear buy signal yet.,"HOLD: No entry signal (Q=0.236, RSI=76.7, ML=0.738)",0.23566980103849866,0.7380728539670653,76.67897600735917,5.256587774070681
2025-08-22 00:00:00-04:00,MSFT,507.2300109863281,buy,0.6813146020443667,Strong upward momentum detected. Algorithm confidence: 62%. Good entry point for potential gains.,BUY: Momentum entry Q=0.623 >= 0.4,0.6229830082148151,0.8174216543133204,24.795952748540373,0.6783268828372684
2025-08-22 00:00:00-04:00,GOOGL,206.08999633789062,hold,0.1077860598217879,Waiting for better opportunity. No clear buy signal yet.,"HOLD: No entry signal (Q=0.216, RSI=72.5, ML=0.636)",0.2155721196435758,0.6362946656621595,72.50515101886066,4.5119767363237315
2025-08-22 00:00:00-04:00,TSLA,340.010009765625,buy,0.5003000225900089,Strong upward momentum detected. Algorithm confidence: 49%. Good entry point for potential gains.,BUY: Momentum entry Q=0.490 >= 0.4,0.48985090898716194,0.5246812876633189,68.63861127902942,3.706475156254214
2025-08-22 00:00:00-04:00,NVDA,177.99000549316406,buy,0.5084904949851502,Strong upward momentum detected. Algorithm confidence: 45%. Good entry point for potential gains.,BUY: Momentum entry Q=0.450 >= 0.4,0.4496252099201786,0.6458428268034171,45.64748626942782,2.7188136350651178
2025-08-25 00:00:00-04:00,AAPL,227.16000366210938,hold,0.1298118725367552,Waiting for better opportunity. No clear buy signal yet.,"HOLD: No entry signal (Q=0.260, RSI=76.4, ML=0.853)",0.2596237450735104,0.852782549220487,76.39698327527762,4.975708644318445
2025-08-25 00:00:00-04:00,MSFT,504.260009765625,buy,0.5778901269100639,Strong upward momentum detected. Algorithm confidence: 47%. Good entry point for potential gains.,BUY: Momentum entry Q=0.473 >= 0.4,0.4726227799970527,0.8235139363737569,27.24371095438292,-0.096507627346341
2025-08-25 00:00:00-04:00,GOOGL,208.49000549316406,hold,0.14227773814593936,Waiting for better opportunity. No clear buy signal yet.,"HOLD: No entry signal (Q=0.285, RSI=76.0, ML=0.655)",0.2845554762918787,0.6548709456186326,75.99704697739996,4.787506109010053
2025-08-25 00:00:00-04:00,TSLA,346.6000061035156,hold,0.11637648387259782,Waiting for better opportunity. No clear buy signal yet.,"HOLD: No entry signal (Q=0.233, RSI=71.4, ML=0.619)",0.23275296774519563,0.6189569424216164,71.39145480615453,4.817736304847699
2025-08-25 00:00:00-04:00,NVDA,179.80999755859375,buy,0.85,AI model predicts price increase based on market patterns. High probability setup.,"BUY: Strong ML signal ML=0.705, Q=0.364",0.36364606714435294,0.705001126490592,53.344844913073736,2.6456595722002305
2025-08-26 00:00:00-04:00,AAPL,229.30999755859375,hold,0.06403513152316417,Waiting for better opportunity. No clear buy signal yet.,"HOLD: No entry signal (Q=0.128, RSI=71.3, ML=0.696)",0.12807026304632835,0.6964799417661653,71.34754250222097,4.8704529002797585
2025-08-26 00:00:00-04:00,MSFT,502.0400085449219,buy,0.44934625660074023,Strong upward momentum detected. Algorithm confidence: 41%. Good entry point for potential gains.,BUY: Momentum entry Q=0.411 >= 0.4,0.41125306459243965,0.5382303712867751,27.56834730813459,-0.8795660147275726
2025-08-26 00:00:00-04:00,GOOGL,207.13999938964844,hold,0.09715145516815177,Waiting for better opportunity. No clear buy signal yet.,"HOLD: No entry signal (Q=0.194, RSI=70.8, ML=0.526)",0.19430291033630354,0.5260017861976651,70.84122606925348,4.841125431386871
2025-08-26 00:00:00-04:00,TSLA,351.6700134277344,buy,0.4689985240948893,Strong upward momentum detected. Algorithm confidence: 45%. Good entry point for potential gains.,BUY: Momentum entry Q=0.452 >= 0.4,0.45229713620781337,0.5079684291647333,69.267163814362,6.037924554767756
2025-08-26 00:00:00-04:00,NVDA,181.77000427246094,buy,0.85,AI model predicts price increase based on market patterns. High probability setup.,"BUY: Strong ML signal ML=0.863, Q=0.368",0.36837684609858307,0.8632301582051733,54.90196702527214,2.714548980780364
2025-08-27 00:00:00-04:00,AAPL,230.49000549316406,buy,0.526189946289261,Strong upward momentum detected. Algorithm confidence: 47%. Good entry point for potential gains.,BUY: Momentum entry Q=0.473 >= 0.4,0.4728807987122759,0.650577957302226,66.4308282110925,4.826615524086634
2025-08-27 00:00:00-04:00,MSFT,506.739990234375,hold,0.14469643669366436,Waiting for better opportunity. No clear buy signal yet.,"HOLD: No entry signal (Q=0.289, RSI=36.7, ML=0.678)",0.2893928733873287,0.6778666642890318,36.68294095844042,-1.1081224397025835
2025-08-27 00:00:00-04:00,GOOGL,207.47999572753906,hold,0.10794675496565095,Waiting for better opportunity. No clear buy signal yet.,"HOLD: No entry signal (Q=0.216, RSI=70.7, ML=0.897)",0.2158935099313019,0.896902417123634,70.74188343003411,4.855087566398282
2025-08-27 00:00:00-04:00,TSLA,349.6000061035156,buy,0.4865772818945454,Strong upward momentum detected. Algorithm confidence: 42%. Good entry point for potential gains.,BUY: Momentum entry Q=0.417 >= 0.4,0.41741527026578107,0.647955309028329,66.638253472937,6.759975453431025
2025-08-27 00:00:00-04:00,NVDA,181.60000610351562,buy,0.5038514307713526,Strong upward momentum detected. Algorithm confidence: 46%. Good entry point for potential gains.,BUY: Momentum entry Q=0.458 >= 0.4,0.4577988049802049,0.6113075576173641,51.82097622671096,2.724026025526655
2025-08-28 00:00:00-04:00,AAPL,232.55999755859375,buy,0.5552420890669841,Strong upward momentum detected. Algorithm confidence: 51%. Good entry point for potential gains.,BUY: Momentum entry Q=0.506 >= 0.4,0.5060625638018472,0.6699943146856371,56.84414800350801,4.902393408082588
2025-08-28 00:00:00-04:00,MSFT,509.6400146484375,hold,0.13084156274072292,Waiting for better opportunity. No clear buy signal yet.,"HOLD: No entry signal (Q=0.262, RSI=38.8, ML=0.900)",0.26168312548144584,0.9004985164223422,38.778261426801535,-1.0432217089777396
2025-08-28 00:00:00-04:00,GOOGL,211.63999938964844,buy,0.5712715724218909,Strong upward momentum detected. Algorithm confidence: 51%. Good entry point for potential gains.,BUY: Momentum entry Q=0.512 >= 0.4,0.5124323283927419,0.7085631418232387,69.89878559349528,5.142550071815975
2025-08-28 00:00:00-04:00,TSLA,345.9800109863281,buy,0.5020139771978543,Strong upward momentum detected. Algorithm confidence: 43%. Good entry point for potential gains.,BUY: Momentum entry Q=0.427 >= 0.4,0.42707535352124226,0.676870765776616,60.41853093616508,6.959873550403813
2025-08-28 00:00:00-04:00,NVDA,180.1699981689453,buy,0.4937691193843406,Strong upward momentum detected. Algorithm confidence: 44%. Good entry point for potential gains.,BUY: Momentum entry Q=0.442 >= 0.4,0.442345767054395,0.6137569414875471,44.32482201533407,2.586333321923121
2025-08-29 00:00:00-04:00,AAPL,232.13999938964844,buy,0.4855157087592238,Strong upward momentum detected. Algorithm confidence: 42%. Good entry point for potential gains.,BUY: Momentum entry Q=0.420 >= 0.4,0.4200824007167958,0.6381934275248892,60.393978598046026,4.872391686532978
2025-08-29 00:00:00-04:00,MSFT,506.69000244140625,hold,0.13057484605141373,Waiting for better opportunity. No clear buy signal yet.,"HOLD: No entry signal (Q=0.261, RSI=36.9, ML=0.801)",0.26114969210282746,0.8007934815295393,36.85737972106453,-1.2158136007487315
2025-08-29 00:00:00-04:00,GOOGL,212.91000366210938,hold,0.12216518627928977,Waiting for better opportunity. No clear buy signal yet.,"HOLD: No entry signal (Q=0.244, RSI=72.4, ML=0.481)",0.24433037255857953,0.48106205662556367,72.44632097674771,5.410476306378655
2025-08-29 00:00:00-04:00,TSLA,333.8699951171875,buy,0.5336595667162984,Strong upward momentum detected. Algorithm confidence: 48%. Good entry point for potential gains.,BUY: Momentum entry Q=0.475 >= 0.4,0.47485372513103513,0.6708731970819128,46.81874266929622,6.071132918295405
2025-08-29 00:00:00-04:00,NVDA,174.17999267578125,buy,0.5199459560872972,Strong upward momentum detected. Algorithm confidence: 41%. Good entry point for potential gains.,BUY: Momentum entry Q=0.410 >= 0.4,0.4099709330647995,0.7765543431397921,35.74531113194193,1.971145343042025
2025-09-02 00:00:00-04:00,AAPL,229.72000122070312,buy,0.5079757893940047,Strong upward momentum detected. Algorithm confidence: 43%. Good entry point for potential gains.,BUY: Momentum entry Q=0.430 >= 0.4,0.4298214966862213,0.6903358057121661,50.14701245568479,4.600311946069297
2025-09-02 00:00:00-04:00,MSFT,505.1199951171875,buy,0.4874243995425348,Strong upward momentum detected. Algorithm confidence: 47%. Good entry point for potential gains.,BUY: Momentum entry Q=0.468 >= 0.4,0.46769473627967223,0.5334602804892141,25.892869573141326,-1.4624224922363283
2025-09-02 00:00:00-04:00,GOOGL,211.35000610351562,buy,0.5375374722869594,Strong upward momentum detected. Algorithm confidence: 50%. Good entry point for potential gains.,BUY: Momentum entry Q=0.499 >= 0.4,0.49859383991036016,0.6284059478323577,65.55343545376434,5.434287923582673
2025-09-02 00:00:00-04:00,TSLA,329.3599853515625,buy,0.5299352765857126,Strong upward momentum detected. Algorithm confidence: 42%. Good entry point for potential gains.,BUY: Momentum entry Q=0.422 >= 0.4,0.4220820309634746,0.7815928497042682,43.15035792569523,4.945866596527537
2025-09-02 00:00:00-04:00,NVDA,170.77999877929688,buy,0.6914552228659192,Strong upward momentum detected. Algorithm confidence: 59%. Good entry point for potential gains.,BUY: Momentum entry Q=0.589 >= 0.4,0.5890444551379821,0.9304136808977724,29.32533190632725,1.1954726801758682
2025-09-03 00:00:00-04:00,AAPL,238.47000122070312,buy,0.46461988748006144,Strong upward momentum detected. Algorithm confidence: 41%. Good entry point for potential gains.,BUY: Momentum entry Q=0.410 >= 0.4,0.4104241542366147,0.5910765983814373,58.898894107241645,5.032724548884715
2025-09-03 00:00:00-04:00,MSFT,505.3500061035156,hold,0.10647879273033115,Waiting for better opportunity. No clear buy signal yet.,"HOLD: No entry signal (Q=0.213, RSI=31.9, ML=0.302)",0.2129575854606623,0.30236747121640883,31.944422085513338,-1.6206203485695596
2025-09-03 00:00:00-04:00,GOOGL,230.66000366210938,hold,0.14027473643416064,Waiting for better opportunity. No clear buy signal yet.,"HOLD: No entry signal (Q=0.281, RSI=82.9, ML=0.649)",0.28054947286832127,0.6489254045279799,82.85257759437101,6.93141320756385
2025-09-03 00:00:00-04:00,TSLA,334.0899963378906,buy,0.41163224404062465,Strong upward momentum detected. Algorithm confidence: 45%. Good entry point for potential gains.,BUY: Momentum entry Q=0.454 >= 0.4,0.45369733162821835,0.313480373002906,46.96221285311868,4.385207345088645
2025-09-03 00:00:00-04:00,NVDA,170.6199951171875,buy,0.85,AI model predicts price increase based on market patterns. High probability setup.,"BUY: Strong ML signal ML=0.871, Q=0.357",0.35713456348498235,0.8711530427161402,30.77464080644195,0.561364487731538
2025-09-04 00:00:00-04:00,AAPL,239.77999877929688,buy,0.5189801657106458,Strong upward momentum detected. Algorithm confidence: 52%. Good entry point for potential gains.,BUY: Momentum entry Q=0.515 >= 0.4,0.5147798005636188,0.5287810177203753,61.80837339368211,5.418657595093634
2025-09-04 00:00:00-04:00,MSFT,507.9700012207031,hold,0.11066758980556293,Waiting for better opportunity. No clear buy signal yet.,"HOLD: No entry signal (Q=0.221, RSI=33.2, ML=0.609)",0.22133517961112587,0.6087835957084003,33.158606836017356,-1.5170934705527657
2025-09-04 00:00:00-04:00,GOOGL,232.3000030517578,hold,0.13890182600873208,Waiting for better opportunity. No clear buy signal yet.,"HOLD: No entry signal (Q=0.278, RSI=83.1, ML=0.585)",0.27780365201746415,0.5845570091988502,83.1078181539748,8.156210310625738
2025-09-04 00:00:00-04:00,TSLA,338.5299987792969,buy,0.4989363690342783,Strong upward momentum detected. Algorithm confidence: 42%. Good entry point for potential gains.,BUY: Momentum entry Q=0.422 >= 0.4,0.42224168916475296,0.6778906220631709,51.68168362511326,4.250158754870142
2025-09-04 00:00:00-04:00,NVDA,171.66000366210938,buy,0.49749296241254176,Strong upward momentum detected. Algorithm confidence: 43%. Good entry point for potential gains.,BUY: Momentum entry Q=0.434 >= 0.4,0.4344251691922579,0.6446511465932042,32.22376462320936,0.14112240335742854
2025-09-05 00:00:00-04:00,AAPL,239.69000244140625,buy,0.4681264642828256,Strong upward momentum detected. Algorithm confidence: 42%. Good entry point for potential gains.,BUY: Momentum entry Q=0.421 >= 0.4,0.42072124503447833,0.5787386425289694,64.19063128877522,5.652096512091163
2025-09-05 00:00:00-04:00,MSFT,495.0,buy,0.5366167752292953,Strong upward momentum detected. Algorithm confidence: 45%. Good entry point for potential gains.,BUY: Momentum entry Q=0.452 >= 0.4,0.45202507821886617,0.7339974015869632,26.25193579883667,-2.453337826230495
2025-09-05 00:00:00-04:00,GOOGL,235.0,hold,0.06735370825986928,Waiting for better opportunity. No clear buy signal yet.,"HOLD: No entry signal (Q=0.135, RSI=83.7, ML=0.616)",0.13470741651973855,0.61607543226609,83.74567617846695,9.23824528683744
2025-09-05 00:00:00-04:00,TSLA,350.8399963378906,buy,0.5380445151143441,Strong upward momentum detected. Algorithm confidence: 47%. Good entry point for potential gains.,BUY: Momentum entry Q=0.474 >= 0.4,0.4737596400779639,0.6880425568658982,60.67367328169336,5.077910704474334
2025-09-05 00:00:00-04:00,NVDA,167.02000427246094,hold,0.19482282800257927,Waiting for better opportunity. No clear buy signal yet.,"HOLD: No entry signal (Q=0.390, RSI=29.2, ML=0.582)",0.38964565600515855,0.5821099689084597,29.15246272234424,-0.5598777269173638
