date,symbol,price,decision,confidence,reason,technical_reason,q_value,ml_confidence,rsi,macd
2024-10-01 00:00:00-04:00,AAPL,225.16209411621094,buy,0.4061334536932626,Strong upward momentum detected. Algorithm confidence: 40%. Good entry point for potential gains.,BUY: Momentum entry Q=0.402 >= 0.35,0.4016898164365086,0.4165019406256887,50.0,0.0
2024-10-01 00:00:00-04:00,MSFT,417.5552062988281,hold,0.17141512691610142,Waiting for better opportunity. No clear buy signal yet.,"HOLD: No entry signal (Q=0.343, RSI=50.0, ML=0.751)",0.34283025383220284,0.7510041322495945,50.0,0.0
2024-10-01 00:00:00-04:00,GOOGL,166.25682067871094,buy,0.4835686934859763,Strong upward momentum detected. Algorithm confidence: 44%. Good entry point for potential gains.,BUY: Momentum entry Q=0.438 >= 0.35,0.4383963435180949,0.5889708434110331,50.0,0.0
2024-10-01 00:00:00-04:00,NVDA,116.97305297851562,buy,0.4439201952677898,Strong upward momentum detected. Algorithm confidence: 40%. Good entry point for potential gains.,BUY: Momentum entry Q=0.403 >= 0.35,0.4030133983777636,0.5393693880111845,50.0,0.0
2024-10-01 00:00:00-04:00,TSLA,258.0199890136719,buy,0.38829108326277684,Strong upward momentum detected. Algorithm confidence: 37%. Good entry point for potential gains.,BUY: Momentum entry Q=0.373 >= 0.35,0.3727267800535211,0.42460779075104027,50.0,0.0
2024-10-02 00:00:00-04:00,AAPL,225.7294464111328,sell,0.85,AI model detects potential price peak. Taking profits.,"SELL: ML profit peak ML=0.453, P&L=$12.48",0.44780186920279463,0.45250942559858676,50.0,0.04525887252938787
2024-10-02 00:00:00-04:00,MSFT,414.021728515625,buy,0.3513705065154915,Strong upward momentum detected. Algorithm confidence: 38%. Good entry point for potential gains.,BUY: Momentum entry Q=0.384 >= 0.35,0.38405720352564393,0.27510154682513593,50.0,-0.281872871594544
2024-10-02 00:00:00-04:00,GOOGL,165.13177490234375,sell,0.8,Algorithm confidence dropped. Exiting position to preserve capital.,SELL: Conviction lost Q=0.294 <= 0.4,0.2943115354444573,0.5323891584727626,50.0,-0.08974724141958745
2024-10-02 00:00:00-04:00,NVDA,118.82262420654297,sell,0.85,AI model detects potential price peak. Taking profits.,"SELL: ML profit peak ML=0.600, P&L=$77.68",0.38473140236314796,0.5998956106771769,50.0,0.14754414354632672
2024-10-02 00:00:00-04:00,TSLA,249.02000427246094,sell,0.95,Stop loss triggered to limit losses. Protecting capital.,SELL: Stop loss 3.5% >= 2.0%,0.1134587487830204,0.5705492993247405,50.0,-0.7179475007233691
2024-10-03 00:00:00-04:00,AAPL,224.6245880126953,buy,0.4347851484339408,Strong upward momentum detected. Algorithm confidence: 39%. Good entry point for potential gains.,BUY: Momentum entry Q=0.394 >= 0.35,0.3935721439590991,0.5309488255419047,50.0,-0.007934519780548044
2024-10-03 00:00:00-04:00,MSFT,413.4361267089844,sell,0.8,Algorithm confidence dropped. Exiting position to preserve capital.,SELL: Conviction lost Q=0.259 <= 0.4,0.2592920443866536,0.39311842029350447,50.0,-0.5462158880847028
2024-10-03 00:00:00-04:00,GOOGL,165.13177490234375,buy,0.43789832728178124,Strong upward momentum detected. Algorithm confidence: 40%. Good entry point for potential gains.,BUY: Momentum entry Q=0.405 >= 0.35,0.4051912344524462,0.5142148772168965,50.0,-0.15903927111961025
2024-10-03 00:00:00-04:00,NVDA,122.82170867919922,buy,0.6380700804697523,Strong upward momentum detected. Algorithm confidence: 60%. Good entry point for potential gains.,BUY: Momentum entry Q=0.596 >= 0.35,0.5963625539490844,0.7353876423513106,50.0,0.580475277835319
2024-10-03 00:00:00-04:00,TSLA,240.66000366210938,buy,0.47770573978961745,Strong upward momentum detected. Algorithm confidence: 44%. Good entry point for potential gains.,BUY: Momentum entry Q=0.441 >= 0.35,0.4408120600518957,0.5637909925109682,50.0,-1.9391548790306956
2024-10-04 00:00:00-04:00,AAPL,225.74935913085938,sell,0.85,AI model detects potential price peak. Taking profits.,"SELL: ML profit peak ML=0.666, P&L=$24.74",0.48566428038980547,0.6663497116518966,50.0,0.04020549874505264
2024-10-04 00:00:00-04:00,MSFT,412.9596862792969,buy,0.46058218253918815,Strong upward momentum detected. Algorithm confidence: 42%. Good entry point for potential gains.,BUY: Momentum entry Q=0.416 >= 0.35,0.41613340396814014,0.5642959992049671,50.0,-0.7851042015141729
2024-10-04 00:00:00-04:00,GOOGL,166.3264923095703,sell,0.85,AI model detects potential price peak. Taking profits.,"SELL: ML profit peak ML=0.607, P&L=$35.84",0.3250356503149358,0.6069053087613092,50.0,-0.11621039271702216
2024-10-04 00:00:00-04:00,NVDA,124.89122772216797,sell,0.85,AI model detects potential price peak. Taking profits.,"SELL: ML profit peak ML=0.440, P&L=$82.78",0.36947050522394637,0.44003430936160215,50.0,1.0781410727676644
2024-10-04 00:00:00-04:00,TSLA,250.0800018310547,sell,0.88,Exit signal triggered. Closing position with loss.,SELL: Swing trade profit 3.9% >= 2.0% (24.0h),0.21492502633637783,0.32339329715362214,50.0,-2.1223898100504357
2024-10-07 00:00:00-04:00,AAPL,220.66302490234375,buy,0.469523834687188,Strong upward momentum detected. Algorithm confidence: 47%. Good entry point for potential gains.,BUY: Momentum entry Q=0.473 >= 0.35,0.4731781508240941,0.4609970970344072,50.0,-0.3282836046705597
2024-10-07 00:00:00-04:00,MSFT,406.48828125,sell,1.0,End of trading session - closing all positions.,FORCED EXIT: Held for 72.0 hours (max: 48),0.22464850621190932,0.5749985512243574,50.0,-1.4795577918484923
2024-10-07 00:00:00-04:00,GOOGL,162.26438903808594,buy,0.5101220968495204,Strong upward momentum detected. Algorithm confidence: 41%. Good entry point for potential gains.,BUY: Momentum entry Q=0.407 >= 0.35,0.4072330082502865,0.7501966369143994,50.0,-0.4053730949106864
2024-10-07 00:00:00-04:00,NVDA,127.69059753417969,buy,0.615107717172069,Strong upward momentum detected. Algorithm confidence: 59%. Good entry point for potential gains.,BUY: Momentum entry Q=0.589 >= 0.35,0.5885089088793094,0.6771716031885082,50.0,1.6790752153649606
2024-10-07 00:00:00-04:00,TSLA,240.8300018310547,buy,0.44127940376851893,Strong upward momentum detected. Algorithm confidence: 42%. Good entry point for potential gains.,BUY: Momentum entry Q=0.424 >= 0.35,0.4242802708848426,0.4809440471637638,50.0,-2.979654900620858
2024-10-08 00:00:00-04:00,AAPL,224.72415161132812,sell,0.85,AI model detects potential price peak. Taking profits.,"SELL: ML profit peak ML=0.510, P&L=$89.34",0.22250111292563352,0.5096658770549554,50.0,-0.28928024617781034
2024-10-08 00:00:00-04:00,MSFT,411.6197509765625,hold,0.16831214055102786,Waiting for better opportunity. No clear buy signal yet.,"HOLD: No entry signal (Q=0.337, RSI=50.0, ML=0.640)",0.3366242811020557,0.6403743386094284,50.0,-1.5974362927909738
2024-10-08 00:00:00-04:00,GOOGL,163.65826416015625,sell,0.85,AI model detects potential price peak. Taking profits.,"SELL: ML profit peak ML=0.656, P&L=$41.82",0.20107871283105394,0.6563925945544615,50.0,-0.5161131157245222
2024-10-08 00:00:00-04:00,NVDA,132.85939025878906,sell,0.88,Exit signal triggered. Closing position with loss.,SELL: Swing trade profit 4.0% >= 2.0% (24.0h),0.41566835967665877,0.5276949276585122,50.0,2.5430831488175585
2024-10-08 00:00:00-04:00,TSLA,244.5,sell,0.85,AI model detects potential price peak. Taking profits.,"SELL: ML profit peak ML=0.550, P&L=$73.40",0.13865697802156227,0.54955729808404,50.0,-3.3245817712018493
2024-10-09 00:00:00-04:00,AAPL,228.47665405273438,buy,0.5679947819372847,Strong upward momentum detected. Algorithm confidence: 56%. Good entry point for potential gains.,BUY: Momentum entry Q=0.560 >= 0.35,0.5600508638782616,0.586530590741672,50.0,0.043919505758310606
2024-10-09 00:00:00-04:00,MSFT,414.3492736816406,hold,0.1595722420488139,Waiting for better opportunity. No clear buy signal yet.,"HOLD: No entry signal (Q=0.319, RSI=50.0, ML=0.465)",0.3191444840976278,0.46548916598557644,50.0,-1.45384713850558
2024-10-09 00:00:00-04:00,GOOGL,161.14932250976562,buy,0.4243785826143619,Strong upward momentum detected. Algorithm confidence: 38%. Good entry point for potential gains.,BUY: Momentum entry Q=0.375 >= 0.35,0.3752941629011754,0.5389088952784639,50.0,-0.7971371028237968
2024-10-09 00:00:00-04:00,NVDA,132.61944580078125,buy,0.6120030764814864,Strong upward momentum detected. Algorithm confidence: 67%. Good entry point for potential gains.,BUY: Momentum entry Q=0.671 >= 0.35,0.6713439319181183,0.4735410804626792,50.0,3.1718905684186325
2024-10-09 00:00:00-04:00,TSLA,241.0500030517578,buy,0.4602354777007309,Strong upward momentum detected. Algorithm confidence: 41%. Good entry point for potential gains.,BUY: Momentum entry Q=0.410 >= 0.35,0.40963560404426974,0.578301849565807,50.0,-3.832150081389159
2024-10-10 00:00:00-04:00,AAPL,227.97897338867188,hold,0.4662698432007215,Holding position - indicators suggest more upside potential.,"HOLD: swing trade, Q=0.446, P&L=$-10.45 (-0.2%), 24.0h",0.44643023851465324,0.4861094478867897,50.0,0.264771913637702
2024-10-10 00:00:00-04:00,MSFT,412.7413024902344,buy,0.4113914667351868,Strong upward momentum detected. Algorithm confidence: 39%. Good entry point for potential gains.,BUY: Momentum entry Q=0.386 >= 0.35,0.3863700074188464,0.4697748718066477,50.0,-1.4530516609467554
2024-10-10 00:00:00-04:00,GOOGL,161.36837768554688,sell,0.85,AI model detects potential price peak. Taking profits.,"SELL: ML profit peak ML=0.552, P&L=$6.79",0.20048522720789638,0.5523681382141229,50.0,-0.990753920827018
2024-10-10 00:00:00-04:00,NVDA,134.77896118164062,sell,0.85,AI model detects potential price peak. Taking profits.,"SELL: ML profit peak ML=0.401, P&L=$79.90",0.4610012082969787,0.40072654754670817,50.0,3.800668086312328
2024-10-10 00:00:00-04:00,TSLA,238.77000427246094,sell,0.8,Algorithm confidence dropped. Exiting position to preserve capital.,SELL: Conviction lost Q=0.273 <= 0.4,0.2725822612359822,0.7067371035742159,50.0,-4.368026579384207
2024-10-11 00:00:00-04:00,AAPL,226.4958953857422,sell,1.0,End of trading session - closing all positions.,FORCED EXIT: Held for 48.0 hours (max: 48),0.44441542059278855,0.46620988107014266,50.0,0.31647886643040124
2024-10-11 00:00:00-04:00,MSFT,413.2177429199219,sell,0.85,AI model detects potential price peak. Taking profits.,"SELL: ML profit peak ML=0.609, P&L=$5.72",0.26258455348865395,0.6086009376923235,50.0,-1.3978627862923645
2024-10-11 00:00:00-04:00,GOOGL,162.5232696533203,buy,0.46501720661607915,Strong upward momentum detected. Algorithm confidence: 41%. Good entry point for potential gains.,BUY: Momentum entry Q=0.411 >= 0.35,0.4105305424231889,0.5921527563994897,50.0,-1.0390292318524246
2024-10-11 00:00:00-04:00,NVDA,134.7689666748047,buy,0.6212563191709433,Strong upward momentum detected. Algorithm confidence: 64%. Good entry point for potential gains.,BUY: Momentum entry Q=0.643 >= 0.35,0.643313028756096,0.5697906634722536,50.0,4.24919030535537
2024-10-11 00:00:00-04:00,TSLA,217.8000030517578,buy,0.40888564054278326,Strong upward momentum detected. Algorithm confidence: 37%. Good entry point for potential gains.,BUY: Momentum entry Q=0.366 >= 0.35,0.36587305222791555,0.509248346610808,50.0,-6.4109153680189195
2024-10-14 00:00:00-04:00,AAPL,230.22850036621094,buy,0.5519058599120403,Strong upward momentum detected. Algorithm confidence: 53%. Good entry point for potential gains.,BUY: Momentum entry Q=0.533 >= 0.35,0.5334966864880073,0.5948605979014507,50.0,0.6511410772720012
2024-10-14 00:00:00-04:00,MSFT,416.0167541503906,buy,0.5457677785955903,Strong upward momentum detected. Algorithm confidence: 43%. Good entry point for potential gains.,BUY: Momentum entry Q=0.428 >= 0.35,0.4278552609580949,0.8208969864164128,50.0,-1.1154106320807955
2024-10-14 00:00:00-04:00,GOOGL,164.23573303222656,sell,1.0,End of trading session - closing all positions.,FORCED EXIT: Held for 72.0 hours (max: 48),0.27973536185666753,0.39262196588685105,50.0,-0.9284042147447167
2024-10-14 00:00:00-04:00,NVDA,138.03822326660156,sell,1.0,End of trading session - closing all positions.,FORCED EXIT: Held for 72.0 hours (max: 48),0.49705986270619784,0.41583211234440665,50.0,4.812968178818963
2024-10-14 00:00:00-04:00,TSLA,219.16000366210938,sell,1.0,End of trading session - closing all positions.,FORCED EXIT: Held for 72.0 hours (max: 48),0.2369268959390005,0.6421252056760937,50.0,-7.82992032047656
2024-10-15 00:00:00-04:00,AAPL,232.76670837402344,sell,0.85,AI model detects potential price peak. Taking profits.,"SELL: ML profit peak ML=0.451, P&L=$53.30",0.4747142737966585,0.4512051670889022,50.0,1.1083985356511903
2024-10-15 00:00:00-04:00,MSFT,415.6197204589844,sell,0.8,Algorithm confidence dropped. Exiting position to preserve capital.,SELL: Conviction lost Q=0.325 <= 0.4,0.3245431553378045,0.3757805395041032,50.0,-0.9130771802940671
2024-10-15 00:00:00-04:00,GOOGL,164.7335205078125,buy,0.5038286418368494,Strong upward momentum detected. Algorithm confidence: 45%. Good entry point for potential gains.,BUY: Momentum entry Q=0.450 >= 0.35,0.450099731843305,0.6291960984884531,50.0,-0.7914425455709306
2024-10-15 00:00:00-04:00,NVDA,131.5697021484375,buy,0.5827821242338957,Strong upward momentum detected. Algorithm confidence: 61%. Good entry point for potential gains.,BUY: Momentum entry Q=0.611 >= 0.35,0.6112386493731827,0.5163835655755596,50.0,4.683818467077145
2024-10-15 00:00:00-04:00,TSLA,219.57000732421875,buy,0.41449646593493517,Strong upward momentum detected. Algorithm confidence: 39%. Good entry point for potential gains.,BUY: Momentum entry Q=0.392 >= 0.35,0.3920009205441491,0.46698607184676943,50.0,-8.81973963131668
2024-10-16 00:00:00-04:00,AAPL,230.70626831054688,buy,0.5224158436991092,Strong upward momentum detected. Algorithm confidence: 52%. Good entry point for potential gains.,BUY: Momentum entry Q=0.525 >= 0.35,0.5254213659189273,0.5154029585195337,50.0,1.2896517696521528
2024-10-16 00:00:00-04:00,MSFT,413.01922607421875,buy,0.44885870558452334,Strong upward momentum detected. Algorithm confidence: 40%. Good entry point for potential gains.,BUY: Momentum entry Q=0.401 >= 0.35,0.4008399218358497,0.5609025343314284,50.0,-0.9515952281884097
2024-10-16 00:00:00-04:00,GOOGL,164.43484497070312,sell,0.8,Algorithm confidence dropped. Exiting position to preserve capital.,SELL: Conviction lost Q=0.224 <= 0.4,0.22438817475272715,0.3765027882713003,50.0,-0.6989430750124939
2024-10-16 00:00:00-04:00,NVDA,135.68873596191406,sell,0.88,Exit signal triggered. Closing position with loss.,SELL: Swing trade profit 3.1% >= 2.0% (24.0h),0.5241979064860445,0.5575569363115258,50.0,4.857839840809433
2024-10-16 00:00:00-04:00,TSLA,221.3300018310547,sell,0.85,AI model detects potential price peak. Taking profits.,"SELL: ML profit peak ML=0.690, P&L=$38.72",0.26568156591543257,0.690429589440183,50.0,-9.354330815830536
2024-10-17 00:00:00-04:00,AAPL,231.07456970214844,sell,0.85,AI model detects potential price peak. Taking profits.,"SELL: ML profit peak ML=0.549, P&L=$7.73",0.4822917300672431,0.5492770486089364,50.0,1.4463425708957516
2024-10-17 00:00:00-04:00,MSFT,413.6147766113281,sell,0.85,AI model detects potential price peak. Taking profits.,"SELL: ML profit peak ML=0.600, P&L=$7.15",0.2950229719934071,0.5995660844515768,50.0,-0.9234204909209893
2024-10-17 00:00:00-04:00,GOOGL,162.21461486816406,hold,0.17369979229624363,Waiting for better opportunity. No clear buy signal yet.,"HOLD: No entry signal (Q=0.347, RSI=50.0, ML=0.702)",0.34739958459248726,0.7016505571848876,50.0,-0.7956191894497522
2024-10-17 00:00:00-04:00,NVDA,136.89846801757812,buy,0.6336985743890988,Strong upward momentum detected. Algorithm confidence: 64%. Good entry point for potential gains.,BUY: Momentum entry Q=0.645 >= 0.35,0.6451690971888419,0.6069340211896987,50.0,5.035324216797278
2024-10-17 00:00:00-04:00,TSLA,220.88999938964844,buy,0.43069306464677815,Strong upward momentum detected. Algorithm confidence: 36%. Good entry point for potential gains.,BUY: Momentum entry Q=0.355 >= 0.35,0.3554525742592996,0.6062542088842282,50.0,-9.70166791223329
2024-10-18 00:00:00-04:00,AAPL,233.91136169433594,buy,0.6613449804780364,Strong upward momentum detected. Algorithm confidence: 64%. Good entry point for potential gains.,BUY: Momentum entry Q=0.637 >= 0.35,0.6367706062524765,0.7186851870043429,64.97441725879204,1.7789202798406336
2024-10-18 00:00:00-04:00,MSFT,415.0440673828125,buy,0.38211359609577766,Strong upward momentum detected. Algorithm confidence: 36%. Good entry point for potential gains.,BUY: Momentum entry Q=0.364 >= 0.35,0.3642621909426003,0.42376687478652486,45.645480687917214,-0.7768054586879884
2024-10-18 00:00:00-04:00,GOOGL,162.70249938964844,buy,0.4941215440161123,Strong upward momentum detected. Algorithm confidence: 51%. Good entry point for potential gains.,BUY: Momentum entry Q=0.512 >= 0.35,0.5115835244510203,0.4533769230013269,39.46909664329038,-0.8233761356346179
2024-10-18 00:00:00-04:00,NVDA,137.9682159423828,sell,0.85,AI model detects potential price peak. Taking profits.,"SELL: ML profit peak ML=0.536, P&L=$38.51",0.3027866090705177,0.5358602545297959,80.48779082675652,5.20233233196538
2024-10-18 00:00:00-04:00,TSLA,220.6999969482422,hold,0.5911123349353444,Holding position - indicators suggest more upside potential.,"HOLD: swing trade, Q=0.534, P&L=$-4.18 (-0.1%), 24.0h",0.5336592024430128,0.648565467427676,23.55442075732141,-9.878394687792223
2024-10-21 00:00:00-04:00,AAPL,235.38450622558594,sell,1.0,End of trading session - closing all positions.,FORCED EXIT: Held for 72.0 hours (max: 48),0.4841135896360104,0.5790552931962688,66.65582691401193,2.136730068203832
2024-10-21 00:00:00-04:00,MSFT,415.659423828125,sell,1.0,End of trading session - closing all positions.,FORCED EXIT: Held for 72.0 hours (max: 48),0.1999482455056869,0.81486221538823,46.78125197541521,-0.6039953841363968
2024-10-21 00:00:00-04:00,GOOGL,163.34963989257812,sell,1.0,End of trading session - closing all positions.,FORCED EXIT: Held for 72.0 hours (max: 48),0.2696296687483335,0.48717286584989467,41.70458256231631,-0.7841160831453351
2024-10-21 00:00:00-04:00,NVDA,143.67691040039062,buy,0.442742048213589,Strong upward momentum detected. Algorithm confidence: 40%. Good entry point for potential gains.,BUY: Momentum entry Q=0.398 >= 0.35,0.3978636876833349,0.5474582227841819,83.26275551514331,5.729287737001243
2024-10-21 00:00:00-04:00,TSLA,218.85000610351562,sell,1.0,End of trading session - closing all positions.,FORCED EXIT: Held for 96.0 hours (max: 48),0.4404260819208786,0.2878629203535394,22.95263262149507,-10.051859155541166
2024-10-22 00:00:00-04:00,AAPL,234.76739501953125,buy,0.6317828473803797,Strong upward momentum detected. Algorithm confidence: 62%. Good entry point for potential gains.,BUY: Momentum entry Q=0.622 >= 0.35,0.6223821730373613,0.6537177541807558,64.70208903298638,2.343486927911897
2024-10-22 00:00:00-04:00,MSFT,424.3243713378906,buy,0.6282615105684087,Strong upward momentum detected. Algorithm confidence: 62%. Good entry point for potential gains.,BUY: Momentum entry Q=0.615 >= 0.35,0.6146079761229906,0.6601197576077179,64.89659219775226,0.22950114666599575
2024-10-22 00:00:00-04:00,GOOGL,164.41493225097656,hold,0.1682001114335974,Waiting for better opportunity. No clear buy signal yet.,"HOLD: No entry signal (Q=0.336, RSI=47.9, ML=0.483)",0.3364002228671948,0.48317844408933547,47.94754552150841,-0.6594403999479539
2024-10-22 00:00:00-04:00,NVDA,143.55694580078125,sell,0.8,Algorithm confidence dropped. Exiting position to preserve capital.,SELL: Conviction lost Q=0.226 <= 0.4,0.22561377542553718,0.5396436868916161,82.19678153047623,6.067283681866741
2024-10-22 00:00:00-04:00,TSLA,217.97000122070312,buy,0.6083677516496848,Strong upward momentum detected. Algorithm confidence: 60%. Good entry point for potential gains.,BUY: Momentum entry Q=0.600 >= 0.35,0.6002639741932512,0.6272765657146968,25.85160499740229,-10.143413083539883
2024-10-23 00:00:00-04:00,AAPL,229.69100952148438,sell,0.95,Stop loss triggered to limit losses. Protecting capital.,SELL: Stop loss 2.2% >= 2.0%,0.5435196507682948,0.6032031010052377,57.29853538228875,2.073815687919762
2024-10-23 00:00:00-04:00,MSFT,421.4360656738281,sell,0.8,Algorithm confidence dropped. Exiting position to preserve capital.,SELL: Conviction lost Q=0.385 <= 0.4,0.3849190287157155,0.4300346922385248,60.844951555117945,0.6495039466382195
2024-10-23 00:00:00-04:00,GOOGL,162.06527709960938,buy,0.48344203221052684,Strong upward momentum detected. Algorithm confidence: 41%. Good entry point for potential gains.,BUY: Momentum entry Q=0.408 >= 0.35,0.4084357780275707,0.6584566253040913,42.26128772394077,-0.7416819092333924
2024-10-23 00:00:00-04:00,NVDA,139.52786254882812,hold,0.16168809073438317,Waiting for better opportunity. No clear buy signal yet.,"HOLD: No entry signal (Q=0.323, RSI=71.7, ML=0.498)",0.32337618146876634,0.49804316190550296,71.7295076907871,5.941544135017324
2024-10-23 00:00:00-04:00,TSLA,213.64999389648438,hold,0.4857764252874945,Holding position - indicators suggest more upside potential.,"HOLD: swing trade, Q=0.439, P&L=$-95.04 (-2.0%), 24.0h",0.43856986213744364,0.5329829884375453,27.58505413641079,-10.444164886798063
2024-10-24 00:00:00-04:00,AAPL,229.50189208984375,buy,0.5938672804906518,Strong upward momentum detected. Algorithm confidence: 60%. Good entry point for potential gains.,BUY: Momentum entry Q=0.600 >= 0.35,0.6003961572853233,0.5786332346364188,55.55555053548128,1.823815283830129
2024-10-24 00:00:00-04:00,MSFT,421.56512451171875,buy,0.6288344111448497,Strong upward momentum detected. Algorithm confidence: 58%. Good entry point for potential gains.,BUY: Momentum entry Q=0.584 >= 0.35,0.5836213117916746,0.7343316429689252,61.77670194043303,0.9814595069423717
2024-10-24 00:00:00-04:00,GOOGL,162.00555419921875,sell,0.8,Algorithm confidence dropped. Exiting position to preserve capital.,SELL: Conviction lost Q=0.274 <= 0.4,0.2739232042602938,0.6033915354992992,38.432907456560656,-0.802428144639407
2024-10-24 00:00:00-04:00,NVDA,140.37767028808594,hold,0.16214482188019166,Waiting for better opportunity. No clear buy signal yet.,"HOLD: No entry signal (Q=0.324, RSI=70.8, ML=0.656)",0.32428964376038333,0.6557606852624782,70.8031109164323,5.843111271130056
2024-10-24 00:00:00-04:00,TSLA,260.4800109863281,sell,1.0,End of trading session - closing all positions.,FORCED EXIT: Held for 48.0 hours (max: 48),0.18963824211846325,0.5055983117993967,55.32459919124996,-6.825046960396861
2024-10-25 00:00:00-04:00,AAPL,230.3380126953125,sell,0.85,AI model detects potential price peak. Taking profits.,"SELL: ML profit peak ML=0.367, P&L=$17.56",0.4222663101348386,0.3668133747179376,66.38572375146916,1.6738608812465543
2024-10-25 00:00:00-04:00,MSFT,424.9596252441406,sell,0.85,AI model detects potential price peak. Taking profits.,"SELL: ML profit peak ML=0.388, P&L=$37.34",0.3166191093672485,0.3876322257632781,77.60299092561633,1.5011403091180568
2024-10-25 00:00:00-04:00,GOOGL,164.54434204101562,buy,0.4905577554002327,Strong upward momentum detected. Algorithm confidence: 46%. Good entry point for potential gains.,BUY: Momentum entry Q=0.465 >= 0.35,0.4648580281638402,0.5505237856184819,56.6453869356031,-0.6383524824963729
2024-10-25 00:00:00-04:00,NVDA,141.5074005126953,buy,0.632833299979418,Strong upward momentum detected. Algorithm confidence: 65%. Good entry point for potential gains.,BUY: Momentum entry Q=0.648 >= 0.35,0.6481411700953242,0.597114936375637,69.43192138456018,5.789524272940724
2024-10-25 00:00:00-04:00,TSLA,269.19000244140625,buy,0.3880996901253644,Strong upward momentum detected. Algorithm confidence: 40%. Good entry point for potential gains.,BUY: Momentum entry Q=0.405 >= 0.35,0.40548715474226266,0.3475289393526017,64.60049298829495,-3.2169632614107684
2024-10-28 00:00:00-04:00,AAPL,232.3187713623047,buy,0.5786160202749984,Strong upward momentum detected. Algorithm confidence: 58%. Good entry point for potential gains.,BUY: Momentum entry Q=0.585 >= 0.35,0.5849378702605431,0.563865036975394,63.837460486917934,1.6953091389112558
2024-10-28 00:00:00-04:00,MSFT,423.4112243652344,buy,0.5968929607586708,Strong upward momentum detected. Algorithm confidence: 59%. Good entry point for potential gains.,BUY: Momentum entry Q=0.592 >= 0.35,0.5921347211893333,0.6079955197537917,69.73409889751811,1.7676714622589884
2024-10-28 00:00:00-04:00,GOOGL,165.9879913330078,sell,1.0,End of trading session - closing all positions.,FORCED EXIT: Held for 72.0 hours (max: 48),0.2581629249060016,0.5214008896493295,56.77081808933626,-0.3873655959006044
2024-10-28 00:00:00-04:00,NVDA,140.48765563964844,sell,1.0,End of trading session - closing all positions.,FORCED EXIT: Held for 72.0 hours (max: 48),0.46108660082278474,0.668071912499398,62.14584754607845,5.6002155035984345
2024-10-28 00:00:00-04:00,TSLA,262.510009765625,sell,1.0,End of trading session - closing all positions.,FORCED EXIT: Held for 72.0 hours (max: 48),0.27240420907259144,0.6887753701572196,58.993313136608286,-0.8863334171232395
2024-10-29 00:00:00-04:00,AAPL,232.5875244140625,sell,0.85,AI model detects potential price peak. Taking profits.,"SELL: ML profit peak ML=0.401, P&L=$5.64",0.5336448472138622,0.4010895171411024,58.579149428332684,1.7142325570063122
2024-10-29 00:00:00-04:00,MSFT,428.7313232421875,sell,0.85,AI model detects potential price peak. Taking profits.,"SELL: ML profit peak ML=0.652, P&L=$58.52",0.25303365164885766,0.6518649990548508,72.14908714578314,2.38074311416608
2024-10-29 00:00:00-04:00,GOOGL,168.9349822998047,buy,0.4265532974608695,Strong upward momentum detected. Algorithm confidence: 37%. Good entry point for potential gains.,BUY: Momentum entry Q=0.374 >= 0.35,0.37391963932996997,0.5493651664329685,72.06541077200245,0.04877857295338117
2024-10-29 00:00:00-04:00,NVDA,141.21746826171875,buy,0.6085057249002462,Strong upward momentum detected. Algorithm confidence: 64%. Good entry point for potential gains.,BUY: Momentum entry Q=0.641 >= 0.35,0.6409981669101914,0.5326900268770409,63.479634623150105,5.446295218226481
2024-10-29 00:00:00-04:00,TSLA,259.5199890136719,buy,0.6521646461961204,Strong upward momentum detected. Algorithm confidence: 62%. Good entry point for potential gains.,BUY: Momentum entry Q=0.620 >= 0.35,0.6199922229826299,0.7272336336942649,59.265566693075215,0.7112391178992254
2024-10-30 00:00:00-04:00,AAPL,229.03407287597656,buy,0.606158611552385,Strong upward momentum detected. Algorithm confidence: 58%. Good entry point for potential gains.,BUY: Momentum entry Q=0.577 >= 0.35,0.5765141955642137,0.6753289155247848,51.952856038187825,1.4260569635069373
2024-10-30 00:00:00-04:00,MSFT,429.3069763183594,buy,0.4844378643256674,Strong upward momentum detected. Algorithm confidence: 45%. Good entry point for potential gains.,BUY: Momentum entry Q=0.452 >= 0.35,0.4519939214490508,0.5601403977044395,76.34980981210329,2.879859974424221
2024-10-30 00:00:00-04:00,GOOGL,173.6940155029297,sell,0.88,Exit signal triggered. Closing position with loss.,SELL: Swing trade profit 2.8% >= 2.0% (24.0h),0.24296487812664322,0.5601147234239239,77.78271525789124,0.7695690624990164
2024-10-30 00:00:00-04:00,NVDA,139.3079071044922,hold,0.47726300037315794,Holding position - indicators suggest more upside potential.,"HOLD: swing trade, Q=0.474, P&L=$-66.83 (-1.4%), 24.0h",0.47378948595066706,0.48073651479564883,57.156386905752186,5.111306694714983
2024-10-30 00:00:00-04:00,TSLA,257.54998779296875,hold,0.4618069900281786,Holding position - indicators suggest more upside potential.,"HOLD: swing trade, Q=0.430, P&L=$-37.43 (-0.8%), 24.0h",0.4303125009508162,0.49330147910554095,59.45047183828269,1.7976421278134467
2024-10-31 00:00:00-04:00,AAPL,224.8634796142578,hold,0.5124504083577484,Holding position - indicators suggest more upside potential.,"HOLD: swing trade, Q=0.475, P&L=$-87.58 (-1.8%), 24.0h",0.4746065556623632,0.5502942610531334,47.25199020208206,0.8513301048332096
2024-10-31 00:00:00-04:00,MSFT,403.322021484375,sell,0.95,Stop loss triggered to limit losses. Protecting capital.,SELL: Stop loss 6.1% >= 2.0%,0.44450737263722384,0.6525096471076864,41.31080118570317,1.1652131405829778
2024-10-31 00:00:00-04:00,GOOGL,170.35870361328125,buy,0.6476568635681983,Strong upward momentum detected. Algorithm confidence: 67%. Good entry point for potential gains.,BUY: Momentum entry Q=0.667 >= 0.35,0.6669389128676888,0.6026654152027207,66.08084908892423,1.0594561720856461
2024-10-31 00:00:00-04:00,NVDA,132.72943115234375,sell,1.0,End of trading session - closing all positions.,FORCED EXIT: Held for 48.0 hours (max: 48),0.43751567254265933,0.5835992478796188,47.331231004465685,4.265824081026409
2024-10-31 00:00:00-04:00,TSLA,249.85000610351562,sell,1.0,End of trading session - closing all positions.,FORCED EXIT: Held for 48.0 hours (max: 48),0.4370108792235424,0.5984633646621933,68.61424017568254,2.0140830734273436
2024-11-01 00:00:00-04:00,AAPL,221.87738037109375,sell,1.0,End of trading session - closing all positions.,FORCED EXIT: Held for 48.0 hours (max: 48),0.4392388911035403,0.6995001934364563,35.5792777557911,0.15313641433974112
2024-11-01 00:00:00-04:00,MSFT,407.3121032714844,buy,0.5794340960163051,Strong upward momentum detected. Algorithm confidence: 61%. Good entry point for potential gains.,BUY: Momentum entry Q=0.606 >= 0.35,0.6060616353596633,0.517303170881803,42.51325248329856,0.1268472094445201
2024-11-01 00:00:00-04:00,GOOGL,170.5379180908203,sell,0.85,AI model detects potential price peak. Taking profits.,"SELL: ML profit peak ML=0.751, P&L=$5.20",0.43598342705126747,0.7507119774790552,63.80279732058235,1.2887984393764782
2024-11-01 00:00:00-04:00,NVDA,135.3688201904297,buy,0.6059003250678692,Strong upward momentum detected. Algorithm confidence: 60%. Good entry point for potential gains.,BUY: Momentum entry Q=0.601 >= 0.35,0.6008348039756168,0.6177198742831248,46.44849544931886,3.7653451009066146
2024-11-01 00:00:00-04:00,TSLA,248.97999572753906,buy,0.5296557090659998,Strong upward momentum detected. Algorithm confidence: 61%. Good entry point for potential gains.,BUY: Momentum entry Q=0.607 >= 0.35,0.606780320390437,0.3496982826423133,67.41821531750307,2.0913042620962017
2024-11-04 00:00:00-05:00,AAPL,220.98155212402344,buy,0.702910596364843,Strong upward momentum detected. Algorithm confidence: 68%. Good entry point for potential gains.,BUY: Momentum entry Q=0.675 >= 0.35,0.6753635332124862,0.7671870770536757,28.425656628182026,-0.4670886610478533
2024-11-04 00:00:00-05:00,MSFT,405.41632080078125,sell,1.0,End of trading session - closing all positions.,FORCED EXIT: Held for 73.0 hours (max: 48),0.24536708308226574,0.6799409581800454,41.44476281667133,-0.8393634147165585
2024-11-04 00:00:00-05:00,GOOGL,168.49691772460938,buy,0.5318243265430007,Strong upward momentum detected. Algorithm confidence: 54%. Good entry point for potential gains.,BUY: Momentum entry Q=0.539 >= 0.35,0.5385013062831729,0.5162447071492656,57.7205527890504,1.2909805461957262
2024-11-04 00:00:00-05:00,NVDA,136.0186767578125,sell,1.0,End of trading session - closing all positions.,FORCED EXIT: Held for 73.0 hours (max: 48),0.421909926360585,0.545142747108992,57.00347233565015,3.3821624340979213
2024-11-04 00:00:00-05:00,TSLA,242.83999633789062,sell,1.0,End of trading session - closing all positions.,FORCED EXIT: Held for 73.0 hours (max: 48),0.3681691619738423,0.5638583522530389,62.739507642257735,1.6381721450745204
2024-11-05 00:00:00-05:00,AAPL,222.41485595703125,sell,0.85,AI model detects potential price peak. Taking profits.,"SELL: ML profit peak ML=0.444, P&L=$31.53",0.3164919819921195,0.44393758999825805,34.464725383931864,-0.83335941250985
2024-11-05 00:00:00-05:00,MSFT,408.39398193359375,buy,0.44789161065729644,Strong upward momentum detected. Algorithm confidence: 42%. Good entry point for potential gains.,BUY: Momentum entry Q=0.417 >= 0.35,0.41715140922803423,0.519618747325575,46.146249280409435,-1.3492664240233694
2024-11-05 00:00:00-05:00,GOOGL,168.9947509765625,sell,0.85,AI model detects potential price peak. Taking profits.,"SELL: ML profit peak ML=0.590, P&L=$14.44",0.41453519809450334,0.5904300067773244,59.278758319702625,1.3176913389171148
2024-11-05 00:00:00-05:00,NVDA,139.87777709960938,buy,0.6191229908484309,Strong upward momentum detected. Algorithm confidence: 66%. Good entry point for potential gains.,BUY: Momentum entry Q=0.660 >= 0.35,0.6598292906288086,0.5241416246942165,56.64870158837642,3.351253392677762
2024-11-05 00:00:00-05:00,TSLA,251.44000244140625,buy,0.50160466418818,Strong upward momentum detected. Algorithm confidence: 55%. Good entry point for potential gains.,BUY: Momentum entry Q=0.554 >= 0.35,0.5544408214827218,0.3783202971675822,65.33563808283016,1.950525849169054
2024-11-06 00:00:00-05:00,AAPL,221.68826293945312,buy,0.47624511201065073,Strong upward momentum detected. Algorithm confidence: 44%. Good entry point for potential gains.,BUY: Momentum entry Q=0.441 >= 0.35,0.44104114801650296,0.5583876946636623,32.6462641033786,-1.1687885392739759
2024-11-06 00:00:00-05:00,MSFT,417.0489807128906,sell,0.88,Exit signal triggered. Closing position with loss.,SELL: Swing trade profit 2.1% >= 2.0% (24.0h),0.21006736951766622,0.503077057189986,52.52258698544893,-1.042959575142902
2024-11-06 00:00:00-05:00,GOOGL,175.73501586914062,buy,0.4376295334572224,Strong upward momentum detected. Algorithm confidence: 36%. Good entry point for potential gains.,BUY: Momentum entry Q=0.359 >= 0.35,0.3587686769343033,0.6216381986773669,73.23749225699284,1.8612871213527171
2024-11-06 00:00:00-05:00,NVDA,145.5764617919922,sell,0.88,Exit signal triggered. Closing position with loss.,SELL: Swing trade profit 4.1% >= 2.0% (24.0h),0.478795907260195,0.5246802066903479,62.05556419949728,3.743441915257449
2024-11-06 00:00:00-05:00,TSLA,288.5299987792969,sell,0.88,Exit signal triggered. Closing position with loss.,SELL: Swing trade profit 14.8% >= 2.0% (24.0h),0.28784818228223474,0.5602886819099325,75.08529448880745,5.131765344013104
2024-11-07 00:00:00-05:00,AAPL,226.42620849609375,sell,0.88,Exit signal triggered. Closing position with loss.,SELL: Swing trade profit 2.1% >= 2.0% (24.0h),0.26073221198781216,0.4706529583746207,37.07013299749651,-1.040313838752894
2024-11-07 00:00:00-05:00,MSFT,422.2598571777344,buy,0.4207068733174974,Strong upward momentum detected. Algorithm confidence: 39%. Good entry point for potential gains.,BUY: Momentum entry Q=0.392 >= 0.35,0.39184230147792903,0.48805754094315706,55.02137909270418,-0.37540754449236147
2024-11-07 00:00:00-05:00,GOOGL,179.95639038085938,sell,0.88,Exit signal triggered. Closing position with loss.,SELL: Swing trade profit 2.4% >= 2.0% (24.0h),0.17988825220603177,0.42272527913651425,76.28141390279174,2.602717827941035
2024-11-07 00:00:00-05:00,NVDA,148.84571838378906,buy,0.5349874350374556,Strong upward momentum detected. Algorithm confidence: 57%. Good entry point for potential gains.,BUY: Momentum entry Q=0.569 >= 0.35,0.5692159585288981,0.45512088022408986,64.24086338385615,4.268847216165398
2024-11-07 00:00:00-05:00,TSLA,296.9100036621094,buy,0.5061180322109649,Strong upward momentum detected. Algorithm confidence: 48%. Good entry point for potential gains.,BUY: Momentum entry Q=0.481 >= 0.35,0.4811467186442818,0.5643844305332254,76.64498754575315,8.23419821132029
2024-11-08 00:00:00-05:00,AAPL,226.15716552734375,buy,0.42893928970263534,Strong upward momentum detected. Algorithm confidence: 37%. Good entry point for potential gains.,BUY: Momentum entry Q=0.369 >= 0.35,0.36942687254002765,0.5678015964153867,33.36882941583826,-0.9492637109086957
2024-11-08 00:00:00-05:00,MSFT,419.39141845703125,sell,0.8,Algorithm confidence dropped. Exiting position to preserve capital.,SELL: Conviction lost Q=0.160 <= 0.4,0.16049291977584046,0.38816271119948775,52.518087233839275,-0.07693986806168596
2024-11-08 00:00:00-05:00,GOOGL,177.56692504882812,buy,0.46656990137706006,Strong upward momentum detected. Algorithm confidence: 42%. Good entry point for potential gains.,BUY: Momentum entry Q=0.423 >= 0.35,0.42250921209760106,0.5693781763624645,70.56446878329953,2.9633376105711022
2024-11-08 00:00:00-05:00,NVDA,147.5959930419922,sell,0.8,Algorithm confidence dropped. Exiting position to preserve capital.,SELL: Conviction lost Q=0.388 <= 0.4,0.38762620443701173,0.6313671271724517,55.80911333336047,4.532148524754319
2024-11-08 00:00:00-05:00,TSLA,321.2200012207031,sell,0.88,Exit signal triggered. Closing position with loss.,SELL: Swing trade profit 8.2% >= 2.0% (24.0h),0.21005339925802913,0.5456733241743943,80.93309224690998,12.510301280564704
2024-11-11 00:00:00-05:00,AAPL,223.4368133544922,sell,1.0,End of trading session - closing all positions.,FORCED EXIT: Held for 72.0 hours (max: 48),0.3284034977738863,0.62003172346455,31.01720505205077,-1.084118471133877
2024-11-11 00:00:00-05:00,MSFT,414.89520263671875,buy,0.41723606288228887,Strong upward momentum detected. Algorithm confidence: 39%. Good entry point for potential gains.,BUY: Momentum entry Q=0.386 >= 0.35,0.3858854822953106,0.4903874175852383,43.258622352376975,-0.2008933509051758
2024-11-11 00:00:00-05:00,GOOGL,179.55813598632812,sell,1.0,End of trading session - closing all positions.,FORCED EXIT: Held for 72.0 hours (max: 48),0.3008283519440112,0.49046476541666933,71.33235286657555,3.370947285873058
2024-11-11 00:00:00-05:00,NVDA,145.22654724121094,buy,0.524102940835831,Strong upward momentum detected. Algorithm confidence: 52%. Good entry point for potential gains.,BUY: Momentum entry Q=0.525 >= 0.35,0.5245551209458668,0.5230478539124144,52.32007192246284,4.497774688119193
2024-11-11 00:00:00-05:00,TSLA,350.0,buy,0.48675314712903767,Strong upward momentum detected. Algorithm confidence: 44%. Good entry point for potential gains.,BUY: Momentum entry Q=0.437 >= 0.35,0.4366254854838313,0.6037176909678527,84.1392101350478,18.013797305465744
2024-11-12 00:00:00-05:00,AAPL,223.4368133544922,buy,0.49562760642965603,Strong upward momentum detected. Algorithm confidence: 44%. Good entry point for potential gains.,BUY: Momentum entry Q=0.442 >= 0.35,0.44189953056651665,0.6209931167769813,37.37442189560945,-1.1774192836051327
2024-11-12 00:00:00-05:00,MSFT,419.87774658203125,sell,0.85,AI model detects potential price peak. Taking profits.,"SELL: ML profit peak ML=0.623, P&L=$59.79",0.42759024910463334,0.6233517968433069,48.91827366110865,0.10174937299916564
2024-11-12 00:00:00-05:00,GOOGL,180.82257080078125,buy,0.4539673856939591,Strong upward momentum detected. Algorithm confidence: 39%. Good entry point for potential gains.,BUY: Momentum entry Q=0.392 >= 0.35,0.3917285439363758,0.5991913497949868,77.25693597554215,3.7527508367825533
2024-11-12 00:00:00-05:00,NVDA,148.25582885742188,sell,0.88,Exit signal triggered. Closing position with loss.,SELL: Swing trade profit 2.1% >= 2.0% (24.0h),0.44269231934233355,0.7429610457229486,62.474984427969986,4.661239022668383
2024-11-12 00:00:00-05:00,TSLA,328.489990234375,sell,0.95,Stop loss triggered to limit losses. Protecting capital.,SELL: Stop loss 6.1% >= 2.0%,0.29007291361876186,0.6367960756665232,77.27013227229108,20.4044695111308
2024-11-13 00:00:00-05:00,AAPL,224.3236541748047,sell,0.85,AI model detects potential price peak. Taking profits.,"SELL: ML profit peak ML=0.560, P&L=$19.51",0.213157029535228,0.5604776697288932,39.83290980568859,-1.1663551905180043
2024-11-13 00:00:00-05:00,MSFT,422.0316162109375,buy,0.511019224233298,Strong upward momentum detected. Algorithm confidence: 58%. Good entry point for potential gains.,BUY: Momentum entry Q=0.580 >= 0.35,0.5800490302557155,0.3499496768476572,50.31496692497005,0.5095217410648729
2024-11-13 00:00:00-05:00,GOOGL,178.09458923339844,sell,0.8,Algorithm confidence dropped. Exiting position to preserve capital.,SELL: Conviction lost Q=0.300 <= 0.4,0.3000636427517137,0.4710068426580968,71.69704784124445,3.791501518452833
2024-11-13 00:00:00-05:00,NVDA,146.236328125,buy,0.6123269165403988,Strong upward momentum detected. Algorithm confidence: 60%. Good entry point for potential gains.,BUY: Momentum entry Q=0.602 >= 0.35,0.6019951200168293,0.6364344417620612,58.102910271653776,4.575090063701282
2024-11-13 00:00:00-05:00,TSLA,330.239990234375,buy,0.36192868417928503,Strong upward momentum detected. Algorithm confidence: 38%. Good entry point for potential gains.,BUY: Momentum entry Q=0.385 >= 0.35,0.385158484925236,0.30772581577206615,71.07806823079387,22.184574863020714
2024-11-14 00:00:00-05:00,AAPL,227.4127197265625,buy,0.4565221292153666,Strong upward momentum detected. Algorithm confidence: 38%. Good entry point for potential gains.,BUY: Momentum entry Q=0.385 >= 0.35,0.3845419501634611,0.6244758803364795,44.72323634457945,-0.8979737608591734
2024-11-14 00:00:00-05:00,MSFT,423.7090148925781,sell,0.85,AI model detects potential price peak. Taking profits.,"SELL: ML profit peak ML=0.531, P&L=$18.45",0.4488346859342418,0.5305402317836332,49.13556632007756,0.9570045824887075
2024-11-14 00:00:00-05:00,GOOGL,174.80909729003906,buy,0.6071410156239565,Strong upward momentum detected. Algorithm confidence: 64%. Good entry point for potential gains.,BUY: Momentum entry Q=0.636 >= 0.35,0.6356685604348202,0.5405767443986081,63.56936967102835,3.5165632192261853
2024-11-14 00:00:00-05:00,NVDA,146.7261962890625,sell,0.85,AI model detects potential price peak. Taking profits.,"SELL: ML profit peak ML=0.507, P&L=$16.66",0.46918942454851414,0.5069196831624435,57.34799413052492,4.494534464336567
2024-11-14 00:00:00-05:00,TSLA,311.17999267578125,sell,0.95,Stop loss triggered to limit losses. Protecting capital.,SELL: Stop loss 5.8% >= 2.0%,0.4236680599552834,0.36397923477054067,61.94050678301402,21.805972984607706
2024-11-15 00:00:00-05:00,AAPL,224.2041015625,sell,0.8,Algorithm confidence dropped. Exiting position to preserve capital.,SELL: Conviction lost Q=0.228 <= 0.4,0.2284830235695943,0.47115273907408217,35.98332557562135,-0.9334282349165335
2024-11-15 00:00:00-05:00,MSFT,411.9075927734375,buy,0.6506885284779231,Strong upward momentum detected. Algorithm confidence: 66%. Good entry point for potential gains.,BUY: Momentum entry Q=0.655 >= 0.35,0.6546131010843257,0.6415311923963173,43.03569917551913,0.35526653042501266
2024-11-15 00:00:00-05:00,GOOGL,171.73265075683594,hold,0.41833534090084173,Holding position - indicators suggest more upside potential.,"HOLD: swing trade, Q=0.433, P&L=$-86.14 (-1.8%), 24.0h",0.43302102129458275,0.4036496605071007,57.27981987723684,3.015666387049748
2024-11-15 00:00:00-05:00,NVDA,141.94729614257812,buy,0.6218677897049442,Strong upward momentum detected. Algorithm confidence: 61%. Good entry point for potential gains.,BUY: Momentum entry Q=0.612 >= 0.35,0.6121332054542705,0.6445818196231827,51.858427023046985,3.9989785333274313
2024-11-15 00:00:00-05:00,TSLA,320.7200012207031,buy,0.5389883436267369,Strong upward momentum detected. Algorithm confidence: 57%. Good entry point for potential gains.,BUY: Momentum entry Q=0.566 >= 0.35,0.5663258125782458,0.4752009160732162,66.28797938283422,22.02187278733072
2024-11-18 00:00:00-05:00,AAPL,227.2134246826172,buy,0.44620129296634703,Strong upward momentum detected. Algorithm confidence: 38%. Good entry point for potential gains.,BUY: Momentum entry Q=0.385 >= 0.35,0.38468606889442425,0.5897368158008335,41.52003979499606,-0.710508633955925
2024-11-18 00:00:00-05:00,MSFT,412.6619567871094,sell,1.0,End of trading session - closing all positions.,FORCED EXIT: Held for 72.0 hours (max: 48),0.2366578348451462,0.39807608002121947,39.702327102251765,-0.06005209651630139
2024-11-18 00:00:00-05:00,GOOGL,174.5303192138672,sell,1.0,End of trading session - closing all positions.,FORCED EXIT: Held for 96.0 hours (max: 48),0.4906611171164186,0.395268500094876,57.1175300057531,2.8120351118365363
2024-11-18 00:00:00-05:00,NVDA,140.11770629882812,sell,1.0,End of trading session - closing all positions.,FORCED EXIT: Held for 72.0 hours (max: 48),0.4643539254820706,0.6212190756358235,48.63791845728778,3.419199870119968
2024-11-18 00:00:00-05:00,TSLA,338.739990234375,sell,1.0,End of trading session - closing all positions.,FORCED EXIT: Held for 72.0 hours (max: 48),0.17784768628033748,0.518439601000868,70.44703714678606,23.377555542266123
2024-11-19 00:00:00-05:00,AAPL,227.47247314453125,sell,0.85,AI model detects potential price peak. Taking profits.,"SELL: ML profit peak ML=0.446, P&L=$5.70",0.19775330822025095,0.446454173520046,47.249993416601235,-0.5070947258830358
2024-11-19 00:00:00-05:00,MSFT,414.67681884765625,buy,0.44440073348372156,Strong upward momentum detected. Algorithm confidence: 38%. Good entry point for potential gains.,BUY: Momentum entry Q=0.378 >= 0.35,0.3781699506844674,0.5989392266819813,40.79441321515489,-0.22403009175127409
2024-11-19 00:00:00-05:00,GOOGL,177.33792114257812,buy,0.5713843614639265,Strong upward momentum detected. Algorithm confidence: 59%. Good entry point for potential gains.,BUY: Momentum entry Q=0.589 >= 0.35,0.5889429927269341,0.530414221850242,54.87736084509033,2.8444171997935825
2024-11-19 00:00:00-05:00,NVDA,146.97613525390625,buy,0.5378391559143362,Strong upward momentum detected. Algorithm confidence: 63%. Good entry point for potential gains.,BUY: Momentum entry Q=0.626 >= 0.35,0.62634721347715,0.33132035493443723,58.460185471063035,3.473103228751455
2024-11-19 00:00:00-05:00,TSLA,346.0,buy,0.39572482120927455,Strong upward momentum detected. Algorithm confidence: 39%. Good entry point for potential gains.,BUY: Momentum entry Q=0.388 >= 0.35,0.38772256231679864,0.4143967586250516,72.22250335829821,24.75243533963271
2024-11-20 00:00:00-05:00,AAPL,228.18995666503906,hold,0.17491984514671027,Waiting for better opportunity. No clear buy signal yet.,"HOLD: No entry signal (Q=0.350, RSI=56.7, ML=0.597)",0.34983969029342055,0.5966396133244187,56.66908136007606,-0.28471084497766697
2024-11-20 00:00:00-05:00,MSFT,412.3939208984375,sell,0.8,Algorithm confidence dropped. Exiting position to preserve capital.,SELL: Conviction lost Q=0.257 <= 0.4,0.25680789453228314,0.7059949113718894,58.134567286379635,-0.5320613478787095
2024-11-20 00:00:00-05:00,GOOGL,175.2073211669922,hold,0.531837120744453,Holding position - indicators suggest more upside potential.,"HOLD: swing trade, Q=0.461, P&L=$-59.66 (-1.2%), 24.0h",0.4608199579790133,0.6028542835098927,56.70613908275701,2.6674103794876203
2024-11-20 00:00:00-05:00,NVDA,145.8563995361328,hold,0.5735499171131542,Holding position - indicators suggest more upside potential.,"HOLD: swing trade, Q=0.588, P&L=$-38.07 (-0.8%), 24.0h",0.5878175706972811,0.5592822635290272,66.46602725934659,3.386432033910978
2024-11-20 00:00:00-05:00,TSLA,342.0299987792969,sell,0.8,Algorithm confidence dropped. Exiting position to preserve capital.,SELL: Conviction lost Q=0.220 <= 0.4,0.21955202383413422,0.4699890839914123,73.6020019578255,25.230846076776857
2024-11-21 00:00:00-05:00,AAPL,227.71165466308594,buy,0.4126121701985892,Strong upward momentum detected. Algorithm confidence: 38%. Good entry point for potential gains.,BUY: Momentum entry Q=0.384 >= 0.35,0.3843266970709374,0.4786116074964435,63.00450245461663,-0.14538903707392592
2024-11-21 00:00:00-05:00,MSFT,410.61370849609375,buy,0.4703305520682117,Strong upward momentum detected. Algorithm confidence: 40%. Good entry point for potential gains.,BUY: Momentum entry Q=0.403 >= 0.35,0.40315489849695624,0.6270737437344747,53.08264240983326,-0.90934424619536
2024-11-21 00:00:00-05:00,GOOGL,166.89401245117188,sell,1.0,End of trading session - closing all positions.,FORCED EXIT: Held for 48.0 hours (max: 48),0.4116557584168311,0.5065651170796757,45.8858172012593,1.8351620571370404
2024-11-21 00:00:00-05:00,NVDA,146.63623046875,sell,1.0,End of trading session - closing all positions.,FORCED EXIT: Held for 48.0 hours (max: 48),0.45554087708603674,0.6602069847125303,64.82506955578657,3.3421441689437756
2024-11-21 00:00:00-05:00,TSLA,339.6400146484375,buy,0.42049718251809753,Strong upward momentum detected. Algorithm confidence: 40%. Good entry point for potential gains.,BUY: Momentum entry Q=0.397 >= 0.35,0.3974289098818669,0.4743231520026357,73.03354103532588,25.127484289721167
2024-11-22 00:00:00-05:00,AAPL,229.05685424804688,sell,0.85,AI model detects potential price peak. Taking profits.,"SELL: ML profit peak ML=0.465, P&L=$28.25",0.37353209280166577,0.4648291159720304,67.64621346455607,0.07273244925289646
2024-11-22 00:00:00-05:00,MSFT,414.72113037109375,sell,0.85,AI model detects potential price peak. Taking profits.,"SELL: ML profit peak ML=0.653, P&L=$49.29",0.1919351232968046,0.6529325397375936,58.343147728168255,-0.8669157776834027
2024-11-22 00:00:00-05:00,GOOGL,164.03659057617188,buy,0.6038165572494825,Strong upward momentum detected. Algorithm confidence: 56%. Good entry point for potential gains.,BUY: Momentum entry Q=0.560 >= 0.35,0.5600175295104476,0.7060142886405637,45.05519080462258,0.9342596372653986
2024-11-22 00:00:00-05:00,NVDA,141.9173126220703,buy,0.6070750011006973,Strong upward momentum detected. Algorithm confidence: 59%. Good entry point for potential gains.,BUY: Momentum entry Q=0.588 >= 0.35,0.5876486055559534,0.6524032573717665,57.01045693744589,2.8929206953005178
2024-11-22 00:00:00-05:00,TSLA,352.55999755859375,sell,0.88,Exit signal triggered. Closing position with loss.,SELL: Swing trade profit 3.8% >= 2.0% (24.0h),0.27346928297929246,0.5041885184242789,76.9476393696871,25.790803642670426
2024-11-25 00:00:00-05:00,AAPL,232.04624938964844,buy,0.6542667846639186,Strong upward momentum detected. Algorithm confidence: 67%. Good entry point for potential gains.,BUY: Momentum entry Q=0.667 >= 0.35,0.6672341282233977,0.624009649691801,69.70640961038815,0.4812667595312803
2024-11-25 00:00:00-05:00,MSFT,416.5013732910156,buy,0.45010547984875493,Strong upward momentum detected. Algorithm confidence: 37%. Good entry point for potential gains.,BUY: Momentum entry Q=0.372 >= 0.35,0.3718151842976132,0.6327828361347525,57.42900910564868,-0.6817810377708611
2024-11-25 00:00:00-05:00,GOOGL,166.9138946533203,sell,1.0,End of trading session - closing all positions.,FORCED EXIT: Held for 72.0 hours (max: 48),0.5450573616190436,0.38678725179480056,47.80872883423043,0.44730610491890843
2024-11-25 00:00:00-05:00,NVDA,135.98867797851562,sell,1.0,End of trading session - closing all positions.,FORCED EXIT: Held for 72.0 hours (max: 48),0.39943547548925235,0.5705617956389465,45.59456654680362,2.0350577093955735
2024-11-25 00:00:00-05:00,TSLA,338.5899963378906,buy,0.48662023196450876,Strong upward momentum detected. Algorithm confidence: 42%. Good entry point for potential gains.,BUY: Momentum entry Q=0.419 >= 0.35,0.41941987824855026,0.6434210573017453,70.85427172374892,24.902169948398864
2024-11-26 00:00:00-05:00,AAPL,234.228515625,sell,0.85,AI model detects potential price peak. Taking profits.,"SELL: ML profit peak ML=0.557, P&L=$45.83",0.2522525335378395,0.5572803244191021,74.21563589476438,0.9699428930876479
2024-11-26 00:00:00-05:00,MSFT,425.6510925292969,sell,0.88,Exit signal triggered. Closing position with loss.,SELL: Swing trade profit 2.2% >= 2.0% (24.0h),0.4424574722467736,0.6432306349041719,57.81151100030928,0.20092926507504671
2024-11-26 00:00:00-05:00,GOOGL,168.37744140625,buy,0.5187643108402165,Strong upward momentum detected. Algorithm confidence: 54%. Good entry point for potential gains.,BUY: Momentum entry Q=0.544 >= 0.35,0.5439667814356449,0.45995854611755016,41.283291489989416,0.17744246750319803
2024-11-26 00:00:00-05:00,NVDA,136.8884735107422,buy,0.6636134989996032,Strong upward momentum detected. Algorithm confidence: 73%. Good entry point for potential gains.,BUY: Momentum entry Q=0.730 >= 0.35,0.7304017760328028,0.5077741859221379,38.95807459800189,1.41152985452635
2024-11-26 00:00:00-05:00,TSLA,338.2300109863281,hold,0.4515588723248345,Holding position - indicators suggest more upside potential.,"HOLD: swing trade, Q=0.456, P&L=$-5.04 (-0.1%), 24.0h",0.4561304251675616,0.44698731948210746,64.42922444015066,23.89344477585746
2024-11-27 00:00:00-05:00,AAPL,234.0989532470703,buy,0.5435089862787695,Strong upward momentum detected. Algorithm confidence: 54%. Good entry point for potential gains.,BUY: Momentum entry Q=0.542 >= 0.35,0.5422406098562805,0.5464685312645774,68.02425405100433,1.331419869080861
2024-11-27 00:00:00-05:00,MSFT,420.6784362792969,buy,0.5780663466610003,Strong upward momentum detected. Algorithm confidence: 54%. Good entry point for potential gains.,BUY: Momentum entry Q=0.543 >= 0.35,0.5430179454284074,0.6598459495370506,48.55768374363177,0.4935424879306538
2024-11-27 00:00:00-05:00,GOOGL,168.48695373535156,sell,0.85,AI model detects potential price peak. Taking profits.,"SELL: ML profit peak ML=0.526, P&L=$3.18",0.3696347019146937,0.5255177909650381,34.94508285340832,-0.027275267381469348
2024-11-27 00:00:00-05:00,NVDA,135.30882263183594,hold,0.650893473195012,Holding position - indicators suggest more upside potential.,"HOLD: swing trade, Q=0.486, P&L=$-56.87 (-1.2%), 24.0h",0.4857266157452751,0.8160603306447489,32.0233384504903,0.7809130336815997
2024-11-27 00:00:00-05:00,TSLA,332.8900146484375,sell,1.0,End of trading session - closing all positions.,FORCED EXIT: Held for 48.0 hours (max: 48),0.5066127939330678,0.5424348012314069,60.633650264291525,22.404860448184365
2024-11-29 00:00:00-05:00,AAPL,236.49049377441406,sell,1.0,End of trading session - closing all positions.,FORCED EXIT: Held for 48.0 hours (max: 48),0.3436270000049114,0.40755517347152537,72.07316031736616,1.7902336117801099
2024-11-29 00:00:00-05:00,MSFT,421.1458435058594,sell,1.0,End of trading session - closing all positions.,FORCED EXIT: Held for 48.0 hours (max: 48),0.4495963968713888,0.4789187236899494,51.67339159208705,0.7544594927093726
2024-11-29 00:00:00-05:00,GOOGL,168.20819091796875,buy,0.4598083792413403,Strong upward momentum detected. Algorithm confidence: 40%. Good entry point for potential gains.,BUY: Momentum entry Q=0.404 >= 0.35,0.4035839181196887,0.5909987885251943,36.99500014842646,-0.20959331555940253
2024-11-29 00:00:00-05:00,NVDA,138.21817016601562,sell,1.0,End of trading session - closing all positions.,FORCED EXIT: Held for 72.0 hours (max: 48),0.5255341347201948,0.5365489813247657,38.0722444484899,0.5100254356473783
2024-11-29 00:00:00-05:00,TSLA,345.1600036621094,buy,0.5811787533153727,Strong upward momentum detected. Algorithm confidence: 58%. Good entry point for potential gains.,BUY: Momentum entry Q=0.576 >= 0.35,0.576047572298896,0.5931515090204852,57.61741425109561,21.962067173198534
2024-12-02 00:00:00-05:00,AAPL,238.7424774169922,buy,0.4712100837237716,Strong upward momentum detected. Algorithm confidence: 49%. Good entry point for potential gains.,BUY: Momentum entry Q=0.491 >= 0.35,0.4905930620991452,0.42598313418123324,83.36220303783793,2.3089469644506266
2024-12-02 00:00:00-05:00,MSFT,428.6247863769531,buy,0.5464628936336695,Strong upward momentum detected. Algorithm confidence: 62%. Good entry point for potential gains.,BUY: Momentum entry Q=0.620 >= 0.35,0.6200794239157709,0.3746909896420996,62.39043513082237,1.5468946457975221
2024-12-02 00:00:00-05:00,GOOGL,170.737060546875,sell,1.0,End of trading session - closing all positions.,FORCED EXIT: Held for 72.0 hours (max: 48),0.298816605229012,0.6283897406560669,37.92260580134759,-0.14831337361448504
2024-12-02 00:00:00-05:00,NVDA,138.59808349609375,buy,0.4603058483167257,Strong upward momentum detected. Algorithm confidence: 46%. Good entry point for potential gains.,BUY: Momentum entry Q=0.462 >= 0.35,0.46216447793216264,0.45596904588070625,41.11975370978721,0.3222857833402486
2024-12-02 00:00:00-05:00,TSLA,357.0899963378906,sell,1.0,End of trading session - closing all positions.,FORCED EXIT: Held for 72.0 hours (max: 48),0.36591053895243947,0.46363638664688017,52.526908186845354,22.316549724788217
2024-12-03 00:00:00-05:00,AAPL,241.79165649414062,sell,0.85,AI model detects potential price peak. Taking profits.,"SELL: ML profit peak ML=0.609, P&L=$60.98",0.23603291592187745,0.6093166804928617,85.31433466597227,2.9322728854955074
2024-12-03 00:00:00-05:00,MSFT,428.84356689453125,sell,0.85,AI model detects potential price peak. Taking profits.,"SELL: ML profit peak ML=0.666, P&L=$2.41",0.42819232963042453,0.665799370839042,58.85247363771244,2.1675725461058732
2024-12-03 00:00:00-05:00,GOOGL,170.5876922607422,buy,0.41450112939820083,Strong upward momentum detected. Algorithm confidence: 42%. Good entry point for potential gains.,BUY: Momentum entry Q=0.418 >= 0.35,0.41789178375556485,0.40658960256435156,35.54554313388894,-0.11052726102874999
2024-12-03 00:00:00-05:00,NVDA,140.2277069091797,sell,0.85,AI model detects potential price peak. Taking profits.,"SELL: ML profit peak ML=0.423, P&L=$58.67",0.4864654512501772,0.42342723407526356,38.82553786541057,0.30152198860685075
2024-12-03 00:00:00-05:00,TSLA,351.4200134277344,buy,0.657231390550898,Strong upward momentum detected. Algorithm confidence: 70%. Good entry point for potential gains.,BUY: Momentum entry Q=0.700 >= 0.35,0.6995073163637835,0.5585875636541654,59.21255034667942,21.887652235624785
2024-12-04 00:00:00-05:00,AAPL,242.150390625,buy,0.4875830633245165,Strong upward momentum detected. Algorithm confidence: 41%. Good entry point for potential gains.,BUY: Momentum entry Q=0.414 >= 0.35,0.4140423903740628,0.6591779668755753,85.0097121592878,3.4158344023314555
2024-12-04 00:00:00-05:00,MSFT,435.0295715332031,buy,0.5893502020453159,Strong upward momentum detected. Algorithm confidence: 65%. Good entry point for potential gains.,BUY: Momentum entry Q=0.650 >= 0.35,0.6498556751663015,0.4481707647630162,61.887141690524665,3.1226274244055503
2024-12-04 00:00:00-05:00,GOOGL,173.60440063476562,sell,0.85,AI model detects potential price peak. Taking profits.,"SELL: ML profit peak ML=0.420, P&L=$87.48",0.38801956851007074,0.4199246840033126,43.70991868417216,0.1609859141217953
2024-12-04 00:00:00-05:00,NVDA,145.1065673828125,buy,0.5809904717263202,Strong upward momentum detected. Algorithm confidence: 59%. Good entry point for potential gains.,BUY: Momentum entry Q=0.588 >= 0.35,0.5881213177823099,0.5643518309290111,48.54341313477796,0.6710147571413358
2024-12-04 00:00:00-05:00,TSLA,357.92999267578125,sell,0.85,AI model detects potential price peak. Taking profits.,"SELL: ML profit peak ML=0.501, P&L=$91.14",0.3832534669804279,0.500692699266713,60.71512417482493,21.82150408885235
2024-12-05 00:00:00-05:00,AAPL,242.18028259277344,sell,0.85,AI model detects potential price peak. Taking profits.,"SELL: ML profit peak ML=0.436, P&L=$0.60",0.22708606966623834,0.43584897470503026,82.96253306276868,3.7581507972551833
2024-12-05 00:00:00-05:00,MSFT,440.2011413574219,sell,0.85,AI model detects potential price peak. Taking profits.,"SELL: ML profit peak ML=0.722, P&L=$56.89",0.44474447740933476,0.7216954385830258,64.17665267576075,4.247851176294205
2024-12-05 00:00:00-05:00,GOOGL,171.8820037841797,buy,0.608289637281278,Strong upward momentum detected. Algorithm confidence: 55%. Good entry point for potential gains.,BUY: Momentum entry Q=0.552 >= 0.35,0.5519283645613117,0.7397992736278666,45.711785871404096,0.23447613547082824
2024-12-05 00:00:00-05:00,NVDA,145.03659057617188,hold,0.5412065342093832,Holding position - indicators suggest more upside potential.,"HOLD: swing trade, Q=0.492, P&L=$-2.38 (-0.0%), 24.0h",0.4922560125405992,0.5901570558781674,47.79776773639242,0.9472743062367499
2024-12-05 00:00:00-05:00,TSLA,369.489990234375,buy,0.366990119841407,Strong upward momentum detected. Algorithm confidence: 36%. Good entry point for potential gains.,BUY: Momentum entry Q=0.356 >= 0.35,0.3561038501205318,0.3923914158567825,73.95450066320812,22.44316555586886
2024-12-06 00:00:00-05:00,AAPL,241.98098754882812,buy,0.4228408354244635,Strong upward momentum detected. Algorithm confidence: 39%. Good entry point for potential gains.,BUY: Momentum entry Q=0.391 >= 0.35,0.3910220801865146,0.4970845976463442,95.837497304894,3.9676212935074204
2024-12-06 00:00:00-05:00,MSFT,441.1459655761719,buy,0.3961335305126932,Strong upward momentum detected. Algorithm confidence: 35%. Good entry point for potential gains.,BUY: Momentum entry Q=0.353 >= 0.35,0.35329983767258427,0.4960788138062808,80.90089927373052,5.156398769425834
2024-12-06 00:00:00-05:00,GOOGL,173.9429168701172,sell,0.85,AI model detects potential price peak. Taking profits.,"SELL: ML profit peak ML=0.360, P&L=$59.77",0.40631214883918787,0.36002552604039634,53.33736068986682,0.45378517460292755
2024-12-06 00:00:00-05:00,NVDA,142.41702270507812,sell,1.0,End of trading session - closing all positions.,FORCED EXIT: Held for 48.0 hours (max: 48),0.41859236797248567,0.5402022329515268,50.6487600135889,0.9439534469366322
2024-12-06 00:00:00-05:00,TSLA,389.2200012207031,sell,0.88,Exit signal triggered. Closing position with loss.,SELL: Swing trade profit 5.3% >= 2.0% (24.0h),0.25326881247936994,0.5680588019424534,75.9666606202176,24.248363700664413
2024-12-09 00:00:00-05:00,AAPL,245.8771514892578,sell,1.0,End of trading session - closing all positions.,FORCED EXIT: Held for 72.0 hours (max: 48),0.3665406686468581,0.4517338837765493,96.01954035616302,4.397326397858848
2024-12-09 00:00:00-05:00,MSFT,443.5825500488281,sell,1.0,End of trading session - closing all positions.,FORCED EXIT: Held for 72.0 hours (max: 48),0.23521053225528737,0.4356648947080224,81.55669644581263,6.003832838565074
2024-12-09 00:00:00-05:00,GOOGL,174.8001251220703,buy,0.6409069499854588,Strong upward momentum detected. Algorithm confidence: 65%. Good entry point for potential gains.,BUY: Momentum entry Q=0.654 >= 0.35,0.654080668699693,0.6101682729855794,50.43274850366229,0.6888184398952149
2024-12-09 00:00:00-05:00,NVDA,138.78758239746094,buy,0.5770421941164386,Strong upward momentum detected. Algorithm confidence: 61%. Good entry point for potential gains.,BUY: Momentum entry Q=0.610 >= 0.35,0.6098666652682913,0.5004517614287827,48.24991638161463,0.6410663281088489
2024-12-09 00:00:00-05:00,TSLA,389.7900085449219,hold,0.14438689917032393,Waiting for better opportunity. No clear buy signal yet.,"HOLD: No entry signal (Q=0.289, RSI=72.3, ML=0.622)",0.28877379834064787,0.6224545517606378,72.30233888267456,25.431828772158042
2024-12-10 00:00:00-05:00,AAPL,246.89353942871094,hold,0.16610776781521502,Waiting for better opportunity. No clear buy signal yet.,"HOLD: No entry signal (Q=0.332, RSI=96.2, ML=0.591)",0.33221553563043005,0.5910231575815479,96.16284931904322,4.764957339197622
2024-12-10 00:00:00-05:00,MSFT,440.9072570800781,buy,0.47983072926791714,Strong upward momentum detected. Algorithm confidence: 41%. Good entry point for potential gains.,BUY: Momentum entry Q=0.410 >= 0.35,0.41038249261401766,0.6418766147936826,76.41398511998968,6.3859434782631865
2024-12-10 00:00:00-05:00,GOOGL,184.56826782226562,sell,0.88,Exit signal triggered. Closing position with loss.,SELL: Swing trade profit 5.6% >= 2.0% (24.0h),0.37796801020078813,0.7550095236875632,59.48016808888128,1.64433658747717
2024-12-10 00:00:00-05:00,NVDA,135.04820251464844,sell,0.95,Stop loss triggered to limit losses. Protecting capital.,SELL: Stop loss 2.7% >= 2.0%,0.41016607429039487,0.7867350908879149,32.90278385929395,0.09815789588995472
2024-12-10 00:00:00-05:00,TSLA,400.989990234375,buy,0.4708043639011224,Strong upward momentum detected. Algorithm confidence: 41%. Good entry point for potential gains.,BUY: Momentum entry Q=0.413 >= 0.35,0.4132023640302964,0.6052090302663832,73.22410682064236,26.962669418530652
2024-12-11 00:00:00-05:00,AAPL,245.6180877685547,buy,0.4276931053432341,Strong upward momentum detected. Algorithm confidence: 39%. Good entry point for potential gains.,BUY: Momentum entry Q=0.394 >= 0.35,0.39422090333988336,0.5057949100177193,90.35531416635222,4.896940339274522
2024-12-11 00:00:00-05:00,MSFT,446.5363464355469,sell,0.85,AI model detects potential price peak. Taking profits.,"SELL: ML profit peak ML=0.685, P&L=$61.92",0.2798298188035183,0.6854476870426014,82.21059583811021,7.06158779153111
2024-12-11 00:00:00-05:00,GOOGL,194.76502990722656,buy,0.5138186897321413,Strong upward momentum detected. Algorithm confidence: 46%. Good entry point for potential gains.,BUY: Momentum entry Q=0.456 >= 0.35,0.4555185607309026,0.6498523240683651,71.16624798779831,3.187639956747944
2024-12-11 00:00:00-05:00,NVDA,139.28750610351562,buy,0.5139420471858643,Strong upward momentum detected. Algorithm confidence: 51%. Good entry point for potential gains.,BUY: Momentum entry Q=0.514 >= 0.35,0.5142242791909153,0.5132835058407456,41.3572293280707,0.009861742170670595
2024-12-11 00:00:00-05:00,TSLA,424.7699890136719,sell,0.88,Exit signal triggered. Closing position with loss.,SELL: Swing trade profit 5.9% >= 2.0% (24.0h),0.2720661145648458,0.5750128485644431,79.93489725372493,29.751759064965654
2024-12-12 00:00:00-05:00,AAPL,247.08287048339844,sell,0.85,AI model detects potential price peak. Taking profits.,"SELL: ML profit peak ML=0.571, P&L=$29.30",0.31126685825735806,0.570913154393781,92.89494739801269,5.061388999330546
2024-12-12 00:00:00-05:00,MSFT,447.10321044921875,buy,0.48051752019492244,Strong upward momentum detected. Algorithm confidence: 38%. Good entry point for potential gains.,BUY: Momentum entry Q=0.378 >= 0.35,0.37827909335464327,0.7190738494889073,85.23145681782823,7.555684735592024
2024-12-12 00:00:00-05:00,GOOGL,191.33621215820312,sell,0.8,Algorithm confidence dropped. Exiting position to preserve capital.,SELL: Conviction lost Q=0.206 <= 0.4,0.2062305416170659,0.7778611571798515,79.5797712274917,4.086930468855655
2024-12-12 00:00:00-05:00,NVDA,137.3178253173828,sell,0.8,Algorithm confidence dropped. Exiting position to preserve capital.,SELL: Conviction lost Q=0.265 <= 0.4,0.26545374297513885,0.7258929437552291,38.11188116923037,-0.21655407336552912
2024-12-12 00:00:00-05:00,TSLA,418.1000061035156,buy,0.511742830440298,Strong upward momentum detected. Algorithm confidence: 46%. Good entry point for potential gains.,BUY: Momentum entry Q=0.459 >= 0.35,0.45894514188829094,0.6349374370616478,77.53370740670852,31.06581346674733
2024-12-13 00:00:00-05:00,AAPL,247.25228881835938,buy,0.5041555885579011,Strong upward momentum detected. Algorithm confidence: 48%. Good entry point for potential gains.,BUY: Momentum entry Q=0.475 >= 0.35,0.47491375003549097,0.5723865451101915,92.50464805922141,5.146065748324816
2024-12-13 00:00:00-05:00,MSFT,444.8257141113281,sell,0.8,Algorithm confidence dropped. Exiting position to preserve capital.,SELL: Conviction lost Q=0.327 <= 0.4,0.32706311308943686,0.756497014566487,80.13141585432828,7.675012437054761
2024-12-13 00:00:00-05:00,GOOGL,189.2031707763672,buy,0.50983030696891,Strong upward momentum detected. Algorithm confidence: 41%. Good entry point for potential gains.,BUY: Momentum entry Q=0.408 >= 0.35,0.4078382723855183,0.747811720996824,80.99992669710304,4.574770953934831
2024-12-13 00:00:00-05:00,NVDA,134.22833251953125,hold,0.15921995881041184,Waiting for better opportunity. No clear buy signal yet.,"HOLD: No entry signal (Q=0.318, RSI=39.8, ML=0.520)",0.3184399176208237,0.519862523949326,39.76513045622408,-0.637932795071606
2024-12-13 00:00:00-05:00,TSLA,436.2300109863281,sell,0.88,Exit signal triggered. Closing position with loss.,SELL: Swing trade profit 4.3% >= 2.0% (24.0h),0.2638624029981344,0.4913674778602459,78.3262454842987,33.1875851001995
2024-12-16 00:00:00-05:00,AAPL,250.15196228027344,sell,1.0,End of trading session - closing all positions.,FORCED EXIT: Held for 72.0 hours (max: 48),0.30348813969386945,0.7440888684594567,92.47309672578992,5.385076289389531
2024-12-16 00:00:00-05:00,MSFT,449.1221008300781,buy,0.5361886499206807,Strong upward momentum detected. Algorithm confidence: 46%. Good entry point for potential gains.,BUY: Momentum entry Q=0.459 >= 0.35,0.45870497694701423,0.7169838868592359,81.08416356963806,8.023769976311314
2024-12-16 00:00:00-05:00,GOOGL,196.02093505859375,sell,1.0,End of trading session - closing all positions.,FORCED EXIT: Held for 72.0 hours (max: 48),0.2925106520769275,0.5610237180748946,82.68117488916155,5.448715254457284
2024-12-16 00:00:00-05:00,NVDA,131.9786834716797,hold,0.1542657542349703,Waiting for better opportunity. No clear buy signal yet.,"HOLD: No entry signal (Q=0.309, RSI=44.1, ML=0.469)",0.3085315084699406,0.46944821127777325,44.08270553782512,-1.1402621131021817
2024-12-16 00:00:00-05:00,TSLA,463.0199890136719,buy,0.4770799154198907,Strong upward momentum detected. Algorithm confidence: 39%. Good entry point for potential gains.,BUY: Momentum entry Q=0.389 >= 0.35,0.3893059481199303,0.6818858391197984,88.76084970914071,36.60882795935669
2024-12-17 00:00:00-05:00,AAPL,252.58334350585938,buy,0.5311726967859631,Strong upward momentum detected. Algorithm confidence: 44%. Good entry point for potential gains.,BUY: Momentum entry Q=0.441 >= 0.35,0.44078600851017236,0.7420749694294748,92.56005242070731,5.704923206630724
2024-12-17 00:00:00-05:00,MSFT,451.9764099121094,sell,0.85,AI model detects potential price peak. Taking profits.,"SELL: ML profit peak ML=0.481, P&L=$31.40",0.25614816172137755,0.4811380923479645,78.50528252556668,8.433268260320347
2024-12-17 00:00:00-05:00,GOOGL,194.7849578857422,buy,0.523907830421817,Strong upward momentum detected. Algorithm confidence: 38%. Good entry point for potential gains.,BUY: Momentum entry Q=0.375 >= 0.35,0.3753194199711996,0.8706141214732578,79.80246755407138,5.972739359260686
2024-12-17 00:00:00-05:00,NVDA,130.36895751953125,buy,0.5177287021509103,Strong upward momentum detected. Algorithm confidence: 46%. Good entry point for potential gains.,BUY: Momentum entry Q=0.455 >= 0.35,0.4550075697650805,0.6640780110511797,40.57699458389406,-1.6492417161396418
2024-12-17 00:00:00-05:00,TSLA,479.8599853515625,sell,0.88,Exit signal triggered. Closing position with loss.,SELL: Swing trade profit 3.6% >= 2.0% (24.0h),0.3089573251977732,0.458671335422377,90.01075073216194,40.21545579950413
2024-12-18 00:00:00-05:00,AAPL,247.1725616455078,sell,0.95,Stop loss triggered to limit losses. Protecting capital.,SELL: Stop loss 2.1% >= 2.0%,0.3287576638757409,0.6945686075481627,74.35047735111624,5.458872828639159
2024-12-18 00:00:00-05:00,MSFT,434.999755859375,buy,0.6333406664717438,Strong upward momentum detected. Algorithm confidence: 61%. Good entry point for potential gains.,BUY: Momentum entry Q=0.613 >= 0.35,0.6127936553029794,0.6812836925321943,62.30772499028298,7.3037316266584185
2024-12-18 00:00:00-05:00,GOOGL,187.7877655029297,sell,0.95,Stop loss triggered to limit losses. Protecting capital.,SELL: Stop loss 3.6% >= 2.0%,0.41918026414199916,0.5169756144924542,68.85142212289198,5.757053560585916
2024-12-18 00:00:00-05:00,NVDA,128.88919067382812,sell,0.8,Algorithm confidence dropped. Exiting position to preserve capital.,SELL: Conviction lost Q=0.210 <= 0.4,0.20991565749708224,0.6173550395468004,40.69449402609329,-2.147264210870219
2024-12-18 00:00:00-05:00,TSLA,440.1300048828125,hold,0.17260406953498347,Waiting for better opportunity. No clear buy signal yet.,"HOLD: No entry signal (Q=0.345, RSI=75.4, ML=0.718)",0.34520813906996695,0.7181124057137255,75.36665003488056,39.413522408385916
2024-12-19 00:00:00-05:00,AAPL,248.90638732910156,hold,0.16417567323175414,Waiting for better opportunity. No clear buy signal yet.,"HOLD: No entry signal (Q=0.328, RSI=73.7, ML=0.615)",0.3283513464635083,0.6153830248709825,73.70626061946594,5.342199819745645
2024-12-19 00:00:00-05:00,MSFT,434.6416931152344,hold,0.5575445751804882,Holding position - indicators suggest more upside potential.,"HOLD: swing trade, Q=0.494, P&L=$-3.94 (-0.1%), 24.0h",0.49403061357138073,0.6210585367895955,61.62015612239643,6.306970208995665
2024-12-19 00:00:00-05:00,GOOGL,187.8974151611328,buy,0.5879146497698433,Strong upward momentum detected. Algorithm confidence: 59%. Good entry point for potential gains.,BUY: Momentum entry Q=0.593 >= 0.35,0.5925013395813793,0.5772123735429262,69.29453073435829,5.531208493781861
2024-12-19 00:00:00-05:00,NVDA,130.6588897705078,buy,0.49706384517193547,Strong upward momentum detected. Algorithm confidence: 40%. Good entry point for potential gains.,BUY: Momentum entry Q=0.405 >= 0.35,0.40495021027741673,0.7119956599258127,38.66813242917197,-2.371809950187611
2024-12-19 00:00:00-05:00,TSLA,436.1700134277344,buy,0.4762460239235653,Strong upward momentum detected. Algorithm confidence: 37%. Good entry point for potential gains.,BUY: Momentum entry Q=0.367 >= 0.35,0.36673614061590565,0.7317690849747712,72.40854414524134,38.020173311710096
2024-12-20 00:00:00-05:00,AAPL,253.5897674560547,buy,0.4259831134740225,Strong upward momentum detected. Algorithm confidence: 37%. Good entry point for potential gains.,BUY: Momentum entry Q=0.368 >= 0.35,0.368082371601111,0.5610848445108161,75.94015991196098,5.563512545757021
2024-12-20 00:00:00-05:00,MSFT,434.2140808105469,sell,1.0,End of trading session - closing all positions.,FORCED EXIT: Held for 48.0 hours (max: 48),0.4579008764570402,0.6881404378729485,55.47760269121813,5.420045949096846
2024-12-20 00:00:00-05:00,GOOGL,190.78799438476562,sell,0.85,AI model detects potential price peak. Taking profits.,"SELL: ML profit peak ML=0.604, P&L=$75.16",0.4097972939900413,0.6044433503831393,69.5106748673214,5.5218181545097025
2024-12-20 00:00:00-05:00,NVDA,134.67825317382812,sell,0.88,Exit signal triggered. Closing position with loss.,SELL: Swing trade profit 3.1% >= 2.0% (24.0h),0.2759777650303839,0.5432855286942381,44.70200560301731,-2.2000739479613003
2024-12-20 00:00:00-05:00,TSLA,421.05999755859375,sell,0.95,Stop loss triggered to limit losses. Protecting capital.,SELL: Stop loss 3.5% >= 2.0%,0.4739141868173506,0.6996663656738331,65.50788596763405,35.289882316927674
2024-12-23 00:00:00-05:00,AAPL,254.36700439453125,sell,1.0,End of trading session - closing all positions.,FORCED EXIT: Held for 72.0 hours (max: 48),0.26713655180120105,0.4582324719069739,73.8653962208639,5.735505661846588
2024-12-23 00:00:00-05:00,MSFT,432.8714294433594,buy,0.5162190388389558,Strong upward momentum detected. Algorithm confidence: 57%. Good entry point for potential gains.,BUY: Momentum entry Q=0.572 >= 0.35,0.5721099456054816,0.3858069230503956,53.86229358523031,4.556289272316803
2024-12-23 00:00:00-05:00,GOOGL,193.99754333496094,buy,0.4423346385612379,Strong upward momentum detected. Algorithm confidence: 37%. Good entry point for potential gains.,BUY: Momentum entry Q=0.369 >= 0.35,0.3687789151238009,0.6139646599152577,71.49874106244016,5.70756674336323
2024-12-23 00:00:00-05:00,NVDA,139.64744567871094,buy,0.4504377114940472,Strong upward momentum detected. Algorithm confidence: 43%. Good entry point for potential gains.,BUY: Momentum entry Q=0.433 >= 0.35,0.4329894734803221,0.49115026685940577,49.28066372334268,-1.644048060380669
2024-12-23 00:00:00-05:00,TSLA,430.6000061035156,buy,0.6102005130738939,Strong upward momentum detected. Algorithm confidence: 60%. Good entry point for potential gains.,BUY: Momentum entry Q=0.603 >= 0.35,0.6033347009159385,0.6262207414424565,68.84161848367734,33.509627862297805
2024-12-24 00:00:00-05:00,AAPL,257.28668212890625,buy,0.5259255190770133,Strong upward momentum detected. Algorithm confidence: 41%. Good entry point for potential gains.,BUY: Momentum entry Q=0.408 >= 0.35,0.40827997283709944,0.8004317936368127,76.18069836872753,6.03780498047837
2024-12-24 00:00:00-05:00,MSFT,436.9291076660156,sell,0.85,AI model detects potential price peak. Taking profits.,"SELL: ML profit peak ML=0.789, P&L=$44.63",0.5807045458459172,0.7892855588353639,51.89896356933395,4.15132273964042
2024-12-24 00:00:00-05:00,GOOGL,195.47271728515625,sell,0.85,AI model detects potential price peak. Taking profits.,"SELL: ML profit peak ML=0.653, P&L=$36.88",0.23996497489267213,0.6533658303639223,70.66824879393562,5.905730462926613
2024-12-24 00:00:00-05:00,NVDA,140.19737243652344,sell,0.85,AI model detects potential price peak. Taking profits.,"SELL: ML profit peak ML=0.478, P&L=$19.25",0.3014551085191422,0.4776733097734296,43.18246255989971,-1.1458108508508928
2024-12-24 00:00:00-05:00,TSLA,462.2799987792969,sell,0.88,Exit signal triggered. Closing position with loss.,SELL: Swing trade profit 7.4% >= 2.0% (24.0h),0.26162695111668777,0.653653875602193,72.17476930228491,34.26014441058692
2024-12-26 00:00:00-05:00,AAPL,258.1037292480469,sell,1.0,End of trading session - closing all positions.,FORCED EXIT: Held for 48.0 hours (max: 48),0.23073118850912736,0.8683861338011876,76.81211104082661,6.271019829588795
2024-12-26 00:00:00-05:00,MSFT,435.7157897949219,buy,0.6997731144811798,Strong upward momentum detected. Algorithm confidence: 64%. Good entry point for potential gains.,BUY: Momentum entry Q=0.639 >= 0.35,0.6393472254980476,0.8407668554418218,45.130632988556776,3.689943856919058
2024-12-26 00:00:00-05:00,GOOGL,194.96438598632812,buy,0.5524842092846348,Strong upward momentum detected. Algorithm confidence: 52%. Good entry point for potential gains.,BUY: Momentum entry Q=0.516 >= 0.35,0.5164090238244761,0.6366596420250055,72.32809357469542,5.953134521789963
2024-12-26 00:00:00-05:00,NVDA,139.90740966796875,buy,0.4453367228776083,Strong upward momentum detected. Algorithm confidence: 37%. Good entry point for potential gains.,BUY: Momentum entry Q=0.370 >= 0.35,0.3696873112889556,0.6218520165844644,42.920219411571935,-0.7655273223478787
2024-12-26 00:00:00-05:00,TSLA,454.1300048828125,buy,0.6567415933123517,Strong upward momentum detected. Algorithm confidence: 61%. Good entry point for potential gains.,BUY: Momentum entry Q=0.612 >= 0.35,0.6118564581951309,0.7614735752525337,68.25082696760646,33.80758499188494
2024-12-27 00:00:00-05:00,AAPL,254.6858673095703,buy,0.6429670064151264,Strong upward momentum detected. Algorithm confidence: 62%. Good entry point for potential gains.,BUY: Momentum entry Q=0.615 >= 0.35,0.6149342286100179,0.7083768212937129,69.30066003984254,6.109623447565042
2024-12-27 00:00:00-05:00,MSFT,428.1772155761719,hold,0.6431864960842684,Holding position - indicators suggest more upside potential.,"HOLD: swing trade, Q=0.418, P&L=$-82.92 (-1.7%), 24.0h",0.41778698425780925,0.8685860079107276,37.68413230747472,2.6850462891097777
2024-12-27 00:00:00-05:00,GOOGL,192.1335906982422,hold,0.5926106760661692,Holding position - indicators suggest more upside potential.,"HOLD: swing trade, Q=0.468, P&L=$-70.77 (-1.5%), 24.0h",0.4682475474764569,0.7169738046558816,67.33799657470493,5.696614037555889
2024-12-27 00:00:00-05:00,NVDA,136.9878692626953,sell,0.95,Stop loss triggered to limit losses. Protecting capital.,SELL: Stop loss 2.1% >= 2.0%,0.2658831908724274,0.5679553181202235,42.56771576403351,-0.6917582389289123
2024-12-27 00:00:00-05:00,TSLA,431.6600036621094,sell,0.95,Stop loss triggered to limit losses. Protecting capital.,SELL: Stop loss 4.9% >= 2.0%,0.43780335195443504,0.5090037275600335,59.04441530244565,31.2752652930522
2024-12-30 00:00:00-05:00,AAPL,251.30787658691406,sell,1.0,End of trading session - closing all positions.,FORCED EXIT: Held for 72.0 hours (max: 48),0.4505304890397575,0.6862785726893997,58.38206866406159,5.644078606877969
2024-12-30 00:00:00-05:00,MSFT,422.50836181640625,sell,1.0,End of trading session - closing all positions.,FORCED EXIT: Held for 96.0 hours (max: 48),0.509646583819874,0.7754511308333495,31.144312731375422,1.4149183074077314
2024-12-30 00:00:00-05:00,GOOGL,190.61856079101562,sell,1.0,End of trading session - closing all positions.,FORCED EXIT: Held for 96.0 hours (max: 48),0.3726613248831498,0.6517158607543174,64.89023611465808,5.309860685085994
2024-12-30 00:00:00-05:00,NVDA,137.46780395507812,hold,0.15560966455858005,Waiting for better opportunity. No clear buy signal yet.,"HOLD: No entry signal (Q=0.311, RSI=48.0, ML=0.430)",0.3112193291171601,0.43046978629998284,48.022781232412186,-0.5877932751606636
2024-12-30 00:00:00-05:00,TSLA,417.4100036621094,buy,0.5541343442955079,Strong upward momentum detected. Algorithm confidence: 49%. Good entry point for potential gains.,BUY: Momentum entry Q=0.492 >= 0.35,0.49158825241328274,0.7000752253540334,55.56182103592152,27.79808871655308
