date,symbol,price,decision,confidence,reason,technical_reason,q_value,ml_confidence,rsi,macd
2024-01-02 00:00:00-05:00,AAPL,184.0814971923828,buy,0.48233987893119834,Strong upward momentum detected. Algorithm confidence: 45%. Good entry point for potential gains.,BUY: Momentum entry Q=0.452 >= 0.3,0.4518839701953449,0.5534036659815231,50,0.0
2024-01-03 00:00:00-05:00,AAPL,182.7031707763672,hold,0.08553041719991661,Waiting for better opportunity. No clear buy signal yet.,"HOLD: No entry signal (Q=0.171, RSI=50.0, ML=0.600)",0.17106083439983322,0.5997154516729433,50,-0.10995196481036373
2024-01-04 00:00:00-05:00,AAPL,180.3828125,hold,0.1179739174480048,Waiting for better opportunity. No clear buy signal yet.,"HOLD: No entry signal (Q=0.236, RSI=50.0, ML=0.649)",0.2359478348960096,0.6490655822296487,50,-0.37994345826302833
2024-01-05 00:00:00-05:00,AAPL,179.65895080566406,hold,0.06955717384143106,Waiting for better opportunity. No clear buy signal yet.,"HOLD: No entry signal (Q=0.139, RSI=50.0, ML=0.432)",0.13911434768286213,0.4324974326884549,50,-0.6448893679719845
2024-01-08 00:00:00-05:00,AAPL,184.00218200683594,hold,0.12654202990995994,Waiting for better opportunity. No clear buy signal yet.,"HOLD: No entry signal (Q=0.253, RSI=50.0, ML=0.622)",0.2530840598199199,0.6222297419347907,50,-0.4986503197248453
2024-01-09 00:00:00-05:00,AAPL,183.58570861816406,buy,0.4444744709246694,Strong upward momentum detected. Algorithm confidence: 35%. Good entry point for potential gains.,BUY: Momentum entry Q=0.353 >= 0.3,0.35322081544004524,0.6573996670554593,50,-0.4116158904825511
2024-01-10 00:00:00-05:00,AAPL,184.6268768310547,buy,0.3939072681757571,Strong upward momentum detected. Algorithm confidence: 31%. Good entry point for potential gains.,BUY: Momentum entry Q=0.310 >= 0.3,0.3104763151066265,0.5885794920037286,50,-0.25567958972899874
2024-01-11 00:00:00-05:00,AAPL,184.0319061279297,hold,0.12417650591211654,Waiting for better opportunity. No clear buy signal yet.,"HOLD: No entry signal (Q=0.248, RSI=50.0, ML=0.842)",0.24835301182423308,0.8419894217242023,50,-0.1780555971972433
2024-01-12 00:00:00-05:00,AAPL,184.35914611816406,hold,0.11741037532821158,Waiting for better opportunity. No clear buy signal yet.,"HOLD: No entry signal (Q=0.235, RSI=50.0, ML=0.406)",0.23482075065642316,0.40580182247545193,50,-0.08910534061152475
