date,symbol,price,decision,confidence,reason,technical_reason,q_value,ml_confidence,rsi,macd
2025-06-11 00:00:00-04:00,AAPL,198.55465698242188,buy,0.42918006682943566,Strong upward momentum detected. Algorithm confidence: 37%. Good entry point for potential gains.,BUY: Momentum entry Q=0.367 >= 0.35,0.36680502909044344,0.5747218215537507,50.0,0.0
2025-06-11 00:00:00-04:00,MSFT,471.8443298339844,buy,0.5050024518950877,Strong upward momentum detected. Algorithm confidence: 48%. Good entry point for potential gains.,BUY: Momentum entry Q=0.481 >= 0.35,0.4812706746029932,0.5603765989099748,50.0,0.0
2025-06-11 00:00:00-04:00,GOOGL,177.1915283203125,buy,0.45954444782854564,Strong upward momentum detected. Algorithm confidence: 42%. Good entry point for potential gains.,BUY: Momentum entry Q=0.415 >= 0.35,0.4151322959159298,0.5631728022913158,50.0,0.0
2025-06-11 00:00:00-04:00,TSLA,326.42999267578125,buy,0.44960589853729693,Strong upward momentum detected. Algorithm confidence: 39%. Good entry point for potential gains.,BUY: Momentum entry Q=0.390 >= 0.35,0.38953116088650247,0.5897802863891507,50.0,0.0
2025-06-11 00:00:00-04:00,NVDA,142.8300018310547,buy,0.49692242697501654,Strong upward momentum detected. Algorithm confidence: 46%. Good entry point for potential gains.,BUY: Momentum entry Q=0.456 >= 0.35,0.4559144200510498,0.5926077764642724,50.0,0.0
2025-06-12 00:00:00-04:00,AAPL,198.97418212890625,sell,0.85,AI model detects potential price peak. Taking profits.,"SELL: ML profit peak ML=0.504, P&L=$10.49",0.43254255441392836,0.5044418838582101,50.0,0.0334663934517323
2025-06-12 00:00:00-04:00,MSFT,478.0840759277344,sell,0.85,AI model detects potential price peak. Taking profits.,"SELL: ML profit peak ML=0.613, P&L=$62.40",0.44125194065411705,0.6126358777131138,50.0,0.49775752314815236
2025-06-12 00:00:00-04:00,GOOGL,175.54299926757812,sell,0.8,Algorithm confidence dropped. Exiting position to preserve capital.,SELL: Conviction lost Q=0.263 <= 0.3,0.26306221918732986,0.6571371715993031,50.0,-0.13150659110132779
2025-06-12 00:00:00-04:00,TSLA,319.1099853515625,sell,0.95,Stop loss triggered to limit losses. Protecting capital.,SELL: Stop loss 2.2% >= 2.0%,0.3157411697086426,0.7088614313489335,50.0,-0.5839322081998262
2025-06-12 00:00:00-04:00,NVDA,145.0,sell,0.85,AI model detects potential price peak. Taking profits.,"SELL: ML profit peak ML=0.506, P&L=$75.95",0.4751941703774299,0.5058419188221286,50.0,0.17310526703838036
2025-06-13 00:00:00-04:00,AAPL,196.227294921875,hold,0.16793405688470173,Waiting for better opportunity. No clear buy signal yet.,"HOLD: No entry signal (Q=0.336, RSI=50.0, ML=0.579)",0.33586811376940345,0.5787341969627903,50.0,-0.1598197865239115
2025-06-13 00:00:00-04:00,MSFT,474.18048095703125,buy,0.6100894051936973,Strong upward momentum detected. Algorithm confidence: 62%. Good entry point for potential gains.,BUY: Momentum entry Q=0.622 >= 0.35,0.6217981198091441,0.5827690710909881,50.0,0.5706681487705509
2025-06-13 00:00:00-04:00,GOOGL,174.513916015625,hold,0.16479381163568774,Waiting for better opportunity. No clear buy signal yet.,"HOLD: No entry signal (Q=0.330, RSI=50.0, ML=0.594)",0.3295876232713755,0.5941603559263993,50.0,-0.31513228125274395
2025-06-13 00:00:00-04:00,TSLA,325.30999755859375,buy,0.4749752485335257,Strong upward momentum detected. Algorithm confidence: 41%. Good entry point for potential gains.,BUY: Momentum entry Q=0.410 >= 0.35,0.40998339021199615,0.626622917950428,50.0,-0.5401865860495718
2025-06-13 00:00:00-04:00,NVDA,141.97000122070312,buy,0.566225255058345,Strong upward momentum detected. Algorithm confidence: 55%. Good entry point for potential gains.,BUY: Momentum entry Q=0.545 >= 0.35,0.5446810167641729,0.6164951444114133,50.0,0.06504703782778165
2025-06-16 00:00:00-04:00,AAPL,198.195068359375,buy,0.43763967018010663,Strong upward momentum detected. Algorithm confidence: 38%. Good entry point for potential gains.,BUY: Momentum entry Q=0.378 >= 0.35,0.3782578033752516,0.576197359391435,50.0,-0.15246014007718145
2025-06-16 00:00:00-04:00,MSFT,478.3536376953125,sell,1.0,End of trading session - closing all positions.,FORCED EXIT: Held for 72.0 hours (max: 48),0.3930102568440683,0.6555025183901841,50.0,0.9541899098045405
2025-06-16 00:00:00-04:00,GOOGL,176.61204528808594,buy,0.4316073384570404,Strong upward momentum detected. Algorithm confidence: 43%. Good entry point for potential gains.,BUY: Momentum entry Q=0.434 >= 0.35,0.4335080871582708,0.4271722581541695,50.0,-0.28803517594710115
2025-06-16 00:00:00-04:00,TSLA,329.1300048828125,sell,1.0,End of trading session - closing all positions.,FORCED EXIT: Held for 72.0 hours (max: 48),0.2743790499965537,0.629578235943012,50.0,-0.1950270489737136
2025-06-16 00:00:00-04:00,NVDA,144.69000244140625,sell,1.0,End of trading session - closing all positions.,FORCED EXIT: Held for 72.0 hours (max: 48),0.34844869774081877,0.6087553176477015,50.0,0.19662490960971013
2025-06-17 00:00:00-04:00,AAPL,195.418212890625,sell,0.8,Algorithm confidence dropped. Exiting position to preserve capital.,SELL: Conviction lost Q=0.298 <= 0.3,0.2979446820528072,0.48261222164732626,50.0,-0.3664721337861465
2025-06-17 00:00:00-04:00,MSFT,477.25543212890625,buy,0.5354877256774826,Strong upward momentum detected. Algorithm confidence: 58%. Good entry point for potential gains.,BUY: Momentum entry Q=0.577 >= 0.35,0.5769552485144314,0.4387301723912689,50.0,1.15618982087517
2025-06-17 00:00:00-04:00,GOOGL,175.7927703857422,hold,0.37280058193420185,Holding position - indicators suggest more upside potential.,"HOLD: swing trade, Q=0.304, P&L=$-22.94 (-0.5%), 24.0h",0.30397082808817527,0.4416303357802284,50.0,-0.3288780608553168
2025-06-17 00:00:00-04:00,TSLA,316.3500061035156,hold,0.14962834360446267,Waiting for better opportunity. No clear buy signal yet.,"HOLD: No entry signal (Q=0.299, RSI=50.0, ML=0.547)",0.29925668720892534,0.5470582869969665,50.0,-0.9418674618755745
2025-06-17 00:00:00-04:00,NVDA,144.1199951171875,buy,0.4851235595755094,Strong upward momentum detected. Algorithm confidence: 51%. Good entry point for potential gains.,BUY: Momentum entry Q=0.507 >= 0.35,0.5068551952106561,0.4344164097601672,50.0,0.2520015763432468
2025-06-18 00:00:00-04:00,AAPL,196.35714721679688,hold,0.14615854962781813,Waiting for better opportunity. No clear buy signal yet.,"HOLD: No entry signal (Q=0.292, RSI=50.0, ML=0.360)",0.29231709925563626,0.3601761341562838,50.0,-0.45506828364943885
2025-06-18 00:00:00-04:00,MSFT,479.4518127441406,sell,0.85,AI model detects potential price peak. Taking profits.,"SELL: ML profit peak ML=0.682, P&L=$21.96",0.4869688576469378,0.6823795190691325,50.0,1.4764857567369063
2025-06-18 00:00:00-04:00,GOOGL,173.16513061523438,sell,1.0,End of trading session - closing all positions.,FORCED EXIT: Held for 48.0 hours (max: 48),0.30347296869580836,0.5837781032032872,50.0,-0.5667418633640295
2025-06-18 00:00:00-04:00,TSLA,322.04998779296875,hold,0.1569117433696542,Waiting for better opportunity. No clear buy signal yet.,"HOLD: No entry signal (Q=0.314, RSI=50.0, ML=0.519)",0.3138234867393084,0.5188749721243372,50.0,-1.0615659131457278
2025-06-18 00:00:00-04:00,NVDA,145.47999572753906,sell,0.85,AI model detects potential price peak. Taking profits.,"SELL: ML profit peak ML=0.658, P&L=$46.24",0.5058185602583984,0.6575448881352304,50.0,0.4010061180418063
2025-06-20 00:00:00-04:00,AAPL,200.7721405029297,buy,0.3952669861269908,Strong upward momentum detected. Algorithm confidence: 38%. Good entry point for potential gains.,BUY: Momentum entry Q=0.378 >= 0.35,0.3784166724956856,0.43458438460003634,50.0,-0.167102061615509
2025-06-20 00:00:00-04:00,MSFT,476.6164855957031,buy,0.5937224149486882,Strong upward momentum detected. Algorithm confidence: 55%. Good entry point for potential gains.,BUY: Momentum entry Q=0.549 >= 0.35,0.54912793586024,0.6977761994884006,50.0,1.4844238740553237
2025-06-20 00:00:00-04:00,GOOGL,166.4910888671875,buy,0.5475990252144831,Strong upward momentum detected. Algorithm confidence: 48%. Good entry point for potential gains.,BUY: Momentum entry Q=0.481 >= 0.35,0.48071295360208455,0.7036665256434133,50.0,-1.2790459863889794
2025-06-20 00:00:00-04:00,TSLA,322.1600036621094,hold,0.14388818001922005,Waiting for better opportunity. No clear buy signal yet.,"HOLD: No entry signal (Q=0.288, RSI=50.0, ML=0.685)",0.2877763600384401,0.685425885783631,50.0,-1.1344729391022952
2025-06-20 00:00:00-04:00,NVDA,143.85000610351562,buy,0.583293199983638,Strong upward momentum detected. Algorithm confidence: 62%. Good entry point for potential gains.,BUY: Momentum entry Q=0.624 >= 0.35,0.6239965160918084,0.48831879573124076,50.0,0.38315003548422055
2025-06-23 00:00:00-04:00,AAPL,201.27157592773438,sell,1.0,End of trading session - closing all positions.,FORCED EXIT: Held for 72.0 hours (max: 48),0.465799140572253,0.44601686079574376,50.0,0.10025779935409673
2025-06-23 00:00:00-04:00,MSFT,485.2023620605469,sell,1.0,End of trading session - closing all positions.,FORCED EXIT: Held for 72.0 hours (max: 48),0.45167168051803147,0.5312434772439808,50.0,2.1586399076221596
2025-06-23 00:00:00-04:00,GOOGL,165.04238891601562,sell,1.0,End of trading session - closing all positions.,FORCED EXIT: Held for 72.0 hours (max: 48),0.24395789308228794,0.5552286831301152,50.0,-1.9381088026827626
2025-06-23 00:00:00-04:00,TSLA,348.67999267578125,buy,0.5938177396948341,Strong upward momentum detected. Algorithm confidence: 64%. Good entry point for potential gains.,BUY: Momentum entry Q=0.643 >= 0.35,0.6430965569423318,0.478833832784006,50.0,0.9368893173112269
2025-06-23 00:00:00-04:00,NVDA,144.1699981689453,sell,1.0,End of trading session - closing all positions.,FORCED EXIT: Held for 72.0 hours (max: 48),0.37646960432391574,0.34187226835359763,50.0,0.3903202776117496
2025-06-24 00:00:00-04:00,AAPL,200.07293701171875,buy,0.5420491819401199,Strong upward momentum detected. Algorithm confidence: 55%. Good entry point for potential gains.,BUY: Momentum entry Q=0.545 >= 0.35,0.5449282494485668,0.5353313577537439,50.0,0.21296731764692822
2025-06-24 00:00:00-04:00,MSFT,489.30560302734375,buy,0.5549964972426272,Strong upward momentum detected. Algorithm confidence: 56%. Good entry point for potential gains.,BUY: Momentum entry Q=0.565 >= 0.35,0.5652257821310195,0.5311281658363787,50.0,2.9895960234931636
2025-06-24 00:00:00-04:00,GOOGL,166.62098693847656,buy,0.5652567717240979,Strong upward momentum detected. Algorithm confidence: 44%. Good entry point for potential gains.,BUY: Momentum entry Q=0.438 >= 0.35,0.4377726920482149,0.8627196243011583,50.0,-2.306453801660382
2025-06-24 00:00:00-04:00,TSLA,340.4700012207031,sell,0.95,Stop loss triggered to limit losses. Protecting capital.,SELL: Stop loss 2.4% >= 2.0%,0.41418324619796787,0.4607685383668296,50.0,1.8941465893975646
2025-06-24 00:00:00-04:00,NVDA,147.89999389648438,buy,0.6784034987555619,Strong upward momentum detected. Algorithm confidence: 66%. Good entry point for potential gains.,BUY: Momentum entry Q=0.665 >= 0.35,0.6652799233549874,0.709025174690236,50.0,0.6890394110752993
2025-06-25 00:00:00-04:00,AAPL,201.33151245117188,sell,0.85,AI model detects potential price peak. Taking profits.,"SELL: ML profit peak ML=0.551, P&L=$30.21",0.482526083758009,0.5511275604136271,50.0,0.39924469817293584
2025-06-25 00:00:00-04:00,MSFT,491.4620666503906,sell,0.85,AI model detects potential price peak. Taking profits.,"SELL: ML profit peak ML=0.691, P&L=$21.56",0.45565928011773527,0.6908751710523967,50.0,3.778586135219257
2025-06-25 00:00:00-04:00,GOOGL,170.52748107910156,sell,0.88,Exit signal triggered. Closing position with loss.,SELL: Swing trade profit 2.3% >= 2.0% (24.0h),0.25024557479990994,0.6433541618532951,50.0,-2.2571296523005913
2025-06-25 00:00:00-04:00,TSLA,327.54998779296875,buy,0.6370763133029278,Strong upward momentum detected. Algorithm confidence: 65%. Good entry point for potential gains.,BUY: Momentum entry Q=0.650 >= 0.35,0.6497651854010612,0.6074689450739499,50.0,1.591892422701278
2025-06-25 00:00:00-04:00,NVDA,154.30999755859375,sell,0.88,Exit signal triggered. Closing position with loss.,SELL: Swing trade profit 4.3% >= 2.0% (24.0h),0.5525804585908869,0.501191509298712,50.0,1.4265656406970493
2025-06-26 00:00:00-04:00,AAPL,200.7721405029297,buy,0.5512302531225041,Strong upward momentum detected. Algorithm confidence: 57%. Good entry point for potential gains.,BUY: Momentum entry Q=0.568 >= 0.35,0.5681687537499897,0.5117070849917045,50.0,0.49601645401673977
2025-06-26 00:00:00-04:00,MSFT,496.6335754394531,buy,0.5931490173648507,Strong upward momentum detected. Algorithm confidence: 64%. Good entry point for potential gains.,BUY: Momentum entry Q=0.638 >= 0.35,0.6383138474916614,0.4877644137356257,50.0,4.76622198216387
2025-06-26 00:00:00-04:00,GOOGL,173.38491821289062,buy,0.4401844011825624,Strong upward momentum detected. Algorithm confidence: 38%. Good entry point for potential gains.,BUY: Momentum entry Q=0.376 >= 0.35,0.37553338467449604,0.5910367730347172,50.0,-1.9648193975164077
2025-06-26 00:00:00-04:00,TSLA,325.7799987792969,hold,0.47977411554676913,Holding position - indicators suggest more upside potential.,"HOLD: swing trade, Q=0.408, P&L=$-26.55 (-0.5%), 24.0h",0.40784633053558683,0.5517019005579514,50.0,1.1957466736553783
2025-06-26 00:00:00-04:00,NVDA,155.02000427246094,buy,0.6047492567179729,Strong upward momentum detected. Algorithm confidence: 66%. Good entry point for potential gains.,BUY: Momentum entry Q=0.659 >= 0.35,0.6592141561644778,0.47766449134279504,50.0,2.0447811352026974
2025-06-27 00:00:00-04:00,AAPL,200.85205078125,sell,0.85,AI model detects potential price peak. Taking profits.,"SELL: ML profit peak ML=0.466, P&L=$1.92",0.46462267100513027,0.4660630623604909,50.0,0.5725567811790029
2025-06-27 00:00:00-04:00,MSFT,495.1260681152344,hold,0.46948076838612496,Holding position - indicators suggest more upside potential.,"HOLD: swing trade, Q=0.479, P&L=$-15.08 (-0.3%), 24.0h",0.47931090518445896,0.4596506315877909,50.0,5.365437836588342
2025-06-27 00:00:00-04:00,GOOGL,178.37046813964844,sell,0.88,Exit signal triggered. Closing position with loss.,SELL: Swing trade profit 2.9% >= 2.0% (24.0h),0.23537863464070033,0.6261897301110466,50.0,-1.3157026009211847
2025-06-27 00:00:00-04:00,TSLA,323.6300048828125,sell,1.0,End of trading session - closing all positions.,FORCED EXIT: Held for 48.0 hours (max: 48),0.35908301343091653,0.4534829627546823,50.0,0.7002398452114562
2025-06-27 00:00:00-04:00,NVDA,157.75,sell,0.85,AI model detects potential price peak. Taking profits.,"SELL: ML profit peak ML=0.546, P&L=$87.36",0.5243629086519636,0.5458271638728619,50.0,2.7236130919529273
2025-06-30 00:00:00-04:00,AAPL,204.93740844726562,buy,0.5341582082721604,Strong upward momentum detected. Algorithm confidence: 56%. Good entry point for potential gains.,BUY: Momentum entry Q=0.558 >= 0.35,0.5575865148630094,0.47949215956017954,50.0,0.9518968879976342
2025-06-30 00:00:00-04:00,MSFT,496.5936584472656,sell,1.0,End of trading session - closing all positions.,FORCED EXIT: Held for 96.0 hours (max: 48),0.40935984361011246,0.5236526204147668,50.0,5.890837089913873
2025-06-30 00:00:00-04:00,GOOGL,176.07252502441406,buy,0.5055724060465686,Strong upward momentum detected. Algorithm confidence: 43%. Good entry point for potential gains.,BUY: Momentum entry Q=0.429 >= 0.35,0.42920959728071245,0.6837522931668997,50.0,-0.9754532498077708
2025-06-30 00:00:00-04:00,TSLA,317.6600036621094,buy,0.4243443968413697,Strong upward momentum detected. Algorithm confidence: 37%. Good entry point for potential gains.,BUY: Momentum entry Q=0.370 >= 0.35,0.36978642533985795,0.5516463303448973,50.0,-0.172197110294519
2025-06-30 00:00:00-04:00,NVDA,157.99000549316406,buy,0.575995202106347,Strong upward momentum detected. Algorithm confidence: 62%. Good entry point for potential gains.,BUY: Momentum entry Q=0.625 >= 0.35,0.6247748998605592,0.4621759073465189,50.0,3.2435689026284535
2025-07-01 00:00:00-04:00,AAPL,207.58441162109375,sell,0.85,AI model detects potential price peak. Taking profits.,"SELL: ML profit peak ML=0.813, P&L=$63.53",0.3742064315446717,0.8128457832177045,69.13629990272977,1.449409795947247
2025-07-01 00:00:00-04:00,MSFT,491.242431640625,buy,0.6327448872275633,Strong upward momentum detected. Algorithm confidence: 63%. Good entry point for potential gains.,BUY: Momentum entry Q=0.626 >= 0.35,0.6256484815873145,0.6493031670548108,69.87924903596259,5.808464143244123
2025-07-01 00:00:00-04:00,GOOGL,175.682861328125,sell,0.8,Algorithm confidence dropped. Exiting position to preserve capital.,SELL: Conviction lost Q=0.146 <= 0.3,0.14581806883641962,0.6763321580769223,47.669010418631316,-0.7288441299806152
2025-07-01 00:00:00-04:00,TSLA,300.7099914550781,sell,0.95,Stop loss triggered to limit losses. Protecting capital.,SELL: Stop loss 5.3% >= 2.0%,0.25915579556795354,0.651713287374342,38.353560001359774,-2.205905703228609
2025-07-01 00:00:00-04:00,NVDA,153.3000030517578,sell,0.95,Stop loss triggered to limit losses. Protecting capital.,SELL: Stop loss 3.0% >= 2.0%,0.5642370181452367,0.5035811461697488,67.27153095354602,3.2398466917049973
2025-07-02 00:00:00-04:00,AAPL,212.1991729736328,buy,0.4777974276244926,Strong upward momentum detected. Algorithm confidence: 42%. Good entry point for potential gains.,BUY: Momentum entry Q=0.422 >= 0.35,0.4222229783172786,0.6074711426746586,74.18552331144879,2.1908107314841345
2025-07-02 00:00:00-04:00,MSFT,490.2840270996094,hold,0.3885411867983287,Holding position - indicators suggest more upside potential.,"HOLD: swing trade, Q=0.339, P&L=$-9.58 (-0.2%), 24.0h",0.33875430792037237,0.43832806567628513,68.53301843388645,5.60127968724521
2025-07-02 00:00:00-04:00,GOOGL,178.48036193847656,buy,0.5059480015938003,Strong upward momentum detected. Algorithm confidence: 40%. Good entry point for potential gains.,BUY: Momentum entry Q=0.399 >= 0.35,0.39936010002278355,0.754653105259506,51.83288609740759,-0.30416349874920456
2025-07-02 00:00:00-04:00,TSLA,315.6499938964844,buy,0.5026664995159654,Strong upward momentum detected. Algorithm confidence: 41%. Good entry point for potential gains.,BUY: Momentum entry Q=0.406 >= 0.35,0.40624116213221645,0.7276589534113798,45.7003839284171,-2.58233354335556
2025-07-02 00:00:00-04:00,NVDA,157.25,buy,0.363935153825951,Strong upward momentum detected. Algorithm confidence: 36%. Good entry point for potential gains.,BUY: Momentum entry Q=0.365 >= 0.35,0.36530606242703756,0.3607363670900825,71.0449510814546,3.515108571420143
2025-07-03 00:00:00-04:00,AAPL,213.30792236328125,sell,0.85,AI model detects potential price peak. Taking profits.,"SELL: ML profit peak ML=0.406, P&L=$25.50",0.3228377222492292,0.4056366532102751,74.80122081940638,2.8351611510193493
2025-07-03 00:00:00-04:00,MSFT,498.02130126953125,sell,1.0,End of trading session - closing all positions.,FORCED EXIT: Held for 48.0 hours (max: 48),0.4253537581675067,0.6304237526407993,69.45256163423397,5.992341888410863
2025-07-03 00:00:00-04:00,GOOGL,179.36956787109375,sell,0.85,AI model detects potential price peak. Taking profits.,"SELL: ML profit peak ML=0.548, P&L=$24.90",0.4346344659352804,0.5475239678850636,55.561992379313246,0.10296354882041214
2025-07-03 00:00:00-04:00,TSLA,315.3500061035156,hold,0.36460833315067365,Holding position - indicators suggest more upside potential.,"HOLD: swing trade, Q=0.328, P&L=$-4.50 (-0.1%), 24.0h",0.3278841977706077,0.40133246853073967,48.41136582541748,-2.871757987984097
2025-07-03 00:00:00-04:00,NVDA,159.33999633789062,sell,0.85,AI model detects potential price peak. Taking profits.,"SELL: ML profit peak ML=0.606, P&L=$64.79",0.24418832736423854,0.605956788869891,70.9771787751895,3.8574347255424186
2025-07-07 00:00:00-04:00,AAPL,209.7119903564453,hold,0.17312464804360742,Waiting for better opportunity. No clear buy signal yet.,"HOLD: No entry signal (Q=0.346, RSI=72.7, ML=0.571)",0.34624929608721483,0.5714829117104268,72.66617866652851,3.0208295971068537
2025-07-07 00:00:00-04:00,MSFT,496.90313720703125,buy,0.5128358998656669,Strong upward momentum detected. Algorithm confidence: 43%. Good entry point for potential gains.,BUY: Momentum entry Q=0.434 >= 0.35,0.4336875999689882,0.6975152662912507,73.44459642255288,6.141242583615792
2025-07-07 00:00:00-04:00,GOOGL,176.63201904296875,buy,0.5847777158952788,Strong upward momentum detected. Algorithm confidence: 65%. Good entry point for potential gains.,BUY: Momentum entry Q=0.650 >= 0.35,0.6498846838863259,0.4328614572495024,52.933032899529906,0.2023843941162795
2025-07-07 00:00:00-04:00,TSLA,293.94000244140625,sell,1.0,End of trading session - closing all positions.,FORCED EXIT: Held for 120.0 hours (max: 48),0.32641006829165514,0.5884753550029501,38.25533583506659,-4.773708964793229
2025-07-07 00:00:00-04:00,NVDA,158.24000549316406,hold,0.1648738812388335,Waiting for better opportunity. No clear buy signal yet.,"HOLD: No entry signal (Q=0.330, RSI=75.2, ML=0.578)",0.329747762477667,0.578213080792187,75.22482476041324,3.9939310498418763
2025-07-08 00:00:00-04:00,AAPL,209.7719268798828,buy,0.4630489409423256,Strong upward momentum detected. Algorithm confidence: 40%. Good entry point for potential gains.,BUY: Momentum entry Q=0.400 >= 0.35,0.39989287337322155,0.6104130986035686,70.79292553637565,3.1366521809868573
2025-07-08 00:00:00-04:00,MSFT,495.804931640625,hold,0.4798442638814744,Holding position - indicators suggest more upside potential.,"HOLD: swing trade, Q=0.390, P&L=$-10.98 (-0.2%), 24.0h",0.38968165724324133,0.5700068705197074,69.22567960473054,6.100310859933529
2025-07-08 00:00:00-04:00,GOOGL,174.20419311523438,hold,0.5711286476353941,Holding position - indicators suggest more upside potential.,"HOLD: swing trade, Q=0.470, P&L=$-67.98 (-1.4%), 24.0h",0.47009883561261423,0.6721584596581739,46.69590776741516,0.08429912033659548
2025-07-08 00:00:00-04:00,TSLA,297.80999755859375,buy,0.513160848707282,Strong upward momentum detected. Algorithm confidence: 48%. Good entry point for potential gains.,BUY: Momentum entry Q=0.481 >= 0.35,0.4806721416064908,0.5889678319424614,38.27843823067456,-5.9007226955113765
2025-07-08 00:00:00-04:00,NVDA,160.0,hold,0.16259643687572725,Waiting for better opportunity. No clear buy signal yet.,"HOLD: No entry signal (Q=0.325, RSI=74.5, ML=0.393)",0.3251928737514545,0.39349710799827775,74.46469848143488,4.195756152902845
2025-07-09 00:00:00-04:00,AAPL,210.90065002441406,sell,0.85,AI model detects potential price peak. Taking profits.,"SELL: ML profit peak ML=0.491, P&L=$25.96",0.2504597536081679,0.4909602135334765,79.55755300747083,3.281691639362691
2025-07-09 00:00:00-04:00,MSFT,502.68365478515625,sell,1.0,End of trading session - closing all positions.,FORCED EXIT: Held for 48.0 hours (max: 48),0.2672341326325022,0.47253203420104345,74.8488015059012,6.547452684989025
2025-07-09 00:00:00-04:00,GOOGL,176.46217346191406,sell,1.0,End of trading session - closing all positions.,FORCED EXIT: Held for 48.0 hours (max: 48),0.4087304929223294,0.5837774603498134,50.88367408601068,0.1709452825482458
2025-07-09 00:00:00-04:00,TSLA,295.8800048828125,sell,0.8,Algorithm confidence dropped. Exiting position to preserve capital.,SELL: Conviction lost Q=0.263 <= 0.3,0.2629393721055523,0.3970628690312442,41.661911890074045,-6.8704254877829385
2025-07-09 00:00:00-04:00,NVDA,162.8800048828125,buy,0.4323322471951937,Strong upward momentum detected. Algorithm confidence: 39%. Good entry point for potential gains.,BUY: Momentum entry Q=0.392 >= 0.35,0.39163516254034186,0.527292111389848,77.91670148337336,4.535810327970921
2025-07-10 00:00:00-04:00,AAPL,212.16920471191406,buy,0.4694031108069,Strong upward momentum detected. Algorithm confidence: 42%. Good entry point for potential gains.,BUY: Momentum entry Q=0.425 >= 0.35,0.42513067678639943,0.5727054568547347,79.81163525432233,3.4591235930547555
2025-07-10 00:00:00-04:00,MSFT,500.656982421875,hold,0.17256240262613137,Waiting for better opportunity. No clear buy signal yet.,"HOLD: No entry signal (Q=0.345, RSI=70.8, ML=0.675)",0.34512480525226275,0.6746035920739839,70.7909371572126,6.661490761850757
2025-07-10 00:00:00-04:00,GOOGL,177.46127319335938,buy,0.5017982594698513,Strong upward momentum detected. Algorithm confidence: 49%. Good entry point for potential gains.,BUY: Momentum entry Q=0.491 >= 0.35,0.4912428333026537,0.5264275871933127,55.92610803015085,0.31658262146126503
2025-07-10 00:00:00-04:00,TSLA,309.8699951171875,buy,0.4086589033793495,Strong upward momentum detected. Algorithm confidence: 37%. Good entry point for potential gains.,BUY: Momentum entry Q=0.366 >= 0.35,0.36637156680778676,0.5073293553796625,45.352566117937045,-6.4358580785552135
2025-07-10 00:00:00-04:00,NVDA,164.10000610351562,sell,0.85,AI model detects potential price peak. Taking profits.,"SELL: ML profit peak ML=0.596, P&L=$36.60",0.25020375095276337,0.595631362448739,77.82430308190364,4.847866427718856
2025-07-11 00:00:00-04:00,AAPL,210.92062377929688,sell,0.8,Algorithm confidence dropped. Exiting position to preserve capital.,SELL: Conviction lost Q=0.240 <= 0.3,0.24034829339148686,0.4439310062975384,71.72794196917734,3.4591151223419843
2025-07-11 00:00:00-04:00,MSFT,502.49395751953125,buy,0.504212282550511,Strong upward momentum detected. Algorithm confidence: 46%. Good entry point for potential gains.,BUY: Momentum entry Q=0.464 >= 0.35,0.46377995136708683,0.5985543886451675,75.878593371661,6.82146173285912
2025-07-11 00:00:00-04:00,GOOGL,180.02899169921875,sell,0.85,AI model detects potential price peak. Taking profits.,"SELL: ML profit peak ML=0.736, P&L=$71.90",0.24773942804269766,0.7361424719961839,71.06000256360348,0.6319104159891822
2025-07-11 00:00:00-04:00,TSLA,313.510009765625,sell,0.85,AI model detects potential price peak. Taking profits.,"SELL: ML profit peak ML=0.600, P&L=$58.24",0.23545444075661237,0.6002700595668773,46.78606101384959,-5.731670386224437
2025-07-11 00:00:00-04:00,NVDA,164.9199981689453,buy,0.41558416631885764,Strong upward momentum detected. Algorithm confidence: 41%. Good entry point for potential gains.,BUY: Momentum entry Q=0.414 >= 0.35,0.41440621500124186,0.4183327193932945,82.26647144127652,5.102520956356557
2025-07-14 00:00:00-04:00,AAPL,208.3834991455078,buy,0.6026656868993329,Strong upward momentum detected. Algorithm confidence: 64%. Good entry point for potential gains.,BUY: Momentum entry Q=0.641 >= 0.35,0.6405408813666573,0.5142902331422426,64.00468979392912,3.2172966617110035
2025-07-14 00:00:00-04:00,MSFT,502.1944274902344,sell,1.0,End of trading session - closing all positions.,FORCED EXIT: Held for 72.0 hours (max: 48),0.2742200820466843,0.44249626955358046,70.36856838078961,6.845163525666919
2025-07-14 00:00:00-04:00,GOOGL,181.3977508544922,buy,0.4137398567361556,Strong upward momentum detected. Algorithm confidence: 39%. Good entry point for potential gains.,BUY: Momentum entry Q=0.390 >= 0.35,0.39006279053363907,0.46898634454202764,75.50637239900989,0.9809496130799857
2025-07-14 00:00:00-04:00,TSLA,316.8999938964844,buy,0.5005114036592248,Strong upward momentum detected. Algorithm confidence: 41%. Good entry point for potential gains.,BUY: Momentum entry Q=0.413 >= 0.35,0.41263689996877195,0.7055519122702812,35.74120298548743,-4.844212116708945
2025-07-14 00:00:00-04:00,NVDA,164.07000732421875,sell,1.0,End of trading session - closing all positions.,FORCED EXIT: Held for 72.0 hours (max: 48),0.17669024147488546,0.6435359086114782,79.98797875173088,5.176082688258589
2025-07-15 00:00:00-04:00,AAPL,208.87295532226562,sell,0.85,AI model detects potential price peak. Taking profits.,"SELL: ML profit peak ML=0.509, P&L=$11.26",0.478407183055667,0.5088314765450368,67.82676645470158,3.030218341565302
2025-07-15 00:00:00-04:00,MSFT,504.9898376464844,buy,0.5427390729600826,Strong upward momentum detected. Algorithm confidence: 56%. Good entry point for potential gains.,BUY: Momentum entry Q=0.563 >= 0.35,0.5625585084149027,0.49649372356550253,69.40942499964123,7.008721426790771
2025-07-15 00:00:00-04:00,GOOGL,181.83737182617188,sell,0.85,AI model detects potential price peak. Taking profits.,"SELL: ML profit peak ML=0.628, P&L=$11.87",0.21159125072575527,0.6283856866507012,74.6041873609382,1.2783039377372063
2025-07-15 00:00:00-04:00,TSLA,310.7799987792969,sell,0.8,Algorithm confidence dropped. Exiting position to preserve capital.,SELL: Conviction lost Q=0.288 <= 0.3,0.28814575919369056,0.5786117471296288,36.42432141282325,-4.5819100959045045
2025-07-15 00:00:00-04:00,NVDA,170.6999969482422,buy,0.48510533499723063,Strong upward momentum detected. Algorithm confidence: 43%. Good entry point for potential gains.,BUY: Momentum entry Q=0.432 >= 0.35,0.4320788988328334,0.6088336860474909,81.59648167907713,5.703617887667889
2025-07-16 00:00:00-04:00,AAPL,209.92176818847656,buy,0.6660465407597074,Strong upward momentum detected. Algorithm confidence: 60%. Good entry point for potential gains.,BUY: Momentum entry Q=0.599 >= 0.35,0.5992093103583306,0.8220000783629199,67.55099559487846,2.9327805889942624
2025-07-16 00:00:00-04:00,MSFT,504.7901611328125,hold,0.5307513307114408,Holding position - indicators suggest more upside potential.,"HOLD: swing trade, Q=0.489, P&L=$-1.80 (-0.0%), 24.0h",0.48874559702813974,0.5727570643947418,67.33313383504243,7.04106500148896
2025-07-16 00:00:00-04:00,GOOGL,182.80650329589844,hold,0.15130320400926223,Waiting for better opportunity. No clear buy signal yet.,"HOLD: No entry signal (Q=0.303, RSI=71.9, ML=0.462)",0.30260640801852445,0.46174058935192935,71.93858968039676,1.5740159168885839
2025-07-16 00:00:00-04:00,TSLA,321.6700134277344,buy,0.41904633884237436,Strong upward momentum detected. Algorithm confidence: 42%. Good entry point for potential gains.,BUY: Momentum entry Q=0.423 >= 0.35,0.42339491356814396,0.40889966448224535,47.26054060940193,-3.4554681977247697
2025-07-16 00:00:00-04:00,NVDA,171.3699951171875,sell,0.85,AI model detects potential price peak. Taking profits.,"SELL: ML profit peak ML=0.652, P&L=$19.43",0.25723045233214886,0.6516117850437644,78.11472771530306,6.105377594270038
2025-07-17 00:00:00-04:00,AAPL,209.78192138671875,hold,0.5507971394217349,Holding position - indicators suggest more upside potential.,"HOLD: swing trade, Q=0.517, P&L=$-3.22 (-0.1%), 24.0h",0.5170732605923447,0.5845210182511251,68.72921188006758,2.8118625982187098
2025-07-17 00:00:00-04:00,MSFT,510.8601989746094,sell,1.0,End of trading session - closing all positions.,FORCED EXIT: Held for 48.0 hours (max: 48),0.40028871467147054,0.6144633441998737,68.079145562993,7.470384894954464
2025-07-17 00:00:00-04:00,GOOGL,183.41595458984375,buy,0.49082978715890585,Strong upward momentum detected. Algorithm confidence: 54%. Good entry point for potential gains.,BUY: Momentum entry Q=0.538 >= 0.35,0.5375235849814897,0.38187759223954365,69.48757929685183,1.8363787853488134
2025-07-17 00:00:00-04:00,TSLA,319.4100036621094,sell,0.8,Algorithm confidence dropped. Exiting position to preserve capital.,SELL: Conviction lost Q=0.191 <= 0.3,0.190700196489813,0.4359871162319554,47.045730794249636,-2.7138353733577674
2025-07-17 00:00:00-04:00,NVDA,173.0,hold,0.1699340359775627,Waiting for better opportunity. No clear buy signal yet.,"HOLD: No entry signal (Q=0.340, RSI=78.8, ML=0.368)",0.3398680719551254,0.3678033384471421,78.7588234805992,6.480598522068533
2025-07-18 00:00:00-04:00,AAPL,210.9405975341797,sell,1.0,End of trading session - closing all positions.,FORCED EXIT: Held for 48.0 hours (max: 48),0.21920794284030704,0.5093713053441878,70.0715049431731,2.777512268511458
2025-07-18 00:00:00-04:00,MSFT,509.212890625,buy,0.5719623048848796,Strong upward momentum detected. Algorithm confidence: 60%. Good entry point for potential gains.,BUY: Momentum entry Q=0.602 >= 0.35,0.6022574813974396,0.5012735596889065,67.83810500590872,7.590204830379321
2025-07-18 00:00:00-04:00,GOOGL,184.89462280273438,sell,0.85,AI model detects potential price peak. Taking profits.,"SELL: ML profit peak ML=0.456, P&L=$39.92",0.5402414218987667,0.45610628301201483,64.67413425878576,2.1389627843405776
2025-07-18 00:00:00-04:00,TSLA,329.6499938964844,buy,0.4859178302419451,Strong upward momentum detected. Algorithm confidence: 45%. Good entry point for potential gains.,BUY: Momentum entry Q=0.449 >= 0.35,0.4492534653075695,0.5714680150888216,52.5970618337774,-1.284991798551971
2025-07-18 00:00:00-04:00,NVDA,172.41000366210938,buy,0.4330273908483342,Strong upward momentum detected. Algorithm confidence: 38%. Good entry point for potential gains.,BUY: Momentum entry Q=0.383 >= 0.35,0.3833113088365183,0.5490315822092381,75.17174018526457,6.653656822910023
2025-07-21 00:00:00-04:00,AAPL,212.23912048339844,buy,0.6036034918142478,Strong upward momentum detected. Algorithm confidence: 56%. Good entry point for potential gains.,BUY: Momentum entry Q=0.562 >= 0.35,0.5622615688207885,0.7000679787989863,66.33881483029347,2.822532931857836
2025-07-21 00:00:00-04:00,MSFT,509.2228698730469,sell,1.0,End of trading session - closing all positions.,FORCED EXIT: Held for 72.0 hours (max: 48),0.4465566458450702,0.47570215134548494,66.60532803461714,7.598378852788528
2025-07-21 00:00:00-04:00,GOOGL,189.9301300048828,buy,0.4349750307353528,Strong upward momentum detected. Algorithm confidence: 40%. Good entry point for potential gains.,BUY: Momentum entry Q=0.401 >= 0.35,0.40081624140036354,0.5146788725169944,77.75108447076971,2.753347257974525
2025-07-21 00:00:00-04:00,TSLA,328.489990234375,sell,1.0,End of trading session - closing all positions.,FORCED EXIT: Held for 72.0 hours (max: 48),0.19556129999829217,0.5364941180982229,54.8744202580245,-0.24341958280621157
2025-07-21 00:00:00-04:00,NVDA,171.3800048828125,sell,1.0,End of trading session - closing all positions.,FORCED EXIT: Held for 72.0 hours (max: 48),0.2250634187933575,0.42961639114018657,72.38384861790684,6.631253516982611
2025-07-22 00:00:00-04:00,AAPL,214.15695190429688,sell,0.85,AI model detects potential price peak. Taking profits.,"SELL: ML profit peak ML=0.755, P&L=$44.11",0.4067754843559469,0.7551802351875881,65.20329748678873,2.9786293149859944
2025-07-22 00:00:00-04:00,MSFT,504.44073486328125,buy,0.6498240377506497,Strong upward momentum detected. Algorithm confidence: 61%. Good entry point for potential gains.,BUY: Momentum entry Q=0.607 >= 0.35,0.6071700319980665,0.7493500511733436,67.61723587303656,7.136710933922245
2025-07-22 00:00:00-04:00,GOOGL,191.1690216064453,sell,0.85,AI model detects potential price peak. Taking profits.,"SELL: ML profit peak ML=0.589, P&L=$32.21",0.20321283038546767,0.5888689366891882,79.99228103646885,3.3021543977500016
2025-07-22 00:00:00-04:00,TSLA,332.1099853515625,buy,0.6203120286359498,Strong upward momentum detected. Algorithm confidence: 62%. Good entry point for potential gains.,BUY: Momentum entry Q=0.624 >= 0.35,0.6236438565547374,0.6125377634921123,66.05973842159531,0.8641755765742118
2025-07-22 00:00:00-04:00,NVDA,167.02999877929688,buy,0.47455592013773007,Strong upward momentum detected. Algorithm confidence: 43%. Good entry point for potential gains.,BUY: Momentum entry Q=0.431 >= 0.35,0.4309418207250313,0.5763221521006939,73.21612036140208,6.191122194770571
2025-07-23 00:00:00-04:00,AAPL,213.9072265625,buy,0.6557271275253154,Strong upward momentum detected. Algorithm confidence: 67%. Good entry point for potential gains.,BUY: Momentum entry Q=0.671 >= 0.35,0.6710334270575291,0.6200124286168169,54.950744210443446,3.0470614475500213
2025-07-23 00:00:00-04:00,MSFT,505.0397644042969,sell,0.85,AI model detects potential price peak. Taking profits.,"SELL: ML profit peak ML=0.466, P&L=$5.39",0.44470369512738844,0.46615497580325094,69.88690954079416,6.741461092681618
2025-07-23 00:00:00-04:00,GOOGL,190.0600128173828,buy,0.42959010333415504,Strong upward momentum detected. Algorithm confidence: 42%. Good entry point for potential gains.,BUY: Momentum entry Q=0.415 >= 0.35,0.4153125338611116,0.46290443210458987,73.99587675806941,3.606032174825515
2025-07-23 00:00:00-04:00,TSLA,332.55999755859375,sell,0.85,AI model detects potential price peak. Taking profits.,"SELL: ML profit peak ML=0.520, P&L=$6.75",0.42114884730753943,0.5198250462910021,60.15372036336703,1.7579998168026805
2025-07-23 00:00:00-04:00,NVDA,170.77999877929688,sell,0.88,Exit signal triggered. Closing position with loss.,SELL: Swing trade profit 2.2% >= 2.0% (24.0h),0.30565840578029413,0.6381314299903403,73.03373355015353,6.074881162327898
2025-07-24 00:00:00-04:00,AAPL,213.51766967773438,hold,0.4385833761770853,Holding position - indicators suggest more upside potential.,"HOLD: swing trade, Q=0.344, P&L=$-8.96 (-0.2%), 24.0h",0.3438579445036496,0.533308807850521,50.63439524309715,3.0348762563576486
2025-07-24 00:00:00-04:00,MSFT,510.0415344238281,buy,0.673811315065369,Strong upward momentum detected. Algorithm confidence: 69%. Good entry point for potential gains.,BUY: Momentum entry Q=0.689 >= 0.35,0.6888237664920772,0.638782261736383,67.4897671192609,6.75396824320859
2025-07-24 00:00:00-04:00,GOOGL,191.99827575683594,sell,0.85,AI model detects potential price peak. Taking profits.,"SELL: ML profit peak ML=0.619, P&L=$50.39",0.2819928203347482,0.6189449138385849,75.07937729654776,3.957637936367263
2025-07-24 00:00:00-04:00,TSLA,305.29998779296875,buy,0.5971782201514081,Strong upward momentum detected. Algorithm confidence: 60%. Good entry point for potential gains.,BUY: Momentum entry Q=0.599 >= 0.35,0.5990516546382135,0.5928068730155288,45.44134205348424,0.26366760414782675
2025-07-24 00:00:00-04:00,NVDA,173.74000549316406,buy,0.40005307517511746,Strong upward momentum detected. Algorithm confidence: 39%. Good entry point for potential gains.,BUY: Momentum entry Q=0.389 >= 0.35,0.3891374263300172,0.4255229224803513,73.80955865026212,6.150705605112023
2025-07-25 00:00:00-04:00,AAPL,213.63754272460938,sell,1.0,End of trading session - closing all positions.,FORCED EXIT: Held for 48.0 hours (max: 48),0.4442912001123987,0.4302784375638386,65.03441496890439,3.0003064919963265
2025-07-25 00:00:00-04:00,MSFT,512.866943359375,sell,0.85,AI model detects potential price peak. Taking profits.,"SELL: ML profit peak ML=0.474, P&L=$25.43",0.26014610847435315,0.47375199878994156,72.12839581376853,6.912187740694037
2025-07-25 00:00:00-04:00,GOOGL,193.0073699951172,buy,0.4348126404311799,Strong upward momentum detected. Algorithm confidence: 42%. Good entry point for potential gains.,BUY: Momentum entry Q=0.422 >= 0.35,0.422105532397247,0.46446255917702334,84.91691909250336,4.268508794915334
2025-07-25 00:00:00-04:00,TSLA,316.05999755859375,sell,0.88,Exit signal triggered. Closing position with loss.,SELL: Swing trade profit 3.5% >= 2.0% (24.0h),0.25568640915865537,0.6787701810552018,61.10664356345222,-0.05176189858491398
2025-07-25 00:00:00-04:00,NVDA,173.5,sell,0.8,Algorithm confidence dropped. Exiting position to preserve capital.,SELL: Conviction lost Q=0.267 <= 0.3,0.2672262651434103,0.6885017777189476,75.97004747469029,6.120872971313105
2025-07-28 00:00:00-04:00,AAPL,213.80735778808594,buy,0.6166809636041424,Strong upward momentum detected. Algorithm confidence: 61%. Good entry point for potential gains.,BUY: Momentum entry Q=0.606 >= 0.35,0.6060155196438064,0.6415669995115932,65.32624468583244,2.9525768925945783
2025-07-28 00:00:00-04:00,MSFT,511.65887451171875,hold,0.1258778978638423,Waiting for better opportunity. No clear buy signal yet.,"HOLD: No entry signal (Q=0.252, RSI=71.9, ML=0.544)",0.2517557957276846,0.5442052017070683,71.90937692417992,6.861007350697889
2025-07-28 00:00:00-04:00,GOOGL,192.4079132080078,sell,1.0,End of trading session - closing all positions.,FORCED EXIT: Held for 72.0 hours (max: 48),0.1825366516523525,0.5352591506892372,92.09799206877399,4.415604694864072
2025-07-28 00:00:00-04:00,TSLA,325.5899963378906,buy,0.5762252749403114,Strong upward momentum detected. Algorithm confidence: 63%. Good entry point for potential gains.,BUY: Momentum entry Q=0.634 >= 0.35,0.6338298171343651,0.4418146764875193,63.198400466289016,0.4619244266662008
2025-07-28 00:00:00-04:00,NVDA,176.75,buy,0.3925773436786405,Strong upward momentum detected. Algorithm confidence: 37%. Good entry point for potential gains.,BUY: Momentum entry Q=0.374 >= 0.35,0.3744008156629737,0.4349892423818632,77.129903870108,6.287005546299042
2025-07-29 00:00:00-04:00,AAPL,211.03050231933594,hold,0.6095409696667935,Holding position - indicators suggest more upside potential.,"HOLD: swing trade, Q=0.597, P&L=$-63.87 (-1.3%), 24.0h",0.5969921009600023,0.6220898383735847,50.43829831067161,2.660018771424035
2025-07-29 00:00:00-04:00,MSFT,511.728759765625,buy,0.49553626070365026,Strong upward momentum detected. Algorithm confidence: 59%. Good entry point for potential gains.,BUY: Momentum entry Q=0.588 >= 0.35,0.5880077348994773,0.2797694875800538,65.39755501019266,6.748295528639858
2025-07-29 00:00:00-04:00,GOOGL,195.5750732421875,buy,0.42924832730995743,Strong upward momentum detected. Algorithm confidence: 40%. Good entry point for potential gains.,BUY: Momentum entry Q=0.396 >= 0.35,0.39592715845885124,0.506997721295872,92.41687351635439,4.733181431797078
2025-07-29 00:00:00-04:00,TSLA,321.20001220703125,hold,0.6004488341446949,Holding position - indicators suggest more upside potential.,"HOLD: swing trade, Q=0.408, P&L=$-65.85 (-1.3%), 24.0h",0.40764848024937317,0.7932491880400165,61.754876719765925,0.5089229624877021
2025-07-29 00:00:00-04:00,NVDA,175.50999450683594,sell,0.8,Algorithm confidence dropped. Exiting position to preserve capital.,SELL: Conviction lost Q=0.156 <= 0.3,0.15635700863536356,0.5231853967410993,71.60450131733013,6.246601791676085
2025-07-30 00:00:00-04:00,AAPL,208.81301879882812,sell,1.0,End of trading session - closing all positions.,FORCED EXIT: Held for 48.0 hours (max: 48),0.4147751842614785,0.5240242661691141,39.35366204286783,2.2235996917038108
2025-07-30 00:00:00-04:00,MSFT,512.3976440429688,sell,0.85,AI model detects potential price peak. Taking profits.,"SELL: ML profit peak ML=0.546, P&L=$6.02",0.3030075140634034,0.545713130882172,70.95491554153422,6.636443182728499
2025-07-30 00:00:00-04:00,GOOGL,196.35438537597656,sell,0.85,AI model detects potential price peak. Taking profits.,"SELL: ML profit peak ML=0.457, P&L=$19.48",0.1831357427393428,0.45660822345267305,92.34216827586961,4.990223074747149
2025-07-30 00:00:00-04:00,TSLA,319.0400085449219,sell,1.0,End of trading session - closing all positions.,FORCED EXIT: Held for 48.0 hours (max: 48),0.3841256608008985,0.6769230041392793,54.78252371740737,0.36763750084065805
2025-07-30 00:00:00-04:00,NVDA,179.27000427246094,buy,0.4231137508815377,Strong upward momentum detected. Algorithm confidence: 40%. Good entry point for potential gains.,BUY: Momentum entry Q=0.401 >= 0.35,0.40074447299363475,0.4753087326199778,73.87471849050877,6.443703882130421
2025-07-31 00:00:00-04:00,AAPL,207.33470153808594,buy,0.5761624458059769,Strong upward momentum detected. Algorithm confidence: 59%. Good entry point for potential gains.,BUY: Momentum entry Q=0.586 >= 0.35,0.5861607642636113,0.5528330360714966,38.78831538722097,1.7384073014169985
2025-07-31 00:00:00-04:00,MSFT,532.6243896484375,buy,0.5285205825519461,Strong upward momentum detected. Algorithm confidence: 41%. Good entry point for potential gains.,BUY: Momentum entry Q=0.407 >= 0.35,0.40689089783665666,0.8123231802209552,82.4654305447591,8.08671016021168
2025-07-31 00:00:00-04:00,GOOGL,191.728515625,hold,0.14654988221404988,Waiting for better opportunity. No clear buy signal yet.,"HOLD: No entry signal (Q=0.293, RSI=74.0, ML=0.483)",0.29309976442809976,0.4825795780510111,74.00572575726646,4.765725087524771
2025-07-31 00:00:00-04:00,TSLA,308.2699890136719,buy,0.4610678861393311,Strong upward momentum detected. Algorithm confidence: 44%. Good entry point for potential gains.,BUY: Momentum entry Q=0.440 >= 0.35,0.4397048825791309,0.510914894446465,47.456301359513255,-0.606392695259899
2025-07-31 00:00:00-04:00,NVDA,177.8699951171875,sell,0.8,Algorithm confidence dropped. Exiting position to preserve capital.,SELL: Conviction lost Q=0.219 <= 0.3,0.21899592922316685,0.3137637079920855,70.0154380165757,6.413014431984465
2025-08-01 00:00:00-04:00,AAPL,202.1505889892578,sell,0.95,Stop loss triggered to limit losses. Protecting capital.,SELL: Stop loss 2.5% >= 2.0%,0.47244642460797226,0.6046627831141795,33.279820682134854,0.9249124640901414
2025-08-01 00:00:00-04:00,MSFT,523.2498168945312,hold,0.5427946002515578,Holding position - indicators suggest more upside potential.,"HOLD: swing trade, Q=0.516, P&L=$-84.37 (-1.8%), 24.0h",0.5157031276124469,0.5698860728906687,68.97602936961923,8.382973809948624
2025-08-01 00:00:00-04:00,GOOGL,188.96099853515625,buy,0.565417807267796,Strong upward momentum detected. Algorithm confidence: 57%. Good entry point for potential gains.,BUY: Momentum entry Q=0.573 >= 0.35,0.5727828980284959,0.5482325954928295,64.67625571235942,4.314755499627694
2025-08-01 00:00:00-04:00,TSLA,302.6300048828125,sell,0.8,Algorithm confidence dropped. Exiting position to preserve capital.,SELL: Conviction lost Q=0.272 <= 0.3,0.2721785207961928,0.5867949149542611,43.220909797604,-1.8125245722134196
2025-08-01 00:00:00-04:00,NVDA,173.72000122070312,buy,0.5249727098091062,Strong upward momentum detected. Algorithm confidence: 57%. Good entry point for potential gains.,BUY: Momentum entry Q=0.569 >= 0.35,0.5694007749768379,0.4213072244177319,63.53434402232532,5.984833561273234
2025-08-04 00:00:00-04:00,AAPL,203.11949157714844,buy,0.6920030840718517,Strong upward momentum detected. Algorithm confidence: 57%. Good entry point for potential gains.,BUY: Momentum entry Q=0.575 >= 0.35,0.5745109964750702,0.9661512884643422,34.95301846298983,0.3543100206134966
2025-08-04 00:00:00-04:00,MSFT,534.7609252929688,sell,1.0,End of trading session - closing all positions.,FORCED EXIT: Held for 96.0 hours (max: 48),0.23183178588170789,0.4152690812088783,73.18815191043242,9.437821797396225
2025-08-04 00:00:00-04:00,GOOGL,194.86570739746094,sell,1.0,End of trading session - closing all positions.,FORCED EXIT: Held for 72.0 hours (max: 48),0.22579759731195004,0.5034124888214798,70.85732376468312,4.3832916519761795
2025-08-04 00:00:00-04:00,TSLA,309.260009765625,buy,0.4607997697036528,Strong upward momentum detected. Algorithm confidence: 38%. Good entry point for potential gains.,BUY: Momentum entry Q=0.382 >= 0.35,0.38190928987911893,0.6448775559608986,49.281397298260444,-2.207954860403163
2025-08-04 00:00:00-04:00,NVDA,180.0,sell,1.0,End of trading session - closing all positions.,FORCED EXIT: Held for 72.0 hours (max: 48),0.4733041823947398,0.6093337411469744,63.17279632821149,6.0821295502465205
2025-08-05 00:00:00-04:00,AAPL,202.68995666503906,sell,0.8,Algorithm confidence dropped. Exiting position to preserve capital.,SELL: Conviction lost Q=0.245 <= 0.3,0.2447975138226423,0.633493558379686,30.453563893054337,-0.13104579014887463
2025-08-05 00:00:00-04:00,MSFT,526.8838500976562,buy,0.6062528835304901,Strong upward momentum detected. Algorithm confidence: 56%. Good entry point for potential gains.,BUY: Momentum entry Q=0.562 >= 0.35,0.5623329085422748,0.7087328251696594,65.37016231144128,9.528345455201702
2025-08-05 00:00:00-04:00,GOOGL,194.4960479736328,buy,0.5940078198050385,Strong upward momentum detected. Algorithm confidence: 61%. Good entry point for potential gains.,BUY: Momentum entry Q=0.609 >= 0.35,0.6091816503186285,0.5586022152733287,69.08025559691083,4.35754752496976
2025-08-05 00:00:00-04:00,TSLA,308.7200012207031,sell,0.8,Algorithm confidence dropped. Exiting position to preserve capital.,SELL: Conviction lost Q=0.197 <= 0.3,0.19661738685219568,0.5830605238292849,43.21349566721554,-2.535680641224758
2025-08-05 00:00:00-04:00,NVDA,178.25999450683594,buy,0.5772391676167129,Strong upward momentum detected. Algorithm confidence: 63%. Good entry point for potential gains.,BUY: Momentum entry Q=0.627 >= 0.35,0.6271887912984668,0.46069004569262045,59.472080894565956,5.950242726765282
2025-08-06 00:00:00-04:00,AAPL,213.0082550048828,buy,0.5974236329264453,Strong upward momentum detected. Algorithm confidence: 66%. Good entry point for potential gains.,BUY: Momentum entry Q=0.664 >= 0.35,0.6639099101042035,0.4422889861783428,55.6251991982586,0.31329520334560357
2025-08-06 00:00:00-04:00,MSFT,524.0784912109375,hold,0.5287639995282225,Holding position - indicators suggest more upside potential.,"HOLD: swing trade, Q=0.489, P&L=$-25.25 (-0.5%), 24.0h",0.48934761794405907,0.5681803811123859,59.63329441201001,9.266894102630772
2025-08-06 00:00:00-04:00,GOOGL,195.91476440429688,sell,0.85,AI model detects potential price peak. Taking profits.,"SELL: ML profit peak ML=0.442, P&L=$35.47",0.3844418427380361,0.44174813977835964,69.87608295172409,4.400892923921134
2025-08-06 00:00:00-04:00,TSLA,319.9100036621094,buy,0.4888231999750815,Strong upward momentum detected. Algorithm confidence: 42%. Good entry point for potential gains.,BUY: Momentum entry Q=0.416 >= 0.35,0.4160312806130722,0.6586710118197698,50.23960124176152,-1.8708994412294828
2025-08-06 00:00:00-04:00,NVDA,179.4199981689453,sell,0.85,AI model detects potential price peak. Taking profits.,"SELL: ML profit peak ML=0.675, P&L=$32.48",0.3723646115535459,0.6745400847885037,58.94149174687439,5.871639465154601
2025-08-07 00:00:00-04:00,AAPL,219.7805633544922,sell,0.88,Exit signal triggered. Closing position with loss.,SELL: Swing trade profit 3.2% >= 2.0% (24.0h),0.5742412679988347,0.4099484518999003,62.88957791202258,1.1980964175525912
2025-08-07 00:00:00-04:00,MSFT,519.9852294921875,sell,1.0,End of trading session - closing all positions.,FORCED EXIT: Held for 48.0 hours (max: 48),0.49689497023315826,0.556597789922232,57.58046518579858,8.62991966817907
2025-08-07 00:00:00-04:00,GOOGL,196.34439086914062,buy,0.6372958776032709,Strong upward momentum detected. Algorithm confidence: 63%. Good entry point for potential gains.,BUY: Momentum entry Q=0.633 >= 0.35,0.6332574688247312,0.6467188314198635,68.83632171951108,4.418972565036768
2025-08-07 00:00:00-04:00,TSLA,322.2699890136719,sell,0.85,AI model detects potential price peak. Taking profits.,"SELL: ML profit peak ML=0.623, P&L=$35.40",0.2596373783176354,0.6227690165319097,46.174578477234576,-1.1404777386443925
2025-08-07 00:00:00-04:00,NVDA,180.77000427246094,buy,0.593070741938366,Strong upward momentum detected. Algorithm confidence: 66%. Good entry point for potential gains.,BUY: Momentum entry Q=0.656 >= 0.35,0.6558928428451384,0.4464858398225636,61.40205856020658,5.850835237504697
2025-08-08 00:00:00-04:00,AAPL,229.0900115966797,buy,0.5596224000052543,Strong upward momentum detected. Algorithm confidence: 56%. Good entry point for potential gains.,BUY: Momentum entry Q=0.559 >= 0.35,0.5590247929046573,0.5610168165733141,69.91733963181579,2.6202972694556195
2025-08-08 00:00:00-04:00,MSFT,521.1832275390625,buy,0.5552690831090703,Strong upward momentum detected. Algorithm confidence: 60%. Good entry point for potential gains.,BUY: Momentum entry Q=0.600 >= 0.35,0.6001371772340169,0.45057686348419473,58.27806064794613,8.128085756969824
2025-08-08 00:00:00-04:00,GOOGL,201.24000549316406,sell,0.88,Exit signal triggered. Closing position with loss.,SELL: Swing trade profit 2.5% >= 2.0% (24.0h),0.4616963946989483,0.6223631463719524,68.69221760327319,4.773312224635902
2025-08-08 00:00:00-04:00,TSLA,329.6499938964844,buy,0.6468476312683664,Strong upward momentum detected. Algorithm confidence: 62%. Good entry point for potential gains.,BUY: Momentum entry Q=0.618 >= 0.35,0.6178473225505511,0.7145150182766022,50.56486336194381,0.03350521259267225
2025-08-08 00:00:00-04:00,NVDA,182.6999969482422,sell,0.85,AI model detects potential price peak. Taking profits.,"SELL: ML profit peak ML=0.527, P&L=$52.11",0.5667353021570647,0.526756406951874,65.06919462855495,5.921818973596231
2025-08-11 00:00:00-04:00,AAPL,227.17999267578125,sell,1.0,End of trading session - closing all positions.,FORCED EXIT: Held for 72.0 hours (max: 48),0.4730948728877854,0.563640047736921,65.39575784076462,3.552330076892531
2025-08-11 00:00:00-04:00,MSFT,520.9136962890625,sell,1.0,End of trading session - closing all positions.,FORCED EXIT: Held for 72.0 hours (max: 48),0.5177022798068374,0.6060134002866995,62.1609906395342,7.620782213920165
2025-08-11 00:00:00-04:00,GOOGL,200.8203887939453,buy,0.5412800427655591,Strong upward momentum detected. Algorithm confidence: 53%. Good entry point for potential gains.,BUY: Momentum entry Q=0.532 >= 0.35,0.5323970480739191,0.5620070303793856,66.39513894001023,4.963058349744415
2025-08-11 00:00:00-04:00,TSLA,339.0299987792969,sell,1.0,End of trading session - closing all positions.,FORCED EXIT: Held for 72.0 hours (max: 48),0.43162785410853904,0.5947190302459051,53.190709758614595,1.7011730970900771
2025-08-11 00:00:00-04:00,NVDA,182.05999755859375,buy,0.4155398989862309,Strong upward momentum detected. Algorithm confidence: 35%. Good entry point for potential gains.,BUY: Momentum entry Q=0.354 >= 0.35,0.35448919397222967,0.5579915440189004,72.20086044150818,5.858893812971303
2025-08-12 00:00:00-04:00,AAPL,229.64999389648438,buy,0.5772412975008228,Strong upward momentum detected. Algorithm confidence: 53%. Good entry point for potential gains.,BUY: Momentum entry Q=0.529 >= 0.35,0.5294138645634514,0.688838641021356,67.68273035652095,4.439109951300736
2025-08-12 00:00:00-04:00,MSFT,528.3713989257812,buy,0.5769874812726095,Strong upward momentum detected. Algorithm confidence: 63%. Good entry point for potential gains.,BUY: Momentum entry Q=0.631 >= 0.35,0.6310303730404128,0.4508874004810683,65.64047234152414,7.731392101765778
2025-08-12 00:00:00-04:00,GOOGL,203.15829467773438,sell,0.85,AI model detects potential price peak. Taking profits.,"SELL: ML profit peak ML=0.421, P&L=$56.11",0.2020208472728628,0.4207507634662828,71.35878146742049,5.241660388923805
2025-08-12 00:00:00-04:00,TSLA,340.8399963378906,buy,0.5899373469070905,Strong upward momentum detected. Algorithm confidence: 56%. Good entry point for potential gains.,BUY: Momentum entry Q=0.561 >= 0.35,0.5610355756454818,0.6573748131841777,53.770490618625665,3.1327511811044246
2025-08-12 00:00:00-04:00,NVDA,183.16000366210938,sell,0.85,AI model detects potential price peak. Taking profits.,"SELL: ML profit peak ML=0.518, P&L=$29.70",0.4462918215763045,0.5176875281216838,69.83972424667168,5.830575227429108
2025-08-13 00:00:00-04:00,AAPL,233.3300018310547,sell,0.85,AI model detects potential price peak. Taking profits.,"SELL: ML profit peak ML=0.525, P&L=$77.28",0.20512517928126262,0.5246913483874719,70.72203902587563,5.376854247098521
2025-08-13 00:00:00-04:00,MSFT,519.7256469726562,hold,0.49623104689651865,Holding position - indicators suggest more upside potential.,"HOLD: swing trade, Q=0.455, P&L=$-77.81 (-1.6%), 24.0h",0.45515621897154945,0.5373058748214878,56.18940621848772,7.04025562331276
2025-08-13 00:00:00-04:00,GOOGL,201.779541015625,buy,0.6305553095047252,Strong upward momentum detected. Algorithm confidence: 71%. Good entry point for potential gains.,BUY: Momentum entry Q=0.713 >= 0.35,0.7133363193183208,0.43739961993966897,66.24632317720068,5.2902182712017805
2025-08-13 00:00:00-04:00,TSLA,339.3800048828125,sell,0.8,Algorithm confidence dropped. Exiting position to preserve capital.,SELL: Conviction lost Q=0.169 <= 0.3,0.16856727546298228,0.6602931839233372,70.28572445824032,4.102190519102578
2025-08-13 00:00:00-04:00,NVDA,181.58999633789062,buy,0.6421814628942015,Strong upward momentum detected. Algorithm confidence: 66%. Good entry point for potential gains.,BUY: Momentum entry Q=0.659 >= 0.35,0.6590456632361638,0.60283166209629,63.16668807978579,5.61670025018708
2025-08-14 00:00:00-04:00,AAPL,232.77999877929688,buy,0.5319338202681728,Strong upward momentum detected. Algorithm confidence: 62%. Good entry point for potential gains.,BUY: Momentum entry Q=0.619 >= 0.35,0.6193909086549045,0.3278672806991324,69.84286661503967,6.006404614354295
2025-08-14 00:00:00-04:00,MSFT,521.6224975585938,sell,1.0,End of trading session - closing all positions.,FORCED EXIT: Held for 48.0 hours (max: 48),0.45109750696960765,0.642767315103659,55.66315496921113,6.569851812311072
2025-08-14 00:00:00-04:00,GOOGL,202.75865173339844,sell,0.85,AI model detects potential price peak. Taking profits.,"SELL: ML profit peak ML=0.476, P&L=$23.50",0.3961083022261319,0.4761074206449027,66.2126699633562,5.3460805066413855
2025-08-14 00:00:00-04:00,TSLA,335.5799865722656,buy,0.6247144382904815,Strong upward momentum detected. Algorithm confidence: 70%. Good entry point for potential gains.,BUY: Momentum entry Q=0.702 >= 0.35,0.7022373679616644,0.4438276023910546,62.66873497443202,4.511838790264335
2025-08-14 00:00:00-04:00,NVDA,182.02000427246094,sell,0.85,AI model detects potential price peak. Taking profits.,"SELL: ML profit peak ML=0.546, P&L=$11.61",0.41362223065095177,0.5457076526095459,64.19998545330995,5.419429032026557
2025-08-15 00:00:00-04:00,AAPL,231.58999633789062,hold,0.466337236360962,Holding position - indicators suggest more upside potential.,"HOLD: swing trade, Q=0.449, P&L=$-24.99 (-0.5%), 24.0h",0.4490719472771825,0.48360252544474147,68.05149946019122,6.33626405645839
2025-08-15 00:00:00-04:00,MSFT,519.3162841796875,buy,0.6181724432822984,Strong upward momentum detected. Algorithm confidence: 65%. Good entry point for potential gains.,BUY: Momentum entry Q=0.649 >= 0.35,0.649136858915344,0.5459221401385255,54.88349353572266,5.94246027417978
2025-08-15 00:00:00-04:00,GOOGL,203.71778869628906,buy,0.5484070331384492,Strong upward momentum detected. Algorithm confidence: 61%. Good entry point for potential gains.,BUY: Momentum entry Q=0.612 >= 0.35,0.612193903106751,0.3995710032124117,68.58177591883026,5.405435571257499
2025-08-15 00:00:00-04:00,TSLA,330.55999755859375,hold,0.5093707217752448,Holding position - indicators suggest more upside potential.,"HOLD: swing trade, Q=0.417, P&L=$-70.28 (-1.5%), 24.0h",0.4173897701685174,0.6013516733819723,53.42616938118699,4.380916360137803
2025-08-15 00:00:00-04:00,NVDA,180.4499969482422,buy,0.5794055402026264,Strong upward momentum detected. Algorithm confidence: 59%. Good entry point for potential gains.,BUY: Momentum entry Q=0.589 >= 0.35,0.589133221487396,0.5567076172048308,56.53246823920262,5.077869185301864
2025-08-18 00:00:00-04:00,AAPL,230.88999938964844,sell,1.0,End of trading session - closing all positions.,FORCED EXIT: Held for 96.0 hours (max: 48),0.2351243931423689,0.5306543306836411,71.04721842914002,6.466652591506858
2025-08-18 00:00:00-04:00,MSFT,516.2512817382812,sell,1.0,End of trading session - closing all positions.,FORCED EXIT: Held for 72.0 hours (max: 48),0.4658104172545785,0.38380455216721454,52.7780964657133,5.1386922330339075
2025-08-18 00:00:00-04:00,GOOGL,203.3181610107422,sell,1.0,End of trading session - closing all positions.,FORCED EXIT: Held for 72.0 hours (max: 48),0.4597134405314717,0.6913722533143182,63.99428591914796,5.358459290029828
2025-08-18 00:00:00-04:00,TSLA,335.1600036621094,sell,1.0,End of trading session - closing all positions.,FORCED EXIT: Held for 96.0 hours (max: 48),0.4449152955058091,0.6039666559539919,59.59581212018233,4.595368887696509
2025-08-18 00:00:00-04:00,NVDA,182.00999450683594,sell,1.0,End of trading session - closing all positions.,FORCED EXIT: Held for 72.0 hours (max: 48),0.41820109736795447,0.2922688850071971,61.34774746743926,4.8768421113706495
2025-08-19 00:00:00-04:00,AAPL,230.55999755859375,buy,0.45125937047399056,Strong upward momentum detected. Algorithm confidence: 39%. Good entry point for potential gains.,BUY: Momentum entry Q=0.388 >= 0.35,0.38766929233276015,0.599636219470195,74.00808169832908,6.468789872141542
2025-08-19 00:00:00-04:00,MSFT,508.933349609375,buy,0.5633639034878731,Strong upward momentum detected. Algorithm confidence: 49%. Good entry point for potential gains.,BUY: Momentum entry Q=0.489 >= 0.35,0.4885146197996096,0.7380122320938216,48.0326592634751,3.8666321764623035
2025-08-19 00:00:00-04:00,GOOGL,201.389892578125,buy,0.6720618753313228,Strong upward momentum detected. Algorithm confidence: 70%. Good entry point for potential gains.,BUY: Momentum entry Q=0.700 >= 0.35,0.7003305189076192,0.6061017069866312,58.73791214930604,5.1067674649272305
2025-08-19 00:00:00-04:00,TSLA,329.30999755859375,buy,0.6017448716573093,Strong upward momentum detected. Algorithm confidence: 64%. Good entry point for potential gains.,BUY: Momentum entry Q=0.640 >= 0.35,0.6404789574673254,0.5113653381006052,56.7185567821234,4.244351219974078
2025-08-19 00:00:00-04:00,NVDA,175.63999938964844,buy,0.5700808653075131,Strong upward momentum detected. Algorithm confidence: 55%. Good entry point for potential gains.,BUY: Momentum entry Q=0.550 >= 0.35,0.5498703451425394,0.6172387456924519,44.19199785937709,4.155617960208758
2025-08-20 00:00:00-04:00,AAPL,226.00999450683594,hold,0.42095427081423853,Holding position - indicators suggest more upside potential.,"HOLD: swing trade, Q=0.442, P&L=$-95.55 (-2.0%), 24.0h",0.44239887180598114,0.3995096698224959,69.30756139623549,6.033782770251975
2025-08-20 00:00:00-04:00,MSFT,504.8900146484375,hold,0.5291927886630123,Holding position - indicators suggest more upside potential.,"HOLD: swing trade, Q=0.470, P&L=$-36.39 (-0.8%), 24.0h",0.47036757875110724,0.5880179985749174,30.70294942508039,2.503394503615368
2025-08-20 00:00:00-04:00,GOOGL,199.1418914794922,hold,0.4159090353804912,Holding position - indicators suggest more upside potential.,"HOLD: swing trade, Q=0.346, P&L=$-53.95 (-1.1%), 24.0h",0.3463146339659703,0.48550343679501207,64.02122448885356,4.672048511865597
2025-08-20 00:00:00-04:00,TSLA,323.8999938964844,hold,0.47667624747363296,Holding position - indicators suggest more upside potential.,"HOLD: swing trade, Q=0.405, P&L=$-81.15 (-1.6%), 24.0h",0.4053537006941039,0.547998794253162,60.99620323064622,3.489401459168846
2025-08-20 00:00:00-04:00,NVDA,175.39999389648438,hold,0.4193441121479535,Holding position - indicators suggest more upside potential.,"HOLD: swing trade, Q=0.381, P&L=$-6.72 (-0.1%), 24.0h",0.3805883725389731,0.45809985175693385,45.89564802888467,3.5240530963370986
2025-08-21 00:00:00-04:00,AAPL,224.89999389648438,sell,1.0,End of trading session - closing all positions.,FORCED EXIT: Held for 48.0 hours (max: 48),0.2812117231153529,0.6183465788938299,75.6831799422083,5.535657125834632
2025-08-21 00:00:00-04:00,MSFT,504.239990234375,sell,1.0,End of trading session - closing all positions.,FORCED EXIT: Held for 48.0 hours (max: 48),0.48953008240119555,0.8797896374744323,34.945608199226825,1.3549482881136328
2025-08-21 00:00:00-04:00,GOOGL,199.57150268554688,sell,1.0,End of trading session - closing all positions.,FORCED EXIT: Held for 48.0 hours (max: 48),0.1759360277890459,0.5184366241979972,72.01499388973666,4.312485000840269
2025-08-21 00:00:00-04:00,TSLA,320.1099853515625,sell,1.0,End of trading session - closing all positions.,FORCED EXIT: Held for 48.0 hours (max: 48),0.3897444473596792,0.8024551392456023,62.626388654978705,2.555814481060793
2025-08-21 00:00:00-04:00,NVDA,174.97999572753906,sell,1.0,End of trading session - closing all positions.,FORCED EXIT: Held for 48.0 hours (max: 48),0.4297615693601652,0.7595368859089804,52.38997158372266,2.95557304311626
2025-08-22 00:00:00-04:00,AAPL,227.75999450683594,hold,0.13862862130031964,Waiting for better opportunity. No clear buy signal yet.,"HOLD: No entry signal (Q=0.277, RSI=76.7, ML=0.706)",0.2772572426006393,0.7056803627419183,76.67897600735917,5.310451531452088
2025-08-22 00:00:00-04:00,MSFT,507.2300109863281,buy,0.8347149073854433,Strong upward momentum detected. Algorithm confidence: 84%. Good entry point for potential gains.,BUY: Momentum entry Q=0.838 >= 0.35,0.838266499519074,0.8264278590736385,24.795952748540373,0.6782476574562679
2025-08-22 00:00:00-04:00,GOOGL,205.9058380126953,buy,0.4534650506794716,Strong upward momentum detected. Algorithm confidence: 39%. Good entry point for potential gains.,BUY: Momentum entry Q=0.394 >= 0.35,0.3943906600611559,0.5913052954555416,72.50517273771266,4.486933672136104
2025-08-22 00:00:00-04:00,TSLA,340.010009765625,buy,0.622826532845274,Strong upward momentum detected. Algorithm confidence: 61%. Good entry point for potential gains.,BUY: Momentum entry Q=0.608 >= 0.35,0.6080055243040806,0.6574088861080586,68.63861127902942,3.382711936017529
2025-08-22 00:00:00-04:00,NVDA,177.99000549316406,buy,0.5063658441174553,Strong upward momentum detected. Algorithm confidence: 50%. Good entry point for potential gains.,BUY: Momentum entry Q=0.496 >= 0.35,0.495867508608977,0.5308619603039049,45.64748626942782,2.716615683085763
2025-08-25 00:00:00-04:00,AAPL,227.16000366210938,buy,0.42352627535876863,Strong upward momentum detected. Algorithm confidence: 36%. Good entry point for potential gains.,BUY: Momentum entry Q=0.357 >= 0.35,0.35695367843022,0.5788623348587154,76.39698327527762,5.025627918251672
2025-08-25 00:00:00-04:00,MSFT,504.260009765625,sell,1.0,End of trading session - closing all positions.,FORCED EXIT: Held for 72.0 hours (max: 48),0.5005585736699373,0.7254218994792718,27.24371095438292,-0.0965833916613974
2025-08-25 00:00:00-04:00,GOOGL,208.30369567871094,sell,1.0,End of trading session - closing all positions.,FORCED EXIT: Held for 72.0 hours (max: 48),0.303369831145683,0.7546049786283623,75.99704893052461,4.76375892731059
2025-08-25 00:00:00-04:00,TSLA,346.6000061035156,sell,1.0,End of trading session - closing all positions.,FORCED EXIT: Held for 72.0 hours (max: 48),0.21406062971151169,0.3439332222355576,71.39145480615453,4.5177143571854685
2025-08-25 00:00:00-04:00,NVDA,179.80999755859375,sell,1.0,End of trading session - closing all positions.,FORCED EXIT: Held for 72.0 hours (max: 48),0.4672702383688691,0.5922958417397752,53.344844913073736,2.643624347163552
2025-08-26 00:00:00-04:00,AAPL,229.30999755859375,sell,0.85,AI model detects potential price peak. Taking profits.,"SELL: ML profit peak ML=0.718, P&L=$47.30",0.2132180317350931,0.7177182088092098,71.34754250222097,4.916712886338416
2025-08-26 00:00:00-04:00,MSFT,502.0400085449219,buy,0.5682281562042997,Strong upward momentum detected. Algorithm confidence: 58%. Good entry point for potential gains.,BUY: Momentum entry Q=0.576 >= 0.35,0.5764268504172129,0.5490978697075024,27.56834730813459,-0.8796382039702735
2025-08-26 00:00:00-04:00,GOOGL,206.95489501953125,hold,0.13597676998979621,Waiting for better opportunity. No clear buy signal yet.,"HOLD: No entry signal (Q=0.272, RSI=70.8, ML=0.702)",0.27195353997959243,0.7019195662620368,70.84123553120052,4.818760326190102
2025-08-26 00:00:00-04:00,TSLA,351.6700134277344,buy,0.5845247323542533,Strong upward momentum detected. Algorithm confidence: 57%. Good entry point for potential gains.,BUY: Momentum entry Q=0.573 >= 0.35,0.5731697236718404,0.6110197526132167,69.267163814362,5.759922372771143
2025-08-26 00:00:00-04:00,NVDA,181.77000427246094,buy,0.6094931753836063,Strong upward momentum detected. Algorithm confidence: 62%. Good entry point for potential gains.,BUY: Momentum entry Q=0.621 >= 0.35,0.6209867505388335,0.5826748333547428,54.90196702527214,2.7126644418103183
2025-08-27 00:00:00-04:00,AAPL,230.49000549316406,buy,0.5885001440797115,Strong upward momentum detected. Algorithm confidence: 61%. Good entry point for potential gains.,BUY: Momentum entry Q=0.606 >= 0.35,0.6059345021286626,0.5478199752988259,66.4308282110925,4.869481367382491
2025-08-27 00:00:00-04:00,MSFT,506.739990234375,sell,0.85,AI model detects potential price peak. Taking profits.,"SELL: ML profit peak ML=0.488, P&L=$42.30",0.3442754904438265,0.48790691410812803,36.68294095844042,-1.1081910052932358
2025-08-27 00:00:00-04:00,GOOGL,207.29458618164062,buy,0.40514491550191,Strong upward momentum detected. Algorithm confidence: 40%. Good entry point for potential gains.,BUY: Momentum entry Q=0.395 >= 0.35,0.3945186713002924,0.4299394853056845,70.74188830632806,4.834035813159261
2025-08-27 00:00:00-04:00,TSLA,349.6000061035156,hold,0.5448203116246695,Holding position - indicators suggest more upside potential.,"HOLD: swing trade, Q=0.508, P&L=$-28.98 (-0.6%), 24.0h",0.5080345936321635,0.5816060296171754,66.638253472937,6.502393340625417
2025-08-27 00:00:00-04:00,NVDA,181.60000610351562,hold,0.560735912147017,Holding position - indicators suggest more upside potential.,"HOLD: swing trade, Q=0.541, P&L=$-4.59 (-0.1%), 24.0h",0.5409384702587384,0.5805333540352957,51.82097622671096,2.722281021668266
2025-08-28 00:00:00-04:00,AAPL,232.55999755859375,sell,0.85,AI model detects potential price peak. Taking profits.,"SELL: ML profit peak ML=0.697, P&L=$43.47",0.4646388367702959,0.6966418883806611,56.84414800350801,4.942111523079404
2025-08-28 00:00:00-04:00,MSFT,509.6400146484375,buy,0.4826220544860389,Strong upward momentum detected. Algorithm confidence: 38%. Good entry point for potential gains.,BUY: Momentum entry Q=0.380 >= 0.35,0.37974351915275056,0.7226719702637118,38.778261426801535,-1.0432866541504495
2025-08-28 00:00:00-04:00,GOOGL,211.4508819580078,sell,0.88,Exit signal triggered. Closing position with loss.,SELL: Swing trade profit 2.0% >= 2.0% (24.0h),0.4533699406547118,0.6684258822384782,69.89880211102508,5.1224714182936
2025-08-28 00:00:00-04:00,TSLA,345.9800109863281,sell,1.0,End of trading session - closing all positions.,FORCED EXIT: Held for 48.0 hours (max: 48),0.38325208814306766,0.6703774020807186,60.41853093616508,6.72122547599912
2025-08-28 00:00:00-04:00,NVDA,180.1699981689453,sell,1.0,End of trading session - closing all positions.,FORCED EXIT: Held for 48.0 hours (max: 48),0.4788077350497818,0.6161158711473312,44.32482201533407,2.5847175265295164
2025-08-29 00:00:00-04:00,AAPL,232.13999938964844,buy,0.607719063214599,Strong upward momentum detected. Algorithm confidence: 57%. Good entry point for potential gains.,BUY: Momentum entry Q=0.566 >= 0.35,0.5661637673597057,0.7046814202093499,60.393978598046026,4.90919100454343
2025-08-29 00:00:00-04:00,MSFT,506.69000244140625,sell,0.8,Algorithm confidence dropped. Exiting position to preserve capital.,SELL: Conviction lost Q=0.227 <= 0.3,0.22726982340673946,0.8415323028228363,36.85737972106453,-1.2158749692957826
2025-08-29 00:00:00-04:00,GOOGL,212.71974182128906,buy,0.4877573645286792,Strong upward momentum detected. Algorithm confidence: 45%. Good entry point for potential gains.,BUY: Momentum entry Q=0.448 >= 0.35,0.4482035950485971,0.5800494933155376,72.44631037456378,5.391297577583231
2025-08-29 00:00:00-04:00,TSLA,333.8699951171875,buy,0.5853436692639422,Strong upward momentum detected. Algorithm confidence: 58%. Good entry point for potential gains.,BUY: Momentum entry Q=0.579 >= 0.35,0.5794194812953928,0.5991667745238909,46.81874266929622,5.850038840636785
2025-08-29 00:00:00-04:00,NVDA,174.17999267578125,buy,0.7067954221843735,Strong upward momentum detected. Algorithm confidence: 59%. Good entry point for potential gains.,BUY: Momentum entry Q=0.591 >= 0.35,0.5906462237941446,0.9778102184282413,35.74531113194193,1.9696491929743445
2025-09-02 00:00:00-04:00,AAPL,229.72000122070312,sell,1.0,End of trading session - closing all positions.,FORCED EXIT: Held for 96.0 hours (max: 48),0.4971016826151815,0.6586160325545455,50.14701245568479,4.634405091876658
2025-09-02 00:00:00-04:00,MSFT,505.1199951171875,buy,0.6128020153950762,Strong upward momentum detected. Algorithm confidence: 56%. Good entry point for potential gains.,BUY: Momentum entry Q=0.564 >= 0.35,0.563975455834011,0.7267306543708949,25.892869573141326,-1.4624803592271292
2025-09-02 00:00:00-04:00,GOOGL,211.16114807128906,sell,1.0,End of trading session - closing all positions.,FORCED EXIT: Held for 96.0 hours (max: 48),0.3853977625321146,0.6130283310573748,65.55344739540735,5.416144809760738
2025-09-02 00:00:00-04:00,TSLA,329.3599853515625,sell,1.0,End of trading session - closing all positions.,FORCED EXIT: Held for 96.0 hours (max: 48),0.49561918069660926,0.6672635187106237,43.15035792569523,4.741045240851349
2025-09-02 00:00:00-04:00,NVDA,170.77999877929688,sell,1.0,End of trading session - closing all positions.,FORCED EXIT: Held for 96.0 hours (max: 48),0.7035789454648914,0.8052017807122482,29.32533190632725,1.1940873194668598
2025-09-03 00:00:00-04:00,AAPL,238.47000122070312,buy,0.6143038625718282,Strong upward momentum detected. Algorithm confidence: 64%. Good entry point for potential gains.,BUY: Momentum entry Q=0.644 >= 0.35,0.6439988517899361,0.5450155543962435,58.898894107241645,5.064308948426884
2025-09-03 00:00:00-04:00,MSFT,505.3500061035156,sell,0.85,AI model detects potential price peak. Taking profits.,"SELL: ML profit peak ML=0.628, P&L=$2.07",0.3138794474163882,0.6276198560539588,31.944422085513338,-1.6206748127229957
2025-09-03 00:00:00-04:00,GOOGL,230.45388793945312,buy,0.48167808805367107,Strong upward momentum detected. Algorithm confidence: 41%. Good entry point for potential gains.,BUY: Momentum entry Q=0.408 >= 0.35,0.4075446718049855,0.6546560593006042,82.85258449846367,6.912911550268916
2025-09-03 00:00:00-04:00,TSLA,334.0899963378906,buy,0.5604112035405144,Strong upward momentum detected. Algorithm confidence: 56%. Good entry point for potential gains.,BUY: Momentum entry Q=0.561 >= 0.35,0.5607390629537412,0.5596461982429851,46.96221285311868,4.195469419520293
2025-09-03 00:00:00-04:00,NVDA,170.6199951171875,buy,0.646043839424186,Strong upward momentum detected. Algorithm confidence: 57%. Good entry point for potential gains.,BUY: Momentum entry Q=0.569 >= 0.35,0.5692026421010867,0.8253399665114177,30.77464080644195,0.5600817153885487
2025-09-04 00:00:00-04:00,AAPL,239.77999877929688,sell,0.85,AI model detects potential price peak. Taking profits.,"SELL: ML profit peak ML=0.827, P&L=$26.20",0.4295446871254405,0.8267003417157797,61.80837339368211,5.447916516513004
2025-09-04 00:00:00-04:00,MSFT,507.9700012207031,buy,0.43354020693328743,Strong upward momentum detected. Algorithm confidence: 35%. Good entry point for potential gains.,BUY: Momentum entry Q=0.354 >= 0.35,0.35404038907681434,0.6190397819317247,33.158606836017356,-1.5171446479914152
2025-09-04 00:00:00-04:00,GOOGL,232.09242248535156,sell,0.85,AI model detects potential price peak. Taking profits.,"SELL: ML profit peak ML=0.491, P&L=$34.41",0.23860237512025448,0.49086279937255484,83.10782883288763,8.137521734667274
2025-09-04 00:00:00-04:00,TSLA,338.5299987792969,sell,0.85,AI model detects potential price peak. Taking profits.,"SELL: ML profit peak ML=0.655, P&L=$62.16",0.516793203948132,0.6553173951801856,51.68168362511326,4.0744005870850515
2025-09-04 00:00:00-04:00,NVDA,171.66000366210938,sell,0.85,AI model detects potential price peak. Taking profits.,"SELL: ML profit peak ML=0.991, P&L=$30.16",0.3599354898656396,0.9914252952269743,32.22376462320936,0.1399346250031499
2025-09-05 00:00:00-04:00,AAPL,239.69000244140625,buy,0.6697401466151285,Strong upward momentum detected. Algorithm confidence: 65%. Good entry point for potential gains.,BUY: Momentum entry Q=0.647 >= 0.35,0.646898117065396,0.7230382155645043,64.19063128877522,5.6792000427143705
2025-09-05 00:00:00-04:00,MSFT,495.0,sell,0.95,Stop loss triggered to limit losses. Protecting capital.,SELL: Stop loss 2.6% >= 2.0%,0.4206028966992777,0.8680857889975521,26.25193579883667,-2.4533858453889366
2025-09-05 00:00:00-04:00,GOOGL,234.79000854492188,buy,0.49429430455476053,Strong upward momentum detected. Algorithm confidence: 40%. Good entry point for potential gains.,BUY: Momentum entry Q=0.403 >= 0.35,0.40275104487936186,0.7078952437973575,83.74568598226368,9.219430918253721
2025-09-05 00:00:00-04:00,TSLA,350.8399963378906,buy,0.5979594558815238,Strong upward momentum detected. Algorithm confidence: 56%. Good entry point for potential gains.,BUY: Momentum entry Q=0.565 >= 0.35,0.5645655465091214,0.6758785777504628,60.67367328169336,4.915108280454376
2025-09-05 00:00:00-04:00,NVDA,167.02000427246094,buy,0.511228845287564,Strong upward momentum detected. Algorithm confidence: 51%. Good entry point for potential gains.,BUY: Momentum entry Q=0.512 >= 0.35,0.5123111053047367,0.508703571914161,29.15246272234424,-0.5609775438462918
2025-09-08 00:00:00-04:00,AAPL,237.8800048828125,sell,1.0,End of trading session - closing all positions.,FORCED EXIT: Held for 72.0 hours (max: 48),0.47552026442759027,0.5654884894305027,61.78753883531869,5.651297586571644
2025-09-08 00:00:00-04:00,MSFT,498.20001220703125,buy,0.5336677190666889,Strong upward momentum detected. Algorithm confidence: 45%. Good entry point for potential gains.,BUY: Momentum entry Q=0.454 >= 0.35,0.4537801593363317,0.7200720251041891,32.41691864453939,-2.90367770893846
2025-09-08 00:00:00-04:00,GOOGL,234.0399932861328,sell,1.0,End of trading session - closing all positions.,FORCED EXIT: Held for 72.0 hours (max: 48),0.2809187760926475,0.5342826294214708,83.11313673416088,9.90218554665023
2025-09-08 00:00:00-04:00,TSLA,346.3999938964844,sell,1.0,End of trading session - closing all positions.,FORCED EXIT: Held for 72.0 hours (max: 48),0.40836355712579786,0.5208840863794223,55.92575907739436,5.163581540270172
2025-09-08 00:00:00-04:00,NVDA,168.30999755859375,sell,1.0,End of trading session - closing all positions.,FORCED EXIT: Held for 72.0 hours (max: 48),0.4339049070201563,0.6710539196848037,28.55355454584108,-1.0008269006739283
