date,symbol,price,decision,confidence,reason,technical_reason,q_value,ml_confidence,rsi,macd
2025-06-11 00:00:00-04:00,TSLA,326.42999267578125,buy,0.43539752681919996,Strong upward momentum detected. Algorithm confidence: 37%. Good entry point for potential gains.,BUY: Momentum entry Q=0.372 >= 0.35,0.3717828110349064,0.5838318636492182,50.0,0.0
2025-06-11 00:00:00-04:00,NVDA,142.8300018310547,buy,0.4012696062142348,Strong upward momentum detected. Algorithm confidence: 35%. Good entry point for potential gains.,BUY: Momentum entry Q=0.354 >= 0.35,0.35433003328448165,0.510795276383659,50.0,0.0
2025-06-11 00:00:00-04:00,GOOGL,177.1915283203125,buy,0.3940392209936583,Strong upward momentum detected. Algorithm confidence: 36%. Good entry point for potential gains.,BUY: Momentum entry Q=0.357 >= 0.35,0.35734611947360606,0.4796564578737801,50.0,0.0
2025-06-11 00:00:00-04:00,SPY,599.5874633789062,hold,0.1742913595024723,Waiting for better opportunity. No clear buy signal yet.,"HOLD: No entry signal (Q=0.349, RSI=50.0, ML=0.358)",0.3485827190049446,0.3584551641192618,50.0,0.0
2025-06-11 00:00:00-04:00,META,693.6063232421875,buy,0.4949531321058944,Strong upward momentum detected. Algorithm confidence: 38%. Good entry point for potential gains.,BUY: Momentum entry Q=0.383 >= 0.35,0.38303069087707264,0.7561054949731454,50.0,0.0
2025-06-12 00:00:00-04:00,TSLA,319.1099853515625,sell,0.95,Stop loss triggered to limit losses. Protecting capital.,SELL: Stop loss 2.2% >= 2.0%,0.18005352916639128,0.7827112100911612,50.0,-0.5839322081998262
2025-06-12 00:00:00-04:00,NVDA,145.0,sell,0.85,AI model detects potential price peak. Taking profits.,"SELL: ML profit peak ML=0.393, P&L=$75.95",0.4835311364131906,0.3931555581246254,50.0,0.17310526703838036
2025-06-12 00:00:00-04:00,GOOGL,175.54299926757812,sell,0.8,Algorithm confidence dropped. Exiting position to preserve capital.,SELL: Conviction lost Q=0.256 <= 0.3,0.2563906121452998,0.613626503113242,50.0,-0.13150659110132779
2025-06-12 00:00:00-04:00,SPY,601.9703979492188,buy,0.5466706842304121,Strong upward momentum detected. Algorithm confidence: 55%. Good entry point for potential gains.,BUY: Momentum entry Q=0.551 >= 0.35,0.5513933568414987,0.5356511148045436,50.0,0.19009164663464162
2025-06-12 00:00:00-04:00,META,692.826904296875,sell,0.8,Algorithm confidence dropped. Exiting position to preserve capital.,SELL: Conviction lost Q=0.279 <= 0.3,0.27871741778306247,0.41415641366109013,50.0,-0.0621758702814077
2025-06-13 00:00:00-04:00,TSLA,325.30999755859375,hold,0.16729704507972862,Waiting for better opportunity. No clear buy signal yet.,"HOLD: No entry signal (Q=0.335, RSI=50.0, ML=0.466)",0.33459409015945724,0.4664883662125525,50.0,-0.5401865860495718
2025-06-13 00:00:00-04:00,NVDA,141.97000122070312,buy,0.533940486445641,Strong upward momentum detected. Algorithm confidence: 57%. Good entry point for potential gains.,BUY: Momentum entry Q=0.567 >= 0.35,0.5668169781643261,0.4572286724353758,50.0,0.06504703782778165
2025-06-13 00:00:00-04:00,GOOGL,174.513916015625,hold,0.16721598326873968,Waiting for better opportunity. No clear buy signal yet.,"HOLD: No entry signal (Q=0.334, RSI=50.0, ML=0.392)",0.33443196653747936,0.3920499147815471,50.0,-0.31513228125274395
2025-06-13 00:00:00-04:00,SPY,595.2402954101562,sell,0.8,Algorithm confidence dropped. Exiting position to preserve capital.,SELL: Conviction lost Q=0.216 <= 0.3,0.21616353777216604,0.4257232810700404,50.0,-0.20001671477780292
2025-06-13 00:00:00-04:00,META,682.344970703125,buy,0.46366265983685073,Strong upward momentum detected. Algorithm confidence: 41%. Good entry point for potential gains.,BUY: Momentum entry Q=0.406 >= 0.35,0.4058880037844999,0.5984701906256693,50.0,-0.9463462448434257
2025-06-16 00:00:00-04:00,TSLA,329.1300048828125,buy,0.46153535129231293,Strong upward momentum detected. Algorithm confidence: 46%. Good entry point for potential gains.,BUY: Momentum entry Q=0.462 >= 0.35,0.4617141737473938,0.46111809889712413,50.0,-0.1950270489737136
2025-06-16 00:00:00-04:00,NVDA,144.69000244140625,sell,1.0,End of trading session - closing all positions.,FORCED EXIT: Held for 72.0 hours (max: 48),0.4004992749430349,0.44926273849257065,50.0,0.19662490960971013
2025-06-16 00:00:00-04:00,GOOGL,176.61204528808594,buy,0.44311584542792826,Strong upward momentum detected. Algorithm confidence: 39%. Good entry point for potential gains.,BUY: Momentum entry Q=0.391 >= 0.35,0.3911121350244887,0.5644578363692874,50.0,-0.28803517594710115
2025-06-16 00:00:00-04:00,SPY,600.903564453125,buy,0.42148061603890236,Strong upward momentum detected. Algorithm confidence: 45%. Good entry point for potential gains.,BUY: Momentum entry Q=0.447 >= 0.35,0.4473990611169355,0.3610042441901584,50.0,-0.05160702624834812
2025-06-16 00:00:00-04:00,META,702.1199951171875,sell,1.0,End of trading session - closing all positions.,FORCED EXIT: Held for 72.0 hours (max: 48),0.26640666111399774,0.5096247576411649,50.0,-0.05079292413518033
2025-06-17 00:00:00-04:00,TSLA,316.3500061035156,sell,0.95,Stop loss triggered to limit losses. Protecting capital.,SELL: Stop loss 3.9% >= 2.0%,0.28761747320041725,0.3472813729205504,50.0,-0.9418674618755745
2025-06-17 00:00:00-04:00,NVDA,144.1199951171875,buy,0.6229661197385447,Strong upward momentum detected. Algorithm confidence: 66%. Good entry point for potential gains.,BUY: Momentum entry Q=0.660 >= 0.35,0.6603454166773886,0.5357477602145756,50.0,0.2520015763432468
2025-06-17 00:00:00-04:00,GOOGL,175.7927703857422,sell,0.8,Algorithm confidence dropped. Exiting position to preserve capital.,SELL: Conviction lost Q=0.167 <= 0.3,0.1670551930179625,0.6220608340393127,50.0,-0.3288780608553168
2025-06-17 00:00:00-04:00,SPY,595.768798828125,sell,0.8,Algorithm confidence dropped. Exiting position to preserve capital.,SELL: Conviction lost Q=0.224 <= 0.3,0.2237676408662612,0.6030778035298094,50.0,-0.34435444804148574
2025-06-17 00:00:00-04:00,META,697.22998046875,buy,0.5951388659927022,Strong upward momentum detected. Algorithm confidence: 59%. Good entry point for potential gains.,BUY: Momentum entry Q=0.590 >= 0.35,0.5900974294421737,0.6069022179439354,50.0,0.2613436135715119
2025-06-18 00:00:00-04:00,TSLA,322.04998779296875,hold,0.1458716048753547,Waiting for better opportunity. No clear buy signal yet.,"HOLD: No entry signal (Q=0.292, RSI=50.0, ML=0.667)",0.2917432097507094,0.6674479823436635,50.0,-1.0615659131457278
2025-06-18 00:00:00-04:00,NVDA,145.47999572753906,sell,0.85,AI model detects potential price peak. Taking profits.,"SELL: ML profit peak ML=0.556, P&L=$46.24",0.5184907528920026,0.5559208279665314,50.0,0.4010061180418063
2025-06-18 00:00:00-04:00,GOOGL,173.16513061523438,buy,0.4917048905836504,Strong upward momentum detected. Algorithm confidence: 41%. Good entry point for potential gains.,BUY: Momentum entry Q=0.406 >= 0.35,0.40600681579485653,0.6916670650908361,50.0,-0.5667418633640295
2025-06-18 00:00:00-04:00,SPY,595.6790161132812,hold,0.17168731121872804,Waiting for better opportunity. No clear buy signal yet.,"HOLD: No entry signal (Q=0.343, RSI=50.0, ML=0.545)",0.3433746224374561,0.545255671295268,50.0,-0.5769528503680021
2025-06-18 00:00:00-04:00,META,695.77001953125,hold,0.42300918106205787,Holding position - indicators suggest more upside potential.,"HOLD: swing trade, Q=0.405, P&L=$-10.22 (-0.2%), 24.0h",0.40501612289823385,0.44100223922588194,50.0,0.38645263683383746
2025-06-20 00:00:00-04:00,TSLA,322.1600036621094,buy,0.410940446357004,Strong upward momentum detected. Algorithm confidence: 40%. Good entry point for potential gains.,BUY: Momentum entry Q=0.403 >= 0.35,0.4033848461239885,0.42857018023404014,50.0,-1.1344729391022952
2025-06-20 00:00:00-04:00,NVDA,143.85000610351562,buy,0.5494947633289571,Strong upward momentum detected. Algorithm confidence: 61%. Good entry point for potential gains.,BUY: Momentum entry Q=0.609 >= 0.35,0.6085959962892786,0.4115918864215403,50.0,0.38315003548422055
2025-06-20 00:00:00-04:00,GOOGL,166.4910888671875,sell,1.0,End of trading session - closing all positions.,FORCED EXIT: Held for 48.0 hours (max: 48),0.21299391338093626,0.586309333523916,50.0,-1.2790459863889794
2025-06-20 00:00:00-04:00,SPY,594.280029296875,buy,0.47317395386973427,Strong upward momentum detected. Algorithm confidence: 43%. Good entry point for potential gains.,BUY: Momentum entry Q=0.430 >= 0.35,0.43000073084895357,0.573911474251556,50.0,-0.8642131925266767
2025-06-20 00:00:00-04:00,META,682.3499755859375,sell,1.0,End of trading session - closing all positions.,FORCED EXIT: Held for 72.0 hours (max: 48),0.21391226398165428,0.7078304056352658,50.0,-0.590476307949416
2025-06-23 00:00:00-04:00,TSLA,348.67999267578125,sell,1.0,End of trading session - closing all positions.,FORCED EXIT: Held for 72.0 hours (max: 48),0.39053075774541707,0.6221787593444288,50.0,0.9368893173112269
2025-06-23 00:00:00-04:00,NVDA,144.1699981689453,sell,1.0,End of trading session - closing all positions.,FORCED EXIT: Held for 72.0 hours (max: 48),0.49253531135776685,0.39234092880698196,50.0,0.3903202776117496
2025-06-23 00:00:00-04:00,GOOGL,165.04238891601562,buy,0.48185178212350266,Strong upward momentum detected. Algorithm confidence: 44%. Good entry point for potential gains.,BUY: Momentum entry Q=0.441 >= 0.35,0.44098071590237353,0.5772176033061373,50.0,-1.9381088026827626
2025-06-23 00:00:00-04:00,SPY,600.1500244140625,sell,1.0,End of trading session - closing all positions.,FORCED EXIT: Held for 72.0 hours (max: 48),0.1384667100361846,0.6844754795298046,50.0,-0.6111644120204573
2025-06-23 00:00:00-04:00,META,698.530029296875,buy,0.5188882161191855,Strong upward momentum detected. Algorithm confidence: 44%. Good entry point for potential gains.,BUY: Momentum entry Q=0.439 >= 0.35,0.43932082983998555,0.7045454507706522,50.0,-0.05843086828383548
2025-06-24 00:00:00-04:00,TSLA,340.4700012207031,buy,0.5854036043427879,Strong upward momentum detected. Algorithm confidence: 63%. Good entry point for potential gains.,BUY: Momentum entry Q=0.631 >= 0.35,0.6307693389002043,0.47955022370881656,50.0,1.8941465893975646
2025-06-24 00:00:00-04:00,NVDA,147.89999389648438,buy,0.6046789670001386,Strong upward momentum detected. Algorithm confidence: 65%. Good entry point for potential gains.,BUY: Momentum entry Q=0.650 >= 0.35,0.6499175738751952,0.4991222176250065,50.0,0.6890394110752993
2025-06-24 00:00:00-04:00,GOOGL,166.62098693847656,sell,0.85,AI model detects potential price peak. Taking profits.,"SELL: ML profit peak ML=0.606, P&L=$47.36",0.2341786208057014,0.6055577415605583,50.0,-2.306453801660382
2025-06-24 00:00:00-04:00,SPY,606.780029296875,buy,0.5879646944101903,Strong upward momentum detected. Algorithm confidence: 59%. Good entry point for potential gains.,BUY: Momentum entry Q=0.592 >= 0.35,0.5915099333250947,0.5796924702754135,50.0,0.12294729454947628
2025-06-24 00:00:00-04:00,META,712.2000122070312,sell,0.85,AI model detects potential price peak. Taking profits.,"SELL: ML profit peak ML=0.542, P&L=$95.69",0.4526739679695574,0.541687727232405,50.0,1.4495626954357022
2025-06-25 00:00:00-04:00,TSLA,327.54998779296875,sell,0.95,Stop loss triggered to limit losses. Protecting capital.,SELL: Stop loss 3.8% >= 2.0%,0.463763412398626,0.324918708342504,50.0,1.591892422701278
2025-06-25 00:00:00-04:00,NVDA,154.30999755859375,sell,0.88,Exit signal triggered. Closing position with loss.,SELL: Swing trade profit 4.3% >= 2.0% (24.0h),0.40267832045514074,0.46236723799942875,50.0,1.4265656406970493
2025-06-25 00:00:00-04:00,GOOGL,170.52748107910156,buy,0.42691187440997813,Strong upward momentum detected. Algorithm confidence: 38%. Good entry point for potential gains.,BUY: Momentum entry Q=0.380 >= 0.35,0.37980854340804154,0.5368196467478302,50.0,-2.2571296523005913
2025-06-25 00:00:00-04:00,SPY,607.1199951171875,sell,0.85,AI model detects potential price peak. Taking profits.,"SELL: ML profit peak ML=0.619, P&L=$2.72",0.4008722458149514,0.61939029204825,50.0,0.723824710781173
2025-06-25 00:00:00-04:00,META,708.6799926757812,buy,0.591172333381718,Strong upward momentum detected. Algorithm confidence: 58%. Good entry point for potential gains.,BUY: Momentum entry Q=0.585 >= 0.35,0.5854556877459401,0.6045111731985333,50.0,2.3337206224045985
2025-06-26 00:00:00-04:00,TSLA,325.7799987792969,buy,0.6615551743257138,Strong upward momentum detected. Algorithm confidence: 66%. Good entry point for potential gains.,BUY: Momentum entry Q=0.662 >= 0.35,0.6615693988731787,0.6615219837149622,50.0,1.1957466736553783
2025-06-26 00:00:00-04:00,NVDA,155.02000427246094,buy,0.5677213908908056,Strong upward momentum detected. Algorithm confidence: 60%. Good entry point for potential gains.,BUY: Momentum entry Q=0.605 >= 0.35,0.604697047027517,0.48144485990514574,50.0,2.0447811352026974
2025-06-26 00:00:00-04:00,GOOGL,173.38491821289062,sell,0.8,Algorithm confidence dropped. Exiting position to preserve capital.,SELL: Conviction lost Q=0.139 <= 0.3,0.1391555706307019,0.30726801730911485,50.0,-1.9648193975164077
2025-06-26 00:00:00-04:00,SPY,611.8699951171875,buy,0.5579768952433173,Strong upward momentum detected. Algorithm confidence: 56%. Good entry point for potential gains.,BUY: Momentum entry Q=0.563 >= 0.35,0.5634017191281453,0.5453189728453854,50.0,1.5652662795007473
2025-06-26 00:00:00-04:00,META,726.0900268554688,sell,0.88,Exit signal triggered. Closing position with loss.,SELL: Swing trade profit 2.5% >= 2.0% (24.0h),0.4636497972854777,0.5409328332201246,50.0,4.38867647556151
2025-06-27 00:00:00-04:00,TSLA,323.6300048828125,hold,0.6128885446066125,Holding position - indicators suggest more upside potential.,"HOLD: swing trade, Q=0.488, P&L=$-32.25 (-0.7%), 24.0h",0.48753003568534853,0.7382470535278765,50.0,0.7002398452114562
2025-06-27 00:00:00-04:00,NVDA,157.75,hold,0.40898942747924055,Holding position - indicators suggest more upside potential.,"HOLD: swing trade, Q=0.513, P&L=$87.36 (1.8%), 24.0h",0.5131725110559553,0.3048063439025258,50.0,2.7236130919529273
2025-06-27 00:00:00-04:00,GOOGL,178.37046813964844,buy,0.45421388843419785,Strong upward momentum detected. Algorithm confidence: 45%. Good entry point for potential gains.,BUY: Momentum entry Q=0.449 >= 0.35,0.4485472071254202,0.4674361448213458,50.0,-1.3157026009211847
2025-06-27 00:00:00-04:00,SPY,614.9099731445312,hold,0.3712932332173324,Holding position - indicators suggest more upside potential.,"HOLD: swing trade, Q=0.422, P&L=$24.32 (0.5%), 24.0h",0.4216379318093225,0.32094853462534223,50.0,2.4491829491461203
2025-06-27 00:00:00-04:00,META,733.6300048828125,buy,0.6720699211403415,Strong upward momentum detected. Algorithm confidence: 68%. Good entry point for potential gains.,BUY: Momentum entry Q=0.680 >= 0.35,0.6800626148608028,0.6534203024592653,50.0,6.5501509441699
2025-06-30 00:00:00-04:00,TSLA,317.6600036621094,sell,1.0,End of trading session - closing all positions.,FORCED EXIT: Held for 96.0 hours (max: 48),0.27867336482884053,0.6285660393333539,50.0,-0.172197110294519
2025-06-30 00:00:00-04:00,NVDA,157.99000549316406,sell,1.0,End of trading session - closing all positions.,FORCED EXIT: Held for 96.0 hours (max: 48),0.5201881139785912,0.5019159820763066,50.0,3.2435689026284535
2025-06-30 00:00:00-04:00,GOOGL,176.07252502441406,sell,1.0,End of trading session - closing all positions.,FORCED EXIT: Held for 72.0 hours (max: 48),0.2234776656192614,0.7519535925100584,50.0,-0.9754532498077708
2025-06-30 00:00:00-04:00,SPY,617.8499755859375,sell,1.0,End of trading session - closing all positions.,FORCED EXIT: Held for 96.0 hours (max: 48),0.4662907173724033,0.5375065116048672,50.0,3.348329446910384
2025-06-30 00:00:00-04:00,META,738.0900268554688,sell,1.0,End of trading session - closing all positions.,FORCED EXIT: Held for 72.0 hours (max: 48),0.5045144705678751,0.6508942795541639,50.0,8.524753480708455
2025-07-01 00:00:00-04:00,TSLA,300.7099914550781,buy,0.4499185716361367,Strong upward momentum detected. Algorithm confidence: 40%. Good entry point for potential gains.,BUY: Momentum entry Q=0.403 >= 0.35,0.40273592068006975,0.5600114238669596,38.353560001359774,-2.205905703228609
2025-07-01 00:00:00-04:00,NVDA,153.3000030517578,buy,0.5177904965245343,Strong upward momentum detected. Algorithm confidence: 58%. Good entry point for potential gains.,BUY: Momentum entry Q=0.577 >= 0.35,0.5770658007804801,0.3794814532606609,67.27153095354602,3.2398466917049973
2025-07-01 00:00:00-04:00,GOOGL,175.682861328125,buy,0.5253119505685411,Strong upward momentum detected. Algorithm confidence: 45%. Good entry point for potential gains.,BUY: Momentum entry Q=0.451 >= 0.35,0.4510963468436104,0.6984816925933793,47.669010418631316,-0.7288441299806152
2025-07-01 00:00:00-04:00,SPY,617.6500244140625,buy,0.6899034388007862,Strong upward momentum detected. Algorithm confidence: 70%. Good entry point for potential gains.,BUY: Momentum entry Q=0.695 >= 0.35,0.6953026074824603,0.6773053785435467,69.9940950813514,3.998680832337868
2025-07-01 00:00:00-04:00,META,719.219970703125,buy,0.5160880902866214,Strong upward momentum detected. Algorithm confidence: 53%. Good entry point for potential gains.,BUY: Momentum entry Q=0.527 >= 0.35,0.5270189247431645,0.49058280988802094,59.668698460211374,8.469354937573598
2025-07-02 00:00:00-04:00,TSLA,315.6499938964844,sell,0.88,Exit signal triggered. Closing position with loss.,SELL: Swing trade profit 5.0% >= 2.0% (24.0h),0.2840309075931494,0.3998427349419845,45.7003839284171,-2.58233354335556
2025-07-02 00:00:00-04:00,NVDA,157.25,sell,0.88,Exit signal triggered. Closing position with loss.,SELL: Swing trade profit 2.6% >= 2.0% (24.0h),0.2944672274011785,0.6664564976440372,71.0449510814546,3.515108571420143
2025-07-02 00:00:00-04:00,GOOGL,178.48036193847656,sell,0.85,AI model detects potential price peak. Taking profits.,"SELL: ML profit peak ML=0.567, P&L=$78.33",0.2615722558628438,0.5668497510221376,51.83288609740759,-0.30416349874920456
2025-07-02 00:00:00-04:00,SPY,620.4500122070312,sell,0.85,AI model detects potential price peak. Taking profits.,"SELL: ML profit peak ML=0.544, P&L=$22.40",0.12856334940447328,0.5440076313263355,71.74553653223671,4.686007230817381
2025-07-02 00:00:00-04:00,META,713.5700073242188,hold,0.49832977295783776,Holding position - indicators suggest more upside potential.,"HOLD: swing trade, Q=0.462, P&L=$-33.90 (-0.8%), 24.0h",0.46163375652316335,0.5350257893925121,57.2276406847106,7.878725325830601
2025-07-03 00:00:00-04:00,TSLA,315.3500061035156,buy,0.43651374493152817,Strong upward momentum detected. Algorithm confidence: 39%. Good entry point for potential gains.,BUY: Momentum entry Q=0.386 >= 0.35,0.3859874710195337,0.5544083840595155,48.41136582541748,-2.871757987984097
2025-07-03 00:00:00-04:00,NVDA,159.33999633789062,buy,0.46740668391706064,Strong upward momentum detected. Algorithm confidence: 42%. Good entry point for potential gains.,BUY: Momentum entry Q=0.424 >= 0.35,0.4241869165534306,0.5682528077655308,70.9771787751895,3.8574347255424186
2025-07-03 00:00:00-04:00,GOOGL,179.36956787109375,buy,0.5174295189847102,Strong upward momentum detected. Algorithm confidence: 52%. Good entry point for potential gains.,BUY: Momentum entry Q=0.515 >= 0.35,0.5153237024123347,0.5223430909869199,55.561992379313246,0.10296354882041214
2025-07-03 00:00:00-04:00,SPY,625.3400268554688,buy,0.434615962378926,Strong upward momentum detected. Algorithm confidence: 42%. Good entry point for potential gains.,BUY: Momentum entry Q=0.422 >= 0.35,0.422285195631582,0.46338775145606215,73.14887812994249,5.561195666187359
2025-07-03 00:00:00-04:00,META,719.010009765625,sell,1.0,End of trading session - closing all positions.,FORCED EXIT: Held for 48.0 hours (max: 48),0.38889231773232374,0.639043767356215,59.16986733336298,7.760155593143168
2025-07-07 00:00:00-04:00,TSLA,293.94000244140625,sell,1.0,End of trading session - closing all positions.,FORCED EXIT: Held for 96.0 hours (max: 48),0.20546345580477218,0.5406988730285986,38.25533583506659,-4.773708964793229
2025-07-07 00:00:00-04:00,NVDA,158.24000549316406,sell,1.0,End of trading session - closing all positions.,FORCED EXIT: Held for 96.0 hours (max: 48),0.2642252362460952,0.4621793790526438,75.22482476041324,3.9939310498418763
2025-07-07 00:00:00-04:00,GOOGL,176.63201904296875,sell,1.0,End of trading session - closing all positions.,FORCED EXIT: Held for 96.0 hours (max: 48),0.5284964836523659,0.46561685326684543,52.933032899529906,0.2023843941162795
2025-07-07 00:00:00-04:00,SPY,620.6799926757812,sell,1.0,End of trading session - closing all positions.,FORCED EXIT: Held for 96.0 hours (max: 48),0.21399565489680988,0.4446761533106892,76.27702068854211,5.811768543767812
2025-07-07 00:00:00-04:00,META,718.3499755859375,buy,0.6286372428671855,Strong upward momentum detected. Algorithm confidence: 69%. Good entry point for potential gains.,BUY: Momentum entry Q=0.694 >= 0.35,0.6939484825917808,0.47624435017646327,63.54129651717448,7.526171958120699
2025-07-08 00:00:00-04:00,TSLA,297.80999755859375,hold,0.16492492440369005,Waiting for better opportunity. No clear buy signal yet.,"HOLD: No entry signal (Q=0.330, RSI=38.3, ML=0.342)",0.3298498488073801,0.3419086744040098,38.27843823067456,-5.9007226955113765
2025-07-08 00:00:00-04:00,NVDA,160.0,buy,0.4759028751209118,Strong upward momentum detected. Algorithm confidence: 45%. Good entry point for potential gains.,BUY: Momentum entry Q=0.450 >= 0.35,0.45035731568496584,0.5355091804714525,74.46469848143488,4.195756152902845
2025-07-08 00:00:00-04:00,GOOGL,174.20419311523438,buy,0.5701265310359278,Strong upward momentum detected. Algorithm confidence: 60%. Good entry point for potential gains.,BUY: Momentum entry Q=0.600 >= 0.35,0.6003031593651695,0.49971439826769737,46.69590776741516,0.08429912033659548
2025-07-08 00:00:00-04:00,SPY,620.3400268554688,hold,0.16378645715922746,Waiting for better opportunity. No clear buy signal yet.,"HOLD: No entry signal (Q=0.328, RSI=72.6, ML=0.487)",0.3275729143184549,0.48713425958749323,72.55676964465582,5.914735564254443
2025-07-08 00:00:00-04:00,META,720.6699829101562,sell,0.85,AI model detects potential price peak. Taking profits.,"SELL: ML profit peak ML=0.586, P&L=$13.92",0.3902238905928502,0.5859225973355706,58.030981016187056,7.442154914287357
2025-07-09 00:00:00-04:00,TSLA,295.8800048828125,buy,0.4462487857987696,Strong upward momentum detected. Algorithm confidence: 42%. Good entry point for potential gains.,BUY: Momentum entry Q=0.425 >= 0.35,0.4250242231641619,0.49577276527952097,41.661911890074045,-6.8704254877829385
2025-07-09 00:00:00-04:00,NVDA,162.8800048828125,sell,0.85,AI model detects potential price peak. Taking profits.,"SELL: ML profit peak ML=0.473, P&L=$89.28",0.31425701716721327,0.47274010538228395,77.91670148337336,4.535810327970921
2025-07-09 00:00:00-04:00,GOOGL,176.46217346191406,sell,0.85,AI model detects potential price peak. Taking profits.,"SELL: ML profit peak ML=0.603, P&L=$63.22",0.5081458934888551,0.6029892602518337,50.88367408601068,0.1709452825482458
2025-07-09 00:00:00-04:00,SPY,624.0599975585938,buy,0.4332921887227479,Strong upward momentum detected. Algorithm confidence: 47%. Good entry point for potential gains.,BUY: Momentum entry Q=0.474 >= 0.35,0.4735844763289204,0.33927685097501203,83.94783059591416,6.2247531370870774
2025-07-09 00:00:00-04:00,META,732.780029296875,buy,0.5424142571540916,Strong upward momentum detected. Algorithm confidence: 62%. Good entry point for potential gains.,BUY: Momentum entry Q=0.623 >= 0.35,0.6228384122641906,0.3547578952305276,64.48536770250348,8.257562299235474
2025-07-10 00:00:00-04:00,TSLA,309.8699951171875,sell,0.88,Exit signal triggered. Closing position with loss.,SELL: Swing trade profit 4.7% >= 2.0% (24.0h),0.28275926013687763,0.5566574692608816,45.352566117937045,-6.4358580785552135
2025-07-10 00:00:00-04:00,NVDA,164.10000610351562,buy,0.4416124418677475,Strong upward momentum detected. Algorithm confidence: 38%. Good entry point for potential gains.,BUY: Momentum entry Q=0.384 >= 0.35,0.3840742291468312,0.5758682715498857,77.82430308190364,4.847866427718856
2025-07-10 00:00:00-04:00,GOOGL,177.46127319335938,buy,0.5543523452758499,Strong upward momentum detected. Algorithm confidence: 59%. Good entry point for potential gains.,BUY: Momentum entry Q=0.587 >= 0.35,0.5870168432801961,0.47813518326570875,55.92610803015085,0.31658262146126503
2025-07-10 00:00:00-04:00,SPY,625.8200073242188,sell,0.85,AI model detects potential price peak. Taking profits.,"SELL: ML profit peak ML=0.440, P&L=$14.08",0.2501503862904029,0.43979054145523055,84.77362603934293,6.537106679588987
2025-07-10 00:00:00-04:00,META,727.239990234375,hold,0.5644756143703564,Holding position - indicators suggest more upside potential.,"HOLD: swing trade, Q=0.577, P&L=$-33.24 (-0.8%), 24.0h",0.5772392976730321,0.5517119310676808,62.41024544945151,8.360370526910174
2025-07-11 00:00:00-04:00,TSLA,313.510009765625,buy,0.3837535140019863,Strong upward momentum detected. Algorithm confidence: 42%. Good entry point for potential gains.,BUY: Momentum entry Q=0.420 >= 0.35,0.42019761814826256,0.2987172709940085,46.78606101384959,-5.731670386224437
2025-07-11 00:00:00-04:00,NVDA,164.9199981689453,sell,0.85,AI model detects potential price peak. Taking profits.,"SELL: ML profit peak ML=0.715, P&L=$24.60",0.23531380595402598,0.715200030476821,82.26647144127652,5.102520956356557
2025-07-11 00:00:00-04:00,GOOGL,180.02899169921875,sell,0.85,AI model detects potential price peak. Taking profits.,"SELL: ML profit peak ML=0.375, P&L=$71.90",0.20847016173447713,0.37511958315054306,71.06000256360348,0.6319104159891822
2025-07-11 00:00:00-04:00,SPY,623.6199951171875,buy,0.4585081970023875,Strong upward momentum detected. Algorithm confidence: 41%. Good entry point for potential gains.,BUY: Momentum entry Q=0.410 >= 0.35,0.40965929030631015,0.5724889792932347,83.23520301774919,6.5318316245258075
2025-07-11 00:00:00-04:00,META,717.510009765625,sell,1.0,End of trading session - closing all positions.,FORCED EXIT: Held for 48.0 hours (max: 48),0.4792540995203424,0.661969144759182,64.28106069095045,7.56946262770191
2025-07-14 00:00:00-04:00,TSLA,316.8999938964844,sell,1.0,End of trading session - closing all positions.,FORCED EXIT: Held for 72.0 hours (max: 48),0.32068857035995274,0.6765419033602628,35.74120298548743,-4.844212116708945
2025-07-14 00:00:00-04:00,NVDA,164.07000732421875,buy,0.4711282649797789,Strong upward momentum detected. Algorithm confidence: 39%. Good entry point for potential gains.,BUY: Momentum entry Q=0.394 >= 0.35,0.39431975779455564,0.6503481150786331,79.98797875173088,5.176082688258589
2025-07-14 00:00:00-04:00,GOOGL,181.3977508544922,hold,0.16253962594639826,Waiting for better opportunity. No clear buy signal yet.,"HOLD: No entry signal (Q=0.325, RSI=75.5, ML=0.662)",0.3250792518927965,0.6621064744121699,75.50637239900989,0.9809496130799857
2025-07-14 00:00:00-04:00,SPY,624.8099975585938,sell,1.0,End of trading session - closing all positions.,FORCED EXIT: Held for 72.0 hours (max: 48),0.27664868178940594,0.5078388025760288,81.2468774699889,6.548190888682143
2025-07-14 00:00:00-04:00,META,720.9199829101562,buy,0.6282484434081524,Strong upward momentum detected. Algorithm confidence: 64%. Good entry point for potential gains.,BUY: Momentum entry Q=0.636 >= 0.35,0.6357441859593427,0.6107583774553753,60.146798410532135,7.1355644090516535
2025-07-15 00:00:00-04:00,TSLA,310.7799987792969,buy,0.4804810468664473,Strong upward momentum detected. Algorithm confidence: 44%. Good entry point for potential gains.,BUY: Momentum entry Q=0.442 >= 0.35,0.44181787199093525,0.5706951215759756,36.42432141282325,-4.5819100959045045
2025-07-15 00:00:00-04:00,NVDA,170.6999969482422,sell,0.88,Exit signal triggered. Closing position with loss.,SELL: Swing trade profit 4.0% >= 2.0% (24.0h),0.19667234879719103,0.5837925864360747,81.59648167907713,5.703617887667889
2025-07-15 00:00:00-04:00,GOOGL,181.83737182617188,hold,0.15352265996078007,Waiting for better opportunity. No clear buy signal yet.,"HOLD: No entry signal (Q=0.307, RSI=74.6, ML=0.422)",0.30704531992156014,0.4216544941349543,74.6041873609382,1.2783039377372063
2025-07-15 00:00:00-04:00,SPY,622.1400146484375,buy,0.4565322300847967,Strong upward momentum detected. Algorithm confidence: 43%. Good entry point for potential gains.,BUY: Momentum entry Q=0.428 >= 0.35,0.4278544524413299,0.5234470445862194,71.63385657548613,6.273394628294341
2025-07-15 00:00:00-04:00,META,710.3900146484375,hold,0.48582090076816564,Holding position - indicators suggest more upside potential.,"HOLD: swing trade, Q=0.462, P&L=$-63.18 (-1.5%), 24.0h",0.462447234917079,0.5091945666192522,49.155706942762315,5.874301220752159
2025-07-16 00:00:00-04:00,TSLA,321.6700134277344,sell,0.88,Exit signal triggered. Closing position with loss.,SELL: Swing trade profit 3.5% >= 2.0% (24.0h),0.2952562004751049,0.5261434856684921,47.26054060940193,-3.4554681977247697
2025-07-16 00:00:00-04:00,NVDA,171.3699951171875,buy,0.4301080342315611,Strong upward momentum detected. Algorithm confidence: 42%. Good entry point for potential gains.,BUY: Momentum entry Q=0.424 >= 0.35,0.4244161450898084,0.44338910889565086,78.11472771530306,6.105377594270038
2025-07-16 00:00:00-04:00,GOOGL,182.80650329589844,buy,0.3916220371177485,Strong upward momentum detected. Algorithm confidence: 38%. Good entry point for potential gains.,BUY: Momentum entry Q=0.377 >= 0.35,0.37705273437120945,0.4256170768596731,71.93858968039676,1.5740159168885839
2025-07-16 00:00:00-04:00,SPY,624.219970703125,sell,0.85,AI model detects potential price peak. Taking profits.,"SELL: ML profit peak ML=0.426, P&L=$16.64",0.3671068086557352,0.4261254033670077,72.95923217370496,6.1525291565320686
2025-07-16 00:00:00-04:00,META,702.9099731445312,sell,1.0,End of trading session - closing all positions.,FORCED EXIT: Held for 48.0 hours (max: 48),0.4697707875623144,0.6745241281305329,47.40440309178489,4.22248998492671
2025-07-17 00:00:00-04:00,TSLA,319.4100036621094,buy,0.45175860303370113,Strong upward momentum detected. Algorithm confidence: 39%. Good entry point for potential gains.,BUY: Momentum entry Q=0.389 >= 0.35,0.3889391656543197,0.5983372902522579,47.045730794249636,-2.7138353733577674
2025-07-17 00:00:00-04:00,NVDA,173.0,sell,0.85,AI model detects potential price peak. Taking profits.,"SELL: ML profit peak ML=0.760, P&L=$47.27",0.2985338097111683,0.7600553429377978,78.7588234805992,6.480598522068533
2025-07-17 00:00:00-04:00,GOOGL,183.41595458984375,sell,0.85,AI model detects potential price peak. Taking profits.,"SELL: ML profit peak ML=0.464, P&L=$16.46",0.4529361648193933,0.4636398126032658,69.48757929685183,1.8363787853488134
2025-07-17 00:00:00-04:00,SPY,628.0399780273438,buy,0.4485078622343296,Strong upward momentum detected. Algorithm confidence: 37%. Good entry point for potential gains.,BUY: Momentum entry Q=0.367 >= 0.35,0.36727441821483503,0.6380525649464834,72.26664604698934,6.292449622963204
2025-07-17 00:00:00-04:00,META,701.4099731445312,buy,0.613234915043759,Strong upward momentum detected. Algorithm confidence: 65%. Good entry point for potential gains.,BUY: Momentum entry Q=0.652 >= 0.35,0.6522268049108143,0.5222538386872971,37.043246215427445,2.7605582191383746
2025-07-18 00:00:00-04:00,TSLA,329.6499938964844,sell,0.88,Exit signal triggered. Closing position with loss.,SELL: Swing trade profit 3.2% >= 2.0% (24.0h),0.2132956637356811,0.6158047750809829,52.5970618337774,-1.284991798551971
2025-07-18 00:00:00-04:00,NVDA,172.41000366210938,buy,0.42545398884081576,Strong upward momentum detected. Algorithm confidence: 42%. Good entry point for potential gains.,BUY: Momentum entry Q=0.418 >= 0.35,0.41789251812565203,0.44309742050953116,75.17174018526457,6.653656822910023
2025-07-18 00:00:00-04:00,GOOGL,184.89462280273438,buy,0.46483969048672474,Strong upward momentum detected. Algorithm confidence: 53%. Good entry point for potential gains.,BUY: Momentum entry Q=0.533 >= 0.35,0.5325098319698184,0.3069426936928398,64.67413425878576,2.1389627843405776
2025-07-18 00:00:00-04:00,SPY,627.5800170898438,hold,0.5561918305150257,Holding position - indicators suggest more upside potential.,"HOLD: swing trade, Q=0.512, P&L=$-3.22 (-0.1%), 24.0h",0.5119554401571416,0.6004282208729099,68.78164413803087,6.29367305181438
2025-07-18 00:00:00-04:00,META,704.280029296875,sell,0.85,AI model detects potential price peak. Taking profits.,"SELL: ML profit peak ML=0.683, P&L=$20.09",0.44533164111544876,0.6830431459270396,33.797110590861124,1.812661078959536
2025-07-21 00:00:00-04:00,TSLA,328.489990234375,buy,0.4654944521782798,Strong upward momentum detected. Algorithm confidence: 38%. Good entry point for potential gains.,BUY: Momentum entry Q=0.379 >= 0.35,0.37868216663790505,0.6680564517724876,54.8744202580245,-0.24341958280621157
2025-07-21 00:00:00-04:00,NVDA,171.3800048828125,sell,1.0,End of trading session - closing all positions.,FORCED EXIT: Held for 72.0 hours (max: 48),0.23607377732653897,0.6777664899430632,72.38384861790684,6.631253516982611
2025-07-21 00:00:00-04:00,GOOGL,189.9301300048828,sell,1.0,End of trading session - closing all positions.,FORCED EXIT: Held for 72.0 hours (max: 48),0.2324673116865777,0.7872538434363019,77.75108447076971,2.753347257974525
2025-07-21 00:00:00-04:00,SPY,628.77001953125,sell,1.0,End of trading session - closing all positions.,FORCED EXIT: Held for 96.0 hours (max: 48),0.46857852511750925,0.6239759126367379,67.07331503670142,6.3178377785555995
2025-07-21 00:00:00-04:00,META,712.969970703125,buy,0.5960985181056457,Strong upward momentum detected. Algorithm confidence: 57%. Good entry point for potential gains.,BUY: Momentum entry Q=0.568 >= 0.35,0.5676702723210555,0.6624310916030232,36.75104059026336,1.7425642171647269
2025-07-22 00:00:00-04:00,TSLA,332.1099853515625,sell,0.85,AI model detects potential price peak. Taking profits.,"SELL: ML profit peak ML=0.665, P&L=$54.30",0.4568613318985022,0.6645880023350366,66.05973842159531,0.8641755765742118
2025-07-22 00:00:00-04:00,NVDA,167.02999877929688,buy,0.42422653694045875,Strong upward momentum detected. Algorithm confidence: 38%. Good entry point for potential gains.,BUY: Momentum entry Q=0.378 >= 0.35,0.37813003931574585,0.5317850313981222,73.21612036140208,6.191122194770571
2025-07-22 00:00:00-04:00,GOOGL,191.1690216064453,buy,0.46437442835566367,Strong upward momentum detected. Algorithm confidence: 39%. Good entry point for potential gains.,BUY: Momentum entry Q=0.387 >= 0.35,0.38728440855202856,0.6442511412308123,79.99228103646885,3.3021543977500016
2025-07-22 00:00:00-04:00,SPY,628.8599853515625,buy,0.6270849482249761,Strong upward momentum detected. Algorithm confidence: 66%. Good entry point for potential gains.,BUY: Momentum entry Q=0.658 >= 0.35,0.6577470729002689,0.555539990649293,67.58708125541025,6.271948866043772
2025-07-22 00:00:00-04:00,META,704.8099975585938,hold,0.5533708212788071,Holding position - indicators suggest more upside potential.,"HOLD: swing trade, Q=0.473, P&L=$-57.12 (-1.1%), 24.0h",0.47274511195379476,0.6339965306038193,41.43181796736809,1.0168487131502388
2025-07-23 00:00:00-04:00,TSLA,332.55999755859375,buy,0.5955859969402907,Strong upward momentum detected. Algorithm confidence: 59%. Good entry point for potential gains.,BUY: Momentum entry Q=0.589 >= 0.35,0.5890434805835386,0.6108518684393789,60.15372036336703,1.7579998168026805
2025-07-23 00:00:00-04:00,NVDA,170.77999877929688,sell,0.88,Exit signal triggered. Closing position with loss.,SELL: Swing trade profit 2.2% >= 2.0% (24.0h),0.2248669233430602,0.6313885439307383,73.03373355015353,6.074881162327898
2025-07-23 00:00:00-04:00,GOOGL,190.0600128173828,hold,0.46449547742940656,Holding position - indicators suggest more upside potential.,"HOLD: swing trade, Q=0.315, P&L=$-28.83 (-0.6%), 24.0h",0.31458703170209973,0.6144039231567134,73.99587675806941,3.606032174825515
2025-07-23 00:00:00-04:00,SPY,634.2100219726562,sell,0.85,AI model detects potential price peak. Taking profits.,"SELL: ML profit peak ML=0.382, P&L=$37.45",0.4528907338701969,0.38190922341617695,69.98843840435794,6.591304361729499
2025-07-23 00:00:00-04:00,META,713.5800170898438,sell,1.0,End of trading session - closing all positions.,FORCED EXIT: Held for 48.0 hours (max: 48),0.40696410698417684,0.6133298330258696,50.00573888091822,1.1362828681883457
2025-07-24 00:00:00-04:00,TSLA,305.29998779296875,sell,0.95,Stop loss triggered to limit losses. Protecting capital.,SELL: Stop loss 8.2% >= 2.0%,0.45635855423198446,0.8237988918206777,45.44134205348424,0.26366760414782675
2025-07-24 00:00:00-04:00,NVDA,173.74000549316406,buy,0.4746064508227388,Strong upward momentum detected. Algorithm confidence: 42%. Good entry point for potential gains.,BUY: Momentum entry Q=0.418 >= 0.35,0.4177842720503614,0.6071915346249528,73.80955865026212,6.150705605112023
2025-07-24 00:00:00-04:00,GOOGL,191.99827575683594,sell,1.0,End of trading session - closing all positions.,FORCED EXIT: Held for 48.0 hours (max: 48),0.21819077570905407,0.5777054229640084,75.07937729654776,3.957637936367263
2025-07-24 00:00:00-04:00,SPY,634.4199829101562,buy,0.5278644501491465,Strong upward momentum detected. Algorithm confidence: 58%. Good entry point for potential gains.,BUY: Momentum entry Q=0.576 >= 0.35,0.5761915735876726,0.41510116212591897,65.26562929700488,6.783146099953797
2025-07-24 00:00:00-04:00,META,714.7999877929688,buy,0.5637098271623331,Strong upward momentum detected. Algorithm confidence: 58%. Good entry point for potential gains.,BUY: Momentum entry Q=0.576 >= 0.35,0.5756330359570107,0.5358890066414188,47.463538154119746,1.3142271441148523
2025-07-25 00:00:00-04:00,TSLA,316.05999755859375,buy,0.5128037604990678,Strong upward momentum detected. Algorithm confidence: 44%. Good entry point for potential gains.,BUY: Momentum entry Q=0.443 >= 0.35,0.4429901656954818,0.6757021483741024,61.10664356345222,-0.05176189858491398
2025-07-25 00:00:00-04:00,NVDA,173.5,sell,0.8,Algorithm confidence dropped. Exiting position to preserve capital.,SELL: Conviction lost Q=0.231 <= 0.3,0.2306280219762173,0.48516926618614786,75.97004747469029,6.120872971313105
2025-07-25 00:00:00-04:00,GOOGL,193.0073699951172,buy,0.47349095168863087,Strong upward momentum detected. Algorithm confidence: 35%. Good entry point for potential gains.,BUY: Momentum entry Q=0.352 >= 0.35,0.35185905223553543,0.7572987170791868,84.91691909250336,4.268508794915334
2025-07-25 00:00:00-04:00,SPY,637.0999755859375,sell,0.85,AI model detects potential price peak. Taking profits.,"SELL: ML profit peak ML=0.529, P&L=$18.76",0.2094006295341082,0.529450488041333,79.57508184610514,7.069937235377552
2025-07-25 00:00:00-04:00,META,712.6799926757812,hold,0.4525346139534921,Holding position - indicators suggest more upside potential.,"HOLD: swing trade, Q=0.435, P&L=$-12.72 (-0.3%), 24.0h",0.4351577996125661,0.46991142829441807,46.64299461777687,1.269548807995534
2025-07-28 00:00:00-04:00,TSLA,325.5899963378906,sell,1.0,End of trading session - closing all positions.,FORCED EXIT: Held for 72.0 hours (max: 48),0.43923067547051914,0.5808322876027534,63.198400466289016,0.4619244266662008
2025-07-28 00:00:00-04:00,NVDA,176.75,buy,0.5027166560888803,Strong upward momentum detected. Algorithm confidence: 49%. Good entry point for potential gains.,BUY: Momentum entry Q=0.487 >= 0.35,0.48666491344496243,0.540170722258022,77.129903870108,6.287005546299042
2025-07-28 00:00:00-04:00,GOOGL,192.4079132080078,sell,1.0,End of trading session - closing all positions.,FORCED EXIT: Held for 72.0 hours (max: 48),0.21643729366604955,0.45769754258828155,92.09799206877399,4.415604694864072
2025-07-28 00:00:00-04:00,SPY,636.9400024414062,buy,0.4633054258419985,Strong upward momentum detected. Algorithm confidence: 40%. Good entry point for potential gains.,BUY: Momentum entry Q=0.401 >= 0.35,0.40102426693189286,0.6086281299655785,80.09440810148097,7.201300669147031
2025-07-28 00:00:00-04:00,META,717.6300048828125,sell,1.0,End of trading session - closing all positions.,FORCED EXIT: Held for 96.0 hours (max: 48),0.4995006410044179,0.7164233040124969,48.25449159925676,1.6149493895683236
2025-07-29 00:00:00-04:00,TSLA,321.20001220703125,buy,0.5846350615496545,Strong upward momentum detected. Algorithm confidence: 56%. Good entry point for potential gains.,BUY: Momentum entry Q=0.559 >= 0.35,0.559328763648724,0.6436830899851593,61.754876719765925,0.5089229624877021
2025-07-29 00:00:00-04:00,NVDA,175.50999450683594,hold,0.45826964149657323,Holding position - indicators suggest more upside potential.,"HOLD: swing trade, Q=0.313, P&L=$-34.72 (-0.7%), 24.0h",0.3129716654435394,0.6035676175496071,71.60450131733013,6.246601791676085
2025-07-29 00:00:00-04:00,GOOGL,195.5750732421875,hold,0.15847378178836768,Waiting for better opportunity. No clear buy signal yet.,"HOLD: No entry signal (Q=0.317, RSI=92.4, ML=0.505)",0.31694756357673537,0.5053984166775404,92.41687351635439,4.733181431797078
2025-07-29 00:00:00-04:00,SPY,635.260009765625,sell,0.8,Algorithm confidence dropped. Exiting position to preserve capital.,SELL: Conviction lost Q=0.244 <= 0.3,0.24355613615344482,0.4917298207452226,71.92653753778872,7.088138124099032
2025-07-29 00:00:00-04:00,META,700.0,buy,0.5688847443313308,Strong upward momentum detected. Algorithm confidence: 56%. Good entry point for potential gains.,BUY: Momentum entry Q=0.557 >= 0.35,0.5567830900012762,0.597121937768125,32.3001954971071,0.4607762432877962
2025-07-30 00:00:00-04:00,TSLA,319.0400085449219,hold,0.512018855561059,Holding position - indicators suggest more upside potential.,"HOLD: swing trade, Q=0.466, P&L=$-32.40 (-0.7%), 24.0h",0.4662683304225168,0.5577693806996012,54.78252371740737,0.36763750084065805
2025-07-30 00:00:00-04:00,NVDA,179.27000427246094,sell,1.0,End of trading session - closing all positions.,FORCED EXIT: Held for 48.0 hours (max: 48),0.28839356271226524,0.6444587523185149,73.87471849050877,6.443703882130421
2025-07-30 00:00:00-04:00,GOOGL,196.35438537597656,buy,0.4081576948613066,Strong upward momentum detected. Algorithm confidence: 37%. Good entry point for potential gains.,BUY: Momentum entry Q=0.371 >= 0.35,0.37127662076928786,0.4942135344093504,92.34216827586961,4.990223074747149
2025-07-30 00:00:00-04:00,SPY,634.4600219726562,buy,0.5548442317713261,Strong upward momentum detected. Algorithm confidence: 55%. Good entry point for potential gains.,BUY: Momentum entry Q=0.553 >= 0.35,0.5531837555441761,0.558718676301343,67.57541294609601,6.854884817581365
2025-07-30 00:00:00-04:00,META,695.2100219726562,sell,0.8,Algorithm confidence dropped. Exiting position to preserve capital.,SELL: Conviction lost Q=0.290 <= 0.3,0.2895353372924956,0.5584664562092002,32.56396403939479,-0.8308479873843453
2025-07-31 00:00:00-04:00,TSLA,308.2699890136719,sell,1.0,End of trading session - closing all positions.,FORCED EXIT: Held for 48.0 hours (max: 48),0.26764981871827653,0.5197373590847054,47.456301359513255,-0.606392695259899
2025-07-31 00:00:00-04:00,NVDA,177.8699951171875,buy,0.44199036666080316,Strong upward momentum detected. Algorithm confidence: 40%. Good entry point for potential gains.,BUY: Momentum entry Q=0.405 >= 0.35,0.4051167866578859,0.5280287200009435,70.0154380165757,6.413014431984465
2025-07-31 00:00:00-04:00,GOOGL,191.728515625,sell,0.95,Stop loss triggered to limit losses. Protecting capital.,SELL: Stop loss 2.4% >= 2.0%,0.27418636576443667,0.48969382866866173,74.00572575726646,4.765725087524771
2025-07-31 00:00:00-04:00,SPY,632.0800170898438,hold,0.5323931025925988,Holding position - indicators suggest more upside potential.,"HOLD: swing trade, Q=0.398, P&L=$-16.66 (-0.4%), 24.0h",0.3978337128462678,0.6669524923389296,67.08417043619735,6.40416021563999
2025-07-31 00:00:00-04:00,META,773.4400024414062,buy,0.5968608659499394,Strong upward momentum detected. Algorithm confidence: 66%. Good entry point for potential gains.,BUY: Momentum entry Q=0.656 >= 0.35,0.6557276638625331,0.4595050041538874,67.4399820643711,4.407232302187481
2025-08-01 00:00:00-04:00,TSLA,302.6300048828125,hold,0.15107200380290647,Waiting for better opportunity. No clear buy signal yet.,"HOLD: No entry signal (Q=0.302, RSI=43.2, ML=0.558)",0.30214400760581295,0.5577307878470915,43.220909797604,-1.8125245722134196
2025-08-01 00:00:00-04:00,NVDA,173.72000122070312,sell,0.95,Stop loss triggered to limit losses. Protecting capital.,SELL: Stop loss 2.3% >= 2.0%,0.40494546182885693,0.5243502973996239,63.53434402232532,5.984833561273234
2025-08-01 00:00:00-04:00,GOOGL,188.96099853515625,buy,0.5341188439104312,Strong upward momentum detected. Algorithm confidence: 53%. Good entry point for potential gains.,BUY: Momentum entry Q=0.534 >= 0.35,0.5343823895782784,0.5335039040187877,64.67625571235942,4.314755499627694
2025-08-01 00:00:00-04:00,SPY,621.719970703125,sell,1.0,End of trading session - closing all positions.,FORCED EXIT: Held for 48.0 hours (max: 48),0.45999293411208536,0.5563519858065835,45.44645057536602,5.151604075399064
2025-08-01 00:00:00-04:00,META,750.010009765625,sell,0.95,Stop loss triggered to limit losses. Protecting capital.,SELL: Stop loss 3.0% >= 2.0%,0.4140451690903174,0.5157409315406705,58.06398998910726,6.59185724663655
2025-08-04 00:00:00-04:00,TSLA,309.260009765625,hold,0.1385396983016771,Waiting for better opportunity. No clear buy signal yet.,"HOLD: No entry signal (Q=0.277, RSI=49.3, ML=0.394)",0.2770793966033542,0.3944233440453666,49.281397298260444,-2.207954860403163
2025-08-04 00:00:00-04:00,NVDA,180.0,buy,0.5988422605130841,Strong upward momentum detected. Algorithm confidence: 59%. Good entry point for potential gains.,BUY: Momentum entry Q=0.589 >= 0.35,0.5890078244931769,0.6217892778928676,63.17279632821149,6.0821295502465205
2025-08-04 00:00:00-04:00,GOOGL,194.86570739746094,sell,1.0,End of trading session - closing all positions.,FORCED EXIT: Held for 72.0 hours (max: 48),0.214433490932638,0.640792795470047,70.85732376468312,4.3832916519761795
2025-08-04 00:00:00-04:00,SPY,631.1699829101562,buy,0.5240345772121869,Strong upward momentum detected. Algorithm confidence: 51%. Good entry point for potential gains.,BUY: Momentum entry Q=0.514 >= 0.35,0.5140608604542514,0.5473065829807032,61.09062940879262,4.865396060951866
2025-08-04 00:00:00-04:00,META,776.3699951171875,buy,0.5902469723812188,Strong upward momentum detected. Algorithm confidence: 61%. Good entry point for potential gains.,BUY: Momentum entry Q=0.613 >= 0.35,0.6131468919975399,0.536813826609803,66.81447423270515,10.331127960541608
2025-08-05 00:00:00-04:00,TSLA,308.7200012207031,buy,0.4518646396561894,Strong upward momentum detected. Algorithm confidence: 37%. Good entry point for potential gains.,BUY: Momentum entry Q=0.373 >= 0.35,0.3726737827373576,0.6366433058001303,43.21349566721554,-2.535680641224758
2025-08-05 00:00:00-04:00,NVDA,178.25999450683594,hold,0.5177181066658592,Holding position - indicators suggest more upside potential.,"HOLD: swing trade, Q=0.406, P&L=$-46.98 (-1.0%), 24.0h",0.405609824301982,0.6298263890297364,59.472080894565956,5.950242726765282
2025-08-05 00:00:00-04:00,GOOGL,194.4960479736328,buy,0.5352621173132651,Strong upward momentum detected. Algorithm confidence: 56%. Good entry point for potential gains.,BUY: Momentum entry Q=0.560 >= 0.35,0.5599859400990339,0.47757319747980465,69.08025559691083,4.35754752496976
2025-08-05 00:00:00-04:00,SPY,627.969970703125,hold,0.5496727254894864,Holding position - indicators suggest more upside potential.,"HOLD: swing trade, Q=0.428, P&L=$-22.40 (-0.5%), 24.0h",0.4276132340960073,0.6717322168829656,54.482433587902094,4.330441274588225
2025-08-05 00:00:00-04:00,META,763.4600219726562,hold,0.45105409829415755,Holding position - indicators suggest more upside potential.,"HOLD: swing trade, Q=0.495, P&L=$-77.46 (-1.7%), 24.0h",0.4946721704443996,0.40743602614391555,65.01514755241706,12.113166953233645
2025-08-06 00:00:00-04:00,TSLA,319.9100036621094,sell,0.88,Exit signal triggered. Closing position with loss.,SELL: Swing trade profit 3.6% >= 2.0% (24.0h),0.2214190096273076,0.5640920709835271,50.23960124176152,-1.8708994412294828
2025-08-06 00:00:00-04:00,NVDA,179.4199981689453,sell,1.0,End of trading session - closing all positions.,FORCED EXIT: Held for 48.0 hours (max: 48),0.4865677868020535,0.5854499915547557,58.94149174687439,5.871639465154601
2025-08-06 00:00:00-04:00,GOOGL,195.91476440429688,sell,0.85,AI model detects potential price peak. Taking profits.,"SELL: ML profit peak ML=0.848, P&L=$35.47",0.3777635457255305,0.8479505272410887,69.87608295172409,4.400892923921134
2025-08-06 00:00:00-04:00,SPY,632.780029296875,sell,1.0,End of trading session - closing all positions.,FORCED EXIT: Held for 48.0 hours (max: 48),0.3895484826048305,0.423189371934215,55.53485574353266,4.245675773951689
2025-08-06 00:00:00-04:00,META,771.989990234375,sell,1.0,End of trading session - closing all positions.,FORCED EXIT: Held for 48.0 hours (max: 48),0.37981262668340854,0.5537996586568121,66.91269708247299,14.051762869203571
2025-08-07 00:00:00-04:00,TSLA,322.2699890136719,buy,0.4252170740658058,Strong upward momentum detected. Algorithm confidence: 36%. Good entry point for potential gains.,BUY: Momentum entry Q=0.365 >= 0.35,0.36493642737920334,0.565871916334545,46.174578477234576,-1.1404777386443925
2025-08-07 00:00:00-04:00,NVDA,180.77000427246094,buy,0.5877195061370999,Strong upward momentum detected. Algorithm confidence: 59%. Good entry point for potential gains.,BUY: Momentum entry Q=0.589 >= 0.35,0.5887754255237683,0.5852556942348736,61.40205856020658,5.850835237504697
2025-08-07 00:00:00-04:00,GOOGL,196.34439086914062,buy,0.5601928254405096,Strong upward momentum detected. Algorithm confidence: 61%. Good entry point for potential gains.,BUY: Momentum entry Q=0.614 >= 0.35,0.6138577555124165,0.434974655272727,68.83632171951108,4.418972565036768
2025-08-07 00:00:00-04:00,SPY,632.25,buy,0.6006366059030706,Strong upward momentum detected. Algorithm confidence: 62%. Good entry point for potential gains.,BUY: Momentum entry Q=0.618 >= 0.35,0.6177979796811122,0.5605934004209734,55.44412994815793,4.088598748073082
2025-08-07 00:00:00-04:00,META,761.8300170898438,buy,0.6240782916806256,Strong upward momentum detected. Algorithm confidence: 65%. Good entry point for potential gains.,BUY: Momentum entry Q=0.646 >= 0.35,0.6462448779767054,0.5723562569897728,63.324855198564435,14.599989585351864
2025-08-08 00:00:00-04:00,TSLA,329.6499938964844,sell,0.88,Exit signal triggered. Closing position with loss.,SELL: Swing trade profit 2.3% >= 2.0% (24.0h),0.4831982776214633,0.5371328502787704,50.56486336194381,0.03350521259267225
2025-08-08 00:00:00-04:00,NVDA,182.6999969482422,sell,0.85,AI model detects potential price peak. Taking profits.,"SELL: ML profit peak ML=0.544, P&L=$52.11",0.5090215453447835,0.5439130941771089,65.06919462855495,5.921818973596231
2025-08-08 00:00:00-04:00,GOOGL,201.24000549316406,sell,0.88,Exit signal triggered. Closing position with loss.,SELL: Swing trade profit 2.5% >= 2.0% (24.0h),0.3929431698534088,0.5722772296334987,68.69221760327319,4.773312224635902
2025-08-08 00:00:00-04:00,SPY,637.1799926757812,sell,0.85,AI model detects potential price peak. Taking profits.,"SELL: ML profit peak ML=0.682, P&L=$34.51",0.3973044515321527,0.6818596641928946,59.017758155570704,4.312214753238436
2025-08-08 00:00:00-04:00,META,769.2999877929688,hold,0.37117784734101056,Holding position - indicators suggest more upside potential.,"HOLD: swing trade, Q=0.413, P&L=$44.82 (1.0%), 24.0h",0.4131074337803568,0.32924826090166437,63.11648820553401,15.459025392436956
2025-08-11 00:00:00-04:00,TSLA,339.0299987792969,buy,0.656982346553597,Strong upward momentum detected. Algorithm confidence: 62%. Good entry point for potential gains.,BUY: Momentum entry Q=0.623 >= 0.35,0.6225647415630617,0.7372900915315127,53.190709758614595,1.7011730970900771
2025-08-11 00:00:00-04:00,NVDA,182.05999755859375,buy,0.4401224264593935,Strong upward momentum detected. Algorithm confidence: 37%. Good entry point for potential gains.,BUY: Momentum entry Q=0.374 >= 0.35,0.37356613213651635,0.5954204465461067,72.20086044150818,5.858893812971303
2025-08-11 00:00:00-04:00,GOOGL,200.8203887939453,buy,0.5244439601262267,Strong upward momentum detected. Algorithm confidence: 57%. Good entry point for potential gains.,BUY: Momentum entry Q=0.573 >= 0.35,0.5727587552594491,0.4117094381487082,66.39513894001023,4.963058349744415
2025-08-11 00:00:00-04:00,SPY,635.9199829101562,buy,0.5840823051655861,Strong upward momentum detected. Algorithm confidence: 61%. Good entry point for potential gains.,BUY: Momentum entry Q=0.606 >= 0.35,0.606302381781595,0.532235459728232,57.38491771126352,4.337756830075932
2025-08-11 00:00:00-04:00,META,765.8699951171875,sell,1.0,End of trading session - closing all positions.,FORCED EXIT: Held for 96.0 hours (max: 48),0.601126673326588,0.46416468100463615,64.53810733303163,15.682270265533134
2025-08-12 00:00:00-04:00,TSLA,340.8399963378906,sell,0.85,AI model detects potential price peak. Taking profits.,"SELL: ML profit peak ML=0.517, P&L=$25.34",0.45888148164861964,0.5174014986002827,53.770490618625665,3.1327511811044246
2025-08-12 00:00:00-04:00,NVDA,183.16000366210938,sell,0.85,AI model detects potential price peak. Taking profits.,"SELL: ML profit peak ML=0.522, P&L=$29.70",0.4653324158176131,0.5222400607726083,69.83972424667168,5.830575227429108
2025-08-12 00:00:00-04:00,GOOGL,203.15829467773438,sell,0.85,AI model detects potential price peak. Taking profits.,"SELL: ML profit peak ML=0.446, P&L=$56.11",0.3562429551696982,0.4458546187669479,71.35878146742049,5.241660388923805
2025-08-12 00:00:00-04:00,SPY,642.6900024414062,sell,0.85,AI model detects potential price peak. Taking profits.,"SELL: ML profit peak ML=0.533, P&L=$47.39",0.3646934594707698,0.5327733169081078,58.61434831887027,4.848393840574772
2025-08-12 00:00:00-04:00,META,790.0,buy,0.5731617267876643,Strong upward momentum detected. Algorithm confidence: 60%. Good entry point for potential gains.,BUY: Momentum entry Q=0.599 >= 0.35,0.5991139054061806,0.5126066433444596,66.95510515817398,17.603362561140216
2025-08-13 00:00:00-04:00,TSLA,339.3800048828125,buy,0.41773737293082347,Strong upward momentum detected. Algorithm confidence: 40%. Good entry point for potential gains.,BUY: Momentum entry Q=0.395 >= 0.35,0.39524166539495925,0.47022735718117337,70.28572445824032,4.102190519102578
2025-08-13 00:00:00-04:00,NVDA,181.58999633789062,buy,0.5906706996032992,Strong upward momentum detected. Algorithm confidence: 58%. Good entry point for potential gains.,BUY: Momentum entry Q=0.578 >= 0.35,0.5784131069525934,0.6192717491216129,63.16668807978579,5.61670025018708
2025-08-13 00:00:00-04:00,GOOGL,201.779541015625,buy,0.5306768147339778,Strong upward momentum detected. Algorithm confidence: 48%. Good entry point for potential gains.,BUY: Momentum entry Q=0.484 >= 0.35,0.48403820776381684,0.6395002309976868,66.24632317720068,5.2902182712017805
2025-08-13 00:00:00-04:00,SPY,644.8900146484375,buy,0.5388472777868089,Strong upward momentum detected. Algorithm confidence: 56%. Good entry point for potential gains.,BUY: Momentum entry Q=0.562 >= 0.35,0.5623378256830097,0.4840359993623401,60.222615005238204,5.36871277026637
2025-08-13 00:00:00-04:00,META,780.0800170898438,hold,0.4645914120801453,Holding position - indicators suggest more upside potential.,"HOLD: swing trade, Q=0.368, P&L=$-59.52 (-1.3%), 24.0h",0.3683753888032451,0.5608074353570455,63.945159584399434,18.116546064168688
2025-08-14 00:00:00-04:00,TSLA,335.5799865722656,hold,0.5221914559430111,Holding position - indicators suggest more upside potential.,"HOLD: swing trade, Q=0.489, P&L=$-53.20 (-1.1%), 24.0h",0.48949949979171953,0.5548834120943027,62.66873497443202,4.511838790264335
2025-08-14 00:00:00-04:00,NVDA,182.02000427246094,sell,0.85,AI model detects potential price peak. Taking profits.,"SELL: ML profit peak ML=0.386, P&L=$11.61",0.4925711668287966,0.3863715020791523,64.19998545330995,5.419429032026557
2025-08-14 00:00:00-04:00,GOOGL,202.75865173339844,sell,0.85,AI model detects potential price peak. Taking profits.,"SELL: ML profit peak ML=0.472, P&L=$23.50",0.3462271924331517,0.4724811279329425,66.2126699633562,5.3460805066413855
2025-08-14 00:00:00-04:00,SPY,644.9500122070312,sell,0.85,AI model detects potential price peak. Taking profits.,"SELL: ML profit peak ML=0.470, P&L=$0.42",0.48238116262387415,0.4702341144695942,58.07780671045508,5.719974269482236
2025-08-14 00:00:00-04:00,META,782.1300048828125,sell,1.0,End of trading session - closing all positions.,FORCED EXIT: Held for 48.0 hours (max: 48),0.42606815786543345,0.48088497325011376,64.84039263487466,18.47568833561968
2025-08-15 00:00:00-04:00,TSLA,330.55999755859375,sell,1.0,End of trading session - closing all positions.,FORCED EXIT: Held for 48.0 hours (max: 48),0.42406383870094455,0.5544072387487643,53.42616938118699,4.380916360137803
2025-08-15 00:00:00-04:00,NVDA,180.4499969482422,buy,0.5089019835869629,Strong upward momentum detected. Algorithm confidence: 57%. Good entry point for potential gains.,BUY: Momentum entry Q=0.568 >= 0.35,0.5675004361461873,0.37217226094877276,56.53246823920262,5.077869185301864
2025-08-15 00:00:00-04:00,GOOGL,203.71778869628906,buy,0.6039493948782894,Strong upward momentum detected. Algorithm confidence: 62%. Good entry point for potential gains.,BUY: Momentum entry Q=0.615 >= 0.35,0.615374895023704,0.5772898945389886,68.58177591883026,5.405435571257499
2025-08-15 00:00:00-04:00,SPY,643.4400024414062,buy,0.5682295537292321,Strong upward momentum detected. Algorithm confidence: 56%. Good entry point for potential gains.,BUY: Momentum entry Q=0.564 >= 0.35,0.5635969456688026,0.5790389725369012,56.50778519224659,5.809537636345112
2025-08-15 00:00:00-04:00,META,785.22998046875,buy,0.5636910880330729,Strong upward momentum detected. Algorithm confidence: 54%. Good entry point for potential gains.,BUY: Momentum entry Q=0.539 >= 0.35,0.5387778072175139,0.6218220766027107,64.56018833784073,18.793809953034952
2025-08-18 00:00:00-04:00,TSLA,335.1600036621094,buy,0.5580300983620611,Strong upward momentum detected. Algorithm confidence: 59%. Good entry point for potential gains.,BUY: Momentum entry Q=0.586 >= 0.35,0.5858576243045983,0.493099204496141,59.59581212018233,4.595368887696509
2025-08-18 00:00:00-04:00,NVDA,182.00999450683594,sell,1.0,End of trading session - closing all positions.,FORCED EXIT: Held for 72.0 hours (max: 48),0.36762729610927836,0.6581029516700742,61.34774746743926,4.8768421113706495
2025-08-18 00:00:00-04:00,GOOGL,203.3181610107422,sell,1.0,End of trading session - closing all positions.,FORCED EXIT: Held for 72.0 hours (max: 48),0.5537859430423295,0.550992905854832,63.99428591914796,5.358459290029828
2025-08-18 00:00:00-04:00,SPY,643.2999877929688,sell,1.0,End of trading session - closing all positions.,FORCED EXIT: Held for 72.0 hours (max: 48),0.4822800131533541,0.4496126936952558,58.305726813360586,5.802333548554998
2025-08-18 00:00:00-04:00,META,767.3699951171875,sell,1.0,End of trading session - closing all positions.,FORCED EXIT: Held for 72.0 hours (max: 48),0.538018297567252,0.40443061944891,64.49629197304228,17.404147887887802
2025-08-19 00:00:00-04:00,TSLA,329.30999755859375,hold,0.5465503849301458,Holding position - indicators suggest more upside potential.,"HOLD: swing trade, Q=0.529, P&L=$-81.90 (-1.7%), 24.0h",0.5291711282656032,0.5639296415946886,56.7185567821234,4.244351219974078
2025-08-19 00:00:00-04:00,NVDA,175.63999938964844,buy,0.564463975980497,Strong upward momentum detected. Algorithm confidence: 58%. Good entry point for potential gains.,BUY: Momentum entry Q=0.579 >= 0.35,0.5786126581216768,0.5314503843177445,44.19199785937709,4.155617960208758
2025-08-19 00:00:00-04:00,GOOGL,201.389892578125,buy,0.6727180200454824,Strong upward momentum detected. Algorithm confidence: 67%. Good entry point for potential gains.,BUY: Momentum entry Q=0.673 >= 0.35,0.6730973062346078,0.6718330189375231,58.73791214930604,5.1067674649272305
2025-08-19 00:00:00-04:00,SPY,639.8099975585938,buy,0.5846539106350939,Strong upward momentum detected. Algorithm confidence: 59%. Good entry point for potential gains.,BUY: Momentum entry Q=0.591 >= 0.35,0.5906187867339037,0.5707358664045376,55.23581287885485,5.452162081606275
2025-08-19 00:00:00-04:00,META,751.47998046875,buy,0.5664230135810618,Strong upward momentum detected. Algorithm confidence: 63%. Good entry point for potential gains.,BUY: Momentum entry Q=0.628 >= 0.35,0.6276525545389232,0.42355408467938555,61.55584005952356,14.849463928847172
2025-08-20 00:00:00-04:00,TSLA,323.8999938964844,sell,1.0,End of trading session - closing all positions.,FORCED EXIT: Held for 48.0 hours (max: 48),0.5215387212868309,0.5547520901527155,60.99620323064622,3.489401459168846
2025-08-20 00:00:00-04:00,NVDA,175.39999389648438,hold,0.48074192022243056,Holding position - indicators suggest more upside potential.,"HOLD: swing trade, Q=0.362, P&L=$-6.72 (-0.1%), 24.0h",0.36199846442084055,0.5994853760240205,45.89564802888467,3.5240530963370986
2025-08-20 00:00:00-04:00,GOOGL,199.1418914794922,hold,0.43932801624858986,Holding position - indicators suggest more upside potential.,"HOLD: swing trade, Q=0.442, P&L=$-53.95 (-1.1%), 24.0h",0.44207751308443,0.4365785194127498,64.02122448885356,4.672048511865597
2025-08-20 00:00:00-04:00,SPY,638.1099853515625,hold,0.5026732246500019,Holding position - indicators suggest more upside potential.,"HOLD: swing trade, Q=0.508, P&L=$-11.90 (-0.3%), 24.0h",0.5077608145796709,0.4975856347203329,55.98089889953155,4.980064806580117
2025-08-20 00:00:00-04:00,META,747.719970703125,hold,0.5666539907812533,Holding position - indicators suggest more upside potential.,"HOLD: swing trade, Q=0.441, P&L=$-22.56 (-0.5%), 24.0h",0.4412553156383686,0.6920526659241382,42.390514909749136,12.37876245337975
2025-08-21 00:00:00-04:00,TSLA,320.1099853515625,buy,0.5895885965195031,Strong upward momentum detected. Algorithm confidence: 58%. Good entry point for potential gains.,BUY: Momentum entry Q=0.579 >= 0.35,0.5785636304105877,0.6153135174403058,62.626388654978705,2.555814481060793
2025-08-21 00:00:00-04:00,NVDA,174.97999572753906,sell,1.0,End of trading session - closing all positions.,FORCED EXIT: Held for 48.0 hours (max: 48),0.4413125007658347,0.7355070402468895,52.38997158372266,2.95557304311626
2025-08-21 00:00:00-04:00,GOOGL,199.57150268554688,sell,1.0,End of trading session - closing all positions.,FORCED EXIT: Held for 48.0 hours (max: 48),0.22244263325103755,0.6857890830990184,72.01499388973666,4.312485000840269
2025-08-21 00:00:00-04:00,SPY,635.5499877929688,sell,1.0,End of trading session - closing all positions.,FORCED EXIT: Held for 48.0 hours (max: 48),0.42543423857020946,0.7524120905961935,66.22854073410923,4.349218819403063
2025-08-21 00:00:00-04:00,META,739.0999755859375,sell,1.0,End of trading session - closing all positions.,FORCED EXIT: Held for 48.0 hours (max: 48),0.4017711828238693,0.4795659195496187,46.46214185000194,9.614324223042786
2025-08-22 00:00:00-04:00,TSLA,340.010009765625,sell,0.88,Exit signal triggered. Closing position with loss.,SELL: Swing trade profit 6.2% >= 2.0% (24.0h),0.4586607729055792,0.7325262232927948,68.63861127902942,3.382711936017529
2025-08-22 00:00:00-04:00,NVDA,177.99000549316406,buy,0.6171869578848601,Strong upward momentum detected. Algorithm confidence: 61%. Good entry point for potential gains.,BUY: Momentum entry Q=0.607 >= 0.35,0.6069110361970469,0.6411641084897577,45.64748626942782,2.716615683085763
2025-08-22 00:00:00-04:00,GOOGL,205.9058380126953,buy,0.49721606288295017,Strong upward momentum detected. Algorithm confidence: 45%. Good entry point for potential gains.,BUY: Momentum entry Q=0.454 >= 0.35,0.454357041149363,0.5972204469279871,72.50517273771266,4.486933672136104
2025-08-22 00:00:00-04:00,SPY,645.3099975585938,buy,0.6399285469302944,Strong upward momentum detected. Algorithm confidence: 63%. Good entry point for potential gains.,BUY: Momentum entry Q=0.629 >= 0.35,0.6293959679311947,0.6645045645948607,66.47246033867839,4.5839787957169165
2025-08-22 00:00:00-04:00,META,754.7899780273438,buy,0.521788893970115,Strong upward momentum detected. Algorithm confidence: 52%. Good entry point for potential gains.,BUY: Momentum entry Q=0.525 >= 0.35,0.5253716144519472,0.5134292128458398,42.481869535503726,8.590512992628305
2025-08-25 00:00:00-04:00,TSLA,346.6000061035156,buy,0.5333640049179238,Strong upward momentum detected. Algorithm confidence: 45%. Good entry point for potential gains.,BUY: Momentum entry Q=0.448 >= 0.35,0.4475978918575965,0.7334849353920208,71.39145480615453,4.5177143571854685
2025-08-25 00:00:00-04:00,NVDA,179.80999755859375,sell,1.0,End of trading session - closing all positions.,FORCED EXIT: Held for 72.0 hours (max: 48),0.41728399846874875,0.6393130664417425,53.344844913073736,2.643624347163552
2025-08-25 00:00:00-04:00,GOOGL,208.30369567871094,sell,1.0,End of trading session - closing all positions.,FORCED EXIT: Held for 72.0 hours (max: 48),0.22777802614213005,0.7995349880585985,75.99704893052461,4.76375892731059
2025-08-25 00:00:00-04:00,SPY,642.469970703125,sell,1.0,End of trading session - closing all positions.,FORCED EXIT: Held for 72.0 hours (max: 48),0.5043130242687891,0.6694797428019912,67.0347021250355,4.489113628623727
2025-08-25 00:00:00-04:00,META,753.2999877929688,sell,1.0,End of trading session - closing all positions.,FORCED EXIT: Held for 72.0 hours (max: 48),0.4164717941654174,0.6876286483019914,46.15441126189979,7.571624482950142
2025-08-26 00:00:00-04:00,TSLA,351.6700134277344,sell,0.85,AI model detects potential price peak. Taking profits.,"SELL: ML profit peak ML=0.526, P&L=$70.98",0.44690451872886866,0.5261935100502072,69.267163814362,5.759922372771143
2025-08-26 00:00:00-04:00,NVDA,181.77000427246094,buy,0.6145349258467201,Strong upward momentum detected. Algorithm confidence: 62%. Good entry point for potential gains.,BUY: Momentum entry Q=0.618 >= 0.35,0.617828559181084,0.6068497813998709,54.90196702527214,2.7126644418103183
2025-08-26 00:00:00-04:00,GOOGL,206.95489501953125,buy,0.46856929347645193,Strong upward momentum detected. Algorithm confidence: 42%. Good entry point for potential gains.,BUY: Momentum entry Q=0.417 >= 0.35,0.4165157262501545,0.5900276170044795,70.84123553120052,4.818760326190102
2025-08-26 00:00:00-04:00,SPY,645.1599731445312,buy,0.6437680693444573,Strong upward momentum detected. Algorithm confidence: 62%. Good entry point for potential gains.,BUY: Momentum entry Q=0.622 >= 0.35,0.6221237039938149,0.6942715884959563,65.30651054754887,4.578218166784154
2025-08-26 00:00:00-04:00,META,754.0999755859375,buy,0.5826740465259799,Strong upward momentum detected. Algorithm confidence: 56%. Good entry point for potential gains.,BUY: Momentum entry Q=0.560 >= 0.35,0.5604700694331383,0.634483326409277,42.807737834670476,6.750880380698959
2025-08-27 00:00:00-04:00,TSLA,349.6000061035156,buy,0.5745135350844294,Strong upward momentum detected. Algorithm confidence: 57%. Good entry point for potential gains.,BUY: Momentum entry Q=0.569 >= 0.35,0.5693633146904619,0.5865307160036869,66.638253472937,6.502393340625417
2025-08-27 00:00:00-04:00,NVDA,181.60000610351562,hold,0.5431667626994606,Holding position - indicators suggest more upside potential.,"HOLD: swing trade, Q=0.502, P&L=$-4.59 (-0.1%), 24.0h",0.5018693903029665,0.5844641350959547,51.82097622671096,2.722281021668266
2025-08-27 00:00:00-04:00,GOOGL,207.29458618164062,sell,0.85,AI model detects potential price peak. Taking profits.,"SELL: ML profit peak ML=0.553, P&L=$8.15",0.22420277448120599,0.5529666500431317,70.74188830632806,4.834035813159261
2025-08-27 00:00:00-04:00,SPY,646.6300048828125,sell,0.85,AI model detects potential price peak. Taking profits.,"SELL: ML profit peak ML=0.627, P&L=$10.29",0.47436658970121576,0.6265856072783567,67.3754963331819,4.7131234773220285
2025-08-27 00:00:00-04:00,META,747.3800048828125,hold,0.5451586457654172,Holding position - indicators suggest more upside potential.,"HOLD: swing trade, Q=0.372, P&L=$-40.32 (-0.9%), 24.0h",0.3717447651472357,0.7185725263835987,44.02545783986898,5.494848103407321
2025-08-28 00:00:00-04:00,TSLA,345.9800109863281,hold,0.5733939357494122,Holding position - indicators suggest more upside potential.,"HOLD: swing trade, Q=0.471, P&L=$-50.68 (-1.0%), 24.0h",0.4713289392497645,0.67545893224906,60.41853093616508,6.72122547599912
2025-08-28 00:00:00-04:00,NVDA,180.1699981689453,sell,1.0,End of trading session - closing all positions.,FORCED EXIT: Held for 48.0 hours (max: 48),0.43445637837328815,0.46077833659683987,44.32482201533407,2.5847175265295164
2025-08-28 00:00:00-04:00,GOOGL,211.4508819580078,buy,0.5939792583127219,Strong upward momentum detected. Algorithm confidence: 51%. Good entry point for potential gains.,BUY: Momentum entry Q=0.507 >= 0.35,0.5072312677260871,0.7963912363482032,69.89880211102508,5.1224714182936
2025-08-28 00:00:00-04:00,SPY,648.9199829101562,buy,0.6314047209338453,Strong upward momentum detected. Algorithm confidence: 66%. Good entry point for potential gains.,BUY: Momentum entry Q=0.658 >= 0.35,0.6576749786845318,0.5701074528489098,65.15224083766334,4.947784022206065
2025-08-28 00:00:00-04:00,META,751.1099853515625,sell,1.0,End of trading session - closing all positions.,FORCED EXIT: Held for 48.0 hours (max: 48),0.45298469388340623,0.5778558928517855,42.23908993515236,4.745706178781006
2025-08-29 00:00:00-04:00,TSLA,333.8699951171875,sell,1.0,End of trading session - closing all positions.,FORCED EXIT: Held for 48.0 hours (max: 48),0.36490139040123903,0.5902863157208873,46.81874266929622,5.850038840636785
2025-08-29 00:00:00-04:00,NVDA,174.17999267578125,buy,0.6716198687481322,Strong upward momentum detected. Algorithm confidence: 68%. Good entry point for potential gains.,BUY: Momentum entry Q=0.682 >= 0.35,0.6818533894013992,0.6477416538905094,35.74531113194193,1.9696491929743445
2025-08-29 00:00:00-04:00,GOOGL,212.71974182128906,sell,0.85,AI model detects potential price peak. Taking profits.,"SELL: ML profit peak ML=0.507, P&L=$29.18",0.2454500474338282,0.5066035626998351,72.44631037456378,5.391297577583231
2025-08-29 00:00:00-04:00,SPY,645.0499877929688,hold,0.47119013112646957,Holding position - indicators suggest more upside potential.,"HOLD: swing trade, Q=0.474, P&L=$-27.09 (-0.6%), 24.0h",0.4735267763602429,0.4688534858926962,61.03988309617996,4.766532314152073
2025-08-29 00:00:00-04:00,META,738.7000122070312,buy,0.5102469620203741,Strong upward momentum detected. Algorithm confidence: 54%. Good entry point for potential gains.,BUY: Momentum entry Q=0.535 >= 0.35,0.5346024293457731,0.45341753826111,39.23277606502038,3.1147201330994676
2025-09-02 00:00:00-04:00,TSLA,329.3599853515625,buy,0.6443964697998205,Strong upward momentum detected. Algorithm confidence: 62%. Good entry point for potential gains.,BUY: Momentum entry Q=0.624 >= 0.35,0.6243133052644481,0.691257187049023,43.15035792569523,4.741045240851349
2025-09-02 00:00:00-04:00,NVDA,170.77999877929688,sell,1.0,End of trading session - closing all positions.,FORCED EXIT: Held for 96.0 hours (max: 48),0.6057995913930375,0.6874323294057968,29.32533190632725,1.1940873194668598
2025-09-02 00:00:00-04:00,GOOGL,211.16114807128906,buy,0.6346292595766752,Strong upward momentum detected. Algorithm confidence: 66%. Good entry point for potential gains.,BUY: Momentum entry Q=0.657 >= 0.35,0.6566827267091339,0.5831711696009382,65.55344739540735,5.416144809760738
2025-09-02 00:00:00-04:00,SPY,640.27001953125,sell,1.0,End of trading session - closing all positions.,FORCED EXIT: Held for 120.0 hours (max: 48),0.46934238900820924,0.6292364159344295,46.92583834076371,4.188898524124852
2025-09-02 00:00:00-04:00,META,735.1099853515625,sell,1.0,End of trading session - closing all positions.,FORCED EXIT: Held for 96.0 hours (max: 48),0.5563978466724143,0.7266405563758596,24.017762215134297,1.5150027682905147
2025-09-03 00:00:00-04:00,TSLA,334.0899963378906,sell,0.85,AI model detects potential price peak. Taking profits.,"SELL: ML profit peak ML=0.626, P&L=$70.95",0.456912377430334,0.625820310280702,46.96221285311868,4.195469419520293
2025-09-03 00:00:00-04:00,NVDA,170.6199951171875,buy,0.7254034212623656,Strong upward momentum detected. Algorithm confidence: 64%. Good entry point for potential gains.,BUY: Momentum entry Q=0.643 >= 0.35,0.6426373551998334,0.9185242420749408,30.77464080644195,0.5600817153885487
2025-09-03 00:00:00-04:00,GOOGL,230.45388793945312,sell,0.88,Exit signal triggered. Closing position with loss.,SELL: Swing trade profit 9.1% >= 2.0% (24.0h),0.1975515242647879,0.6909117275900745,82.85258449846367,6.912911550268916
2025-09-03 00:00:00-04:00,SPY,643.739990234375,buy,0.5579324834933348,Strong upward momentum detected. Algorithm confidence: 57%. Good entry point for potential gains.,BUY: Momentum entry Q=0.566 >= 0.35,0.5664722679102104,0.5380063198539584,48.58475969006222,3.965406482339972
2025-09-03 00:00:00-04:00,META,737.0499877929688,buy,0.8591409390928186,Strong upward momentum detected. Algorithm confidence: 82%. Good entry point for potential gains.,BUY: Momentum entry Q=0.820 >= 0.35,0.8201943415576086,0.9500163333416424,27.967192867536383,0.3991559932584323
2025-09-04 00:00:00-04:00,TSLA,338.5299987792969,buy,0.6365442031401212,Strong upward momentum detected. Algorithm confidence: 63%. Good entry point for potential gains.,BUY: Momentum entry Q=0.630 >= 0.35,0.6297152572579057,0.6524784101986244,51.68168362511326,4.0744005870850515
2025-09-04 00:00:00-04:00,NVDA,171.66000366210938,sell,0.85,AI model detects potential price peak. Taking profits.,"SELL: ML profit peak ML=0.963, P&L=$30.16",0.41612774685222204,0.9633092731074665,32.22376462320936,0.1399346250031499
2025-09-04 00:00:00-04:00,GOOGL,232.09242248535156,buy,0.47144103186016545,Strong upward momentum detected. Algorithm confidence: 42%. Good entry point for potential gains.,BUY: Momentum entry Q=0.420 >= 0.35,0.41986678764370905,0.5917809350318972,83.10782883288763,8.137521734667274
2025-09-04 00:00:00-04:00,SPY,649.1199951171875,sell,0.85,AI model detects potential price peak. Taking profits.,"SELL: ML profit peak ML=0.493, P&L=$37.66",0.4278140761837073,0.49337245301523813,54.53752100365945,4.174290241025233
2025-09-04 00:00:00-04:00,META,748.6500244140625,sell,0.85,AI model detects potential price peak. Taking profits.,"SELL: ML profit peak ML=0.821, P&L=$69.60",0.48462380714691533,0.8213868431019291,34.38433035521109,0.4457273274002773
2025-09-05 00:00:00-04:00,TSLA,350.8399963378906,sell,0.88,Exit signal triggered. Closing position with loss.,SELL: Swing trade profit 3.6% >= 2.0% (24.0h),0.40451161357962495,0.6156260735040445,60.67367328169336,4.915108280454376
2025-09-05 00:00:00-04:00,NVDA,167.02000427246094,buy,0.6355037639417307,Strong upward momentum detected. Algorithm confidence: 64%. Good entry point for potential gains.,BUY: Momentum entry Q=0.641 >= 0.35,0.6407920032221878,0.6231645389539975,29.15246272234424,-0.5609775438462918
2025-09-05 00:00:00-04:00,GOOGL,234.79000854492188,sell,0.85,AI model detects potential price peak. Taking profits.,"SELL: ML profit peak ML=0.718, P&L=$56.65",0.29507333151918946,0.7183063414322556,83.74568598226368,9.219430918253721
2025-09-05 00:00:00-04:00,SPY,647.239990234375,buy,0.5852086011403135,Strong upward momentum detected. Algorithm confidence: 62%. Good entry point for potential gains.,BUY: Momentum entry Q=0.625 >= 0.35,0.6245066328073923,0.49351319391712967,54.10188600184212,4.140403448875986
2025-09-05 00:00:00-04:00,META,752.4500122070312,buy,0.7020259305491157,Strong upward momentum detected. Algorithm confidence: 57%. Good entry point for potential gains.,BUY: Momentum entry Q=0.574 >= 0.35,0.574322757927308,1.0,34.81001881965096,0.7802682555557112
2025-09-08 00:00:00-04:00,TSLA,346.3999938964844,buy,0.5460177323888615,Strong upward momentum detected. Algorithm confidence: 55%. Good entry point for potential gains.,BUY: Momentum entry Q=0.545 >= 0.35,0.5451079368214943,0.5481405887127186,55.92575907739436,5.163581540270172
2025-09-08 00:00:00-04:00,NVDA,168.30999755859375,sell,1.0,End of trading session - closing all positions.,FORCED EXIT: Held for 72.0 hours (max: 48),0.4091982406973229,0.7101918651604244,28.55355454584108,-1.0008269006739283
2025-09-08 00:00:00-04:00,GOOGL,234.0399932861328,buy,0.5384809348503147,Strong upward momentum detected. Algorithm confidence: 47%. Good entry point for potential gains.,BUY: Momentum entry Q=0.474 >= 0.35,0.47379029094458497,0.6894257706303507,83.11313673416088,9.90218554665023
2025-09-08 00:00:00-04:00,SPY,648.8300170898438,sell,1.0,End of trading session - closing all positions.,FORCED EXIT: Held for 72.0 hours (max: 48),0.5084902180094679,0.689403236858643,55.78817985751229,4.1935096321141145
2025-09-08 00:00:00-04:00,META,752.2999877929688,sell,1.0,End of trading session - closing all positions.,FORCED EXIT: Held for 72.0 hours (max: 48),0.5372692396247154,0.7223655333537673,41.64541140022184,1.0215132658883022
