date,symbol,price,decision,confidence,reason,technical_reason,q_value,ml_confidence,rsi,macd
2024-10-01 00:00:00-04:00,AAPL,225.16209411621094,buy,0.5320662114561452,Strong upward momentum detected. Algorithm confidence: 43%. Good entry point for potential gains.,BUY: Momentum entry Q=0.429 >= 0.35,0.4293407479123892,0.7717589597249092,50.0,0.0
2024-10-01 00:00:00-04:00,MSFT,417.5552062988281,buy,0.4643517219147068,Strong upward momentum detected. Algorithm confidence: 46%. Good entry point for potential gains.,BUY: Momentum entry Q=0.460 >= 0.35,0.46022290009171024,0.4739856395016989,50.0,0.0
2024-10-01 00:00:00-04:00,GOOGL,166.25682067871094,buy,0.4269900776465265,Strong upward momentum detected. Algorithm confidence: 39%. Good entry point for potential gains.,BUY: Momentum entry Q=0.388 >= 0.35,0.38848688025301986,0.5168308715647087,50.0,0.0
2024-10-01 00:00:00-04:00,NVDA,116.97306060791016,buy,0.4393553191271384,Strong upward momentum detected. Algorithm confidence: 40%. Good entry point for potential gains.,BUY: Momentum entry Q=0.403 >= 0.35,0.4027607602210044,0.5247426232414512,50.0,0.0
2024-10-01 00:00:00-04:00,TSLA,258.0199890136719,buy,0.4642663386041293,Strong upward momentum detected. Algorithm confidence: 43%. Good entry point for potential gains.,BUY: Momentum entry Q=0.429 >= 0.35,0.4290837562216754,0.5463590308298552,50.0,0.0
2024-10-02 00:00:00-04:00,AAPL,225.7294464111328,sell,0.85,AI model detects potential price peak. Taking profits.,"SELL: ML profit peak ML=0.435, P&L=$12.48",0.4985359718344139,0.434812834275516,50.0,0.04525887252938787
2024-10-02 00:00:00-04:00,MSFT,414.021728515625,hold,0.4627832576213263,Holding position - indicators suggest more upside potential.,"HOLD: swing trade, Q=0.323, P&L=$-38.87 (-0.8%), 24.0h",0.32251945856055997,0.6030470566820927,50.0,-0.281872871594544
2024-10-02 00:00:00-04:00,GOOGL,165.13177490234375,sell,0.8,Algorithm confidence dropped. Exiting position to preserve capital.,SELL: Conviction lost Q=0.233 <= 0.3,0.23349517984051602,0.6490919805055249,50.0,-0.08974724141958745
2024-10-02 00:00:00-04:00,NVDA,118.82262420654297,sell,0.85,AI model detects potential price peak. Taking profits.,"SELL: ML profit peak ML=0.487, P&L=$77.68",0.4533717276749979,0.48708001714917615,50.0,0.1475435349336749
2024-10-02 00:00:00-04:00,TSLA,249.02000427246094,sell,0.95,Stop loss triggered to limit losses. Protecting capital.,SELL: Stop loss 3.5% >= 2.0%,0.22417694748909317,0.5345742845419832,50.0,-0.7179475007233691
2024-10-03 00:00:00-04:00,AAPL,224.6245880126953,buy,0.4137460549793355,Strong upward momentum detected. Algorithm confidence: 38%. Good entry point for potential gains.,BUY: Momentum entry Q=0.383 >= 0.35,0.38288446110404045,0.4857564406883574,50.0,-0.007934519780548044
2024-10-03 00:00:00-04:00,MSFT,413.4361572265625,sell,1.0,End of trading session - closing all positions.,FORCED EXIT: Held for 48.0 hours (max: 48),0.25247683072651955,0.5539443547877638,50.0,-0.5462134536340955
2024-10-03 00:00:00-04:00,GOOGL,165.13177490234375,hold,0.16592681345114413,Waiting for better opportunity. No clear buy signal yet.,"HOLD: No entry signal (Q=0.332, RSI=50.0, ML=0.573)",0.33185362690228826,0.5734713180808877,50.0,-0.15903927111961025
2024-10-03 00:00:00-04:00,NVDA,122.82170867919922,buy,0.6304669426508775,Strong upward momentum detected. Algorithm confidence: 64%. Good entry point for potential gains.,BUY: Momentum entry Q=0.635 >= 0.35,0.6348102390061445,0.6203325844885881,50.0,0.5804741993251383
2024-10-03 00:00:00-04:00,TSLA,240.66000366210938,buy,0.5218445899495434,Strong upward momentum detected. Algorithm confidence: 47%. Good entry point for potential gains.,BUY: Momentum entry Q=0.471 >= 0.35,0.4711530781129136,0.6401247842350128,50.0,-1.9391548790306956
2024-10-04 00:00:00-04:00,AAPL,225.7493438720703,sell,0.85,AI model detects potential price peak. Taking profits.,"SELL: ML profit peak ML=0.668, P&L=$24.74",0.4601419650522994,0.6684777441406635,50.0,0.04020428151972055
2024-10-04 00:00:00-04:00,MSFT,412.9596862792969,buy,0.5042084771737523,Strong upward momentum detected. Algorithm confidence: 41%. Good entry point for potential gains.,BUY: Momentum entry Q=0.413 >= 0.35,0.41345016385732886,0.7159778749120735,50.0,-0.7851023219240005
2024-10-04 00:00:00-04:00,GOOGL,166.32650756835938,buy,0.4367459820710869,Strong upward momentum detected. Algorithm confidence: 44%. Good entry point for potential gains.,BUY: Momentum entry Q=0.435 >= 0.35,0.4347691292767454,0.4413586385912172,50.0,-0.11620917549169008
2024-10-04 00:00:00-04:00,NVDA,124.89122772216797,sell,0.85,AI model detects potential price peak. Taking profits.,"SELL: ML profit peak ML=0.399, P&L=$82.78",0.3394034177421636,0.3990270908968779,50.0,1.078139638394859
2024-10-04 00:00:00-04:00,TSLA,250.0800018310547,sell,0.88,Exit signal triggered. Closing position with loss.,SELL: Swing trade profit 3.9% >= 2.0% (24.0h),0.24890072586619222,0.4927883709685907,50.0,-2.1223898100504357
2024-10-07 00:00:00-04:00,AAPL,220.6630401611328,buy,0.5035876994085335,Strong upward momentum detected. Algorithm confidence: 45%. Good entry point for potential gains.,BUY: Momentum entry Q=0.451 >= 0.35,0.45079187847492813,0.6267779482536129,50.0,-0.3282833272402854
2024-10-07 00:00:00-04:00,MSFT,406.48828125,sell,1.0,End of trading session - closing all positions.,FORCED EXIT: Held for 72.0 hours (max: 48),0.2421022918121848,0.3501101331026617,50.0,-1.4795563683979935
2024-10-07 00:00:00-04:00,GOOGL,162.264404296875,sell,1.0,End of trading session - closing all positions.,FORCED EXIT: Held for 72.0 hours (max: 48),0.2241341963875778,0.48250365295812625,50.0,-0.40537093789032497
2024-10-07 00:00:00-04:00,NVDA,127.69058990478516,buy,0.6040537990570729,Strong upward momentum detected. Algorithm confidence: 61%. Good entry point for potential gains.,BUY: Momentum entry Q=0.611 >= 0.35,0.6110168951149532,0.5878065749220192,50.0,1.6790729099158597
2024-10-07 00:00:00-04:00,TSLA,240.8300018310547,buy,0.47747504139988994,Strong upward momentum detected. Algorithm confidence: 42%. Good entry point for potential gains.,BUY: Momentum entry Q=0.423 >= 0.35,0.42328823664272086,0.603910919166618,50.0,-2.979654900620858
2024-10-08 00:00:00-04:00,AAPL,224.72413635253906,sell,0.85,AI model detects potential price peak. Taking profits.,"SELL: ML profit peak ML=0.431, P&L=$89.34",0.28759617476854615,0.430685695983796,50.0,-0.28928123533333405
2024-10-08 00:00:00-04:00,MSFT,411.6197509765625,hold,0.16689806314496786,Waiting for better opportunity. No clear buy signal yet.,"HOLD: No entry signal (Q=0.334, RSI=50.0, ML=0.582)",0.3337961262899357,0.5819317235278421,50.0,-1.5974352429364558
2024-10-08 00:00:00-04:00,GOOGL,163.65826416015625,buy,0.47792816857631126,Strong upward momentum detected. Algorithm confidence: 41%. Good entry point for potential gains.,BUY: Momentum entry Q=0.411 >= 0.35,0.4106829392155254,0.6348337037514784,50.0,-0.5161114642042435
2024-10-08 00:00:00-04:00,NVDA,132.85939025878906,sell,0.88,Exit signal triggered. Closing position with loss.,SELL: Swing trade profit 4.0% >= 2.0% (24.0h),0.506487193828716,0.8097224628889081,50.0,2.543080795786878
2024-10-08 00:00:00-04:00,TSLA,244.5,sell,0.85,AI model detects potential price peak. Taking profits.,"SELL: ML profit peak ML=0.386, P&L=$73.40",0.17911762532825998,0.3862275833120269,50.0,-3.3245817712018493
2024-10-09 00:00:00-04:00,AAPL,228.47665405273438,buy,0.5767800601106694,Strong upward momentum detected. Algorithm confidence: 66%. Good entry point for potential gains.,BUY: Momentum entry Q=0.662 >= 0.35,0.6618905589680114,0.378188896110205,50.0,0.04391875276127166
2024-10-09 00:00:00-04:00,MSFT,414.3492431640625,buy,0.4801773702297999,Strong upward momentum detected. Algorithm confidence: 39%. Good entry point for potential gains.,BUY: Momentum entry Q=0.392 >= 0.35,0.3921204302064784,0.6856435636175502,50.0,-1.4538488277693205
2024-10-09 00:00:00-04:00,GOOGL,161.14932250976562,sell,0.8,Algorithm confidence dropped. Exiting position to preserve capital.,SELL: Conviction lost Q=0.250 <= 0.3,0.2498818859647199,0.4222412995547189,50.0,-0.7971358661713168
2024-10-09 00:00:00-04:00,NVDA,132.6194305419922,buy,0.5641784244266597,Strong upward momentum detected. Algorithm confidence: 57%. Good entry point for potential gains.,BUY: Momentum entry Q=0.572 >= 0.35,0.5724136551144876,0.5449628861550613,50.0,3.1718869876987554
2024-10-09 00:00:00-04:00,TSLA,241.0500030517578,buy,0.45724547567245344,Strong upward momentum detected. Algorithm confidence: 38%. Good entry point for potential gains.,BUY: Momentum entry Q=0.377 >= 0.35,0.3770063370077867,0.644470132556676,50.0,-3.832150081389159
2024-10-10 00:00:00-04:00,AAPL,227.97897338867188,hold,0.48502322456321134,Holding position - indicators suggest more upside potential.,"HOLD: swing trade, Q=0.471, P&L=$-10.45 (-0.2%), 24.0h",0.47103017562940175,0.499016273497021,50.0,0.26477135424624976
2024-10-10 00:00:00-04:00,MSFT,412.7413635253906,sell,0.8,Algorithm confidence dropped. Exiting position to preserve capital.,SELL: Conviction lost Q=0.284 <= 0.3,0.2838617454108927,0.5011996361068383,50.0,-1.4530481736404113
2024-10-10 00:00:00-04:00,GOOGL,161.3683624267578,hold,0.15869075624079151,Waiting for better opportunity. No clear buy signal yet.,"HOLD: No entry signal (Q=0.317, RSI=50.0, ML=0.641)",0.31738151248158303,0.6410235170780034,50.0,-0.9907542405316292
2024-10-10 00:00:00-04:00,NVDA,134.77894592285156,sell,0.85,AI model detects potential price peak. Taking profits.,"SELL: ML profit peak ML=0.483, P&L=$79.90",0.4069020048932814,0.4830090238040489,50.0,3.800663584533595
2024-10-10 00:00:00-04:00,TSLA,238.77000427246094,sell,0.8,Algorithm confidence dropped. Exiting position to preserve capital.,SELL: Conviction lost Q=0.289 <= 0.3,0.2887855045590416,0.5239009973140606,50.0,-4.368026579384207
2024-10-11 00:00:00-04:00,AAPL,226.4958953857422,sell,1.0,End of trading session - closing all positions.,FORCED EXIT: Held for 48.0 hours (max: 48),0.4965444072342194,0.5922905647602213,50.0,0.3164784650991237
2024-10-11 00:00:00-04:00,MSFT,413.2177429199219,buy,0.4740576539150273,Strong upward momentum detected. Algorithm confidence: 47%. Good entry point for potential gains.,BUY: Momentum entry Q=0.468 >= 0.35,0.4680165426358526,0.4881535802331019,50.0,-1.3978601519114022
2024-10-11 00:00:00-04:00,GOOGL,162.5232696533203,buy,0.45019462018319995,Strong upward momentum detected. Algorithm confidence: 46%. Good entry point for potential gains.,BUY: Momentum entry Q=0.465 >= 0.35,0.464720233704847,0.41630152196602355,50.0,-1.0390295500564548
2024-10-11 00:00:00-04:00,NVDA,134.7689666748047,buy,0.6036380712413736,Strong upward momentum detected. Algorithm confidence: 62%. Good entry point for potential gains.,BUY: Momentum entry Q=0.622 >= 0.35,0.6216101601944279,0.5617031970175803,50.0,4.249186350477004
2024-10-11 00:00:00-04:00,TSLA,217.8000030517578,buy,0.4551035193334973,Strong upward momentum detected. Algorithm confidence: 45%. Good entry point for potential gains.,BUY: Momentum entry Q=0.450 >= 0.35,0.4499278837337203,0.4671800023996438,50.0,-6.4109153680189195
2024-10-14 00:00:00-04:00,AAPL,230.22853088378906,buy,0.60123592568768,Strong upward momentum detected. Algorithm confidence: 68%. Good entry point for potential gains.,BUY: Momentum entry Q=0.678 >= 0.35,0.6777241308735744,0.42276344692059314,50.0,0.6511432388012679
2024-10-14 00:00:00-04:00,MSFT,416.01678466796875,sell,1.0,End of trading session - closing all positions.,FORCED EXIT: Held for 72.0 hours (max: 48),0.1784118887111944,0.40106592443433786,50.0,-1.1154062615170233
2024-10-14 00:00:00-04:00,GOOGL,164.23573303222656,sell,1.0,End of trading session - closing all positions.,FORCED EXIT: Held for 72.0 hours (max: 48),0.4357351152898443,0.7513611263022356,50.0,-0.9284045281468423
2024-10-14 00:00:00-04:00,NVDA,138.03822326660156,sell,1.0,End of trading session - closing all positions.,FORCED EXIT: Held for 72.0 hours (max: 48),0.5331834023473949,0.6229301521808992,50.0,4.812964697493641
2024-10-14 00:00:00-04:00,TSLA,219.16000366210938,sell,1.0,End of trading session - closing all positions.,FORCED EXIT: Held for 72.0 hours (max: 48),0.27142925146428504,0.5842679827484921,50.0,-7.82992032047656
2024-10-15 00:00:00-04:00,AAPL,232.76669311523438,sell,0.85,AI model detects potential price peak. Taking profits.,"SELL: ML profit peak ML=0.451, P&L=$53.30",0.4728677897551977,0.45107287125240353,50.0,1.1083990288108225
2024-10-15 00:00:00-04:00,MSFT,415.6197204589844,buy,0.4963499723495234,Strong upward momentum detected. Algorithm confidence: 46%. Good entry point for potential gains.,BUY: Momentum entry Q=0.464 >= 0.35,0.464111836716909,0.5715722888256239,50.0,-0.9130739337308
2024-10-15 00:00:00-04:00,GOOGL,164.7335205078125,buy,0.4229735787705994,Strong upward momentum detected. Algorithm confidence: 40%. Good entry point for potential gains.,BUY: Momentum entry Q=0.401 >= 0.35,0.4010909764535301,0.4740329841770944,50.0,-0.7914428516393457
2024-10-15 00:00:00-04:00,NVDA,131.5697021484375,buy,0.5820412018664767,Strong upward momentum detected. Algorithm confidence: 65%. Good entry point for potential gains.,BUY: Momentum entry Q=0.648 >= 0.35,0.6476954302911286,0.42884800220895547,50.0,4.683815396442384
2024-10-15 00:00:00-04:00,TSLA,219.57000732421875,buy,0.44583615962788936,Strong upward momentum detected. Algorithm confidence: 42%. Good entry point for potential gains.,BUY: Momentum entry Q=0.420 >= 0.35,0.41955397719669324,0.5071612519673471,50.0,-8.81973963131668
2024-10-16 00:00:00-04:00,AAPL,230.70628356933594,buy,0.598507039815875,Strong upward momentum detected. Algorithm confidence: 60%. Good entry point for potential gains.,BUY: Momentum entry Q=0.596 >= 0.35,0.5962639827712034,0.6037408395867757,50.0,1.2896533845151907
2024-10-16 00:00:00-04:00,MSFT,413.01922607421875,sell,0.8,Algorithm confidence dropped. Exiting position to preserve capital.,SELL: Conviction lost Q=0.212 <= 0.3,0.2119336131300762,0.6524848248820266,50.0,-0.9515928992501586
2024-10-16 00:00:00-04:00,GOOGL,164.43484497070312,sell,0.8,Algorithm confidence dropped. Exiting position to preserve capital.,SELL: Conviction lost Q=0.264 <= 0.3,0.26447979105111297,0.5894186965246617,50.0,-0.6989433718471503
2024-10-16 00:00:00-04:00,NVDA,135.68873596191406,sell,0.88,Exit signal triggered. Closing position with loss.,SELL: Swing trade profit 3.1% >= 2.0% (24.0h),0.46727059312534397,0.4241482162617748,50.0,4.857837126933774
2024-10-16 00:00:00-04:00,TSLA,221.3300018310547,sell,0.85,AI model detects potential price peak. Taking profits.,"SELL: ML profit peak ML=0.623, P&L=$38.72",0.29911103257678706,0.6229823185776391,50.0,-9.354330815830536
2024-10-17 00:00:00-04:00,AAPL,231.07456970214844,sell,0.85,AI model detects potential price peak. Taking profits.,"SELL: ML profit peak ML=0.697, P&L=$7.73",0.4302544812280777,0.6965538635894657,50.0,1.446343828957879
2024-10-17 00:00:00-04:00,MSFT,413.6147766113281,buy,0.39025116308949115,Strong upward momentum detected. Algorithm confidence: 35%. Good entry point for potential gains.,BUY: Momentum entry Q=0.354 >= 0.35,0.3538453382461833,0.4751980877238762,50.0,-0.9234189074603592
2024-10-17 00:00:00-04:00,GOOGL,162.21461486816406,hold,0.1692359834665449,Waiting for better opportunity. No clear buy signal yet.,"HOLD: No entry signal (Q=0.338, RSI=50.0, ML=0.389)",0.3384719669330898,0.38907329517387346,50.0,-0.7956194756672517
2024-10-17 00:00:00-04:00,NVDA,136.89846801757812,buy,0.685898157369041,Strong upward momentum detected. Algorithm confidence: 68%. Good entry point for potential gains.,BUY: Momentum entry Q=0.682 >= 0.35,0.6822036349687145,0.6945187096364696,50.0,5.035321813361108
2024-10-17 00:00:00-04:00,TSLA,220.88999938964844,buy,0.4643083582413937,Strong upward momentum detected. Algorithm confidence: 43%. Good entry point for potential gains.,BUY: Momentum entry Q=0.433 >= 0.35,0.4325710990574536,0.5383619630039208,50.0,-9.70166791223329
2024-10-18 00:00:00-04:00,AAPL,233.91136169433594,buy,0.5907235518527681,Strong upward momentum detected. Algorithm confidence: 57%. Good entry point for potential gains.,BUY: Momentum entry Q=0.567 >= 0.35,0.5670771723537882,0.6458984373503882,64.97447982935019,1.7789212440210065
2024-10-18 00:00:00-04:00,MSFT,415.0440673828125,sell,0.85,AI model detects potential price peak. Taking profits.,"SELL: ML profit peak ML=0.404, P&L=$17.15",0.2904362635775547,0.40361309077310625,45.645462252558424,-0.7768044773361567
2024-10-18 00:00:00-04:00,GOOGL,162.70249938964844,buy,0.4868262395031444,Strong upward momentum detected. Algorithm confidence: 43%. Good entry point for potential gains.,BUY: Momentum entry Q=0.433 >= 0.35,0.4329171747060823,0.6126140573629562,39.46909664329038,-0.8233764102720897
2024-10-18 00:00:00-04:00,NVDA,137.9682159423828,sell,0.85,AI model detects potential price peak. Taking profits.,"SELL: ML profit peak ML=0.632, P&L=$38.51",0.26779492499246543,0.6318124085249344,80.48778650327792,5.202330199140604
2024-10-18 00:00:00-04:00,TSLA,220.6999969482422,hold,0.44391046571176795,Holding position - indicators suggest more upside potential.,"HOLD: swing trade, Q=0.429, P&L=$-4.18 (-0.1%), 24.0h",0.42935009622311987,0.458470835200416,23.55442075732141,-9.878394687792223
2024-10-21 00:00:00-04:00,AAPL,235.38449096679688,sell,1.0,End of trading session - closing all positions.,FORCED EXIT: Held for 72.0 hours (max: 48),0.4764979324035748,0.4696059989314382,66.65587658936099,2.136729573921798
2024-10-21 00:00:00-04:00,MSFT,415.6593933105469,buy,0.48749818566403225,Strong upward momentum detected. Algorithm confidence: 38%. Good entry point for potential gains.,BUY: Momentum entry Q=0.383 >= 0.35,0.3831819631432991,0.7309027048790764,46.78118348321523,-0.6039973201564521
2024-10-21 00:00:00-04:00,GOOGL,163.34963989257812,sell,1.0,End of trading session - closing all positions.,FORCED EXIT: Held for 72.0 hours (max: 48),0.21708769559150376,0.5987965677523368,41.70458256231631,-0.7841163455803724
2024-10-21 00:00:00-04:00,NVDA,143.67691040039062,buy,0.48806096063470256,Strong upward momentum detected. Algorithm confidence: 43%. Good entry point for potential gains.,BUY: Momentum entry Q=0.432 >= 0.35,0.4315533791007972,0.6199119842138151,83.26275233396264,5.729285840499642
2024-10-21 00:00:00-04:00,TSLA,218.85000610351562,sell,1.0,End of trading session - closing all positions.,FORCED EXIT: Held for 96.0 hours (max: 48),0.5090642087340759,0.5566571764899656,22.95263262149507,-10.051859155541166
2024-10-22 00:00:00-04:00,AAPL,234.76739501953125,buy,0.6180907441924256,Strong upward momentum detected. Algorithm confidence: 59%. Good entry point for potential gains.,BUY: Momentum entry Q=0.593 >= 0.35,0.5929496404447159,0.6767533196037483,64.70216201913553,2.3434865138181067
2024-10-22 00:00:00-04:00,MSFT,424.32440185546875,sell,0.88,Exit signal triggered. Closing position with loss.,SELL: Swing trade profit 2.1% >= 2.0% (24.0h),0.5132527878089249,0.6700780764271448,64.89667576240015,0.22950181592005947
2024-10-22 00:00:00-04:00,GOOGL,164.41493225097656,buy,0.4632078257110234,Strong upward momentum detected. Algorithm confidence: 36%. Good entry point for potential gains.,BUY: Momentum entry Q=0.355 >= 0.35,0.3548125876837277,0.7161300477747136,47.94754552150841,-0.6594406498319643
2024-10-22 00:00:00-04:00,NVDA,143.55694580078125,sell,0.8,Algorithm confidence dropped. Exiting position to preserve capital.,SELL: Conviction lost Q=0.285 <= 0.3,0.28508634636792873,0.5473143093594043,82.19678153047623,6.067281992131171
2024-10-22 00:00:00-04:00,TSLA,217.97000122070312,buy,0.541973346713285,Strong upward momentum detected. Algorithm confidence: 51%. Good entry point for potential gains.,BUY: Momentum entry Q=0.510 >= 0.35,0.5096240832651064,0.6174549614257018,25.85160499740229,-10.143413083539883
2024-10-23 00:00:00-04:00,AAPL,229.6909942626953,sell,0.95,Stop loss triggered to limit losses. Protecting capital.,SELL: Stop loss 2.2% >= 2.0%,0.43075363983873804,0.407881015150521,57.29854227866666,2.0738141241452013
2024-10-23 00:00:00-04:00,MSFT,421.4360656738281,buy,0.5644403313394171,Strong upward momentum detected. Algorithm confidence: 55%. Good entry point for potential gains.,BUY: Momentum entry Q=0.546 >= 0.35,0.5456092706845939,0.6083794728673378,60.84491915779475,0.6495042149839492
2024-10-23 00:00:00-04:00,GOOGL,162.06527709960938,sell,0.8,Algorithm confidence dropped. Exiting position to preserve capital.,SELL: Conviction lost Q=0.225 <= 0.3,0.2245522831348687,0.5045343157771847,42.26128772394077,-0.7416821464362897
2024-10-23 00:00:00-04:00,NVDA,139.52786254882812,buy,0.434370256997319,Strong upward momentum detected. Algorithm confidence: 46%. Good entry point for potential gains.,BUY: Momentum entry Q=0.455 >= 0.35,0.4547568204926083,0.38680160884164405,71.7295076907871,5.941542626534186
2024-10-23 00:00:00-04:00,TSLA,213.64999389648438,hold,0.480235137849216,Holding position - indicators suggest more upside potential.,"HOLD: swing trade, Q=0.478, P&L=$-95.04 (-2.0%), 24.0h",0.4783510219851296,0.4821192537133025,27.58505413641079,-10.444164886798063
2024-10-24 00:00:00-04:00,AAPL,229.5019073486328,buy,0.49389034063992443,Strong upward momentum detected. Algorithm confidence: 56%. Good entry point for potential gains.,BUY: Momentum entry Q=0.559 >= 0.35,0.5588737089773071,0.3422624811860315,55.55562081681596,1.8238152715799743
2024-10-24 00:00:00-04:00,MSFT,421.56512451171875,sell,0.85,AI model detects potential price peak. Taking profits.,"SELL: ML profit peak ML=0.470, P&L=$1.42",0.4330660251679764,0.4699341140009235,61.77672161409282,0.9814594581279721
2024-10-24 00:00:00-04:00,GOOGL,162.00555419921875,buy,0.4872933272799441,Strong upward momentum detected. Algorithm confidence: 37%. Good entry point for potential gains.,BUY: Momentum entry Q=0.374 >= 0.35,0.3740685573574233,0.7514844570991596,38.43285715919619,-0.8024283692037955
2024-10-24 00:00:00-04:00,NVDA,140.37767028808594,sell,0.85,AI model detects potential price peak. Taking profits.,"SELL: ML profit peak ML=0.571, P&L=$29.74",0.2850100584644552,0.5705037550104353,70.8031109164323,5.843109921844473
2024-10-24 00:00:00-04:00,TSLA,260.4800109863281,sell,1.0,End of trading session - closing all positions.,FORCED EXIT: Held for 48.0 hours (max: 48),0.22460314909284676,0.5779957726944821,55.32459919124996,-6.825046960396861
2024-10-25 00:00:00-04:00,AAPL,230.3380126953125,sell,0.85,AI model detects potential price peak. Taking profits.,"SELL: ML profit peak ML=0.418, P&L=$17.56",0.5086512918895486,0.41812148010036004,66.38577412994209,1.6738608674924365
2024-10-25 00:00:00-04:00,MSFT,424.9595947265625,buy,0.4242278355602208,Strong upward momentum detected. Algorithm confidence: 38%. Good entry point for potential gains.,BUY: Momentum entry Q=0.376 >= 0.35,0.37575590446957763,0.5373290081050551,77.60302085043506,1.5011375779220657
2024-10-25 00:00:00-04:00,GOOGL,164.54434204101562,sell,0.85,AI model detects potential price peak. Taking profits.,"SELL: ML profit peak ML=0.485, P&L=$76.16",0.19279928641756283,0.4853995305399446,56.64534837177446,-0.6383526945996323
2024-10-25 00:00:00-04:00,NVDA,141.5074005126953,buy,0.6273322883836163,Strong upward momentum detected. Algorithm confidence: 59%. Good entry point for potential gains.,BUY: Momentum entry Q=0.593 >= 0.35,0.5932546603622804,0.7068467537667336,69.43192794444627,5.789523063759049
2024-10-25 00:00:00-04:00,TSLA,269.19000244140625,buy,0.46595399502145873,Strong upward momentum detected. Algorithm confidence: 38%. Good entry point for potential gains.,BUY: Momentum entry Q=0.383 >= 0.35,0.38301804002733825,0.6594712233410731,64.60049298829495,-3.2169632614107684
2024-10-28 00:00:00-04:00,AAPL,232.31878662109375,buy,0.5478023310129951,Strong upward momentum detected. Algorithm confidence: 53%. Good entry point for potential gains.,BUY: Momentum entry Q=0.534 >= 0.35,0.5342277594884712,0.5794763312368842,63.837562255031976,1.695310341360937
2024-10-28 00:00:00-04:00,MSFT,423.4112243652344,sell,1.0,End of trading session - closing all positions.,FORCED EXIT: Held for 72.0 hours (max: 48),0.42411106649555463,0.5496883363210014,69.73417952968889,1.7676690950573857
2024-10-28 00:00:00-04:00,GOOGL,165.9879913330078,buy,0.5513786558454977,Strong upward momentum detected. Algorithm confidence: 52%. Good entry point for potential gains.,BUY: Momentum entry Q=0.523 >= 0.35,0.5225704827307047,0.6185977264466817,56.77081808933626,-0.38736579582379704
2024-10-28 00:00:00-04:00,NVDA,140.48765563964844,sell,1.0,End of trading session - closing all positions.,FORCED EXIT: Held for 72.0 hours (max: 48),0.5221606566658756,0.6825463729664971,62.14584754607845,5.600214417964622
2024-10-28 00:00:00-04:00,TSLA,262.510009765625,sell,1.0,End of trading session - closing all positions.,FORCED EXIT: Held for 72.0 hours (max: 48),0.36567538509462205,0.5373930467966133,58.993313136608286,-0.8863334171232395
2024-10-29 00:00:00-04:00,AAPL,232.58753967285156,sell,0.85,AI model detects potential price peak. Taking profits.,"SELL: ML profit peak ML=0.457, P&L=$5.64",0.49136035350165524,0.4573960060781303,58.579219520334846,1.714234698619066
2024-10-29 00:00:00-04:00,MSFT,428.7312927246094,buy,0.4683712103402103,Strong upward momentum detected. Algorithm confidence: 41%. Good entry point for potential gains.,BUY: Momentum entry Q=0.406 >= 0.35,0.4057777511016899,0.6144226152300913,72.14917042422056,2.3807386246712667
2024-10-29 00:00:00-04:00,GOOGL,168.9349822998047,sell,0.85,AI model detects potential price peak. Taking profits.,"SELL: ML profit peak ML=0.549, P&L=$88.41",0.23518035012031932,0.5494797026806642,72.06541077200245,0.04877838485131747
2024-10-29 00:00:00-04:00,NVDA,141.21746826171875,buy,0.5947306636474243,Strong upward momentum detected. Algorithm confidence: 63%. Good entry point for potential gains.,BUY: Momentum entry Q=0.632 >= 0.35,0.6322281872747848,0.5072364418502501,63.479664994509875,5.446294241761336
2024-10-29 00:00:00-04:00,TSLA,259.5199890136719,buy,0.5122913068741397,Strong upward momentum detected. Algorithm confidence: 59%. Good entry point for potential gains.,BUY: Momentum entry Q=0.588 >= 0.35,0.5881272900466009,0.3353406794717302,59.265566693075215,0.7112391178992254
2024-10-30 00:00:00-04:00,AAPL,229.03408813476562,buy,0.5873449543470609,Strong upward momentum detected. Algorithm confidence: 60%. Good entry point for potential gains.,BUY: Momentum entry Q=0.600 >= 0.35,0.5998709647199103,0.5581175968104123,51.9528920018075,1.4260598165253668
2024-10-30 00:00:00-04:00,MSFT,429.30694580078125,sell,0.85,AI model detects potential price peak. Taking profits.,"SELL: ML profit peak ML=0.654, P&L=$6.33",0.23042651126619523,0.6538969718800667,76.34968976722105,2.8798538733263968
2024-10-30 00:00:00-04:00,GOOGL,173.6940155029297,buy,0.46752015485491716,Strong upward momentum detected. Algorithm confidence: 43%. Good entry point for potential gains.,BUY: Momentum entry Q=0.430 >= 0.35,0.42991253948137714,0.5552712573931774,77.78273054080046,0.7695688858021583
2024-10-30 00:00:00-04:00,NVDA,139.3079071044922,hold,0.4464729589999402,Holding position - indicators suggest more upside potential.,"HOLD: swing trade, Q=0.384, P&L=$-66.83 (-1.4%), 24.0h",0.38370737673024075,0.5092385412696397,57.15641446781506,5.111305814908633
2024-10-30 00:00:00-04:00,TSLA,257.54998779296875,hold,0.5659789327860869,Holding position - indicators suggest more upside potential.,"HOLD: swing trade, Q=0.538, P&L=$-37.43 (-0.8%), 24.0h",0.5376131750346163,0.5943446905375577,59.45047183828269,1.7976421278134467
2024-10-31 00:00:00-04:00,AAPL,224.8634796142578,hold,0.5569874869079405,Holding position - indicators suggest more upside potential.,"HOLD: swing trade, Q=0.502, P&L=$-87.58 (-1.8%), 24.0h",0.5015799350071919,0.6123950388086892,47.251981731594164,0.8513322654823696
2024-10-31 00:00:00-04:00,MSFT,403.3220520019531,buy,0.6277048799855152,Strong upward momentum detected. Algorithm confidence: 66%. Good entry point for potential gains.,BUY: Momentum entry Q=0.665 >= 0.35,0.665306175317303,0.5399685242113436,41.31082332563015,1.1652107152627877
2024-10-31 00:00:00-04:00,GOOGL,170.35870361328125,hold,0.46126723181366974,Holding position - indicators suggest more upside potential.,"HOLD: swing trade, Q=0.349, P&L=$-93.39 (-1.9%), 24.0h",0.34926011010575975,0.5732743535215797,66.08084908892423,1.0594560063381095
2024-10-31 00:00:00-04:00,NVDA,132.72943115234375,sell,1.0,End of trading session - closing all positions.,FORCED EXIT: Held for 48.0 hours (max: 48),0.49560546342261647,0.7392432806324936,47.331231004465685,4.2658232869762
2024-10-31 00:00:00-04:00,TSLA,249.85000610351562,sell,1.0,End of trading session - closing all positions.,FORCED EXIT: Held for 48.0 hours (max: 48),0.42399699312968564,0.6108386700174879,68.61424017568254,2.0140830734273436
2024-11-01 00:00:00-04:00,AAPL,221.8773651123047,sell,1.0,End of trading session - closing all positions.,FORCED EXIT: Held for 48.0 hours (max: 48),0.4190712743242985,0.3529261746996307,35.579145512819835,0.15313679068623287
2024-11-01 00:00:00-04:00,MSFT,407.3121032714844,sell,0.85,AI model detects potential price peak. Taking profits.,"SELL: ML profit peak ML=0.563, P&L=$47.88",0.39297038754115887,0.563284059312162,42.51321444488832,0.12684525719532758
2024-11-01 00:00:00-04:00,GOOGL,170.5379180908203,sell,1.0,End of trading session - closing all positions.,FORCED EXIT: Held for 48.0 hours (max: 48),0.4385936641685191,0.5522715279338216,63.80279732058235,1.2887982840963161
2024-11-01 00:00:00-04:00,NVDA,135.3688201904297,buy,0.6117281238940095,Strong upward momentum detected. Algorithm confidence: 64%. Good entry point for potential gains.,BUY: Momentum entry Q=0.638 >= 0.35,0.6375662984504148,0.5514390499290641,46.44849544931886,3.765344383093236
2024-11-01 00:00:00-04:00,TSLA,248.97999572753906,buy,0.5582417204387252,Strong upward momentum detected. Algorithm confidence: 56%. Good entry point for potential gains.,BUY: Momentum entry Q=0.561 >= 0.35,0.5605639649509271,0.5528231499102542,67.41821531750307,2.0913042620962017
2024-11-04 00:00:00-05:00,AAPL,220.98153686523438,buy,0.5382841474798638,Strong upward momentum detected. Algorithm confidence: 58%. Good entry point for potential gains.,BUY: Momentum entry Q=0.578 >= 0.35,0.5775405493487222,0.4466858764525275,28.425608416658562,-0.4670896869480998
2024-11-04 00:00:00-05:00,MSFT,405.41632080078125,buy,0.4435631815043758,Strong upward momentum detected. Algorithm confidence: 42%. Good entry point for potential gains.,BUY: Momentum entry Q=0.419 >= 0.35,0.41876817386429804,0.501418199331224,41.4447453036873,-0.8393649740781939
2024-11-04 00:00:00-05:00,GOOGL,168.49693298339844,buy,0.5884244589040483,Strong upward momentum detected. Algorithm confidence: 58%. Good entry point for potential gains.,BUY: Momentum entry Q=0.577 >= 0.35,0.5768549143509683,0.615420062861235,57.720588925805785,1.2909816181114593
2024-11-04 00:00:00-05:00,NVDA,136.0186767578125,sell,1.0,End of trading session - closing all positions.,FORCED EXIT: Held for 73.0 hours (max: 48),0.42816366115385185,0.5743275126102864,57.00347233565015,3.382161784194494
2024-11-04 00:00:00-05:00,TSLA,242.83999633789062,sell,1.0,End of trading session - closing all positions.,FORCED EXIT: Held for 73.0 hours (max: 48),0.5033024348084261,0.45249466149730194,62.739507642257735,1.6381721450745204
2024-11-05 00:00:00-05:00,AAPL,222.41488647460938,sell,0.85,AI model detects potential price peak. Taking profits.,"SELL: ML profit peak ML=0.462, P&L=$31.53",0.25346522469748883,0.4615078390392536,34.464762856664194,-0.8333578736693141
2024-11-05 00:00:00-05:00,MSFT,408.3939514160156,sell,0.85,AI model detects potential price peak. Taking profits.,"SELL: ML profit peak ML=0.534, P&L=$35.73",0.22705105132166623,0.5337652971991549,46.14621405407164,-1.3492700922472523
2024-11-05 00:00:00-05:00,GOOGL,168.99473571777344,sell,0.85,AI model detects potential price peak. Taking profits.,"SELL: ML profit peak ML=0.492, P&L=$14.44",0.40838807955094414,0.4916724536303879,59.27874455624341,1.3176909256448255
2024-11-05 00:00:00-05:00,NVDA,139.87777709960938,buy,0.539201468472629,Strong upward momentum detected. Algorithm confidence: 59%. Good entry point for potential gains.,BUY: Momentum entry Q=0.593 >= 0.35,0.5927815871012634,0.414181191672482,56.64870158837642,3.351252803386444
2024-11-05 00:00:00-05:00,TSLA,251.44000244140625,buy,0.5856698442187436,Strong upward momentum detected. Algorithm confidence: 57%. Good entry point for potential gains.,BUY: Momentum entry Q=0.571 >= 0.35,0.570943515367878,0.6200312782040966,65.33563808283016,1.950525849169054
2024-11-06 00:00:00-05:00,AAPL,221.68824768066406,buy,0.4311917106499039,Strong upward momentum detected. Algorithm confidence: 37%. Good entry point for potential gains.,BUY: Momentum entry Q=0.374 >= 0.35,0.374105429067657,0.5643930343418134,32.64628484893623,-1.1687886602337585
2024-11-06 00:00:00-05:00,MSFT,417.0489807128906,buy,0.45923736960661365,Strong upward momentum detected. Algorithm confidence: 40%. Good entry point for potential gains.,BUY: Momentum entry Q=0.397 >= 0.35,0.39725364369026583,0.6038660634114253,52.52259150928677,-1.04296241935549
2024-11-06 00:00:00-05:00,GOOGL,175.73500061035156,hold,0.15967612847805698,Waiting for better opportunity. No clear buy signal yet.,"HOLD: No entry signal (Q=0.319, RSI=73.2, ML=0.409)",0.31935225695611397,0.4087707215549178,73.23750259630454,1.8612855491812184
2024-11-06 00:00:00-05:00,NVDA,145.5764617919922,sell,0.88,Exit signal triggered. Closing position with loss.,SELL: Swing trade profit 4.1% >= 2.0% (24.0h),0.5511194309667011,0.5422735826532642,62.05556419949728,3.743441380169827
2024-11-06 00:00:00-05:00,TSLA,288.5299987792969,sell,0.88,Exit signal triggered. Closing position with loss.,SELL: Swing trade profit 14.8% >= 2.0% (24.0h),0.250840094403278,0.671960310206762,75.08529448880745,5.131765344013104
2024-11-07 00:00:00-05:00,AAPL,226.42620849609375,sell,0.88,Exit signal triggered. Closing position with loss.,SELL: Swing trade profit 2.1% >= 2.0% (24.0h),0.2020900742572281,0.5258006518707501,37.07017389411157,-1.0403140415222651
2024-11-07 00:00:00-05:00,MSFT,422.2598571777344,sell,0.85,AI model detects potential price peak. Taking profits.,"SELL: ML profit peak ML=0.418, P&L=$57.32",0.22111348986493415,0.41792563217815304,55.02138762376301,-0.37540971069950047
2024-11-07 00:00:00-05:00,GOOGL,179.95640563964844,buy,0.44673022551650265,Strong upward momentum detected. Algorithm confidence: 40%. Good entry point for potential gains.,BUY: Momentum entry Q=0.403 >= 0.35,0.4029925637392299,0.5487847696634723,76.28144936213414,2.6027178001672837
2024-11-07 00:00:00-05:00,NVDA,148.84573364257812,buy,0.6253525092161256,Strong upward momentum detected. Algorithm confidence: 60%. Good entry point for potential gains.,BUY: Momentum entry Q=0.596 >= 0.35,0.596415829946275,0.692871427512444,64.2408776709549,4.268847946868249
2024-11-07 00:00:00-05:00,TSLA,296.9100036621094,hold,0.16797751652863324,Waiting for better opportunity. No clear buy signal yet.,"HOLD: No entry signal (Q=0.336, RSI=76.6, ML=0.457)",0.3359550330572665,0.45731593864095144,76.64498754575315,8.23419821132029
2024-11-08 00:00:00-05:00,AAPL,226.15716552734375,buy,0.4365874709534325,Strong upward momentum detected. Algorithm confidence: 36%. Good entry point for potential gains.,BUY: Momentum entry Q=0.359 >= 0.35,0.35870373154234697,0.6183161962459655,33.368920952582116,-0.9492639754631114
2024-11-08 00:00:00-05:00,MSFT,419.39141845703125,buy,0.4632131064003109,Strong upward momentum detected. Algorithm confidence: 39%. Good entry point for potential gains.,BUY: Momentum entry Q=0.390 >= 0.35,0.39025294104299973,0.633453492234037,52.51811093599492,-0.07694147838174104
2024-11-08 00:00:00-05:00,GOOGL,177.56692504882812,sell,0.8,Algorithm confidence dropped. Exiting position to preserve capital.,SELL: Conviction lost Q=0.240 <= 0.3,0.2400525145238823,0.6970340047909528,70.56446878329953,2.963337575886726
2024-11-08 00:00:00-05:00,NVDA,147.5959930419922,hold,0.514354464488342,Holding position - indicators suggest more upside potential.,"HOLD: swing trade, Q=0.428, P&L=$-41.24 (-0.8%), 24.0h",0.42830669014682926,0.6004022388298548,55.80910807784953,4.532149021620938
2024-11-08 00:00:00-05:00,TSLA,321.2200012207031,buy,0.48858490632824403,Strong upward momentum detected. Algorithm confidence: 41%. Good entry point for potential gains.,BUY: Momentum entry Q=0.408 >= 0.35,0.4076523956701347,0.6774274311971658,80.93309224690998,12.510301280564704
2024-11-11 00:00:00-05:00,AAPL,223.4368133544922,sell,1.0,End of trading session - closing all positions.,FORCED EXIT: Held for 72.0 hours (max: 48),0.22371678236108983,0.6061208480718483,31.017282695779457,-1.0841187810805764
2024-11-11 00:00:00-05:00,MSFT,414.8951721191406,sell,1.0,End of trading session - closing all positions.,FORCED EXIT: Held for 72.0 hours (max: 48),0.32651012075590413,0.534359093074367,43.25856694828609,-0.2008969418006359
2024-11-11 00:00:00-05:00,GOOGL,179.55813598632812,buy,0.47836750018402996,Strong upward momentum detected. Algorithm confidence: 39%. Good entry point for potential gains.,BUY: Momentum entry Q=0.394 >= 0.35,0.39396126391477027,0.6753153848123026,71.33235286657555,3.370947246169635
2024-11-11 00:00:00-05:00,NVDA,145.22653198242188,sell,1.0,End of trading session - closing all positions.,FORCED EXIT: Held for 96.0 hours (max: 48),0.4942819690302596,0.32591716049804786,52.32004776731077,4.497773778893134
2024-11-11 00:00:00-05:00,TSLA,350.0,sell,1.0,End of trading session - closing all positions.,FORCED EXIT: Held for 72.0 hours (max: 48),0.09534268194824358,0.738287162343171,84.1392101350478,18.013797305465744
2024-11-12 00:00:00-05:00,AAPL,223.4368133544922,hold,0.1521591830527617,Waiting for better opportunity. No clear buy signal yet.,"HOLD: No entry signal (Q=0.304, RSI=37.4, ML=0.579)",0.3043183661055234,0.5789996082725622,37.37450714637753,-1.1774196255833544
2024-11-12 00:00:00-05:00,MSFT,419.87774658203125,buy,0.5885417997097612,Strong upward momentum detected. Algorithm confidence: 55%. Good entry point for potential gains.,BUY: Momentum entry Q=0.545 >= 0.35,0.544914894123679,0.6903379127439531,48.918271827869155,0.10174670574338052
2024-11-12 00:00:00-05:00,GOOGL,180.82257080078125,sell,0.85,AI model detects potential price peak. Taking profits.,"SELL: ML profit peak ML=0.369, P&L=$34.14",0.2808443942623771,0.36885560039240894,77.25693597554215,3.75275079359929
2024-11-12 00:00:00-05:00,NVDA,148.25582885742188,buy,0.548456512741089,Strong upward momentum detected. Algorithm confidence: 59%. Good entry point for potential gains.,BUY: Momentum entry Q=0.592 >= 0.35,0.5923045082922689,0.4461445231216694,62.47496266208841,4.661238239389661
2024-11-12 00:00:00-05:00,TSLA,328.489990234375,buy,0.40357704246549064,Strong upward momentum detected. Algorithm confidence: 40%. Good entry point for potential gains.,BUY: Momentum entry Q=0.398 >= 0.35,0.3984998883227189,0.41542373546529154,77.27013227229108,20.4044695111308
2024-11-13 00:00:00-05:00,AAPL,224.3236541748047,buy,0.4072765665462069,Strong upward momentum detected. Algorithm confidence: 35%. Good entry point for potential gains.,BUY: Momentum entry Q=0.350 >= 0.35,0.3503828757225306,0.5400285118014517,39.832934674234004,-1.1663555536949843
2024-11-13 00:00:00-05:00,MSFT,422.0316162109375,sell,0.85,AI model detects potential price peak. Taking profits.,"SELL: ML profit peak ML=0.539, P&L=$23.69",0.46888742100929254,0.539193192295311,50.31496744416055,0.5095198278545467
2024-11-13 00:00:00-05:00,GOOGL,178.09458923339844,buy,0.4330586625906021,Strong upward momentum detected. Algorithm confidence: 40%. Good entry point for potential gains.,BUY: Momentum entry Q=0.400 >= 0.35,0.399667978844992,0.5109702579970258,71.69704784124445,3.7915014730353107
2024-11-13 00:00:00-05:00,NVDA,146.23631286621094,hold,0.5308439418348885,Holding position - indicators suggest more upside potential.,"HOLD: swing trade, Q=0.489, P&L=$-66.64 (-1.4%), 24.0h",0.4893930935804228,0.5722947900893542,58.102872067512116,4.575088170800171
2024-11-13 00:00:00-05:00,TSLA,330.239990234375,sell,0.85,AI model detects potential price peak. Taking profits.,"SELL: ML profit peak ML=0.584, P&L=$26.25",0.23534034907254597,0.5837245209163786,71.07806823079387,22.184574863020714
2024-11-14 00:00:00-05:00,AAPL,227.41270446777344,sell,0.85,AI model detects potential price peak. Taking profits.,"SELL: ML profit peak ML=0.689, P&L=$67.96",0.1649047505919839,0.688773760049991,44.723234963340396,-0.8979753537314537
2024-11-14 00:00:00-05:00,MSFT,423.7090148925781,buy,0.49514905397672015,Strong upward momentum detected. Algorithm confidence: 55%. Good entry point for potential gains.,BUY: Momentum entry Q=0.549 >= 0.35,0.5487581217203636,0.37006122924155216,49.135586320077124,0.9570032818576806
2024-11-14 00:00:00-05:00,GOOGL,174.80909729003906,hold,0.5244479329281493,Holding position - indicators suggest more upside potential.,"HOLD: swing trade, Q=0.464, P&L=$-91.99 (-1.8%), 24.0h",0.4638862067502587,0.58500965910604,63.56936967102835,3.516563172575758
2024-11-14 00:00:00-05:00,NVDA,146.72618103027344,sell,1.0,End of trading session - closing all positions.,FORCED EXIT: Held for 48.0 hours (max: 48),0.547150662847761,0.6763118651401941,57.34795685988055,4.494531723644684
2024-11-14 00:00:00-05:00,TSLA,311.17999267578125,buy,0.6712337678624792,Strong upward momentum detected. Algorithm confidence: 66%. Good entry point for potential gains.,BUY: Momentum entry Q=0.655 >= 0.35,0.6548591172646606,0.7094412859240563,61.94050678301402,21.805972984607706
2024-11-15 00:00:00-05:00,AAPL,224.2041015625,buy,0.4571548364824463,Strong upward momentum detected. Algorithm confidence: 50%. Good entry point for potential gains.,BUY: Momentum entry Q=0.495 >= 0.35,0.4946577716195716,0.3696479878291541,35.98335093967245,-0.9334295558475958
2024-11-15 00:00:00-05:00,MSFT,411.9075927734375,sell,0.95,Stop loss triggered to limit losses. Protecting capital.,SELL: Stop loss 2.8% >= 2.0%,0.4468640258441706,0.5831859799248307,43.03569402880014,0.3552657245569435
2024-11-15 00:00:00-05:00,GOOGL,171.732666015625,sell,1.0,End of trading session - closing all positions.,FORCED EXIT: Held for 48.0 hours (max: 48),0.4086352505923363,0.4536171914366422,57.27984202899616,3.0156675571903975
2024-11-15 00:00:00-05:00,NVDA,141.94729614257812,buy,0.5912968052317613,Strong upward momentum detected. Algorithm confidence: 62%. Good entry point for potential gains.,BUY: Momentum entry Q=0.618 >= 0.35,0.6178136389221612,0.5294241932874948,51.85842413466586,3.9989763768703313
2024-11-15 00:00:00-05:00,TSLA,320.7200012207031,sell,0.88,Exit signal triggered. Closing position with loss.,SELL: Swing trade profit 3.1% >= 2.0% (24.0h),0.4485889198419769,0.5161816450002413,66.28797938283422,22.02187278733072
2024-11-18 00:00:00-05:00,AAPL,227.21340942382812,sell,1.0,End of trading session - closing all positions.,FORCED EXIT: Held for 72.0 hours (max: 48),0.2367208309260029,0.3983179748967286,41.52001614138932,-0.7105109439995658
2024-11-18 00:00:00-05:00,MSFT,412.66192626953125,buy,0.4058300494457757,Strong upward momentum detected. Algorithm confidence: 40%. Good entry point for potential gains.,BUY: Momentum entry Q=0.396 >= 0.35,0.3963676435173669,0.42790899661206316,39.7023190468014,-0.06005494001652778
2024-11-18 00:00:00-05:00,GOOGL,174.5303192138672,buy,0.6239078506368264,Strong upward momentum detected. Algorithm confidence: 63%. Good entry point for potential gains.,BUY: Momentum entry Q=0.628 >= 0.35,0.6276066506314578,0.6152773173160201,57.11753553177712,2.81203600474322
2024-11-18 00:00:00-05:00,NVDA,140.11770629882812,sell,1.0,End of trading session - closing all positions.,FORCED EXIT: Held for 72.0 hours (max: 48),0.434167100402557,0.6016056397341202,48.63792051657498,3.41919819597166
2024-11-18 00:00:00-05:00,TSLA,338.739990234375,buy,0.4094851466226256,Strong upward momentum detected. Algorithm confidence: 36%. Good entry point for potential gains.,BUY: Momentum entry Q=0.362 >= 0.35,0.3621768289447206,0.5198712212044039,70.44703714678606,23.377555542266123
2024-11-19 00:00:00-05:00,AAPL,227.4724884033203,buy,0.3822195985029532,Strong upward momentum detected. Algorithm confidence: 38%. Good entry point for potential gains.,BUY: Momentum entry Q=0.375 >= 0.35,0.3753204058284901,0.3983177147433672,47.25000523982546,-0.5070953500964777
2024-11-19 00:00:00-05:00,MSFT,414.6767883300781,sell,0.85,AI model detects potential price peak. Taking profits.,"SELL: ML profit peak ML=0.571, P&L=$24.18",0.2710366698682303,0.5709522663929925,40.79440614442344,-0.22403449928248165
2024-11-19 00:00:00-05:00,GOOGL,177.3379364013672,sell,0.85,AI model detects potential price peak. Taking profits.,"SELL: ML profit peak ML=0.520, P&L=$78.61",0.4502192763291717,0.520009148141571,54.87738326125069,2.8444190825439364
2024-11-19 00:00:00-05:00,NVDA,146.97613525390625,buy,0.6515037899522661,Strong upward momentum detected. Algorithm confidence: 71%. Good entry point for potential gains.,BUY: Momentum entry Q=0.711 >= 0.35,0.7105860306382531,0.51364522835163,58.46017407711554,3.4731019515590162
2024-11-19 00:00:00-05:00,TSLA,346.0,sell,0.88,Exit signal triggered. Closing position with loss.,SELL: Swing trade profit 2.1% >= 2.0% (24.0h),0.31562209536706154,0.41533097446278855,72.22250335829821,24.75243533963271
2024-11-20 00:00:00-05:00,AAPL,228.18994140625,sell,0.85,AI model detects potential price peak. Taking profits.,"SELL: ML profit peak ML=0.783, P&L=$15.07",0.24399327575996388,0.7825261277752393,56.669030366920104,-0.28471257572110176
2024-11-20 00:00:00-05:00,MSFT,412.3939208984375,buy,0.5513933748898256,Strong upward momentum detected. Algorithm confidence: 51%. Good entry point for potential gains.,BUY: Momentum entry Q=0.506 >= 0.35,0.5063129015254791,0.6565811460733006,58.13454437389892,-0.5320644961113317
2024-11-20 00:00:00-05:00,GOOGL,175.2073211669922,buy,0.6182225433251468,Strong upward momentum detected. Algorithm confidence: 58%. Good entry point for potential gains.,BUY: Momentum entry Q=0.582 >= 0.35,0.5823970212296181,0.7018154282147137,56.70613908275701,2.6674117990753246
2024-11-20 00:00:00-05:00,NVDA,145.8563995361328,hold,0.5023028239462735,Holding position - indicators suggest more upside potential.,"HOLD: swing trade, Q=0.515, P&L=$-38.07 (-0.8%), 24.0h",0.5149372820606677,0.4896683658318793,66.46600204645758,3.3864310822787616
2024-11-20 00:00:00-05:00,TSLA,342.0299987792969,buy,0.3962732808333073,Strong upward momentum detected. Algorithm confidence: 38%. Good entry point for potential gains.,BUY: Momentum entry Q=0.377 >= 0.35,0.37659254752803756,0.4421949918789368,73.6020019578255,25.230846076776857
2024-11-21 00:00:00-05:00,AAPL,227.71165466308594,buy,0.5097466107650639,Strong upward momentum detected. Algorithm confidence: 42%. Good entry point for potential gains.,BUY: Momentum entry Q=0.421 >= 0.35,0.42129852305237786,0.7161254820946646,63.004509927963596,-0.14539039780794383
2024-11-21 00:00:00-05:00,MSFT,410.6137390136719,sell,0.8,Algorithm confidence dropped. Exiting position to preserve capital.,SELL: Conviction lost Q=0.279 <= 0.3,0.2787785333213114,0.5510885341132228,53.08267266021418,-0.9093439374700552
2024-11-21 00:00:00-05:00,GOOGL,166.89401245117188,sell,0.95,Stop loss triggered to limit losses. Protecting capital.,SELL: Stop loss 4.7% >= 2.0%,0.4920856132452255,0.3767908614668166,45.8858172012593,1.8351630976703746
2024-11-21 00:00:00-05:00,NVDA,146.63623046875,sell,1.0,End of trading session - closing all positions.,FORCED EXIT: Held for 48.0 hours (max: 48),0.44503303654659054,0.2973482171293392,64.82504574472657,3.342143483224902
2024-11-21 00:00:00-05:00,TSLA,339.6400146484375,hold,0.4818379563655655,Holding position - indicators suggest more upside potential.,"HOLD: swing trade, Q=0.345, P&L=$-33.46 (-0.7%), 24.0h",0.345118201280731,0.6185577114504,73.03354103532588,25.127484289721167
2024-11-22 00:00:00-05:00,AAPL,229.05686950683594,sell,0.85,AI model detects potential price peak. Taking profits.,"SELL: ML profit peak ML=0.401, P&L=$28.25",0.5555839464360435,0.4012155169175111,67.646233080656,0.07273261114460183
2024-11-22 00:00:00-05:00,MSFT,414.7211608886719,buy,0.4778708559308552,Strong upward momentum detected. Algorithm confidence: 49%. Good entry point for potential gains.,BUY: Momentum entry Q=0.486 >= 0.35,0.48617792112583474,0.4584877038092362,58.34317965770364,-0.8669127640335432
2024-11-22 00:00:00-05:00,GOOGL,164.03659057617188,buy,0.56939325880829,Strong upward momentum detected. Algorithm confidence: 60%. Good entry point for potential gains.,BUY: Momentum entry Q=0.595 >= 0.35,0.5945352341314449,0.5107286497209286,45.05517556137247,0.9342603689608495
2024-11-22 00:00:00-05:00,NVDA,141.91729736328125,buy,0.5901916385044678,Strong upward momentum detected. Algorithm confidence: 59%. Good entry point for potential gains.,BUY: Momentum entry Q=0.589 >= 0.35,0.5886871954269985,0.5937020056852294,57.010426089233626,2.892919008507448
2024-11-22 00:00:00-05:00,TSLA,352.55999755859375,sell,1.0,End of trading session - closing all positions.,FORCED EXIT: Held for 48.0 hours (max: 48),0.24527125014441056,0.4750538341388206,76.9476393696871,25.790803642670426
2024-11-25 00:00:00-05:00,AAPL,232.04624938964844,buy,0.7333168635105038,Strong upward momentum detected. Algorithm confidence: 74%. Good entry point for potential gains.,BUY: Momentum entry Q=0.741 >= 0.35,0.7406630771076359,0.7161756984505294,69.70634716958983,0.48126689529314604
2024-11-25 00:00:00-05:00,MSFT,416.5013732910156,sell,1.0,End of trading session - closing all positions.,FORCED EXIT: Held for 72.0 hours (max: 48),0.2534597671969773,0.5484677551290665,57.429041224601654,-0.6817783736722731
2024-11-25 00:00:00-05:00,GOOGL,166.9138946533203,sell,1.0,End of trading session - closing all positions.,FORCED EXIT: Held for 72.0 hours (max: 48),0.5193406197442344,0.39791139802461445,47.808747015287516,0.4473065863089971
2024-11-25 00:00:00-05:00,NVDA,135.98867797851562,sell,1.0,End of trading session - closing all positions.,FORCED EXIT: Held for 72.0 hours (max: 48),0.41283451811157057,0.5640144203174169,45.59457263849278,2.035056474733153
2024-11-25 00:00:00-05:00,TSLA,338.5899963378906,buy,0.44135544667156223,Strong upward momentum detected. Algorithm confidence: 43%. Good entry point for potential gains.,BUY: Momentum entry Q=0.428 >= 0.35,0.4279302006364378,0.4726810207535195,70.85427172374892,24.902169948398864
2024-11-26 00:00:00-05:00,AAPL,234.228515625,sell,0.85,AI model detects potential price peak. Taking profits.,"SELL: ML profit peak ML=0.576, P&L=$45.83",0.24055150334906789,0.5762313471636926,74.21570817124979,0.9699430068302206
2024-11-26 00:00:00-05:00,MSFT,425.6510925292969,buy,0.5769113156590095,Strong upward momentum detected. Algorithm confidence: 62%. Good entry point for potential gains.,BUY: Momentum entry Q=0.623 >= 0.35,0.6230267052816714,0.46930873987279886,57.81151965946503,0.20093162494856642
2024-11-26 00:00:00-05:00,GOOGL,168.37745666503906,buy,0.622156433325308,Strong upward momentum detected. Algorithm confidence: 65%. Good entry point for potential gains.,BUY: Momentum entry Q=0.651 >= 0.35,0.6507592626137741,0.5554164983188872,41.28334025097293,0.17744396452442857
2024-11-26 00:00:00-05:00,NVDA,136.8884735107422,buy,0.6458978728795771,Strong upward momentum detected. Algorithm confidence: 67%. Good entry point for potential gains.,BUY: Momentum entry Q=0.672 >= 0.35,0.6718654363090163,0.5853068915442192,38.958091728885876,1.4115289881675892
2024-11-26 00:00:00-05:00,TSLA,338.2300109863281,hold,0.5467304379550292,Holding position - indicators suggest more upside potential.,"HOLD: swing trade, Q=0.521, P&L=$-5.04 (-0.1%), 24.0h",0.5210902777725605,0.5723705981374979,64.42922444015066,23.89344477585746
2024-11-27 00:00:00-05:00,AAPL,234.0989532470703,buy,0.6047533498254849,Strong upward momentum detected. Algorithm confidence: 64%. Good entry point for potential gains.,BUY: Momentum entry Q=0.642 >= 0.35,0.6419816943390594,0.5178872126271448,68.02430573726949,1.331419964275625
2024-11-27 00:00:00-05:00,MSFT,420.67840576171875,hold,0.4302601024331941,Holding position - indicators suggest more upside potential.,"HOLD: swing trade, Q=0.371, P&L=$-54.70 (-1.2%), 24.0h",0.37128432361064406,0.4892358812557442,48.55765510753362,0.49354214810745134
2024-11-27 00:00:00-05:00,GOOGL,168.48695373535156,sell,0.85,AI model detects potential price peak. Taking profits.,"SELL: ML profit peak ML=0.540, P&L=$3.18",0.1682744881486508,0.5401800033249957,34.945068855206586,-0.027274208923159904
2024-11-27 00:00:00-05:00,NVDA,135.30882263183594,hold,0.5825465590153173,Holding position - indicators suggest more upside potential.,"HOLD: swing trade, Q=0.401, P&L=$-56.87 (-1.2%), 24.0h",0.40123042168781675,0.7638626963428178,32.02334004317697,0.7809124657528628
2024-11-27 00:00:00-05:00,TSLA,332.8900146484375,sell,1.0,End of trading session - closing all positions.,FORCED EXIT: Held for 48.0 hours (max: 48),0.4368538156426004,0.5906631092611693,60.633650264291525,22.404860448184365
2024-11-29 00:00:00-05:00,AAPL,236.490478515625,sell,1.0,End of trading session - closing all positions.,FORCED EXIT: Held for 48.0 hours (max: 48),0.21311866885303637,0.5174262522674278,72.07319966936028,1.7902324741329778
2024-11-29 00:00:00-05:00,MSFT,421.1458435058594,sell,1.0,End of trading session - closing all positions.,FORCED EXIT: Held for 72.0 hours (max: 48),0.46039078343428724,0.47806540470499037,51.67339159208705,0.7544594760624364
2024-11-29 00:00:00-05:00,GOOGL,168.2082061767578,buy,0.4858717382599115,Strong upward momentum detected. Algorithm confidence: 42%. Good entry point for potential gains.,BUY: Momentum entry Q=0.418 >= 0.35,0.4181877208620338,0.6438011121882926,36.99501583711079,-0.20959139554145167
2024-11-29 00:00:00-05:00,NVDA,138.21817016601562,sell,1.0,End of trading session - closing all positions.,FORCED EXIT: Held for 72.0 hours (max: 48),0.5392739143470618,0.49685818588881187,38.07225370815241,0.5100251080034752
2024-11-29 00:00:00-05:00,TSLA,345.1600036621094,buy,0.6186053497575152,Strong upward momentum detected. Algorithm confidence: 64%. Good entry point for potential gains.,BUY: Momentum entry Q=0.639 >= 0.35,0.6392846963212444,0.5703535411088139,57.61741425109561,21.962067173198534
2024-12-02 00:00:00-05:00,AAPL,238.74246215820312,buy,0.4696986145519952,Strong upward momentum detected. Algorithm confidence: 42%. Good entry point for potential gains.,BUY: Momentum entry Q=0.416 >= 0.35,0.41568046456073204,0.5957409645316092,83.36228074084964,2.3089448738663805
2024-12-02 00:00:00-05:00,MSFT,428.624755859375,buy,0.5554912143993112,Strong upward momentum detected. Algorithm confidence: 60%. Good entry point for potential gains.,BUY: Momentum entry Q=0.598 >= 0.35,0.5979891242963201,0.4563294246396238,62.39044878062215,1.5468924480903752
2024-12-02 00:00:00-05:00,GOOGL,170.73704528808594,sell,1.0,End of trading session - closing all positions.,FORCED EXIT: Held for 72.0 hours (max: 48),0.2247791855354206,0.5770107469182424,37.92256977073107,-0.14831323491657145
2024-12-02 00:00:00-05:00,NVDA,138.5980682373047,buy,0.5999745971521706,Strong upward momentum detected. Algorithm confidence: 59%. Good entry point for potential gains.,BUY: Momentum entry Q=0.592 >= 0.35,0.5919974060423281,0.6185880430751365,41.11975370978721,0.32228443046219013
2024-12-02 00:00:00-05:00,TSLA,357.0899963378906,sell,1.0,End of trading session - closing all positions.,FORCED EXIT: Held for 72.0 hours (max: 48),0.5440381491104151,0.41938922113757005,52.526908186845354,22.316549724788217
2024-12-03 00:00:00-05:00,AAPL,241.79165649414062,sell,0.85,AI model detects potential price peak. Taking profits.,"SELL: ML profit peak ML=0.533, P&L=$60.98",0.2542624022895224,0.5325059002646296,85.31441760567144,2.932271289357743
2024-12-03 00:00:00-05:00,MSFT,428.84356689453125,sell,0.85,AI model detects potential price peak. Taking profits.,"SELL: ML profit peak ML=0.442, P&L=$2.41",0.4806208473796638,0.4420849096411431,58.85248430735409,2.167571099086615
2024-12-03 00:00:00-05:00,GOOGL,170.58770751953125,buy,0.39493302650767326,Strong upward momentum detected. Algorithm confidence: 36%. Good entry point for potential gains.,BUY: Momentum entry Q=0.363 >= 0.35,0.363370708724044,0.46857843466947485,35.545533534693206,-0.11052608508188655
2024-12-03 00:00:00-05:00,NVDA,140.2277069091797,sell,0.85,AI model detects potential price peak. Taking profits.,"SELL: ML profit peak ML=0.594, P&L=$58.67",0.3737315554444898,0.5940790089963321,38.82553786541057,0.30152106512539945
2024-12-03 00:00:00-05:00,TSLA,351.4200134277344,buy,0.6586319734701319,Strong upward momentum detected. Algorithm confidence: 60%. Good entry point for potential gains.,BUY: Momentum entry Q=0.595 >= 0.35,0.5951136815918,0.8068413211862399,59.21255034667942,21.887652235624785
2024-12-04 00:00:00-05:00,AAPL,242.150390625,buy,0.41438441330700826,Strong upward momentum detected. Algorithm confidence: 41%. Good entry point for potential gains.,BUY: Momentum entry Q=0.407 >= 0.35,0.4069379630687996,0.43175946386282854,85.00979608911594,3.415833211770149
2024-12-04 00:00:00-05:00,MSFT,435.0295715332031,buy,0.6056483386123375,Strong upward momentum detected. Algorithm confidence: 63%. Good entry point for potential gains.,BUY: Momentum entry Q=0.627 >= 0.35,0.6272118594775121,0.5553334565935966,61.887154961119194,3.122626582022349
2024-12-04 00:00:00-05:00,GOOGL,173.60440063476562,sell,0.85,AI model detects potential price peak. Taking profits.,"SELL: ML profit peak ML=0.665, P&L=$87.48",0.38261211093309716,0.6654440457253824,43.7099025498633,0.1609866721016715
2024-12-04 00:00:00-05:00,NVDA,145.10658264160156,buy,0.5497545954789267,Strong upward momentum detected. Algorithm confidence: 62%. Good entry point for potential gains.,BUY: Momentum entry Q=0.621 >= 0.35,0.621127614315075,0.38321755152791426,48.54345248072246,0.67101539783107
2024-12-04 00:00:00-05:00,TSLA,357.92999267578125,sell,0.85,AI model detects potential price peak. Taking profits.,"SELL: ML profit peak ML=0.432, P&L=$91.14",0.5055610400834825,0.43245648404569703,60.71512417482493,21.82150408885235
2024-12-05 00:00:00-05:00,AAPL,242.18026733398438,sell,0.85,AI model detects potential price peak. Taking profits.,"SELL: ML profit peak ML=0.587, P&L=$0.60",0.289793939852779,0.5873429775855192,82.96262287667136,3.758148720795475
2024-12-05 00:00:00-05:00,MSFT,440.2011413574219,sell,0.85,AI model detects potential price peak. Taking profits.,"SELL: ML profit peak ML=0.683, P&L=$56.89",0.4322183266230762,0.6827067510886563,64.1766675515924,4.247850817228482
2024-12-05 00:00:00-05:00,GOOGL,171.8820037841797,buy,0.5443590069301645,Strong upward momentum detected. Algorithm confidence: 55%. Good entry point for potential gains.,BUY: Momentum entry Q=0.548 >= 0.35,0.5484108933647407,0.5349046052494868,45.71177436820039,0.23447655734571526
2024-12-05 00:00:00-05:00,NVDA,145.03659057617188,hold,0.5499692355592171,Holding position - indicators suggest more upside potential.,"HOLD: swing trade, Q=0.426, P&L=$-2.38 (-0.0%), 24.0h",0.42569400187846557,0.6742444692399686,47.79778850066487,0.9472749478900653
2024-12-05 00:00:00-05:00,TSLA,369.489990234375,buy,0.4644849804940605,Strong upward momentum detected. Algorithm confidence: 36%. Good entry point for potential gains.,BUY: Momentum entry Q=0.362 >= 0.35,0.3616140461420078,0.7045171606488502,73.95450066320812,22.44316555586886
2024-12-06 00:00:00-05:00,AAPL,241.98097229003906,hold,0.160391514244584,Waiting for better opportunity. No clear buy signal yet.,"HOLD: No entry signal (Q=0.321, RSI=95.8, ML=0.566)",0.320783028489168,0.5661362271492278,95.83756616795941,3.9676185466311154
2024-12-06 00:00:00-05:00,MSFT,441.1459655761719,hold,0.17163382382153014,Waiting for better opportunity. No clear buy signal yet.,"HOLD: No entry signal (Q=0.343, RSI=80.9, ML=0.510)",0.3432676476430603,0.5100863411041886,80.90093913945437,5.156398793119649
2024-12-06 00:00:00-05:00,GOOGL,173.9429168701172,sell,0.85,AI model detects potential price peak. Taking profits.,"SELL: ML profit peak ML=0.509, P&L=$59.77",0.3848705460562434,0.5094254315911737,53.337345339245665,0.45378532833998975
2024-12-06 00:00:00-05:00,NVDA,142.41700744628906,sell,1.0,End of trading session - closing all positions.,FORCED EXIT: Held for 48.0 hours (max: 48),0.4433756738720325,0.41839654040851965,50.648738118691064,0.9439528648073008
2024-12-06 00:00:00-05:00,TSLA,389.2200012207031,sell,0.88,Exit signal triggered. Closing position with loss.,SELL: Swing trade profit 5.3% >= 2.0% (24.0h),0.25146086880144664,0.31225652791482195,75.9666606202176,24.248363700664413
2024-12-09 00:00:00-05:00,AAPL,245.8771514892578,buy,0.43362122897300426,Strong upward momentum detected. Algorithm confidence: 45%. Good entry point for potential gains.,BUY: Momentum entry Q=0.448 >= 0.35,0.4482004732290888,0.39960299237547375,96.01961260883667,4.397324374256243
2024-12-09 00:00:00-05:00,MSFT,443.58251953125,buy,0.4468987845168959,Strong upward momentum detected. Algorithm confidence: 45%. Good entry point for potential gains.,BUY: Momentum entry Q=0.449 >= 0.35,0.4491811764016952,0.44157320345236445,81.55673575968686,6.0038307274209615
2024-12-09 00:00:00-05:00,GOOGL,174.8001251220703,buy,0.5769163880558654,Strong upward momentum detected. Algorithm confidence: 57%. Good entry point for potential gains.,BUY: Momentum entry Q=0.574 >= 0.35,0.5735220218485017,0.5848365758730477,50.43274935094939,0.6888183818008144
2024-12-09 00:00:00-05:00,NVDA,138.78758239746094,buy,0.622530920450693,Strong upward momentum detected. Algorithm confidence: 68%. Good entry point for potential gains.,BUY: Momentum entry Q=0.676 >= 0.35,0.6763736805721169,0.496897813500704,48.24991778703167,0.6410660110346953
2024-12-09 00:00:00-05:00,TSLA,389.7900085449219,buy,0.5137313808444,Strong upward momentum detected. Algorithm confidence: 46%. Good entry point for potential gains.,BUY: Momentum entry Q=0.464 >= 0.35,0.4640730229627991,0.6296008825681352,72.30233888267456,25.431828772158042
2024-12-10 00:00:00-05:00,AAPL,246.8935546875,sell,0.85,AI model detects potential price peak. Taking profits.,"SELL: ML profit peak ML=0.575, P&L=$20.33",0.3089335021339448,0.5751270521551706,96.16291629097626,4.764957122548708
2024-12-10 00:00:00-05:00,MSFT,440.9072570800781,hold,0.5849867117890143,Holding position - indicators suggest more upside potential.,"HOLD: swing trade, Q=0.336, P&L=$-29.43 (-0.6%), 24.0h",0.3364385356101311,0.8335348879678975,76.41406455514772,6.385942153034534
2024-12-10 00:00:00-05:00,GOOGL,184.56826782226562,sell,0.88,Exit signal triggered. Closing position with loss.,SELL: Swing trade profit 5.6% >= 2.0% (24.0h),0.45328412333093754,0.6699102967865723,59.48016704886343,1.644336364079976
2024-12-10 00:00:00-05:00,NVDA,135.04820251464844,sell,0.95,Stop loss triggered to limit losses. Protecting capital.,SELL: Stop loss 2.7% >= 2.0%,0.40195978024755064,0.8665677086754183,32.90279881701066,0.09815779009349512
2024-12-10 00:00:00-05:00,TSLA,400.989990234375,sell,0.88,Exit signal triggered. Closing position with loss.,SELL: Swing trade profit 2.9% >= 2.0% (24.0h),0.24869524605820145,0.5387673606642753,73.22410682064236,26.962669418530652
2024-12-11 00:00:00-05:00,AAPL,245.6180877685547,buy,0.5462047936126534,Strong upward momentum detected. Algorithm confidence: 46%. Good entry point for potential gains.,BUY: Momentum entry Q=0.464 >= 0.35,0.4641475828519831,0.737671618720884,90.35532098169584,4.896940323573688
2024-12-11 00:00:00-05:00,MSFT,446.5363464355469,sell,1.0,End of trading session - closing all positions.,FORCED EXIT: Held for 48.0 hours (max: 48),0.2710934486040812,0.6085956980985492,82.21063293296734,7.061587097150607
2024-12-11 00:00:00-05:00,GOOGL,194.76502990722656,buy,0.4459349161384771,Strong upward momentum detected. Algorithm confidence: 38%. Good entry point for potential gains.,BUY: Momentum entry Q=0.384 >= 0.35,0.38367527889598885,0.5912074030376163,71.1662899320028,3.187639606385858
2024-12-11 00:00:00-05:00,NVDA,139.28750610351562,buy,0.5725184346490155,Strong upward momentum detected. Algorithm confidence: 56%. Good entry point for potential gains.,BUY: Momentum entry Q=0.558 >= 0.35,0.5583804809190329,0.6055069933523082,41.357236268614116,0.009861803110823075
2024-12-11 00:00:00-05:00,TSLA,424.7699890136719,hold,0.16938028262540888,Waiting for better opportunity. No clear buy signal yet.,"HOLD: No entry signal (Q=0.339, RSI=79.9, ML=0.730)",0.33876056525081777,0.7298566584043419,79.93489725372493,29.751759064965654
2024-12-12 00:00:00-05:00,AAPL,247.08287048339844,sell,0.85,AI model detects potential price peak. Taking profits.,"SELL: ML profit peak ML=0.621, P&L=$29.30",0.12691164042930603,0.6206085567330597,92.89488942379818,5.061389141246622
2024-12-12 00:00:00-05:00,MSFT,447.1032409667969,buy,0.46467689361511955,Strong upward momentum detected. Algorithm confidence: 38%. Good entry point for potential gains.,BUY: Momentum entry Q=0.385 >= 0.35,0.3854756718207833,0.649479744468571,85.23145681782823,7.555686977829566
2024-12-12 00:00:00-05:00,GOOGL,191.33619689941406,sell,0.8,Algorithm confidence dropped. Exiting position to preserve capital.,SELL: Conviction lost Q=0.144 <= 0.3,0.14438662792306473,0.8378126084883264,79.5798073837106,4.086928805787068
2024-12-12 00:00:00-05:00,NVDA,137.3178253173828,sell,0.8,Algorithm confidence dropped. Exiting position to preserve capital.,SELL: Conviction lost Q=0.247 <= 0.3,0.24662675818065313,0.5803588370199262,38.11189042610556,-0.2165538824857265
2024-12-12 00:00:00-05:00,TSLA,418.1000061035156,buy,0.4873350068961364,Strong upward momentum detected. Algorithm confidence: 38%. Good entry point for potential gains.,BUY: Momentum entry Q=0.377 >= 0.35,0.37701522495548073,0.7447478314243329,77.53370740670852,31.06581346674733
2024-12-13 00:00:00-05:00,AAPL,247.2522735595703,buy,0.46189927172355655,Strong upward momentum detected. Algorithm confidence: 45%. Good entry point for potential gains.,BUY: Momentum entry Q=0.450 >= 0.35,0.44966030310056876,0.4904568651771948,92.50457676996955,5.14606479488728
2024-12-13 00:00:00-05:00,MSFT,444.82574462890625,hold,0.46688968901246963,Holding position - indicators suggest more upside potential.,"HOLD: swing trade, Q=0.309, P&L=$-25.05 (-0.5%), 24.0h",0.3088768674880949,0.6249025105368443,80.13141585432828,7.675016954508919
2024-12-13 00:00:00-05:00,GOOGL,189.2031707763672,hold,0.16075323941406103,Waiting for better opportunity. No clear buy signal yet.,"HOLD: No entry signal (Q=0.322, RSI=81.0, ML=0.541)",0.32150647882812206,0.5406275577672713,80.99999661678174,4.574769498570134
2024-12-13 00:00:00-05:00,NVDA,134.22833251953125,buy,0.5065291128696484,Strong upward momentum detected. Algorithm confidence: 44%. Good entry point for potential gains.,BUY: Momentum entry Q=0.441 >= 0.35,0.4405962583163807,0.6603724401606066,39.765154924954544,-0.6379325045625137
2024-12-13 00:00:00-05:00,TSLA,436.2300109863281,sell,0.88,Exit signal triggered. Closing position with loss.,SELL: Swing trade profit 4.3% >= 2.0% (24.0h),0.25200896155696456,0.6183676352433538,78.3262454842987,33.1875851001995
2024-12-16 00:00:00-05:00,AAPL,250.1519775390625,sell,1.0,End of trading session - closing all positions.,FORCED EXIT: Held for 72.0 hours (max: 48),0.2668112568223658,0.5373912522413025,92.47304130194959,5.385076923085052
2024-12-16 00:00:00-05:00,MSFT,449.12213134765625,sell,1.0,End of trading session - closing all positions.,FORCED EXIT: Held for 96.0 hours (max: 48),0.17285031092127723,0.558935448526312,81.08417457111267,8.023776224861535
2024-12-16 00:00:00-05:00,GOOGL,196.02093505859375,hold,0.16443471815106442,Waiting for better opportunity. No clear buy signal yet.,"HOLD: No entry signal (Q=0.329, RSI=82.7, ML=0.715)",0.32886943630212884,0.7153501615886073,82.68124207836334,5.448713978408932
2024-12-16 00:00:00-05:00,NVDA,131.9786834716797,sell,1.0,End of trading session - closing all positions.,FORCED EXIT: Held for 72.0 hours (max: 48),0.2890381357673741,0.7228259598289065,44.08271086727344,-1.1402617478466084
2024-12-16 00:00:00-05:00,TSLA,463.0199890136719,buy,0.44009932816290975,Strong upward momentum detected. Algorithm confidence: 38%. Good entry point for potential gains.,BUY: Momentum entry Q=0.381 >= 0.35,0.3814698492556535,0.5769014456131745,88.76084970914071,36.60882795935669
2024-12-17 00:00:00-05:00,AAPL,252.58334350585938,buy,0.46483371368631543,Strong upward momentum detected. Algorithm confidence: 39%. Good entry point for potential gains.,BUY: Momentum entry Q=0.388 >= 0.35,0.38757277425512665,0.6451092390257561,92.55999218785381,5.704923859359582
2024-12-17 00:00:00-05:00,MSFT,451.9764099121094,buy,0.5190572004815099,Strong upward momentum detected. Algorithm confidence: 45%. Good entry point for potential gains.,BUY: Momentum entry Q=0.451 >= 0.35,0.4506872542603215,0.6785870749976163,78.50528252556668,8.433273359483223
2024-12-17 00:00:00-05:00,GOOGL,194.7849578857422,buy,0.4527446724503059,Strong upward momentum detected. Algorithm confidence: 41%. Good entry point for potential gains.,BUY: Momentum entry Q=0.408 >= 0.35,0.40761815034702076,0.5580398906913049,79.80252218344931,5.972738238244233
2024-12-17 00:00:00-05:00,NVDA,130.36895751953125,buy,0.42922367600061634,Strong upward momentum detected. Algorithm confidence: 40%. Good entry point for potential gains.,BUY: Momentum entry Q=0.405 >= 0.35,0.4045726735091128,0.4867426818141246,40.57700289661506,-1.6492412964844618
2024-12-17 00:00:00-05:00,TSLA,479.8599853515625,sell,0.88,Exit signal triggered. Closing position with loss.,SELL: Swing trade profit 3.6% >= 2.0% (24.0h),0.2814902700544795,0.7037970616017899,90.01075073216194,40.21545579950413
2024-12-18 00:00:00-05:00,AAPL,247.1725616455078,sell,0.95,Stop loss triggered to limit losses. Protecting capital.,SELL: Stop loss 2.1% >= 2.0%,0.2105790391579233,0.7728367642977669,74.35044966901495,5.458873488841675
2024-12-18 00:00:00-05:00,MSFT,434.9997253417969,sell,0.95,Stop loss triggered to limit losses. Protecting capital.,SELL: Stop loss 3.8% >= 2.0%,0.40429434045848134,0.7240606340941267,62.30772499028298,7.30373333274332
2024-12-18 00:00:00-05:00,GOOGL,187.7877655029297,sell,0.95,Stop loss triggered to limit losses. Protecting capital.,SELL: Stop loss 3.6% >= 2.0%,0.5144479850258361,0.6269291513243133,68.85145583723906,5.757052573808295
2024-12-18 00:00:00-05:00,NVDA,128.88919067382812,sell,0.8,Algorithm confidence dropped. Exiting position to preserve capital.,SELL: Conviction lost Q=0.140 <= 0.3,0.140492270356389,0.6177103892994096,40.694502258930555,-2.147263753376677
2024-12-18 00:00:00-05:00,TSLA,440.1300048828125,buy,0.497095653708692,Strong upward momentum detected. Algorithm confidence: 44%. Good entry point for potential gains.,BUY: Momentum entry Q=0.438 >= 0.35,0.43774041902035393,0.6355912013148143,75.36665003488056,39.413522408385916
2024-12-19 00:00:00-05:00,AAPL,248.90640258789062,buy,0.4862545830813204,Strong upward momentum detected. Algorithm confidence: 37%. Good entry point for potential gains.,BUY: Momentum entry Q=0.370 >= 0.35,0.369756645945125,0.7580831030657764,73.70626363483805,5.342201695505281
2024-12-19 00:00:00-05:00,MSFT,434.6416931152344,buy,0.5873831470130877,Strong upward momentum detected. Algorithm confidence: 54%. Good entry point for potential gains.,BUY: Momentum entry Q=0.537 >= 0.35,0.5370083879658888,0.7049242514565519,61.62016833572972,6.306971671694271
2024-12-19 00:00:00-05:00,GOOGL,187.89739990234375,buy,0.7046851612994611,Strong upward momentum detected. Algorithm confidence: 71%. Good entry point for potential gains.,BUY: Momentum entry Q=0.712 >= 0.35,0.7116216768333192,0.6884999583871257,69.29453544967215,5.5312064061971
2024-12-19 00:00:00-05:00,NVDA,130.6588897705078,buy,0.5685778394491796,Strong upward momentum detected. Algorithm confidence: 52%. Good entry point for potential gains.,BUY: Momentum entry Q=0.523 >= 0.35,0.523040838758586,0.6748308410605649,38.66814279734388,-2.3718094682621995
2024-12-19 00:00:00-05:00,TSLA,436.1700134277344,sell,0.8,Algorithm confidence dropped. Exiting position to preserve capital.,SELL: Conviction lost Q=0.286 <= 0.3,0.2858960636829891,0.8168443159797576,72.40854414524134,38.020173311710096
2024-12-20 00:00:00-05:00,AAPL,253.58978271484375,sell,0.85,AI model detects potential price peak. Taking profits.,"SELL: ML profit peak ML=0.905, P&L=$93.67",0.2562722987597695,0.9046883216184659,75.9401579068597,5.563515352500048
2024-12-20 00:00:00-05:00,MSFT,434.21405029296875,hold,0.5405414705325006,Holding position - indicators suggest more upside potential.,"HOLD: swing trade, Q=0.495, P&L=$-4.70 (-0.1%), 24.0h",0.49542636450240907,0.5856565765625921,55.47760269121813,5.420044769988635
2024-12-20 00:00:00-05:00,GOOGL,190.7880096435547,sell,0.85,AI model detects potential price peak. Taking profits.,"SELL: ML profit peak ML=0.685, P&L=$75.16",0.4314216372181337,0.6850431493673862,69.51071615015617,5.521817662710049
2024-12-20 00:00:00-05:00,NVDA,134.67825317382812,sell,0.88,Exit signal triggered. Closing position with loss.,SELL: Swing trade profit 3.1% >= 2.0% (24.0h),0.22527689087771233,0.45140920717218075,44.7020327823954,-2.2000734523861354
2024-12-20 00:00:00-05:00,TSLA,421.05999755859375,buy,0.6965329903532282,Strong upward momentum detected. Algorithm confidence: 66%. Good entry point for potential gains.,BUY: Momentum entry Q=0.660 >= 0.35,0.6604615262660415,0.7806997398899974,65.50788596763405,35.289882316927674
2024-12-23 00:00:00-05:00,AAPL,254.3670196533203,buy,0.46809045510796377,Strong upward momentum detected. Algorithm confidence: 39%. Good entry point for potential gains.,BUY: Momentum entry Q=0.394 >= 0.35,0.39415603794287124,0.6406040951598464,73.8653837132328,5.735509166006892
2024-12-23 00:00:00-05:00,MSFT,432.8714599609375,sell,1.0,End of trading session - closing all positions.,FORCED EXIT: Held for 96.0 hours (max: 48),0.45679060514566866,0.5326790673964023,53.86232962978569,4.556290905755247
2024-12-23 00:00:00-05:00,GOOGL,193.99754333496094,buy,0.4780241424731324,Strong upward momentum detected. Algorithm confidence: 39%. Good entry point for potential gains.,BUY: Momentum entry Q=0.386 >= 0.35,0.3860634425148949,0.6925991090423532,71.49873307461394,5.7075662902017825
2024-12-23 00:00:00-05:00,NVDA,139.64744567871094,buy,0.48072627117344424,Strong upward momentum detected. Algorithm confidence: 40%. Good entry point for potential gains.,BUY: Momentum entry Q=0.397 >= 0.35,0.3973040456721219,0.6753781306765297,49.28066426761983,-1.6440475597588318
2024-12-23 00:00:00-05:00,TSLA,430.6000061035156,sell,1.0,End of trading session - closing all positions.,FORCED EXIT: Held for 72.0 hours (max: 48),0.49062017318934525,0.6572537703040032,68.84161848367734,33.509627862297805
2024-12-24 00:00:00-05:00,AAPL,257.28668212890625,sell,0.85,AI model detects potential price peak. Taking profits.,"SELL: ML profit peak ML=0.632, P&L=$55.47",0.29878333395317236,0.6324345166695274,76.18067072971178,6.037807773889369
2024-12-24 00:00:00-05:00,MSFT,436.9291076660156,buy,0.570344328051114,Strong upward momentum detected. Algorithm confidence: 59%. Good entry point for potential gains.,BUY: Momentum entry Q=0.594 >= 0.35,0.5939458132901656,0.5152741958266607,51.89896820408936,4.151324123575819
2024-12-24 00:00:00-05:00,GOOGL,195.47271728515625,sell,0.85,AI model detects potential price peak. Taking profits.,"SELL: ML profit peak ML=0.635, P&L=$36.88",0.223465220119745,0.6353254994679285,70.66824879393562,5.905730045201466
2024-12-24 00:00:00-05:00,NVDA,140.19737243652344,sell,0.85,AI model detects potential price peak. Taking profits.,"SELL: ML profit peak ML=0.581, P&L=$19.25",0.2813381031053886,0.581171922905718,43.18244425891158,-1.1458103519802307
2024-12-24 00:00:00-05:00,TSLA,462.2799987792969,hold,0.17464407123494508,Waiting for better opportunity. No clear buy signal yet.,"HOLD: No entry signal (Q=0.349, RSI=72.2, ML=0.619)",0.34928814246989015,0.6188647263918741,72.17476930228491,34.26014441058692
2024-12-26 00:00:00-05:00,AAPL,258.1037292480469,buy,0.4448809966780955,Strong upward momentum detected. Algorithm confidence: 35%. Good entry point for potential gains.,BUY: Momentum entry Q=0.354 >= 0.35,0.353911828322517,0.6571423895077787,76.81209540086596,6.271022034311187
2024-12-26 00:00:00-05:00,MSFT,435.7157897949219,sell,1.0,End of trading session - closing all positions.,FORCED EXIT: Held for 48.0 hours (max: 48),0.4924509098415376,0.8272089784981016,45.13062008261407,3.689945029603507
2024-12-26 00:00:00-05:00,GOOGL,194.96438598632812,buy,0.4585439221498221,Strong upward momentum detected. Algorithm confidence: 42%. Good entry point for potential gains.,BUY: Momentum entry Q=0.424 >= 0.35,0.42408982529241523,0.5389368148171049,72.32809357469542,5.953134136588687
2024-12-26 00:00:00-05:00,NVDA,139.90740966796875,buy,0.4655955112203063,Strong upward momentum detected. Algorithm confidence: 37%. Good entry point for potential gains.,BUY: Momentum entry Q=0.373 >= 0.35,0.3733869029680251,0.6807489304756291,42.920219411571935,-0.765526830534327
2024-12-26 00:00:00-05:00,TSLA,454.1300048828125,buy,0.5249232932731225,Strong upward momentum detected. Algorithm confidence: 46%. Good entry point for potential gains.,BUY: Momentum entry Q=0.461 >= 0.35,0.46055663922643764,0.6751121527153873,68.25082696760646,33.80758499188494
2024-12-27 00:00:00-05:00,AAPL,254.6858673095703,hold,0.4615468163486025,Holding position - indicators suggest more upside potential.,"HOLD: swing trade, Q=0.434, P&L=$-64.94 (-1.3%), 24.0h",0.43417826300399864,0.48891536969320637,69.30065637642015,6.109625165939178
2024-12-27 00:00:00-05:00,MSFT,428.1772155761719,buy,0.6505205312243805,Strong upward momentum detected. Algorithm confidence: 65%. Good entry point for potential gains.,BUY: Momentum entry Q=0.653 >= 0.35,0.6531205799926073,0.6444537507651845,37.68410375307926,2.6850472829203227
2024-12-27 00:00:00-05:00,GOOGL,192.1335906982422,hold,0.5950162021519457,Holding position - indicators suggest more upside potential.,"HOLD: swing trade, Q=0.456, P&L=$-70.77 (-1.5%), 24.0h",0.4558301803645723,0.7342022239393192,67.33799657470493,5.696613682226058
2024-12-27 00:00:00-05:00,NVDA,136.98788452148438,sell,0.95,Stop loss triggered to limit losses. Protecting capital.,SELL: Stop loss 2.1% >= 2.0%,0.28052337782726955,0.5883917417105793,42.567751331338876,-0.6917565410238353
2024-12-27 00:00:00-05:00,TSLA,431.6600036621094,sell,0.95,Stop loss triggered to limit losses. Protecting capital.,SELL: Stop loss 4.9% >= 2.0%,0.48905823252577163,0.5802199052558966,59.04441530244565,31.2752652930522
2024-12-30 00:00:00-05:00,AAPL,251.30787658691406,sell,1.0,End of trading session - closing all positions.,FORCED EXIT: Held for 96.0 hours (max: 48),0.49262914421798615,0.6192864931993933,58.3820607677503,5.644079924627391
2024-12-30 00:00:00-05:00,MSFT,422.50836181640625,sell,1.0,End of trading session - closing all positions.,FORCED EXIT: Held for 72.0 hours (max: 48),0.4451887936826931,0.7684324131989294,31.144309145102085,1.4149191497493803
2024-12-30 00:00:00-05:00,GOOGL,190.61856079101562,sell,1.0,End of trading session - closing all positions.,FORCED EXIT: Held for 96.0 hours (max: 48),0.48109206237888114,0.6745701728021753,64.89023611465808,5.309860357209033
2024-12-30 00:00:00-05:00,NVDA,137.46780395507812,hold,0.17491122240808646,Waiting for better opportunity. No clear buy signal yet.,"HOLD: No entry signal (Q=0.350, RSI=48.0, ML=0.556)",0.3498224448161729,0.5562083881787515,48.02277942445195,-0.5877918688867396
2024-12-30 00:00:00-05:00,TSLA,417.4100036621094,buy,0.5838469354661692,Strong upward momentum detected. Algorithm confidence: 57%. Good entry point for potential gains.,BUY: Momentum entry Q=0.570 >= 0.35,0.5700375283650144,0.6160688853688635,55.56182103592152,27.79808871655308
