date,symbol,price,decision,confidence,reason,technical_reason,q_value,ml_confidence,rsi,macd
2025-06-11 00:00:00-04:00,AAPL,198.55465698242188,buy,0.413261874434369,Strong upward momentum detected. Algorithm confidence: 38%. Good entry point for potential gains.,BUY: Momentum entry Q=0.380 >= 0.35,0.3801431537311551,0.490538889408535,50.0,0.0
2025-06-11 00:00:00-04:00,MSFT,471.8443298339844,buy,0.45113788111160524,Strong upward momentum detected. Algorithm confidence: 40%. Good entry point for potential gains.,BUY: Momentum entry Q=0.401 >= 0.35,0.4010791861920476,0.5679415025905732,50.0,0.0
2025-06-11 00:00:00-04:00,GOOGL,177.1915283203125,buy,0.3442625696209371,Strong upward momentum detected. Algorithm confidence: 37%. Good entry point for potential gains.,BUY: Momentum entry Q=0.367 >= 0.35,0.3671002403025992,0.29097467136372573,50.0,0.0
2025-06-11 00:00:00-04:00,TSLA,326.42999267578125,buy,0.4640356124736045,Strong upward momentum detected. Algorithm confidence: 40%. Good entry point for potential gains.,BUY: Momentum entry Q=0.402 >= 0.35,0.4024007742346752,0.6078502350311062,50.0,0.0
2025-06-11 00:00:00-04:00,NVDA,142.8300018310547,buy,0.4708118011007475,Strong upward momentum detected. Algorithm confidence: 48%. Good entry point for potential gains.,BUY: Momentum entry Q=0.484 >= 0.35,0.4843291481513511,0.43927132464933927,50.0,0.0
2025-06-12 00:00:00-04:00,AAPL,198.97418212890625,sell,0.85,AI model detects potential price peak. Taking profits.,"SELL: ML profit peak ML=0.361, P&L=$10.49",0.41432943074342343,0.36117509374523404,50.0,0.0334663934517323
2025-06-12 00:00:00-04:00,MSFT,478.0840759277344,sell,0.85,AI model detects potential price peak. Taking profits.,"SELL: ML profit peak ML=0.479, P&L=$62.40",0.4212076171798021,0.4785232834479455,50.0,0.49775752314815236
2025-06-12 00:00:00-04:00,GOOGL,175.54299926757812,hold,0.432131130699829,Holding position - indicators suggest more upside potential.,"HOLD: swing trade, Q=0.332, P&L=$-46.16 (-0.9%), 24.0h",0.33235263312127233,0.5319096282783857,50.0,-0.13150659110132779
2025-06-12 00:00:00-04:00,TSLA,319.1099853515625,sell,0.95,Stop loss triggered to limit losses. Protecting capital.,SELL: Stop loss 2.2% >= 2.0%,0.24643981242941848,0.5660860481598967,50.0,-0.5839322081998262
2025-06-12 00:00:00-04:00,NVDA,145.0,sell,0.85,AI model detects potential price peak. Taking profits.,"SELL: ML profit peak ML=0.513, P&L=$75.95",0.44100678324236126,0.5132787202395709,50.0,0.17310526703838036
2025-06-13 00:00:00-04:00,AAPL,196.227294921875,buy,0.43569600844676515,Strong upward momentum detected. Algorithm confidence: 41%. Good entry point for potential gains.,BUY: Momentum entry Q=0.410 >= 0.35,0.4103122103798773,0.4949248706028368,50.0,-0.1598197865239115
2025-06-13 00:00:00-04:00,MSFT,474.18048095703125,buy,0.5615500222866686,Strong upward momentum detected. Algorithm confidence: 57%. Good entry point for potential gains.,BUY: Momentum entry Q=0.568 >= 0.35,0.5675863034617282,0.5474653662115295,50.0,0.5706681487705509
2025-06-13 00:00:00-04:00,GOOGL,174.513916015625,sell,1.0,End of trading session - closing all positions.,FORCED EXIT: Held for 48.0 hours (max: 48),0.2121917235632954,0.42882261012325096,50.0,-0.31513228125274395
2025-06-13 00:00:00-04:00,TSLA,325.30999755859375,buy,0.45128874015316034,Strong upward momentum detected. Algorithm confidence: 38%. Good entry point for potential gains.,BUY: Momentum entry Q=0.381 >= 0.35,0.38071485470829647,0.6159611395245095,50.0,-0.5401865860495718
2025-06-13 00:00:00-04:00,NVDA,141.97000122070312,buy,0.5408250168669313,Strong upward momentum detected. Algorithm confidence: 58%. Good entry point for potential gains.,BUY: Momentum entry Q=0.576 >= 0.35,0.5757500110763845,0.45933336371154065,50.0,0.06504703782778165
2025-06-16 00:00:00-04:00,AAPL,198.195068359375,sell,1.0,End of trading session - closing all positions.,FORCED EXIT: Held for 72.0 hours (max: 48),0.21003114013353497,0.5103845819289413,50.0,-0.15246014007718145
2025-06-16 00:00:00-04:00,MSFT,478.3536376953125,sell,1.0,End of trading session - closing all positions.,FORCED EXIT: Held for 72.0 hours (max: 48),0.47764198322423956,0.4834860672415373,50.0,0.9541899098045405
2025-06-16 00:00:00-04:00,GOOGL,176.61204528808594,buy,0.4196813118059688,Strong upward momentum detected. Algorithm confidence: 42%. Good entry point for potential gains.,BUY: Momentum entry Q=0.421 >= 0.35,0.42107477192619913,0.41642990485876485,50.0,-0.28803517594710115
2025-06-16 00:00:00-04:00,TSLA,329.1300048828125,sell,1.0,End of trading session - closing all positions.,FORCED EXIT: Held for 72.0 hours (max: 48),0.24198187704312846,0.575743469381751,50.0,-0.1950270489737136
2025-06-16 00:00:00-04:00,NVDA,144.69000244140625,sell,1.0,End of trading session - closing all positions.,FORCED EXIT: Held for 72.0 hours (max: 48),0.49688698448751906,0.5831510259058768,50.0,0.19662490960971013
2025-06-17 00:00:00-04:00,AAPL,195.418212890625,buy,0.5046139065393195,Strong upward momentum detected. Algorithm confidence: 45%. Good entry point for potential gains.,BUY: Momentum entry Q=0.453 >= 0.35,0.45343020953035645,0.6240425328935666,50.0,-0.3664721337861465
2025-06-17 00:00:00-04:00,MSFT,477.25543212890625,buy,0.5551290907216885,Strong upward momentum detected. Algorithm confidence: 55%. Good entry point for potential gains.,BUY: Momentum entry Q=0.552 >= 0.35,0.5522915264001031,0.5617500741387211,50.0,1.15618982087517
2025-06-17 00:00:00-04:00,GOOGL,175.7927703857422,sell,0.8,Algorithm confidence dropped. Exiting position to preserve capital.,SELL: Conviction lost Q=0.285 <= 0.3,0.28495073312293484,0.5806621032631414,50.0,-0.3288780608553168
2025-06-17 00:00:00-04:00,TSLA,316.3500061035156,buy,0.44120608170267106,Strong upward momentum detected. Algorithm confidence: 42%. Good entry point for potential gains.,BUY: Momentum entry Q=0.415 >= 0.35,0.4150754426785018,0.502177572759066,50.0,-0.9418674618755745
2025-06-17 00:00:00-04:00,NVDA,144.1199951171875,buy,0.5271516324400057,Strong upward momentum detected. Algorithm confidence: 55%. Good entry point for potential gains.,BUY: Momentum entry Q=0.552 >= 0.35,0.552242415591107,0.468606471754103,50.0,0.2520015763432468
2025-06-18 00:00:00-04:00,AAPL,196.35714721679688,sell,0.85,AI model detects potential price peak. Taking profits.,"SELL: ML profit peak ML=0.529, P&L=$23.47",0.2722818603086503,0.5288823859947152,50.0,-0.45506828364943885
2025-06-18 00:00:00-04:00,MSFT,479.4518127441406,sell,0.85,AI model detects potential price peak. Taking profits.,"SELL: ML profit peak ML=0.692, P&L=$21.96",0.44993674920274584,0.6920434879646102,50.0,1.4764857567369063
2025-06-18 00:00:00-04:00,GOOGL,173.16513061523438,hold,0.17400029114576798,Waiting for better opportunity. No clear buy signal yet.,"HOLD: No entry signal (Q=0.348, RSI=50.0, ML=0.485)",0.34800058229153596,0.4845694315847087,50.0,-0.5667418633640295
2025-06-18 00:00:00-04:00,TSLA,322.04998779296875,sell,0.85,AI model detects potential price peak. Taking profits.,"SELL: ML profit peak ML=0.489, P&L=$85.50",0.22569219245139674,0.48946659496846256,50.0,-1.0615659131457278
2025-06-18 00:00:00-04:00,NVDA,145.47999572753906,sell,0.85,AI model detects potential price peak. Taking profits.,"SELL: ML profit peak ML=0.490, P&L=$46.24",0.46930340649665947,0.4897841054007708,50.0,0.4010061180418063
2025-06-20 00:00:00-04:00,AAPL,200.7721405029297,hold,0.17496681048318327,Waiting for better opportunity. No clear buy signal yet.,"HOLD: No entry signal (Q=0.350, RSI=50.0, ML=0.774)",0.34993362096636654,0.7737527547421775,50.0,-0.167102061615509
2025-06-20 00:00:00-04:00,MSFT,476.6164855957031,buy,0.5629855054639022,Strong upward momentum detected. Algorithm confidence: 54%. Good entry point for potential gains.,BUY: Momentum entry Q=0.544 >= 0.35,0.5437050912343342,0.6079731386662278,50.0,1.4844238740553237
2025-06-20 00:00:00-04:00,GOOGL,166.4910888671875,buy,0.41646004127741826,Strong upward momentum detected. Algorithm confidence: 39%. Good entry point for potential gains.,BUY: Momentum entry Q=0.389 >= 0.35,0.38905894262892277,0.4803959381239078,50.0,-1.2790459863889794
2025-06-20 00:00:00-04:00,TSLA,322.1600036621094,buy,0.4775748833195349,Strong upward momentum detected. Algorithm confidence: 45%. Good entry point for potential gains.,BUY: Momentum entry Q=0.447 >= 0.35,0.4470690297041898,0.5487552084220069,50.0,-1.1344729391022952
2025-06-20 00:00:00-04:00,NVDA,143.85000610351562,buy,0.672475028808444,Strong upward momentum detected. Algorithm confidence: 69%. Good entry point for potential gains.,BUY: Momentum entry Q=0.687 >= 0.35,0.6865597017549154,0.6396107919333441,50.0,0.38315003548422055
2025-06-23 00:00:00-04:00,AAPL,201.27157592773438,buy,0.598653992475135,Strong upward momentum detected. Algorithm confidence: 58%. Good entry point for potential gains.,BUY: Momentum entry Q=0.579 >= 0.35,0.5794830609743173,0.6433861659770428,50.0,0.10025779935409673
2025-06-23 00:00:00-04:00,MSFT,485.2023620605469,sell,1.0,End of trading session - closing all positions.,FORCED EXIT: Held for 72.0 hours (max: 48),0.4272597301441175,0.4943427722591444,50.0,2.1586399076221596
2025-06-23 00:00:00-04:00,GOOGL,165.04238891601562,sell,1.0,End of trading session - closing all positions.,FORCED EXIT: Held for 72.0 hours (max: 48),0.25509788208723067,0.6520508594287956,50.0,-1.9381088026827626
2025-06-23 00:00:00-04:00,TSLA,348.67999267578125,sell,1.0,End of trading session - closing all positions.,FORCED EXIT: Held for 72.0 hours (max: 48),0.48200377089513513,0.44931805024418725,50.0,0.9368893173112269
2025-06-23 00:00:00-04:00,NVDA,144.1699981689453,sell,1.0,End of trading session - closing all positions.,FORCED EXIT: Held for 72.0 hours (max: 48),0.5079259340656863,0.5545691325430517,50.0,0.3903202776117496
2025-06-24 00:00:00-04:00,AAPL,200.07293701171875,hold,0.4694929901649867,Holding position - indicators suggest more upside potential.,"HOLD: swing trade, Q=0.444, P&L=$-28.77 (-0.6%), 24.0h",0.44393117193673387,0.49505480839323945,50.0,0.21296731764692822
2025-06-24 00:00:00-04:00,MSFT,489.30560302734375,buy,0.6476392079924054,Strong upward momentum detected. Algorithm confidence: 64%. Good entry point for potential gains.,BUY: Momentum entry Q=0.641 >= 0.35,0.6414419310496932,0.6620995208587341,50.0,2.9895960234931636
2025-06-24 00:00:00-04:00,GOOGL,166.62098693847656,buy,0.4946313728675763,Strong upward momentum detected. Algorithm confidence: 45%. Good entry point for potential gains.,BUY: Momentum entry Q=0.450 >= 0.35,0.4500522651395433,0.5986492908996534,50.0,-2.306453801660382
2025-06-24 00:00:00-04:00,TSLA,340.4700012207031,buy,0.6194093093076434,Strong upward momentum detected. Algorithm confidence: 63%. Good entry point for potential gains.,BUY: Momentum entry Q=0.627 >= 0.35,0.6271673091029897,0.6013073097851687,50.0,1.8941465893975646
2025-06-24 00:00:00-04:00,NVDA,147.89999389648438,buy,0.5471791752462793,Strong upward momentum detected. Algorithm confidence: 64%. Good entry point for potential gains.,BUY: Momentum entry Q=0.641 >= 0.35,0.6410013175695012,0.3282608431587619,50.0,0.6890394110752993
2025-06-25 00:00:00-04:00,AAPL,201.33151245117188,sell,1.0,End of trading session - closing all positions.,FORCED EXIT: Held for 48.0 hours (max: 48),0.3660717554140046,0.5589444195138917,50.0,0.39924469817293584
2025-06-25 00:00:00-04:00,MSFT,491.4620666503906,sell,0.85,AI model detects potential price peak. Taking profits.,"SELL: ML profit peak ML=0.654, P&L=$21.56",0.5087294160957366,0.6539264814434378,50.0,3.778586135219257
2025-06-25 00:00:00-04:00,GOOGL,170.52748107910156,sell,0.88,Exit signal triggered. Closing position with loss.,SELL: Swing trade profit 2.3% >= 2.0% (24.0h),0.23986357658763463,0.6170326283983105,50.0,-2.2571296523005913
2025-06-25 00:00:00-04:00,TSLA,327.54998779296875,sell,0.95,Stop loss triggered to limit losses. Protecting capital.,SELL: Stop loss 3.8% >= 2.0%,0.4518699968455026,0.62434518418766,50.0,1.591892422701278
2025-06-25 00:00:00-04:00,NVDA,154.30999755859375,sell,0.88,Exit signal triggered. Closing position with loss.,SELL: Swing trade profit 4.3% >= 2.0% (24.0h),0.4818745102859329,0.5913588863668532,50.0,1.4265656406970493
2025-06-26 00:00:00-04:00,AAPL,200.7721405029297,buy,0.49919029474563165,Strong upward momentum detected. Algorithm confidence: 52%. Good entry point for potential gains.,BUY: Momentum entry Q=0.519 >= 0.35,0.5185036658638387,0.4541257621364819,50.0,0.49601645401673977
2025-06-26 00:00:00-04:00,MSFT,496.6335754394531,buy,0.5957359471985413,Strong upward momentum detected. Algorithm confidence: 63%. Good entry point for potential gains.,BUY: Momentum entry Q=0.629 >= 0.35,0.6288680692295326,0.5184276624595615,50.0,4.76622198216387
2025-06-26 00:00:00-04:00,GOOGL,173.38491821289062,buy,0.3821065096554628,Strong upward momentum detected. Algorithm confidence: 37%. Good entry point for potential gains.,BUY: Momentum entry Q=0.367 >= 0.35,0.36749880401481894,0.41619115615029856,50.0,-1.9648193975164077
2025-06-26 00:00:00-04:00,TSLA,325.7799987792969,buy,0.6188670241767249,Strong upward momentum detected. Algorithm confidence: 58%. Good entry point for potential gains.,BUY: Momentum entry Q=0.583 >= 0.35,0.5830460497715967,0.7024492977886907,50.0,1.1957466736553783
2025-06-26 00:00:00-04:00,NVDA,155.02000427246094,buy,0.5586787485212567,Strong upward momentum detected. Algorithm confidence: 58%. Good entry point for potential gains.,BUY: Momentum entry Q=0.576 >= 0.35,0.5761147701192777,0.5179946981258742,50.0,2.0447811352026974
2025-06-27 00:00:00-04:00,AAPL,200.85205078125,sell,0.85,AI model detects potential price peak. Taking profits.,"SELL: ML profit peak ML=0.675, P&L=$1.92",0.4346935538300035,0.6753462091789186,50.0,0.5725567811790029
2025-06-27 00:00:00-04:00,MSFT,495.1260681152344,hold,0.46036019123433675,Holding position - indicators suggest more upside potential.,"HOLD: swing trade, Q=0.512, P&L=$-15.08 (-0.3%), 24.0h",0.5119180899574234,0.4088022925112501,50.0,5.365437836588342
2025-06-27 00:00:00-04:00,GOOGL,178.37046813964844,sell,0.88,Exit signal triggered. Closing position with loss.,SELL: Swing trade profit 2.9% >= 2.0% (24.0h),0.23828797449387987,0.5163928751135909,50.0,-1.3157026009211847
2025-06-27 00:00:00-04:00,TSLA,323.6300048828125,hold,0.5366768399483648,Holding position - indicators suggest more upside potential.,"HOLD: swing trade, Q=0.494, P&L=$-32.25 (-0.7%), 24.0h",0.4943383527506205,0.5790153271461091,50.0,0.7002398452114562
2025-06-27 00:00:00-04:00,NVDA,157.75,sell,0.85,AI model detects potential price peak. Taking profits.,"SELL: ML profit peak ML=0.605, P&L=$87.36",0.4830336719488111,0.605436452888961,50.0,2.7236130919529273
2025-06-30 00:00:00-04:00,AAPL,204.93740844726562,buy,0.6207112366874133,Strong upward momentum detected. Algorithm confidence: 59%. Good entry point for potential gains.,BUY: Momentum entry Q=0.593 >= 0.35,0.5933210017409019,0.6846217848959402,50.0,0.9518968879976342
2025-06-30 00:00:00-04:00,MSFT,496.5936584472656,sell,1.0,End of trading session - closing all positions.,FORCED EXIT: Held for 96.0 hours (max: 48),0.47572643882288707,0.5678689175744154,50.0,5.890837089913873
2025-06-30 00:00:00-04:00,GOOGL,176.07252502441406,buy,0.42822392999772363,Strong upward momentum detected. Algorithm confidence: 37%. Good entry point for potential gains.,BUY: Momentum entry Q=0.374 >= 0.35,0.37386710145065993,0.5550565299408724,50.0,-0.9754532498077708
2025-06-30 00:00:00-04:00,TSLA,317.6600036621094,sell,1.0,End of trading session - closing all positions.,FORCED EXIT: Held for 96.0 hours (max: 48),0.20220440234888584,0.5378499458204063,50.0,-0.172197110294519
2025-06-30 00:00:00-04:00,NVDA,157.99000549316406,buy,0.5662131424620643,Strong upward momentum detected. Algorithm confidence: 62%. Good entry point for potential gains.,BUY: Momentum entry Q=0.619 >= 0.35,0.6186695520672274,0.4438148533833506,50.0,3.2435689026284535
2025-07-01 00:00:00-04:00,AAPL,207.58441162109375,sell,0.85,AI model detects potential price peak. Taking profits.,"SELL: ML profit peak ML=0.597, P&L=$63.53",0.4579939518535859,0.5970554322035039,69.13629990272977,1.449409795947247
2025-07-01 00:00:00-04:00,MSFT,491.242431640625,buy,0.6188425238872644,Strong upward momentum detected. Algorithm confidence: 60%. Good entry point for potential gains.,BUY: Momentum entry Q=0.605 >= 0.35,0.6047123207641272,0.6518129978412512,69.87924903596259,5.808464143244123
2025-07-01 00:00:00-04:00,GOOGL,175.682861328125,sell,0.8,Algorithm confidence dropped. Exiting position to preserve capital.,SELL: Conviction lost Q=0.250 <= 0.3,0.2500048956894653,0.6036667896669486,47.669010418631316,-0.7288441299806152
2025-07-01 00:00:00-04:00,TSLA,300.7099914550781,buy,0.4098288891050508,Strong upward momentum detected. Algorithm confidence: 37%. Good entry point for potential gains.,BUY: Momentum entry Q=0.369 >= 0.35,0.36884452693710373,0.5054590674969273,38.353560001359774,-2.205905703228609
2025-07-01 00:00:00-04:00,NVDA,153.3000030517578,sell,0.95,Stop loss triggered to limit losses. Protecting capital.,SELL: Stop loss 3.0% >= 2.0%,0.4974307618226447,0.6473859922416436,67.27153095354602,3.2398466917049973
2025-07-02 00:00:00-04:00,AAPL,212.1991729736328,buy,0.4673093634991429,Strong upward momentum detected. Algorithm confidence: 41%. Good entry point for potential gains.,BUY: Momentum entry Q=0.410 >= 0.35,0.4101634982685693,0.6006497157038149,74.18552331144879,2.1908107314841345
2025-07-02 00:00:00-04:00,MSFT,490.2840270996094,hold,0.46265043084976454,Holding position - indicators suggest more upside potential.,"HOLD: swing trade, Q=0.403, P&L=$-9.58 (-0.2%), 24.0h",0.4025938375325051,0.522707024167024,68.53301843388645,5.60127968724521
2025-07-02 00:00:00-04:00,GOOGL,178.48036193847656,buy,0.4691701917602935,Strong upward momentum detected. Algorithm confidence: 36%. Good entry point for potential gains.,BUY: Momentum entry Q=0.359 >= 0.35,0.35894324822350077,0.7263663933461432,51.83288609740759,-0.30416349874920456
2025-07-02 00:00:00-04:00,TSLA,315.6499938964844,sell,0.88,Exit signal triggered. Closing position with loss.,SELL: Swing trade profit 5.0% >= 2.0% (24.0h),0.22044885571929285,0.6363197446785948,45.7003839284171,-2.58233354335556
2025-07-02 00:00:00-04:00,NVDA,157.25,hold,0.16115776586269875,Waiting for better opportunity. No clear buy signal yet.,"HOLD: No entry signal (Q=0.322, RSI=71.0, ML=0.654)",0.3223155317253975,0.6535425414594194,71.0449510814546,3.515108571420143
2025-07-03 00:00:00-04:00,AAPL,213.30792236328125,sell,0.85,AI model detects potential price peak. Taking profits.,"SELL: ML profit peak ML=0.727, P&L=$25.50",0.2905077043969276,0.7268747417483588,74.80122081940638,2.8351611510193493
2025-07-03 00:00:00-04:00,MSFT,498.02130126953125,sell,1.0,End of trading session - closing all positions.,FORCED EXIT: Held for 48.0 hours (max: 48),0.4457267236282424,0.6251687750712751,69.45256163423397,5.992341888410863
2025-07-03 00:00:00-04:00,GOOGL,179.36956787109375,hold,0.36991202254909744,Holding position - indicators suggest more upside potential.,"HOLD: swing trade, Q=0.410, P&L=$24.90 (0.5%), 24.0h",0.41021190174418337,0.3296121433540115,55.561992379313246,0.10296354882041214
2025-07-03 00:00:00-04:00,TSLA,315.3500061035156,hold,0.15511455690015996,Waiting for better opportunity. No clear buy signal yet.,"HOLD: No entry signal (Q=0.310, RSI=48.4, ML=0.554)",0.3102291138003199,0.5537566379629493,48.41136582541748,-2.871757987984097
2025-07-03 00:00:00-04:00,NVDA,159.33999633789062,hold,0.16542301669461806,Waiting for better opportunity. No clear buy signal yet.,"HOLD: No entry signal (Q=0.331, RSI=71.0, ML=0.371)",0.3308460333892361,0.37120406788882143,70.9771787751895,3.8574347255424186
2025-07-07 00:00:00-04:00,AAPL,209.7119903564453,buy,0.48701793916492986,Strong upward momentum detected. Algorithm confidence: 41%. Good entry point for potential gains.,BUY: Momentum entry Q=0.414 >= 0.35,0.41392823283243757,0.6575605872740785,72.66617866652851,3.0208295971068537
2025-07-07 00:00:00-04:00,MSFT,496.90313720703125,buy,0.4712701247789173,Strong upward momentum detected. Algorithm confidence: 43%. Good entry point for potential gains.,BUY: Momentum entry Q=0.426 >= 0.35,0.4263203388237194,0.5761529586743792,73.44459642255288,6.141242583615792
2025-07-07 00:00:00-04:00,GOOGL,176.63201904296875,sell,1.0,End of trading session - closing all positions.,FORCED EXIT: Held for 120.0 hours (max: 48),0.5028752477185409,0.6686957614234457,52.933032899529906,0.2023843941162795
2025-07-07 00:00:00-04:00,TSLA,293.94000244140625,buy,0.41252111695789606,Strong upward momentum detected. Algorithm confidence: 37%. Good entry point for potential gains.,BUY: Momentum entry Q=0.374 >= 0.35,0.3737111117009394,0.5030777958907949,38.25533583506659,-4.773708964793229
2025-07-07 00:00:00-04:00,NVDA,158.24000549316406,buy,0.5310458254101513,Strong upward momentum detected. Algorithm confidence: 44%. Good entry point for potential gains.,BUY: Momentum entry Q=0.443 >= 0.35,0.44323474102526006,0.7359383556415645,75.22482476041324,3.9939310498418763
2025-07-08 00:00:00-04:00,AAPL,209.7719268798828,sell,0.85,AI model detects potential price peak. Taking profits.,"SELL: ML profit peak ML=0.525, P&L=$1.38",0.26377448435162865,0.524502974846376,70.79292553637565,3.1366521809868573
2025-07-08 00:00:00-04:00,MSFT,495.804931640625,hold,0.4253114448773606,Holding position - indicators suggest more upside potential.,"HOLD: swing trade, Q=0.499, P&L=$-10.98 (-0.2%), 24.0h",0.4988496320411076,0.35177325771361356,69.22567960473054,6.100310859933529
2025-07-08 00:00:00-04:00,GOOGL,174.20419311523438,buy,0.5936497858761332,Strong upward momentum detected. Algorithm confidence: 60%. Good entry point for potential gains.,BUY: Momentum entry Q=0.596 >= 0.35,0.5958427213525246,0.5885329364312201,46.69590776741516,0.08429912033659548
2025-07-08 00:00:00-04:00,TSLA,297.80999755859375,sell,0.85,AI model detects potential price peak. Taking profits.,"SELL: ML profit peak ML=0.504, P&L=$65.79",0.24954182561505311,0.5038123922368913,38.27843823067456,-5.9007226955113765
2025-07-08 00:00:00-04:00,NVDA,160.0,sell,0.85,AI model detects potential price peak. Taking profits.,"SELL: ML profit peak ML=0.520, P&L=$54.56",0.26885129478226316,0.5200790850169787,74.46469848143488,4.195756152902845
2025-07-09 00:00:00-04:00,AAPL,210.90065002441406,hold,0.1489158483618759,Waiting for better opportunity. No clear buy signal yet.,"HOLD: No entry signal (Q=0.298, RSI=79.6, ML=0.565)",0.2978316967237518,0.5654307410055526,79.55755300747083,3.281691639362691
2025-07-09 00:00:00-04:00,MSFT,502.68365478515625,sell,1.0,End of trading session - closing all positions.,FORCED EXIT: Held for 48.0 hours (max: 48),0.32947238708394916,0.58136242586397,74.8488015059012,6.547452684989025
2025-07-09 00:00:00-04:00,GOOGL,176.46217346191406,sell,0.85,AI model detects potential price peak. Taking profits.,"SELL: ML profit peak ML=0.421, P&L=$63.22",0.4443129990724017,0.42061644893692773,50.88367408601068,0.1709452825482458
2025-07-09 00:00:00-04:00,TSLA,295.8800048828125,buy,0.5348114666949264,Strong upward momentum detected. Algorithm confidence: 50%. Good entry point for potential gains.,BUY: Momentum entry Q=0.499 >= 0.35,0.4987554893313904,0.6189420805431769,41.661911890074045,-6.8704254877829385
2025-07-09 00:00:00-04:00,NVDA,162.8800048828125,buy,0.4118500732292919,Strong upward momentum detected. Algorithm confidence: 35%. Good entry point for potential gains.,BUY: Momentum entry Q=0.353 >= 0.35,0.3532825041760972,0.5485077343534128,77.91670148337336,4.535810327970921
2025-07-10 00:00:00-04:00,AAPL,212.16920471191406,buy,0.5483247640705726,Strong upward momentum detected. Algorithm confidence: 53%. Good entry point for potential gains.,BUY: Momentum entry Q=0.531 >= 0.35,0.5313931482805336,0.5878318675806639,79.81163525432233,3.4591235930547555
2025-07-10 00:00:00-04:00,MSFT,500.656982421875,buy,0.49178663545922496,Strong upward momentum detected. Algorithm confidence: 50%. Good entry point for potential gains.,BUY: Momentum entry Q=0.503 >= 0.35,0.5034919550707722,0.46447422303228164,70.7909371572126,6.661490761850757
2025-07-10 00:00:00-04:00,GOOGL,177.46127319335938,buy,0.6080534582521405,Strong upward momentum detected. Algorithm confidence: 63%. Good entry point for potential gains.,BUY: Momentum entry Q=0.628 >= 0.35,0.6277336863624986,0.5621329259946383,55.92610803015085,0.31658262146126503
2025-07-10 00:00:00-04:00,TSLA,309.8699951171875,sell,0.88,Exit signal triggered. Closing position with loss.,SELL: Swing trade profit 4.7% >= 2.0% (24.0h),0.31774441090876804,0.5915143600266468,45.352566117937045,-6.4358580785552135
2025-07-10 00:00:00-04:00,NVDA,164.10000610351562,sell,0.85,AI model detects potential price peak. Taking profits.,"SELL: ML profit peak ML=0.562, P&L=$36.60",0.32389476843007997,0.5624348339519577,77.82430308190364,4.847866427718856
2025-07-11 00:00:00-04:00,AAPL,210.92062377929688,sell,0.8,Algorithm confidence dropped. Exiting position to preserve capital.,SELL: Conviction lost Q=0.148 <= 0.3,0.14809301176228837,0.591801901877493,71.72794196917734,3.4591151223419843
2025-07-11 00:00:00-04:00,MSFT,502.49395751953125,sell,0.85,AI model detects potential price peak. Taking profits.,"SELL: ML profit peak ML=0.501, P&L=$16.53",0.20148930927806566,0.5006386861131157,75.878593371661,6.82146173285912
2025-07-11 00:00:00-04:00,GOOGL,180.02899169921875,sell,0.85,AI model detects potential price peak. Taking profits.,"SELL: ML profit peak ML=0.630, P&L=$71.90",0.19427120699590927,0.6303982666355388,71.06000256360348,0.6319104159891822
2025-07-11 00:00:00-04:00,TSLA,313.510009765625,buy,0.37896329822739383,Strong upward momentum detected. Algorithm confidence: 36%. Good entry point for potential gains.,BUY: Momentum entry Q=0.358 >= 0.35,0.3577651066033181,0.42842574535023725,46.78606101384959,-5.731670386224437
2025-07-11 00:00:00-04:00,NVDA,164.9199981689453,buy,0.5036158397342249,Strong upward momentum detected. Algorithm confidence: 41%. Good entry point for potential gains.,BUY: Momentum entry Q=0.411 >= 0.35,0.4114396495934656,0.7186936167293299,82.26647144127652,5.102520956356557
2025-07-14 00:00:00-04:00,AAPL,208.3834991455078,buy,0.5597097678577142,Strong upward momentum detected. Algorithm confidence: 55%. Good entry point for potential gains.,BUY: Momentum entry Q=0.548 >= 0.35,0.5475980332152053,0.5879704820235685,64.00468979392912,3.2172966617110035
2025-07-14 00:00:00-04:00,MSFT,502.1944274902344,buy,0.4469674340680639,Strong upward momentum detected. Algorithm confidence: 48%. Good entry point for potential gains.,BUY: Momentum entry Q=0.482 >= 0.35,0.48190865624738244,0.365437915649654,70.36856838078961,6.845163525666919
2025-07-14 00:00:00-04:00,GOOGL,181.3977508544922,buy,0.4614899401617043,Strong upward momentum detected. Algorithm confidence: 44%. Good entry point for potential gains.,BUY: Momentum entry Q=0.443 >= 0.35,0.44330577686730693,0.5039196545152982,75.50637239900989,0.9809496130799857
2025-07-14 00:00:00-04:00,TSLA,316.8999938964844,sell,1.0,End of trading session - closing all positions.,FORCED EXIT: Held for 72.0 hours (max: 48),0.2642688821895395,0.38506236041708847,35.74120298548743,-4.844212116708945
2025-07-14 00:00:00-04:00,NVDA,164.07000732421875,sell,1.0,End of trading session - closing all positions.,FORCED EXIT: Held for 72.0 hours (max: 48),0.20399854098968417,0.6013054909645568,79.98797875173088,5.176082688258589
2025-07-15 00:00:00-04:00,AAPL,208.87295532226562,sell,0.85,AI model detects potential price peak. Taking profits.,"SELL: ML profit peak ML=0.494, P&L=$11.26",0.4300912621133478,0.4936599605825323,67.82676645470158,3.030218341565302
2025-07-15 00:00:00-04:00,MSFT,504.9898376464844,sell,0.85,AI model detects potential price peak. Taking profits.,"SELL: ML profit peak ML=0.616, P&L=$25.16",0.5234996634566027,0.6158274462677283,69.40942499964123,7.008721426790771
2025-07-15 00:00:00-04:00,GOOGL,181.83737182617188,sell,0.85,AI model detects potential price peak. Taking profits.,"SELL: ML profit peak ML=0.486, P&L=$11.87",0.29007496239114045,0.48589059273226176,74.6041873609382,1.2783039377372063
2025-07-15 00:00:00-04:00,TSLA,310.7799987792969,hold,0.15511152535794842,Waiting for better opportunity. No clear buy signal yet.,"HOLD: No entry signal (Q=0.310, RSI=36.4, ML=0.370)",0.31022305071589684,0.36999141905404,36.42432141282325,-4.5819100959045045
2025-07-15 00:00:00-04:00,NVDA,170.6999969482422,buy,0.3689827672734389,Strong upward momentum detected. Algorithm confidence: 35%. Good entry point for potential gains.,BUY: Momentum entry Q=0.354 >= 0.35,0.35367691099476006,0.40469643192368965,81.59648167907713,5.703617887667889
2025-07-16 00:00:00-04:00,AAPL,209.92176818847656,buy,0.587461440024814,Strong upward momentum detected. Algorithm confidence: 58%. Good entry point for potential gains.,BUY: Momentum entry Q=0.576 >= 0.35,0.5757656314311691,0.6147516600766524,67.55099559487846,2.9327805889942624
2025-07-16 00:00:00-04:00,MSFT,504.7901611328125,buy,0.6156562302875309,Strong upward momentum detected. Algorithm confidence: 58%. Good entry point for potential gains.,BUY: Momentum entry Q=0.583 >= 0.35,0.5831615982812016,0.6914770383022992,67.33313383504243,7.04106500148896
2025-07-16 00:00:00-04:00,GOOGL,182.80650329589844,buy,0.47084671085168395,Strong upward momentum detected. Algorithm confidence: 42%. Good entry point for potential gains.,BUY: Momentum entry Q=0.419 >= 0.35,0.41944252425149453,0.5907898129187926,71.93858968039676,1.5740159168885839
2025-07-16 00:00:00-04:00,TSLA,321.6700134277344,buy,0.44185491547921274,Strong upward momentum detected. Algorithm confidence: 41%. Good entry point for potential gains.,BUY: Momentum entry Q=0.413 >= 0.35,0.41317137843412133,0.5087831685844261,47.26054060940193,-3.4554681977247697
2025-07-16 00:00:00-04:00,NVDA,171.3699951171875,sell,0.85,AI model detects potential price peak. Taking profits.,"SELL: ML profit peak ML=0.529, P&L=$19.43",0.1892035634434793,0.5285794524234978,78.11472771530306,6.105377594270038
2025-07-17 00:00:00-04:00,AAPL,209.78192138671875,hold,0.49030125125552204,Holding position - indicators suggest more upside potential.,"HOLD: swing trade, Q=0.457, P&L=$-3.22 (-0.1%), 24.0h",0.4574957730065487,0.5231067295044953,68.72921188006758,2.8118625982187098
2025-07-17 00:00:00-04:00,MSFT,510.8601989746094,sell,0.85,AI model detects potential price peak. Taking profits.,"SELL: ML profit peak ML=0.583, P&L=$54.63",0.45975638688760245,0.5825319408182503,68.079145562993,7.470384894954464
2025-07-17 00:00:00-04:00,GOOGL,183.41595458984375,sell,0.85,AI model detects potential price peak. Taking profits.,"SELL: ML profit peak ML=0.580, P&L=$16.46",0.351392343852961,0.5803786177461425,69.48757929685183,1.8363787853488134
2025-07-17 00:00:00-04:00,TSLA,319.4100036621094,hold,0.3734782076497012,Holding position - indicators suggest more upside potential.,"HOLD: swing trade, Q=0.305, P&L=$-33.90 (-0.7%), 24.0h",0.3046593067446195,0.4422971085547829,47.045730794249636,-2.7138353733577674
2025-07-17 00:00:00-04:00,NVDA,173.0,buy,0.5247973644525685,Strong upward momentum detected. Algorithm confidence: 44%. Good entry point for potential gains.,BUY: Momentum entry Q=0.437 >= 0.35,0.4373572071880647,0.728824398069744,78.7588234805992,6.480598522068533
2025-07-18 00:00:00-04:00,AAPL,210.9405975341797,sell,1.0,End of trading session - closing all positions.,FORCED EXIT: Held for 48.0 hours (max: 48),0.19583905803509316,0.6099127464176632,70.0715049431731,2.777512268511458
2025-07-18 00:00:00-04:00,MSFT,509.212890625,buy,0.6653208323759042,Strong upward momentum detected. Algorithm confidence: 64%. Good entry point for potential gains.,BUY: Momentum entry Q=0.643 >= 0.35,0.6434311351204054,0.7163967926387349,67.83810500590872,7.590204830379321
2025-07-18 00:00:00-04:00,GOOGL,184.89462280273438,buy,0.6195655040057048,Strong upward momentum detected. Algorithm confidence: 73%. Good entry point for potential gains.,BUY: Momentum entry Q=0.726 >= 0.35,0.7258293069930043,0.37161663036867254,64.67413425878576,2.1389627843405776
2025-07-18 00:00:00-04:00,TSLA,329.6499938964844,sell,1.0,End of trading session - closing all positions.,FORCED EXIT: Held for 48.0 hours (max: 48),0.24938150539569626,0.5111695384886719,52.5970618337774,-1.284991798551971
2025-07-18 00:00:00-04:00,NVDA,172.41000366210938,sell,0.8,Algorithm confidence dropped. Exiting position to preserve capital.,SELL: Conviction lost Q=0.255 <= 0.3,0.2547189605331211,0.5621736789703433,75.17174018526457,6.653656822910023
2025-07-21 00:00:00-04:00,AAPL,212.23912048339844,buy,0.630728910042574,Strong upward momentum detected. Algorithm confidence: 64%. Good entry point for potential gains.,BUY: Momentum entry Q=0.637 >= 0.35,0.6366902429640392,0.6168191332258222,66.33881483029347,2.822532931857836
2025-07-21 00:00:00-04:00,MSFT,509.2228698730469,sell,1.0,End of trading session - closing all positions.,FORCED EXIT: Held for 72.0 hours (max: 48),0.47207794195720226,0.5292081876999228,66.60532803461714,7.598378852788528
2025-07-21 00:00:00-04:00,GOOGL,189.9301300048828,sell,1.0,End of trading session - closing all positions.,FORCED EXIT: Held for 72.0 hours (max: 48),0.2258769477228502,0.4879336301714414,77.75108447076971,2.753347257974525
2025-07-21 00:00:00-04:00,TSLA,328.489990234375,buy,0.4258326737180059,Strong upward momentum detected. Algorithm confidence: 39%. Good entry point for potential gains.,BUY: Momentum entry Q=0.388 >= 0.35,0.3881022150640178,0.5138704105773115,54.8744202580245,-0.24341958280621157
2025-07-21 00:00:00-04:00,NVDA,171.3800048828125,hold,0.14707987078884352,Waiting for better opportunity. No clear buy signal yet.,"HOLD: No entry signal (Q=0.294, RSI=72.4, ML=0.553)",0.29415974157768704,0.5525131187332619,72.38384861790684,6.631253516982611
2025-07-22 00:00:00-04:00,AAPL,214.15695190429688,sell,0.85,AI model detects potential price peak. Taking profits.,"SELL: ML profit peak ML=0.494, P&L=$44.11",0.44316482543577174,0.4938981234800149,65.20329748678873,2.9786293149859944
2025-07-22 00:00:00-04:00,MSFT,504.44073486328125,buy,0.5474058176327516,Strong upward momentum detected. Algorithm confidence: 53%. Good entry point for potential gains.,BUY: Momentum entry Q=0.527 >= 0.35,0.5272986019717475,0.5943226541750949,67.61723587303656,7.136710933922245
2025-07-22 00:00:00-04:00,GOOGL,191.1690216064453,buy,0.4734756387083038,Strong upward momentum detected. Algorithm confidence: 43%. Good entry point for potential gains.,BUY: Momentum entry Q=0.427 >= 0.35,0.4269856290506526,0.5819523279094899,79.99228103646885,3.3021543977500016
2025-07-22 00:00:00-04:00,TSLA,332.1099853515625,sell,0.85,AI model detects potential price peak. Taking profits.,"SELL: ML profit peak ML=0.599, P&L=$54.30",0.4709689233690713,0.5991648191469432,66.05973842159531,0.8641755765742118
2025-07-22 00:00:00-04:00,NVDA,167.02999877929688,hold,0.14375441686496182,Waiting for better opportunity. No clear buy signal yet.,"HOLD: No entry signal (Q=0.288, RSI=73.2, ML=0.648)",0.28750883372992364,0.6480918456768612,73.21612036140208,6.191122194770571
2025-07-23 00:00:00-04:00,AAPL,213.9072265625,buy,0.6594975635087661,Strong upward momentum detected. Algorithm confidence: 65%. Good entry point for potential gains.,BUY: Momentum entry Q=0.654 >= 0.35,0.653729649357247,0.6729560298623107,54.950744210443446,3.0470614475500213
2025-07-23 00:00:00-04:00,MSFT,505.0397644042969,sell,0.85,AI model detects potential price peak. Taking profits.,"SELL: ML profit peak ML=0.624, P&L=$5.39",0.4195683952040988,0.6243781316717678,69.88690954079416,6.741461092681618
2025-07-23 00:00:00-04:00,GOOGL,190.0600128173828,sell,0.8,Algorithm confidence dropped. Exiting position to preserve capital.,SELL: Conviction lost Q=0.261 <= 0.3,0.2605235521938364,0.6844959943547937,73.99587675806941,3.606032174825515
2025-07-23 00:00:00-04:00,TSLA,332.55999755859375,buy,0.608232300045184,Strong upward momentum detected. Algorithm confidence: 62%. Good entry point for potential gains.,BUY: Momentum entry Q=0.618 >= 0.35,0.6178112034608767,0.585881525408568,60.15372036336703,1.7579998168026805
2025-07-23 00:00:00-04:00,NVDA,170.77999877929688,hold,0.1161604894406078,Waiting for better opportunity. No clear buy signal yet.,"HOLD: No entry signal (Q=0.232, RSI=73.0, ML=0.611)",0.2323209788812156,0.6108623486473206,73.03373355015353,6.074881162327898
2025-07-24 00:00:00-04:00,AAPL,213.51766967773438,hold,0.4526178090176024,Holding position - indicators suggest more upside potential.,"HOLD: swing trade, Q=0.460, P&L=$-8.96 (-0.2%), 24.0h",0.4597997910421815,0.44543582699302336,50.63439524309715,3.0348762563576486
2025-07-24 00:00:00-04:00,MSFT,510.0415344238281,buy,0.6467055825280087,Strong upward momentum detected. Algorithm confidence: 64%. Good entry point for potential gains.,BUY: Momentum entry Q=0.644 >= 0.35,0.6438178611779091,0.6534435990115748,67.4897671192609,6.75396824320859
2025-07-24 00:00:00-04:00,GOOGL,191.99827575683594,hold,0.1568280360074451,Waiting for better opportunity. No clear buy signal yet.,"HOLD: No entry signal (Q=0.314, RSI=75.1, ML=0.422)",0.3136560720148902,0.42177276351690907,75.07937729654776,3.957637936367263
2025-07-24 00:00:00-04:00,TSLA,305.29998779296875,sell,0.95,Stop loss triggered to limit losses. Protecting capital.,SELL: Stop loss 8.2% >= 2.0%,0.37089375893108895,0.5121031571136778,45.44134205348424,0.26366760414782675
2025-07-24 00:00:00-04:00,NVDA,173.74000549316406,buy,0.41853984198151983,Strong upward momentum detected. Algorithm confidence: 42%. Good entry point for potential gains.,BUY: Momentum entry Q=0.416 >= 0.35,0.41615758688417187,0.42409843720866525,73.80955865026212,6.150705605112023
2025-07-25 00:00:00-04:00,AAPL,213.63754272460938,sell,1.0,End of trading session - closing all positions.,FORCED EXIT: Held for 48.0 hours (max: 48),0.3869697293530855,0.6437815804321351,65.03441496890439,3.0003064919963265
2025-07-25 00:00:00-04:00,MSFT,512.866943359375,sell,0.85,AI model detects potential price peak. Taking profits.,"SELL: ML profit peak ML=0.660, P&L=$25.43",0.2744526833746587,0.6604056529979114,72.12839581376853,6.912187740694037
2025-07-25 00:00:00-04:00,GOOGL,193.0073699951172,hold,0.1446335153329006,Waiting for better opportunity. No clear buy signal yet.,"HOLD: No entry signal (Q=0.289, RSI=84.9, ML=0.561)",0.2892670306658012,0.5610032079089481,84.91691909250336,4.268508794915334
2025-07-25 00:00:00-04:00,TSLA,316.05999755859375,buy,0.49712237065643383,Strong upward momentum detected. Algorithm confidence: 47%. Good entry point for potential gains.,BUY: Momentum entry Q=0.466 >= 0.35,0.4662926586018255,0.5690583654505199,61.10664356345222,-0.05176189858491398
2025-07-25 00:00:00-04:00,NVDA,173.5,sell,0.8,Algorithm confidence dropped. Exiting position to preserve capital.,SELL: Conviction lost Q=0.245 <= 0.3,0.24457130638158453,0.515564179171168,75.97004747469029,6.120872971313105
2025-07-28 00:00:00-04:00,AAPL,213.80735778808594,buy,0.5627284544047875,Strong upward momentum detected. Algorithm confidence: 61%. Good entry point for potential gains.,BUY: Momentum entry Q=0.614 >= 0.35,0.6141070070482791,0.4428451649033072,65.32624468583244,2.9525768925945783
2025-07-28 00:00:00-04:00,MSFT,511.65887451171875,buy,0.4136573780983538,Strong upward momentum detected. Algorithm confidence: 39%. Good entry point for potential gains.,BUY: Momentum entry Q=0.394 >= 0.35,0.3941405445189878,0.45919665645020796,71.90937692417992,6.861007350697889
2025-07-28 00:00:00-04:00,GOOGL,192.4079132080078,buy,0.4224372583238464,Strong upward momentum detected. Algorithm confidence: 36%. Good entry point for potential gains.,BUY: Momentum entry Q=0.358 >= 0.35,0.35776318244377636,0.5733434353773432,92.09799206877399,4.415604694864072
2025-07-28 00:00:00-04:00,TSLA,325.5899963378906,sell,1.0,End of trading session - closing all positions.,FORCED EXIT: Held for 72.0 hours (max: 48),0.4182854973051228,0.7573064033912231,63.198400466289016,0.4619244266662008
2025-07-28 00:00:00-04:00,NVDA,176.75,buy,0.413204398501151,Strong upward momentum detected. Algorithm confidence: 37%. Good entry point for potential gains.,BUY: Momentum entry Q=0.374 >= 0.35,0.3735716003945344,0.5056809274165895,77.129903870108,6.287005546299042
2025-07-29 00:00:00-04:00,AAPL,211.03050231933594,hold,0.505330039746928,Holding position - indicators suggest more upside potential.,"HOLD: swing trade, Q=0.431, P&L=$-63.87 (-1.3%), 24.0h",0.43088364653652833,0.5797764329573277,50.43829831067161,2.660018771424035
2025-07-29 00:00:00-04:00,MSFT,511.728759765625,sell,0.85,AI model detects potential price peak. Taking profits.,"SELL: ML profit peak ML=0.579, P&L=$0.63",0.45275232335724064,0.5793921214820116,65.39755501019266,6.748295528639858
2025-07-29 00:00:00-04:00,GOOGL,195.5750732421875,sell,0.85,AI model detects potential price peak. Taking profits.,"SELL: ML profit peak ML=0.671, P&L=$79.18",0.17535298356557646,0.6707266142484833,92.41687351635439,4.733181431797078
2025-07-29 00:00:00-04:00,TSLA,321.20001220703125,buy,0.6378636664922451,Strong upward momentum detected. Algorithm confidence: 64%. Good entry point for potential gains.,BUY: Momentum entry Q=0.645 >= 0.35,0.6446412644946453,0.6220492711533115,61.754876719765925,0.5089229624877021
2025-07-29 00:00:00-04:00,NVDA,175.50999450683594,sell,0.8,Algorithm confidence dropped. Exiting position to preserve capital.,SELL: Conviction lost Q=0.209 <= 0.3,0.20913343000683007,0.4794377911662566,71.60450131733013,6.246601791676085
2025-07-30 00:00:00-04:00,AAPL,208.81301879882812,sell,1.0,End of trading session - closing all positions.,FORCED EXIT: Held for 48.0 hours (max: 48),0.4857777027649279,0.6278039172603989,39.35366204286783,2.2235996917038108
2025-07-30 00:00:00-04:00,MSFT,512.3976440429688,buy,0.5154012069366759,Strong upward momentum detected. Algorithm confidence: 45%. Good entry point for potential gains.,BUY: Momentum entry Q=0.447 >= 0.35,0.4466985567325179,0.675707390746378,70.95491554153422,6.636443182728499
2025-07-30 00:00:00-04:00,GOOGL,196.35438537597656,buy,0.40332281337395914,Strong upward momentum detected. Algorithm confidence: 43%. Good entry point for potential gains.,BUY: Momentum entry Q=0.429 >= 0.35,0.4285430098638524,0.34447568823087493,92.34216827586961,4.990223074747149
2025-07-30 00:00:00-04:00,TSLA,319.0400085449219,hold,0.4627129159233409,Holding position - indicators suggest more upside potential.,"HOLD: swing trade, Q=0.397, P&L=$-32.40 (-0.7%), 24.0h",0.39687530904511736,0.5285505228015644,54.78252371740737,0.36763750084065805
2025-07-30 00:00:00-04:00,NVDA,179.27000427246094,buy,0.4032604525473851,Strong upward momentum detected. Algorithm confidence: 35%. Good entry point for potential gains.,BUY: Momentum entry Q=0.351 >= 0.35,0.3514844059666796,0.5240712279023646,73.87471849050877,6.443703882130421
2025-07-31 00:00:00-04:00,AAPL,207.33470153808594,buy,0.6399496645581557,Strong upward momentum detected. Algorithm confidence: 63%. Good entry point for potential gains.,BUY: Momentum entry Q=0.633 >= 0.35,0.6325950255592369,0.6571104888889665,38.78831538722097,1.7384073014169985
2025-07-31 00:00:00-04:00,MSFT,532.6243896484375,sell,0.88,Exit signal triggered. Closing position with loss.,SELL: Swing trade profit 3.9% >= 2.0% (24.0h),0.3242581922989075,0.3939732243205183,82.4654305447591,8.08671016021168
2025-07-31 00:00:00-04:00,GOOGL,191.728515625,sell,0.95,Stop loss triggered to limit losses. Protecting capital.,SELL: Stop loss 2.4% >= 2.0%,0.31398289801580265,0.5228642764484058,74.00572575726646,4.765725087524771
2025-07-31 00:00:00-04:00,TSLA,308.2699890136719,sell,1.0,End of trading session - closing all positions.,FORCED EXIT: Held for 48.0 hours (max: 48),0.22042395284897404,0.5941634773612672,47.456301359513255,-0.606392695259899
2025-07-31 00:00:00-04:00,NVDA,177.8699951171875,sell,0.8,Algorithm confidence dropped. Exiting position to preserve capital.,SELL: Conviction lost Q=0.220 <= 0.3,0.22045897407623433,0.46839916255657943,70.0154380165757,6.413014431984465
2025-08-01 00:00:00-04:00,AAPL,202.1505889892578,sell,0.95,Stop loss triggered to limit losses. Protecting capital.,SELL: Stop loss 2.5% >= 2.0%,0.48561033464240855,0.8894531295876342,33.279820682134854,0.9249124640901414
2025-08-01 00:00:00-04:00,MSFT,523.2498168945312,buy,0.5966771850819775,Strong upward momentum detected. Algorithm confidence: 57%. Good entry point for potential gains.,BUY: Momentum entry Q=0.574 >= 0.35,0.5739592841762712,0.6496856205286259,68.97602936961923,8.382973809948624
2025-08-01 00:00:00-04:00,GOOGL,188.96099853515625,buy,0.6162500287666898,Strong upward momentum detected. Algorithm confidence: 64%. Good entry point for potential gains.,BUY: Momentum entry Q=0.637 >= 0.35,0.637119853867941,0.5675537701971037,64.67625571235942,4.314755499627694
2025-08-01 00:00:00-04:00,TSLA,302.6300048828125,hold,0.1274172586895175,Waiting for better opportunity. No clear buy signal yet.,"HOLD: No entry signal (Q=0.255, RSI=43.2, ML=0.320)",0.254834517379035,0.3203864257068298,43.220909797604,-1.8125245722134196
2025-08-01 00:00:00-04:00,NVDA,173.72000122070312,buy,0.5754939031917932,Strong upward momentum detected. Algorithm confidence: 59%. Good entry point for potential gains.,BUY: Momentum entry Q=0.587 >= 0.35,0.587054435747755,0.5485193272278827,63.53434402232532,5.984833561273234
2025-08-04 00:00:00-04:00,AAPL,203.11949157714844,buy,0.6948133982233726,Strong upward momentum detected. Algorithm confidence: 66%. Good entry point for potential gains.,BUY: Momentum entry Q=0.660 >= 0.35,0.6604332011884424,0.7750338579715431,34.95301846298983,0.3543100206134966
2025-08-04 00:00:00-04:00,MSFT,534.7609252929688,sell,1.0,End of trading session - closing all positions.,FORCED EXIT: Held for 72.0 hours (max: 48),0.2668836935853475,0.4450875449510874,73.18815191043242,9.437821797396225
2025-08-04 00:00:00-04:00,GOOGL,194.86570739746094,sell,1.0,End of trading session - closing all positions.,FORCED EXIT: Held for 72.0 hours (max: 48),0.27680450518849326,0.6138298263004823,70.85732376468312,4.3832916519761795
2025-08-04 00:00:00-04:00,TSLA,309.260009765625,buy,0.5250570102000817,Strong upward momentum detected. Algorithm confidence: 42%. Good entry point for potential gains.,BUY: Momentum entry Q=0.415 >= 0.35,0.41479712441934047,0.7823300770218112,49.281397298260444,-2.207954860403163
2025-08-04 00:00:00-04:00,NVDA,180.0,sell,1.0,End of trading session - closing all positions.,FORCED EXIT: Held for 72.0 hours (max: 48),0.46212728652764745,0.6250034937871891,63.17279632821149,6.0821295502465205
2025-08-05 00:00:00-04:00,AAPL,202.68995666503906,sell,0.8,Algorithm confidence dropped. Exiting position to preserve capital.,SELL: Conviction lost Q=0.289 <= 0.3,0.28937637617786816,0.565125294847775,30.453563893054337,-0.13104579014887463
2025-08-05 00:00:00-04:00,MSFT,526.8838500976562,buy,0.5378917658871865,Strong upward momentum detected. Algorithm confidence: 55%. Good entry point for potential gains.,BUY: Momentum entry Q=0.546 >= 0.35,0.5462202560344506,0.5184586222102372,65.37016231144128,9.528345455201702
2025-08-05 00:00:00-04:00,GOOGL,194.4960479736328,buy,0.6157937590638123,Strong upward momentum detected. Algorithm confidence: 56%. Good entry point for potential gains.,BUY: Momentum entry Q=0.558 >= 0.35,0.5581822037389292,0.7502207214885395,69.08025559691083,4.35754752496976
2025-08-05 00:00:00-04:00,TSLA,308.7200012207031,sell,0.8,Algorithm confidence dropped. Exiting position to preserve capital.,SELL: Conviction lost Q=0.289 <= 0.3,0.2893486483714079,0.5272164136254995,43.21349566721554,-2.535680641224758
2025-08-05 00:00:00-04:00,NVDA,178.25999450683594,buy,0.5629693679812536,Strong upward momentum detected. Algorithm confidence: 61%. Good entry point for potential gains.,BUY: Momentum entry Q=0.611 >= 0.35,0.6105227578492386,0.45201145828928896,59.472080894565956,5.950242726765282
2025-08-06 00:00:00-04:00,AAPL,213.0082550048828,buy,0.599251332950418,Strong upward momentum detected. Algorithm confidence: 61%. Good entry point for potential gains.,BUY: Momentum entry Q=0.611 >= 0.35,0.6112608875329081,0.571229038924608,55.6251991982586,0.31329520334560357
2025-08-06 00:00:00-04:00,MSFT,524.0784912109375,hold,0.4894545156289419,Holding position - indicators suggest more upside potential.,"HOLD: swing trade, Q=0.395, P&L=$-25.25 (-0.5%), 24.0h",0.3948416833085272,0.5840673479493566,59.63329441201001,9.266894102630772
2025-08-06 00:00:00-04:00,GOOGL,195.91476440429688,sell,0.85,AI model detects potential price peak. Taking profits.,"SELL: ML profit peak ML=0.731, P&L=$35.47",0.48894532177636996,0.7311795232035405,69.87608295172409,4.400892923921134
2025-08-06 00:00:00-04:00,TSLA,319.9100036621094,buy,0.5457674454219429,Strong upward momentum detected. Algorithm confidence: 46%. Good entry point for potential gains.,BUY: Momentum entry Q=0.461 >= 0.35,0.4614609592876555,0.7424825797352803,50.23960124176152,-1.8708994412294828
2025-08-06 00:00:00-04:00,NVDA,179.4199981689453,sell,0.85,AI model detects potential price peak. Taking profits.,"SELL: ML profit peak ML=0.614, P&L=$32.48",0.5964816508129721,0.613560193137539,58.94149174687439,5.871639465154601
2025-08-07 00:00:00-04:00,AAPL,219.7805633544922,sell,0.88,Exit signal triggered. Closing position with loss.,SELL: Swing trade profit 3.2% >= 2.0% (24.0h),0.4748280445767344,0.5143437420960831,62.88957791202258,1.1980964175525912
2025-08-07 00:00:00-04:00,MSFT,519.9852294921875,sell,1.0,End of trading session - closing all positions.,FORCED EXIT: Held for 48.0 hours (max: 48),0.4434206263750761,0.5738351798302027,57.58046518579858,8.62991966817907
2025-08-07 00:00:00-04:00,GOOGL,196.34439086914062,buy,0.619265238967293,Strong upward momentum detected. Algorithm confidence: 66%. Good entry point for potential gains.,BUY: Momentum entry Q=0.663 >= 0.35,0.6631182462659728,0.5169415552703738,68.83632171951108,4.418972565036768
2025-08-07 00:00:00-04:00,TSLA,322.2699890136719,sell,0.85,AI model detects potential price peak. Taking profits.,"SELL: ML profit peak ML=0.559, P&L=$35.40",0.3157757954579637,0.5588200425288113,46.174578477234576,-1.1404777386443925
2025-08-07 00:00:00-04:00,NVDA,180.77000427246094,buy,0.5956295615557424,Strong upward momentum detected. Algorithm confidence: 56%. Good entry point for potential gains.,BUY: Momentum entry Q=0.563 >= 0.35,0.5629900786152658,0.6717883550835211,61.40205856020658,5.850835237504697
2025-08-08 00:00:00-04:00,AAPL,229.0900115966797,buy,0.598252922118188,Strong upward momentum detected. Algorithm confidence: 59%. Good entry point for potential gains.,BUY: Momentum entry Q=0.593 >= 0.35,0.5933465671753426,0.609701083651494,69.91733963181579,2.6202972694556195
2025-08-08 00:00:00-04:00,MSFT,521.1832275390625,buy,0.4652168472374169,Strong upward momentum detected. Algorithm confidence: 46%. Good entry point for potential gains.,BUY: Momentum entry Q=0.461 >= 0.35,0.4613227269231989,0.4743031279705923,58.27806064794613,8.128085756969824
2025-08-08 00:00:00-04:00,GOOGL,201.24000549316406,sell,0.88,Exit signal triggered. Closing position with loss.,SELL: Swing trade profit 2.5% >= 2.0% (24.0h),0.3840024536645583,0.5706160410700681,68.69221760327319,4.773312224635902
2025-08-08 00:00:00-04:00,TSLA,329.6499938964844,buy,0.6216359654555524,Strong upward momentum detected. Algorithm confidence: 67%. Good entry point for potential gains.,BUY: Momentum entry Q=0.668 >= 0.35,0.6677753160322412,0.5139774807766122,50.56486336194381,0.03350521259267225
2025-08-08 00:00:00-04:00,NVDA,182.6999969482422,sell,0.85,AI model detects potential price peak. Taking profits.,"SELL: ML profit peak ML=0.621, P&L=$52.11",0.5266395855049346,0.621169734852494,65.06919462855495,5.921818973596231
2025-08-11 00:00:00-04:00,AAPL,227.17999267578125,sell,1.0,End of trading session - closing all positions.,FORCED EXIT: Held for 72.0 hours (max: 48),0.4096467403414725,0.5582471923208283,65.39575784076462,3.552330076892531
2025-08-11 00:00:00-04:00,MSFT,520.9136962890625,sell,1.0,End of trading session - closing all positions.,FORCED EXIT: Held for 72.0 hours (max: 48),0.464138364209416,0.37297636460099653,62.1609906395342,7.620782213920165
2025-08-11 00:00:00-04:00,GOOGL,200.8203887939453,buy,0.5070508163970694,Strong upward momentum detected. Algorithm confidence: 49%. Good entry point for potential gains.,BUY: Momentum entry Q=0.489 >= 0.35,0.48902201098867876,0.5491180290166474,66.39513894001023,4.963058349744415
2025-08-11 00:00:00-04:00,TSLA,339.0299987792969,sell,1.0,End of trading session - closing all positions.,FORCED EXIT: Held for 72.0 hours (max: 48),0.4988606150284617,0.4582164762329877,53.190709758614595,1.7011730970900771
2025-08-11 00:00:00-04:00,NVDA,182.05999755859375,buy,0.518851155076935,Strong upward momentum detected. Algorithm confidence: 50%. Good entry point for potential gains.,BUY: Momentum entry Q=0.497 >= 0.35,0.496556167932347,0.5708727917476406,72.20086044150818,5.858893812971303
2025-08-12 00:00:00-04:00,AAPL,229.64999389648438,buy,0.6835072021484776,Strong upward momentum detected. Algorithm confidence: 66%. Good entry point for potential gains.,BUY: Momentum entry Q=0.662 >= 0.35,0.6623572664258873,0.732857052167855,67.68273035652095,4.439109951300736
2025-08-12 00:00:00-04:00,MSFT,528.3713989257812,buy,0.48220067441968373,Strong upward momentum detected. Algorithm confidence: 54%. Good entry point for potential gains.,BUY: Momentum entry Q=0.541 >= 0.35,0.5406263798833273,0.34587402833784886,65.64047234152414,7.731392101765778
2025-08-12 00:00:00-04:00,GOOGL,203.15829467773438,sell,0.85,AI model detects potential price peak. Taking profits.,"SELL: ML profit peak ML=0.734, P&L=$56.11",0.305760920013456,0.733983425241371,71.35878146742049,5.241660388923805
2025-08-12 00:00:00-04:00,TSLA,340.8399963378906,buy,0.6112400580953646,Strong upward momentum detected. Algorithm confidence: 65%. Good entry point for potential gains.,BUY: Momentum entry Q=0.647 >= 0.35,0.6465353297352671,0.5288844242689258,53.770490618625665,3.1327511811044246
2025-08-12 00:00:00-04:00,NVDA,183.16000366210938,sell,0.85,AI model detects potential price peak. Taking profits.,"SELL: ML profit peak ML=0.526, P&L=$29.70",0.41305352414176966,0.5257231144760789,69.83972424667168,5.830575227429108
2025-08-13 00:00:00-04:00,AAPL,233.3300018310547,sell,0.85,AI model detects potential price peak. Taking profits.,"SELL: ML profit peak ML=0.639, P&L=$77.28",0.357735164000584,0.6385431602653902,70.72203902587563,5.376854247098521
2025-08-13 00:00:00-04:00,MSFT,519.7256469726562,hold,0.5455838929163642,Holding position - indicators suggest more upside potential.,"HOLD: swing trade, Q=0.480, P&L=$-77.81 (-1.6%), 24.0h",0.48015637441654746,0.611011411416181,56.18940621848772,7.04025562331276
2025-08-13 00:00:00-04:00,GOOGL,201.779541015625,buy,0.6497802300040401,Strong upward momentum detected. Algorithm confidence: 70%. Good entry point for potential gains.,BUY: Momentum entry Q=0.698 >= 0.35,0.6976169027858932,0.5381613268463827,66.24632317720068,5.2902182712017805
2025-08-13 00:00:00-04:00,TSLA,339.3800048828125,sell,0.8,Algorithm confidence dropped. Exiting position to preserve capital.,SELL: Conviction lost Q=0.288 <= 0.3,0.28778433826849514,0.37324511316316716,70.28572445824032,4.102190519102578
2025-08-13 00:00:00-04:00,NVDA,181.58999633789062,buy,0.6677230960847338,Strong upward momentum detected. Algorithm confidence: 62%. Good entry point for potential gains.,BUY: Momentum entry Q=0.619 >= 0.35,0.6190292296172768,0.7813421178421336,63.16668807978579,5.61670025018708
2025-08-14 00:00:00-04:00,AAPL,232.77999877929688,buy,0.5839628266566672,Strong upward momentum detected. Algorithm confidence: 59%. Good entry point for potential gains.,BUY: Momentum entry Q=0.586 >= 0.35,0.5861514414394233,0.5788560588302363,69.84286661503967,6.006404614354295
2025-08-14 00:00:00-04:00,MSFT,521.6224975585938,sell,1.0,End of trading session - closing all positions.,FORCED EXIT: Held for 48.0 hours (max: 48),0.5658893056116945,0.671597157560919,55.66315496921113,6.569851812311072
2025-08-14 00:00:00-04:00,GOOGL,202.75865173339844,sell,0.85,AI model detects potential price peak. Taking profits.,"SELL: ML profit peak ML=0.677, P&L=$23.50",0.5062738130801876,0.677132736481408,66.2126699633562,5.3460805066413855
2025-08-14 00:00:00-04:00,TSLA,335.5799865722656,buy,0.5990674246247589,Strong upward momentum detected. Algorithm confidence: 59%. Good entry point for potential gains.,BUY: Momentum entry Q=0.591 >= 0.35,0.5909167004323059,0.6180857810738161,62.66873497443202,4.511838790264335
2025-08-14 00:00:00-04:00,NVDA,182.02000427246094,sell,0.85,AI model detects potential price peak. Taking profits.,"SELL: ML profit peak ML=0.502, P&L=$11.61",0.40316625899226194,0.5019786412716971,64.19998545330995,5.419429032026557
2025-08-15 00:00:00-04:00,AAPL,231.58999633789062,hold,0.423372097847775,Holding position - indicators suggest more upside potential.,"HOLD: swing trade, Q=0.321, P&L=$-24.99 (-0.5%), 24.0h",0.32072404702899027,0.5260201486665598,68.05149946019122,6.33626405645839
2025-08-15 00:00:00-04:00,MSFT,519.3162841796875,buy,0.5740007122475715,Strong upward momentum detected. Algorithm confidence: 56%. Good entry point for potential gains.,BUY: Momentum entry Q=0.560 >= 0.35,0.5598216505166721,0.6070851896196703,54.88349353572266,5.94246027417978
2025-08-15 00:00:00-04:00,GOOGL,203.71778869628906,buy,0.574785193223251,Strong upward momentum detected. Algorithm confidence: 61%. Good entry point for potential gains.,BUY: Momentum entry Q=0.610 >= 0.35,0.609652553637663,0.49342801892295607,68.58177591883026,5.405435571257499
2025-08-15 00:00:00-04:00,TSLA,330.55999755859375,hold,0.3833682791344639,Holding position - indicators suggest more upside potential.,"HOLD: swing trade, Q=0.441, P&L=$-70.28 (-1.5%), 24.0h",0.44072510527732467,0.32601145299160317,53.42616938118699,4.380916360137803
2025-08-15 00:00:00-04:00,NVDA,180.4499969482422,buy,0.6585153307160468,Strong upward momentum detected. Algorithm confidence: 64%. Good entry point for potential gains.,BUY: Momentum entry Q=0.645 >= 0.35,0.6452819678104647,0.6893931774957387,56.53246823920262,5.077869185301864
2025-08-18 00:00:00-04:00,AAPL,230.88999938964844,sell,1.0,End of trading session - closing all positions.,FORCED EXIT: Held for 96.0 hours (max: 48),0.2910665434789455,0.5352047128189895,71.04721842914002,6.466652591506858
2025-08-18 00:00:00-04:00,MSFT,516.2512817382812,sell,1.0,End of trading session - closing all positions.,FORCED EXIT: Held for 72.0 hours (max: 48),0.5149623382954025,0.5753780674364979,52.7780964657133,5.1386922330339075
2025-08-18 00:00:00-04:00,GOOGL,203.3181610107422,sell,1.0,End of trading session - closing all positions.,FORCED EXIT: Held for 72.0 hours (max: 48),0.42842662510267654,0.45710618780631085,63.99428591914796,5.358459290029828
2025-08-18 00:00:00-04:00,TSLA,335.1600036621094,sell,1.0,End of trading session - closing all positions.,FORCED EXIT: Held for 96.0 hours (max: 48),0.5150332066726135,0.4880522923394991,59.59581212018233,4.595368887696509
2025-08-18 00:00:00-04:00,NVDA,182.00999450683594,sell,1.0,End of trading session - closing all positions.,FORCED EXIT: Held for 72.0 hours (max: 48),0.4252507504426742,0.5199571949918859,61.34774746743926,4.8768421113706495
2025-08-19 00:00:00-04:00,AAPL,230.55999755859375,buy,0.44950916675247465,Strong upward momentum detected. Algorithm confidence: 41%. Good entry point for potential gains.,BUY: Momentum entry Q=0.406 >= 0.35,0.40560172684681006,0.5519598598656923,74.00808169832908,6.468789872141542
2025-08-19 00:00:00-04:00,MSFT,508.933349609375,buy,0.7303219694318939,Strong upward momentum detected. Algorithm confidence: 69%. Good entry point for potential gains.,BUY: Momentum entry Q=0.693 >= 0.35,0.6929828566928576,0.8174465658229784,48.0326592634751,3.8666321764623035
2025-08-19 00:00:00-04:00,GOOGL,201.389892578125,buy,0.5944114185347711,Strong upward momentum detected. Algorithm confidence: 64%. Good entry point for potential gains.,BUY: Momentum entry Q=0.642 >= 0.35,0.6416206197687971,0.4842566156553768,58.73791214930604,5.1067674649272305
2025-08-19 00:00:00-04:00,TSLA,329.30999755859375,buy,0.575458234548803,Strong upward momentum detected. Algorithm confidence: 62%. Good entry point for potential gains.,BUY: Momentum entry Q=0.615 >= 0.35,0.6154516063906251,0.4821403669178845,56.7185567821234,4.244351219974078
2025-08-19 00:00:00-04:00,NVDA,175.63999938964844,buy,0.5445622438726317,Strong upward momentum detected. Algorithm confidence: 58%. Good entry point for potential gains.,BUY: Momentum entry Q=0.585 >= 0.35,0.5853576441826263,0.4493729764826447,44.19199785937709,4.155617960208758
2025-08-20 00:00:00-04:00,AAPL,226.00999450683594,hold,0.42620096981651573,Holding position - indicators suggest more upside potential.,"HOLD: swing trade, Q=0.401, P&L=$-95.55 (-2.0%), 24.0h",0.4006377158440138,0.45176422378901765,69.30756139623549,6.033782770251975
2025-08-20 00:00:00-04:00,MSFT,504.8900146484375,hold,0.5814568092336185,Holding position - indicators suggest more upside potential.,"HOLD: swing trade, Q=0.336, P&L=$-36.39 (-0.8%), 24.0h",0.33604919881726225,0.8268644196499748,30.70294942508039,2.503394503615368
2025-08-20 00:00:00-04:00,GOOGL,199.1418914794922,hold,0.42981482035190055,Holding position - indicators suggest more upside potential.,"HOLD: swing trade, Q=0.414, P&L=$-53.95 (-1.1%), 24.0h",0.41398537958860876,0.4456442611151924,64.02122448885356,4.672048511865597
2025-08-20 00:00:00-04:00,TSLA,323.8999938964844,hold,0.5202098226522294,Holding position - indicators suggest more upside potential.,"HOLD: swing trade, Q=0.487, P&L=$-81.15 (-1.6%), 24.0h",0.48716214357218224,0.5532575017322764,60.99620323064622,3.489401459168846
2025-08-20 00:00:00-04:00,NVDA,175.39999389648438,hold,0.5532873785527045,Holding position - indicators suggest more upside potential.,"HOLD: swing trade, Q=0.507, P&L=$-6.72 (-0.1%), 24.0h",0.5071339823665238,0.5994407747388851,45.89564802888467,3.5240530963370986
2025-08-21 00:00:00-04:00,AAPL,224.89999389648438,sell,1.0,End of trading session - closing all positions.,FORCED EXIT: Held for 48.0 hours (max: 48),0.2020931528583222,0.5657615131734619,75.6831799422083,5.535657125834632
2025-08-21 00:00:00-04:00,MSFT,504.239990234375,sell,1.0,End of trading session - closing all positions.,FORCED EXIT: Held for 48.0 hours (max: 48),0.48414160491909636,0.8954897387355801,34.945608199226825,1.3549482881136328
2025-08-21 00:00:00-04:00,GOOGL,199.57150268554688,sell,1.0,End of trading session - closing all positions.,FORCED EXIT: Held for 48.0 hours (max: 48),0.2336687404584509,0.6698123173476385,72.01499388973666,4.312485000840269
2025-08-21 00:00:00-04:00,TSLA,320.1099853515625,sell,1.0,End of trading session - closing all positions.,FORCED EXIT: Held for 48.0 hours (max: 48),0.456094232030924,0.5465468817361122,62.626388654978705,2.555814481060793
2025-08-21 00:00:00-04:00,NVDA,174.97999572753906,sell,1.0,End of trading session - closing all positions.,FORCED EXIT: Held for 48.0 hours (max: 48),0.5428721024957883,0.5358267689578534,52.38997158372266,2.95557304311626
2025-08-22 00:00:00-04:00,AAPL,227.75999450683594,hold,0.16227577517639102,Waiting for better opportunity. No clear buy signal yet.,"HOLD: No entry signal (Q=0.325, RSI=76.7, ML=0.903)",0.32455155035278205,0.903168534062797,76.67897600735917,5.310451531452088
2025-08-22 00:00:00-04:00,MSFT,507.2300109863281,buy,0.8076961523298838,Strong upward momentum detected. Algorithm confidence: 88%. Good entry point for potential gains.,BUY: Momentum entry Q=0.885 >= 0.35,0.8847978488797718,0.6277921937134786,24.795952748540373,0.6782476574562679
2025-08-22 00:00:00-04:00,GOOGL,205.9058380126953,buy,0.5125788886643607,Strong upward momentum detected. Algorithm confidence: 41%. Good entry point for potential gains.,BUY: Momentum entry Q=0.407 >= 0.35,0.4072278680804152,0.758397936693567,72.50517273771266,4.486933672136104
2025-08-22 00:00:00-04:00,TSLA,340.010009765625,buy,0.5659924687023623,Strong upward momentum detected. Algorithm confidence: 49%. Good entry point for potential gains.,BUY: Momentum entry Q=0.494 >= 0.35,0.4937178119089407,0.7346333345536794,68.63861127902942,3.382711936017529
2025-08-22 00:00:00-04:00,NVDA,177.99000549316406,buy,0.6163433666764603,Strong upward momentum detected. Algorithm confidence: 61%. Good entry point for potential gains.,BUY: Momentum entry Q=0.609 >= 0.35,0.608827633010895,0.6338800785627793,45.64748626942782,2.716615683085763
2025-08-25 00:00:00-04:00,AAPL,227.16000366210938,buy,0.5325815740405104,Strong upward momentum detected. Algorithm confidence: 40%. Good entry point for potential gains.,BUY: Momentum entry Q=0.403 >= 0.35,0.40343695501934906,0.8339190184232202,76.39698327527762,5.025627918251672
2025-08-25 00:00:00-04:00,MSFT,504.260009765625,sell,1.0,End of trading session - closing all positions.,FORCED EXIT: Held for 72.0 hours (max: 48),0.4861501687876866,0.6002423718073249,27.24371095438292,-0.0965833916613974
2025-08-25 00:00:00-04:00,GOOGL,208.30369567871094,sell,1.0,End of trading session - closing all positions.,FORCED EXIT: Held for 72.0 hours (max: 48),0.2479709141571412,0.45927694267253194,75.99704893052461,4.76375892731059
2025-08-25 00:00:00-04:00,TSLA,346.6000061035156,sell,1.0,End of trading session - closing all positions.,FORCED EXIT: Held for 72.0 hours (max: 48),0.2455410440123214,0.5542197892609575,71.39145480615453,4.5177143571854685
2025-08-25 00:00:00-04:00,NVDA,179.80999755859375,sell,1.0,End of trading session - closing all positions.,FORCED EXIT: Held for 72.0 hours (max: 48),0.43996207909506196,0.5481886141658079,53.344844913073736,2.643624347163552
2025-08-26 00:00:00-04:00,AAPL,229.30999755859375,sell,0.85,AI model detects potential price peak. Taking profits.,"SELL: ML profit peak ML=0.665, P&L=$47.30",0.23195050525276448,0.6646242178443742,71.34754250222097,4.916712886338416
2025-08-26 00:00:00-04:00,MSFT,502.0400085449219,buy,0.6113419198526843,Strong upward momentum detected. Algorithm confidence: 60%. Good entry point for potential gains.,BUY: Momentum entry Q=0.605 >= 0.35,0.6045069197303695,0.6272902534714188,27.56834730813459,-0.8796382039702735
2025-08-26 00:00:00-04:00,GOOGL,206.95489501953125,buy,0.5193274510174675,Strong upward momentum detected. Algorithm confidence: 40%. Good entry point for potential gains.,BUY: Momentum entry Q=0.398 >= 0.35,0.3975038794267682,0.8035824513957661,70.84123553120052,4.818760326190102
2025-08-26 00:00:00-04:00,TSLA,351.6700134277344,buy,0.5917692689373476,Strong upward momentum detected. Algorithm confidence: 59%. Good entry point for potential gains.,BUY: Momentum entry Q=0.586 >= 0.35,0.5858378410336528,0.6056092673793024,69.267163814362,5.759922372771143
2025-08-26 00:00:00-04:00,NVDA,181.77000427246094,buy,0.6111805159145718,Strong upward momentum detected. Algorithm confidence: 63%. Good entry point for potential gains.,BUY: Momentum entry Q=0.630 >= 0.35,0.6295142683671601,0.5684017601918662,54.90196702527214,2.7126644418103183
2025-08-27 00:00:00-04:00,AAPL,230.49000549316406,buy,0.5965045589623501,Strong upward momentum detected. Algorithm confidence: 55%. Good entry point for potential gains.,BUY: Momentum entry Q=0.548 >= 0.35,0.5477963428022242,0.7101570633359774,66.4308282110925,4.869481367382491
2025-08-27 00:00:00-04:00,MSFT,506.739990234375,sell,0.85,AI model detects potential price peak. Taking profits.,"SELL: ML profit peak ML=0.581, P&L=$42.30",0.1551789499634461,0.5805596635709543,36.68294095844042,-1.1081910052932358
2025-08-27 00:00:00-04:00,GOOGL,207.29458618164062,sell,0.85,AI model detects potential price peak. Taking profits.,"SELL: ML profit peak ML=0.697, P&L=$8.15",0.20737952801968956,0.6968581686088761,70.74188830632806,4.834035813159261
2025-08-27 00:00:00-04:00,TSLA,349.6000061035156,hold,0.6037003987165944,Holding position - indicators suggest more upside potential.,"HOLD: swing trade, Q=0.517, P&L=$-28.98 (-0.6%), 24.0h",0.517178255594968,0.6902225418382208,66.638253472937,6.502393340625417
2025-08-27 00:00:00-04:00,NVDA,181.60000610351562,hold,0.5973762969506938,Holding position - indicators suggest more upside potential.,"HOLD: swing trade, Q=0.449, P&L=$-4.59 (-0.1%), 24.0h",0.44905387174319494,0.7456987221581928,51.82097622671096,2.722281021668266
2025-08-28 00:00:00-04:00,AAPL,232.55999755859375,sell,0.85,AI model detects potential price peak. Taking profits.,"SELL: ML profit peak ML=0.620, P&L=$43.47",0.40861557452499647,0.6196383379011117,56.84414800350801,4.942111523079404
2025-08-28 00:00:00-04:00,MSFT,509.6400146484375,hold,0.17372851588290647,Waiting for better opportunity. No clear buy signal yet.,"HOLD: No entry signal (Q=0.347, RSI=38.8, ML=0.328)",0.34745703176581294,0.32832981404925915,38.778261426801535,-1.0432866541504495
2025-08-28 00:00:00-04:00,GOOGL,211.4508819580078,buy,0.6469902052520401,Strong upward momentum detected. Algorithm confidence: 65%. Good entry point for potential gains.,BUY: Momentum entry Q=0.649 >= 0.35,0.648616251722027,0.643196096822071,69.89880211102508,5.1224714182936
2025-08-28 00:00:00-04:00,TSLA,345.9800109863281,sell,1.0,End of trading session - closing all positions.,FORCED EXIT: Held for 48.0 hours (max: 48),0.4154438053110517,0.7052993008463101,60.41853093616508,6.72122547599912
2025-08-28 00:00:00-04:00,NVDA,180.1699981689453,sell,1.0,End of trading session - closing all positions.,FORCED EXIT: Held for 48.0 hours (max: 48),0.43910201852649083,0.7250555745038081,44.32482201533407,2.5847175265295164
2025-08-29 00:00:00-04:00,AAPL,232.13999938964844,buy,0.7024579863088376,Strong upward momentum detected. Algorithm confidence: 66%. Good entry point for potential gains.,BUY: Momentum entry Q=0.659 >= 0.35,0.6593339204657762,0.8030808066093144,60.393978598046026,4.90919100454343
2025-08-29 00:00:00-04:00,MSFT,506.69000244140625,buy,0.49398790647002444,Strong upward momentum detected. Algorithm confidence: 40%. Good entry point for potential gains.,BUY: Momentum entry Q=0.405 >= 0.35,0.40482552662390825,0.7020334594442956,36.85737972106453,-1.2158749692957826
2025-08-29 00:00:00-04:00,GOOGL,212.71974182128906,sell,0.85,AI model detects potential price peak. Taking profits.,"SELL: ML profit peak ML=0.598, P&L=$29.18",0.24418204672148852,0.598436178426595,72.44631037456378,5.391297577583231
2025-08-29 00:00:00-04:00,TSLA,333.8699951171875,buy,0.6636463115987487,Strong upward momentum detected. Algorithm confidence: 61%. Good entry point for potential gains.,BUY: Momentum entry Q=0.609 >= 0.35,0.6088242381318579,0.7915644830214937,46.81874266929622,5.850038840636785
2025-08-29 00:00:00-04:00,NVDA,174.17999267578125,buy,0.6498696395648231,Strong upward momentum detected. Algorithm confidence: 68%. Good entry point for potential gains.,BUY: Momentum entry Q=0.679 >= 0.35,0.6786907752921219,0.582620322867793,35.74531113194193,1.9696491929743445
2025-09-02 00:00:00-04:00,AAPL,229.72000122070312,sell,1.0,End of trading session - closing all positions.,FORCED EXIT: Held for 96.0 hours (max: 48),0.502932918981448,0.7088827371840888,50.14701245568479,4.634405091876658
2025-09-02 00:00:00-04:00,MSFT,505.1199951171875,sell,1.0,End of trading session - closing all positions.,FORCED EXIT: Held for 96.0 hours (max: 48),0.36359550395899615,0.6808088858986056,25.892869573141326,-1.4624803592271292
2025-09-02 00:00:00-04:00,GOOGL,211.16114807128906,buy,0.5868950839714735,Strong upward momentum detected. Algorithm confidence: 56%. Good entry point for potential gains.,BUY: Momentum entry Q=0.560 >= 0.35,0.5599358637644081,0.6497999311212926,65.55344739540735,5.416144809760738
2025-09-02 00:00:00-04:00,TSLA,329.3599853515625,sell,1.0,End of trading session - closing all positions.,FORCED EXIT: Held for 96.0 hours (max: 48),0.41827850842520714,0.7664200240811531,43.15035792569523,4.741045240851349
2025-09-02 00:00:00-04:00,NVDA,170.77999877929688,sell,1.0,End of trading session - closing all positions.,FORCED EXIT: Held for 96.0 hours (max: 48),0.6739104899292223,0.7596405139595885,29.32533190632725,1.1940873194668598
2025-09-03 00:00:00-04:00,AAPL,238.47000122070312,buy,0.5593290861079158,Strong upward momentum detected. Algorithm confidence: 57%. Good entry point for potential gains.,BUY: Momentum entry Q=0.573 >= 0.35,0.5728404133880904,0.5278026557875082,58.898894107241645,5.064308948426884
2025-09-03 00:00:00-04:00,MSFT,505.3500061035156,buy,0.49936863410340937,Strong upward momentum detected. Algorithm confidence: 45%. Good entry point for potential gains.,BUY: Momentum entry Q=0.448 >= 0.35,0.44826271218293723,0.6186157852511777,31.944422085513338,-1.6206748127229957
2025-09-03 00:00:00-04:00,GOOGL,230.45388793945312,sell,0.88,Exit signal triggered. Closing position with loss.,SELL: Swing trade profit 9.1% >= 2.0% (24.0h),0.23705089071870228,0.6710942234482913,82.85258449846367,6.912911550268916
2025-09-03 00:00:00-04:00,TSLA,334.0899963378906,buy,0.6469568995797295,Strong upward momentum detected. Algorithm confidence: 56%. Good entry point for potential gains.,BUY: Momentum entry Q=0.556 >= 0.35,0.556403505090695,0.8582481533874766,46.96221285311868,4.195469419520293
2025-09-03 00:00:00-04:00,NVDA,170.6199951171875,buy,0.7405136992442928,Strong upward momentum detected. Algorithm confidence: 71%. Good entry point for potential gains.,BUY: Momentum entry Q=0.706 >= 0.35,0.706106043377158,0.8207982296009407,30.77464080644195,0.5600817153885487
2025-09-04 00:00:00-04:00,AAPL,239.77999877929688,sell,0.85,AI model detects potential price peak. Taking profits.,"SELL: ML profit peak ML=0.610, P&L=$26.20",0.45215956704319926,0.6104542844062201,61.80837339368211,5.447916516513004
2025-09-04 00:00:00-04:00,MSFT,507.9700012207031,sell,0.85,AI model detects potential price peak. Taking profits.,"SELL: ML profit peak ML=0.495, P&L=$23.58",0.3344069002500971,0.4952833552573025,33.158606836017356,-1.5171446479914152
2025-09-04 00:00:00-04:00,GOOGL,232.09242248535156,buy,0.47787672661124014,Strong upward momentum detected. Algorithm confidence: 40%. Good entry point for potential gains.,BUY: Momentum entry Q=0.396 >= 0.35,0.3959920194537936,0.6689410433119489,83.10782883288763,8.137521734667274
2025-09-04 00:00:00-04:00,TSLA,338.5299987792969,sell,0.85,AI model detects potential price peak. Taking profits.,"SELL: ML profit peak ML=0.786, P&L=$62.16",0.46993003827091434,0.7857275064520193,51.68168362511326,4.0744005870850515
2025-09-04 00:00:00-04:00,NVDA,171.66000366210938,sell,0.85,AI model detects potential price peak. Taking profits.,"SELL: ML profit peak ML=0.919, P&L=$30.16",0.43623737440598165,0.9190347127511793,32.22376462320936,0.1399346250031499
2025-09-05 00:00:00-04:00,AAPL,239.69000244140625,buy,0.6262414218865976,Strong upward momentum detected. Algorithm confidence: 64%. Good entry point for potential gains.,BUY: Momentum entry Q=0.642 >= 0.35,0.6415270074019297,0.5905750556841562,64.19063128877522,5.6792000427143705
2025-09-05 00:00:00-04:00,MSFT,495.0,buy,0.5999295154372846,Strong upward momentum detected. Algorithm confidence: 57%. Good entry point for potential gains.,BUY: Momentum entry Q=0.570 >= 0.35,0.5703224273808312,0.6690127209023428,26.25193579883667,-2.4533858453889366
2025-09-05 00:00:00-04:00,GOOGL,234.79000854492188,sell,0.85,AI model detects potential price peak. Taking profits.,"SELL: ML profit peak ML=0.679, P&L=$56.65",0.26986729742521337,0.6789747829807847,83.74568598226368,9.219430918253721
2025-09-05 00:00:00-04:00,TSLA,350.8399963378906,buy,0.613352108404581,Strong upward momentum detected. Algorithm confidence: 61%. Good entry point for potential gains.,BUY: Momentum entry Q=0.606 >= 0.35,0.6061181829062227,0.6302312679007505,60.67367328169336,4.915108280454376
2025-09-05 00:00:00-04:00,NVDA,167.02000427246094,buy,0.6365931139227814,Strong upward momentum detected. Algorithm confidence: 54%. Good entry point for potential gains.,BUY: Momentum entry Q=0.536 >= 0.35,0.5360435633922982,0.8712087318272421,29.15246272234424,-0.5609775438462918
2025-09-08 00:00:00-04:00,AAPL,237.8800048828125,sell,1.0,End of trading session - closing all positions.,FORCED EXIT: Held for 72.0 hours (max: 48),0.42098692447844105,0.6794692022874284,61.78753883531869,5.651297586571644
2025-09-08 00:00:00-04:00,MSFT,498.20001220703125,sell,1.0,End of trading session - closing all positions.,FORCED EXIT: Held for 72.0 hours (max: 48),0.25678252472262947,0.6484271394918746,32.41691864453939,-2.90367770893846
2025-09-08 00:00:00-04:00,GOOGL,234.0399932861328,buy,0.4016576296535499,Strong upward momentum detected. Algorithm confidence: 38%. Good entry point for potential gains.,BUY: Momentum entry Q=0.378 >= 0.35,0.37789872486957693,0.4570950741494869,83.11313673416088,9.90218554665023
2025-09-08 00:00:00-04:00,TSLA,346.3999938964844,sell,1.0,End of trading session - closing all positions.,FORCED EXIT: Held for 72.0 hours (max: 48),0.4664087051260461,0.5431906170443486,55.92575907739436,5.163581540270172
2025-09-08 00:00:00-04:00,NVDA,168.30999755859375,sell,1.0,End of trading session - closing all positions.,FORCED EXIT: Held for 72.0 hours (max: 48),0.45233997983563884,0.7342038527957216,28.55355454584108,-1.0008269006739283
