date,symbol,price,decision,confidence,reason,technical_reason,q_value,ml_confidence,rsi,macd
2025-06-11 00:00:00-04:00,AAPL,198.55465698242188,buy,0.3667538956998128,Strong upward momentum detected. Algorithm confidence: 38%. Good entry point for potential gains.,BUY: Momentum entry Q=0.379 >= 0.35,0.3788285124322244,0.3385797899908525,50.0,0.0
2025-06-11 00:00:00-04:00,MSFT,471.8443298339844,buy,0.4080147690151774,Strong upward momentum detected. Algorithm confidence: 40%. Good entry point for potential gains.,BUY: Momentum entry Q=0.398 >= 0.35,0.39811828639294267,0.43110656180039186,50.0,0.0
2025-06-11 00:00:00-04:00,GOOGL,177.1915283203125,buy,0.5067850828000936,Strong upward momentum detected. Algorithm confidence: 47%. Good entry point for potential gains.,BUY: Momentum entry Q=0.473 >= 0.35,0.47289144503713965,0.5858702375803194,50.0,0.0
2025-06-11 00:00:00-04:00,TSLA,326.42999267578125,buy,0.44830443952984556,Strong upward momentum detected. Algorithm confidence: 36%. Good entry point for potential gains.,BUY: Momentum entry Q=0.363 >= 0.35,0.36319823332993284,0.646885587329642,50.0,0.0
2025-06-11 00:00:00-04:00,NVDA,142.8300018310547,buy,0.4500612119223819,Strong upward momentum detected. Algorithm confidence: 41%. Good entry point for potential gains.,BUY: Momentum entry Q=0.411 >= 0.35,0.4109433871671326,0.5413361363512972,50.0,0.0
2025-06-12 00:00:00-04:00,AAPL,198.97418212890625,sell,0.85,AI model detects potential price peak. Taking profits.,"SELL: ML profit peak ML=0.641, P&L=$10.49",0.46014204330938524,0.6410734195427432,50.0,0.0334663934517323
2025-06-12 00:00:00-04:00,MSFT,478.0840759277344,sell,0.85,AI model detects potential price peak. Taking profits.,"SELL: ML profit peak ML=0.726, P&L=$62.40",0.4431067618646897,0.726270816764282,50.0,0.49775752314815236
2025-06-12 00:00:00-04:00,GOOGL,175.54299926757812,sell,0.8,Algorithm confidence dropped. Exiting position to preserve capital.,SELL: Conviction lost Q=0.285 <= 0.3,0.28483973302652127,0.7333808520066095,50.0,-0.13150659110132779
2025-06-12 00:00:00-04:00,TSLA,319.1099853515625,sell,0.95,Stop loss triggered to limit losses. Protecting capital.,SELL: Stop loss 2.2% >= 2.0%,0.21538331003070754,0.5538126527723158,50.0,-0.5839322081998262
2025-06-12 00:00:00-04:00,NVDA,145.0,sell,0.85,AI model detects potential price peak. Taking profits.,"SELL: ML profit peak ML=0.777, P&L=$75.95",0.4880780602257907,0.7767327433403332,50.0,0.17310526703838036
2025-06-13 00:00:00-04:00,AAPL,196.227294921875,buy,0.4112056271314124,Strong upward momentum detected. Algorithm confidence: 38%. Good entry point for potential gains.,BUY: Momentum entry Q=0.382 >= 0.35,0.3815055391349621,0.4805058324564631,50.0,-0.1598197865239115
2025-06-13 00:00:00-04:00,MSFT,474.18048095703125,buy,0.5961858151903576,Strong upward momentum detected. Algorithm confidence: 66%. Good entry point for potential gains.,BUY: Momentum entry Q=0.655 >= 0.35,0.6549877301515838,0.4589813469474966,50.0,0.5706681487705509
2025-06-13 00:00:00-04:00,GOOGL,174.513916015625,buy,0.49894381234645513,Strong upward momentum detected. Algorithm confidence: 46%. Good entry point for potential gains.,BUY: Momentum entry Q=0.465 >= 0.35,0.465246002044239,0.5775720363849596,50.0,-0.31513228125274395
2025-06-13 00:00:00-04:00,TSLA,325.30999755859375,buy,0.4885602172860035,Strong upward momentum detected. Algorithm confidence: 42%. Good entry point for potential gains.,BUY: Momentum entry Q=0.424 >= 0.35,0.4237387299384023,0.6398103544304063,50.0,-0.5401865860495718
2025-06-13 00:00:00-04:00,NVDA,141.97000122070312,buy,0.5246781773313097,Strong upward momentum detected. Algorithm confidence: 53%. Good entry point for potential gains.,BUY: Momentum entry Q=0.526 >= 0.35,0.5257369362244898,0.5222077399138896,50.0,0.06504703782778165
2025-06-16 00:00:00-04:00,AAPL,198.195068359375,sell,1.0,End of trading session - closing all positions.,FORCED EXIT: Held for 72.0 hours (max: 48),0.2691072592266387,0.562364785327171,50.0,-0.15246014007718145
2025-06-16 00:00:00-04:00,MSFT,478.3536376953125,sell,1.0,End of trading session - closing all positions.,FORCED EXIT: Held for 72.0 hours (max: 48),0.43043175516138527,0.6179120387185469,50.0,0.9541899098045405
2025-06-16 00:00:00-04:00,GOOGL,176.61204528808594,sell,1.0,End of trading session - closing all positions.,FORCED EXIT: Held for 72.0 hours (max: 48),0.3423852059520516,0.6849976297934462,50.0,-0.28803517594710115
2025-06-16 00:00:00-04:00,TSLA,329.1300048828125,sell,1.0,End of trading session - closing all positions.,FORCED EXIT: Held for 72.0 hours (max: 48),0.32389176639409556,0.6649764165636061,50.0,-0.1950270489737136
2025-06-16 00:00:00-04:00,NVDA,144.69000244140625,sell,1.0,End of trading session - closing all positions.,FORCED EXIT: Held for 72.0 hours (max: 48),0.4311950058516351,0.6122711902949768,50.0,0.19662490960971013
2025-06-17 00:00:00-04:00,AAPL,195.418212890625,buy,0.4024326765478168,Strong upward momentum detected. Algorithm confidence: 36%. Good entry point for potential gains.,BUY: Momentum entry Q=0.360 >= 0.35,0.3600172255778814,0.5014020621443327,50.0,-0.3664721337861465
2025-06-17 00:00:00-04:00,MSFT,477.25543212890625,buy,0.6498885902846396,Strong upward momentum detected. Algorithm confidence: 65%. Good entry point for potential gains.,BUY: Momentum entry Q=0.646 >= 0.35,0.6463259228082353,0.6582014810629164,50.0,1.15618982087517
2025-06-17 00:00:00-04:00,GOOGL,175.7927703857422,buy,0.39656238958808404,Strong upward momentum detected. Algorithm confidence: 40%. Good entry point for potential gains.,BUY: Momentum entry Q=0.396 >= 0.35,0.39611010323107726,0.3976177244210999,50.0,-0.3288780608553168
2025-06-17 00:00:00-04:00,TSLA,316.3500061035156,buy,0.49099607537211726,Strong upward momentum detected. Algorithm confidence: 41%. Good entry point for potential gains.,BUY: Momentum entry Q=0.414 >= 0.35,0.4138624139855121,0.6709746186075294,50.0,-0.9418674618755745
2025-06-17 00:00:00-04:00,NVDA,144.1199951171875,buy,0.626822367132726,Strong upward momentum detected. Algorithm confidence: 66%. Good entry point for potential gains.,BUY: Momentum entry Q=0.661 >= 0.35,0.6614695637070662,0.5459789084592653,50.0,0.2520015763432468
2025-06-18 00:00:00-04:00,AAPL,196.35714721679688,sell,0.85,AI model detects potential price peak. Taking profits.,"SELL: ML profit peak ML=0.429, P&L=$23.47",0.19883622028125497,0.4291285745556782,50.0,-0.45506828364943885
2025-06-18 00:00:00-04:00,MSFT,479.4518127441406,sell,0.85,AI model detects potential price peak. Taking profits.,"SELL: ML profit peak ML=0.591, P&L=$21.96",0.42591185279601,0.5914773421661776,50.0,1.4764857567369063
2025-06-18 00:00:00-04:00,GOOGL,173.16513061523438,hold,0.530125813499496,Holding position - indicators suggest more upside potential.,"HOLD: swing trade, Q=0.321, P&L=$-73.57 (-1.5%), 24.0h",0.32131448191290224,0.7389371450860897,50.0,-0.5667418633640295
2025-06-18 00:00:00-04:00,TSLA,322.04998779296875,sell,0.85,AI model detects potential price peak. Taking profits.,"SELL: ML profit peak ML=0.519, P&L=$85.50",0.22682663001750028,0.5188971114383744,50.0,-1.0615659131457278
2025-06-18 00:00:00-04:00,NVDA,145.47999572753906,sell,0.85,AI model detects potential price peak. Taking profits.,"SELL: ML profit peak ML=0.450, P&L=$46.24",0.4308919292351755,0.45024088181093613,50.0,0.4010061180418063
2025-06-20 00:00:00-04:00,AAPL,200.7721405029297,buy,0.5152551361435445,Strong upward momentum detected. Algorithm confidence: 42%. Good entry point for potential gains.,BUY: Momentum entry Q=0.420 >= 0.35,0.42049120577499083,0.7363709736701696,50.0,-0.167102061615509
2025-06-20 00:00:00-04:00,MSFT,476.6164855957031,buy,0.6011223380939108,Strong upward momentum detected. Algorithm confidence: 57%. Good entry point for potential gains.,BUY: Momentum entry Q=0.575 >= 0.35,0.5751700660984203,0.6616776394167221,50.0,1.4844238740553237
2025-06-20 00:00:00-04:00,GOOGL,166.4910888671875,sell,1.0,End of trading session - closing all positions.,FORCED EXIT: Held for 72.0 hours (max: 48),0.23614163277183112,0.6288771331935219,50.0,-1.2790459863889794
2025-06-20 00:00:00-04:00,TSLA,322.1600036621094,hold,0.1737791174644716,Waiting for better opportunity. No clear buy signal yet.,"HOLD: No entry signal (Q=0.348, RSI=50.0, ML=0.534)",0.3475582349289432,0.533646549956586,50.0,-1.1344729391022952
2025-06-20 00:00:00-04:00,NVDA,143.85000610351562,buy,0.5390469733230825,Strong upward momentum detected. Algorithm confidence: 54%. Good entry point for potential gains.,BUY: Momentum entry Q=0.542 >= 0.35,0.5421142452894131,0.5318900054016444,50.0,0.38315003548422055
2025-06-23 00:00:00-04:00,AAPL,201.27157592773438,sell,1.0,End of trading session - closing all positions.,FORCED EXIT: Held for 72.0 hours (max: 48),0.36587932839817716,0.43585528917102123,50.0,0.10025779935409673
2025-06-23 00:00:00-04:00,MSFT,485.2023620605469,sell,1.0,End of trading session - closing all positions.,FORCED EXIT: Held for 72.0 hours (max: 48),0.39043960290563007,0.5661166656620998,50.0,2.1586399076221596
2025-06-23 00:00:00-04:00,GOOGL,165.04238891601562,buy,0.4520033584950381,Strong upward momentum detected. Algorithm confidence: 40%. Good entry point for potential gains.,BUY: Momentum entry Q=0.402 >= 0.35,0.40211485150938103,0.5684098747949046,50.0,-1.9381088026827626
2025-06-23 00:00:00-04:00,TSLA,348.67999267578125,buy,0.589185893979965,Strong upward momentum detected. Algorithm confidence: 57%. Good entry point for potential gains.,BUY: Momentum entry Q=0.566 >= 0.35,0.56578514478375,0.6437876421044668,50.0,0.9368893173112269
2025-06-23 00:00:00-04:00,NVDA,144.1699981689453,sell,1.0,End of trading session - closing all positions.,FORCED EXIT: Held for 72.0 hours (max: 48),0.4739137116191219,0.3869634858243388,50.0,0.3903202776117496
2025-06-24 00:00:00-04:00,AAPL,200.07293701171875,buy,0.5779753801645466,Strong upward momentum detected. Algorithm confidence: 59%. Good entry point for potential gains.,BUY: Momentum entry Q=0.592 >= 0.35,0.5920197761927911,0.5452051227653096,50.0,0.21296731764692822
2025-06-24 00:00:00-04:00,MSFT,489.30560302734375,buy,0.5513508518851125,Strong upward momentum detected. Algorithm confidence: 63%. Good entry point for potential gains.,BUY: Momentum entry Q=0.634 >= 0.35,0.6340771733956898,0.3583227683604322,50.0,2.9895960234931636
2025-06-24 00:00:00-04:00,GOOGL,166.62098693847656,sell,0.85,AI model detects potential price peak. Taking profits.,"SELL: ML profit peak ML=0.409, P&L=$47.36",0.2513892940470037,0.4088793148912505,50.0,-2.306453801660382
2025-06-24 00:00:00-04:00,TSLA,340.4700012207031,sell,0.95,Stop loss triggered to limit losses. Protecting capital.,SELL: Stop loss 2.4% >= 2.0%,0.5452982401209379,0.6280696883181764,50.0,1.8941465893975646
2025-06-24 00:00:00-04:00,NVDA,147.89999389648438,buy,0.5902604324578559,Strong upward momentum detected. Algorithm confidence: 60%. Good entry point for potential gains.,BUY: Momentum entry Q=0.597 >= 0.35,0.5974514851635592,0.5734813094778816,50.0,0.6890394110752993
2025-06-25 00:00:00-04:00,AAPL,201.33151245117188,sell,0.85,AI model detects potential price peak. Taking profits.,"SELL: ML profit peak ML=0.528, P&L=$30.21",0.3872763058594201,0.5283898767146677,50.0,0.39924469817293584
2025-06-25 00:00:00-04:00,MSFT,491.4620666503906,sell,0.85,AI model detects potential price peak. Taking profits.,"SELL: ML profit peak ML=0.577, P&L=$21.56",0.45481425110777235,0.5765880802928238,50.0,3.778586135219257
2025-06-25 00:00:00-04:00,GOOGL,170.52748107910156,buy,0.44326060886953145,Strong upward momentum detected. Algorithm confidence: 44%. Good entry point for potential gains.,BUY: Momentum entry Q=0.443 >= 0.35,0.4428148247780228,0.44430077174971816,50.0,-2.2571296523005913
2025-06-25 00:00:00-04:00,TSLA,327.54998779296875,buy,0.5884231412863045,Strong upward momentum detected. Algorithm confidence: 63%. Good entry point for potential gains.,BUY: Momentum entry Q=0.634 >= 0.35,0.6340393465025103,0.4819853291151577,50.0,1.591892422701278
2025-06-25 00:00:00-04:00,NVDA,154.30999755859375,sell,0.88,Exit signal triggered. Closing position with loss.,SELL: Swing trade profit 4.3% >= 2.0% (24.0h),0.47901298850514734,0.6395096631225506,50.0,1.4265656406970493
2025-06-26 00:00:00-04:00,AAPL,200.7721405029297,buy,0.5982932865098596,Strong upward momentum detected. Algorithm confidence: 61%. Good entry point for potential gains.,BUY: Momentum entry Q=0.613 >= 0.35,0.6125945561155263,0.5649236574299706,50.0,0.49601645401673977
2025-06-26 00:00:00-04:00,MSFT,496.6335754394531,buy,0.5644724708538224,Strong upward momentum detected. Algorithm confidence: 62%. Good entry point for potential gains.,BUY: Momentum entry Q=0.616 >= 0.35,0.6155186484472076,0.44536472313592346,50.0,4.76622198216387
2025-06-26 00:00:00-04:00,GOOGL,173.38491821289062,sell,0.85,AI model detects potential price peak. Taking profits.,"SELL: ML profit peak ML=0.483, P&L=$82.87",0.21074108381804046,0.48291209446710653,50.0,-1.9648193975164077
2025-06-26 00:00:00-04:00,TSLA,325.7799987792969,hold,0.6006625772993677,Holding position - indicators suggest more upside potential.,"HOLD: swing trade, Q=0.470, P&L=$-26.55 (-0.5%), 24.0h",0.4695359824896244,0.731789172109111,50.0,1.1957466736553783
2025-06-26 00:00:00-04:00,NVDA,155.02000427246094,buy,0.5134770282135999,Strong upward momentum detected. Algorithm confidence: 56%. Good entry point for potential gains.,BUY: Momentum entry Q=0.565 >= 0.35,0.5651204922989045,0.39297561201455566,50.0,2.0447811352026974
2025-06-27 00:00:00-04:00,AAPL,200.85205078125,sell,0.85,AI model detects potential price peak. Taking profits.,"SELL: ML profit peak ML=0.552, P&L=$1.92",0.38724559320855323,0.552487274980575,50.0,0.5725567811790029
2025-06-27 00:00:00-04:00,MSFT,495.1260681152344,hold,0.45187735393995865,Holding position - indicators suggest more upside potential.,"HOLD: swing trade, Q=0.380, P&L=$-15.08 (-0.3%), 24.0h",0.37969141835199566,0.5240632895279216,50.0,5.365437836588342
2025-06-27 00:00:00-04:00,GOOGL,178.37046813964844,buy,0.48283340227221094,Strong upward momentum detected. Algorithm confidence: 42%. Good entry point for potential gains.,BUY: Momentum entry Q=0.425 >= 0.35,0.4249796119794805,0.6178255796219154,50.0,-1.3157026009211847
2025-06-27 00:00:00-04:00,TSLA,323.6300048828125,sell,1.0,End of trading session - closing all positions.,FORCED EXIT: Held for 48.0 hours (max: 48),0.4042707548762013,0.5624041545820588,50.0,0.7002398452114562
2025-06-27 00:00:00-04:00,NVDA,157.75,sell,0.85,AI model detects potential price peak. Taking profits.,"SELL: ML profit peak ML=0.568, P&L=$87.36",0.46417810245695373,0.5675078740398275,50.0,2.7236130919529273
2025-06-30 00:00:00-04:00,AAPL,204.93740844726562,buy,0.5806332310463647,Strong upward momentum detected. Algorithm confidence: 57%. Good entry point for potential gains.,BUY: Momentum entry Q=0.569 >= 0.35,0.5694195301648335,0.606798533103271,50.0,0.9518968879976342
2025-06-30 00:00:00-04:00,MSFT,496.5936584472656,sell,1.0,End of trading session - closing all positions.,FORCED EXIT: Held for 96.0 hours (max: 48),0.5162912815593456,0.699315534998056,50.0,5.890837089913873
2025-06-30 00:00:00-04:00,GOOGL,176.07252502441406,sell,1.0,End of trading session - closing all positions.,FORCED EXIT: Held for 72.0 hours (max: 48),0.24254299661660456,0.6485378684036676,50.0,-0.9754532498077708
2025-06-30 00:00:00-04:00,TSLA,317.6600036621094,buy,0.45277127839114384,Strong upward momentum detected. Algorithm confidence: 43%. Good entry point for potential gains.,BUY: Momentum entry Q=0.431 >= 0.35,0.4312139621256878,0.5030716830105413,50.0,-0.172197110294519
2025-06-30 00:00:00-04:00,NVDA,157.99000549316406,buy,0.6533450992543909,Strong upward momentum detected. Algorithm confidence: 65%. Good entry point for potential gains.,BUY: Momentum entry Q=0.651 >= 0.35,0.650694254839359,0.6595304028894653,50.0,3.2435689026284535
2025-07-01 00:00:00-04:00,AAPL,207.58441162109375,hold,0.3875809626996225,Holding position - indicators suggest more upside potential.,"HOLD: swing trade, Q=0.428, P&L=$63.53 (1.3%), 24.0h",0.42765438259232463,0.3475075428069203,69.13629990272977,1.449409795947247
2025-07-01 00:00:00-04:00,MSFT,491.242431640625,buy,0.6282813395884483,Strong upward momentum detected. Algorithm confidence: 64%. Good entry point for potential gains.,BUY: Momentum entry Q=0.644 >= 0.35,0.6437129814109998,0.5922741753358285,69.87924903596259,5.808464143244123
2025-07-01 00:00:00-04:00,GOOGL,175.682861328125,buy,0.4305752484552119,Strong upward momentum detected. Algorithm confidence: 37%. Good entry point for potential gains.,BUY: Momentum entry Q=0.373 >= 0.35,0.3727895418627924,0.5654085638375241,47.669010418631316,-0.7288441299806152
2025-07-01 00:00:00-04:00,TSLA,300.7099914550781,sell,0.95,Stop loss triggered to limit losses. Protecting capital.,SELL: Stop loss 5.3% >= 2.0%,0.17910635589035218,0.6849192451073731,38.353560001359774,-2.205905703228609
2025-07-01 00:00:00-04:00,NVDA,153.3000030517578,sell,0.95,Stop loss triggered to limit losses. Protecting capital.,SELL: Stop loss 3.0% >= 2.0%,0.3890876823101678,0.5635088408551651,67.27153095354602,3.2398466917049973
2025-07-02 00:00:00-04:00,AAPL,212.1991729736328,sell,1.0,End of trading session - closing all positions.,FORCED EXIT: Held for 48.0 hours (max: 48),0.26053218652843374,0.5561576157838601,74.18552331144879,2.1908107314841345
2025-07-02 00:00:00-04:00,MSFT,490.2840270996094,hold,0.4915416876807188,Holding position - indicators suggest more upside potential.,"HOLD: swing trade, Q=0.423, P&L=$-9.58 (-0.2%), 24.0h",0.4232284497384225,0.5598549256230152,68.53301843388645,5.60127968724521
2025-07-02 00:00:00-04:00,GOOGL,178.48036193847656,sell,0.85,AI model detects potential price peak. Taking profits.,"SELL: ML profit peak ML=0.562, P&L=$78.33",0.2009886715543623,0.5624735763251605,51.83288609740759,-0.30416349874920456
2025-07-02 00:00:00-04:00,TSLA,315.6499938964844,buy,0.4372905267133036,Strong upward momentum detected. Algorithm confidence: 43%. Good entry point for potential gains.,BUY: Momentum entry Q=0.432 >= 0.35,0.4316616672129189,0.45042453221420153,45.7003839284171,-2.58233354335556
2025-07-02 00:00:00-04:00,NVDA,157.25,buy,0.4286955166393343,Strong upward momentum detected. Algorithm confidence: 37%. Good entry point for potential gains.,BUY: Momentum entry Q=0.366 >= 0.35,0.3655390976574369,0.5760604942637617,71.0449510814546,3.515108571420143
2025-07-03 00:00:00-04:00,AAPL,213.30792236328125,buy,0.469824588665156,Strong upward momentum detected. Algorithm confidence: 38%. Good entry point for potential gains.,BUY: Momentum entry Q=0.380 >= 0.35,0.37980715230234613,0.6798652735117126,74.80122081940638,2.8351611510193493
2025-07-03 00:00:00-04:00,MSFT,498.02130126953125,sell,1.0,End of trading session - closing all positions.,FORCED EXIT: Held for 48.0 hours (max: 48),0.4485303357015473,0.4619366962121049,69.45256163423397,5.992341888410863
2025-07-03 00:00:00-04:00,GOOGL,179.36956787109375,buy,0.6518844174553264,Strong upward momentum detected. Algorithm confidence: 68%. Good entry point for potential gains.,BUY: Momentum entry Q=0.680 >= 0.35,0.6798337345479757,0.586669344239145,55.561992379313246,0.10296354882041214
2025-07-03 00:00:00-04:00,TSLA,315.3500061035156,sell,0.8,Algorithm confidence dropped. Exiting position to preserve capital.,SELL: Conviction lost Q=0.246 <= 0.3,0.2461048000476866,0.6441038789116601,48.41136582541748,-2.871757987984097
2025-07-03 00:00:00-04:00,NVDA,159.33999633789062,sell,0.85,AI model detects potential price peak. Taking profits.,"SELL: ML profit peak ML=0.658, P&L=$64.79",0.24361120683745124,0.6584736670865969,70.9771787751895,3.8574347255424186
2025-07-07 00:00:00-04:00,AAPL,209.7119903564453,sell,1.0,End of trading session - closing all positions.,FORCED EXIT: Held for 96.0 hours (max: 48),0.3145771369817915,0.577271621376253,72.66617866652851,3.0208295971068537
2025-07-07 00:00:00-04:00,MSFT,496.90313720703125,buy,0.3951899878772299,Strong upward momentum detected. Algorithm confidence: 36%. Good entry point for potential gains.,BUY: Momentum entry Q=0.359 >= 0.35,0.35904269637050745,0.47953366805958236,73.44459642255288,6.141242583615792
2025-07-07 00:00:00-04:00,GOOGL,176.63201904296875,sell,1.0,End of trading session - closing all positions.,FORCED EXIT: Held for 96.0 hours (max: 48),0.41828196826773806,0.542364052312667,52.933032899529906,0.2023843941162795
2025-07-07 00:00:00-04:00,TSLA,293.94000244140625,hold,0.17157576799751695,Waiting for better opportunity. No clear buy signal yet.,"HOLD: No entry signal (Q=0.343, RSI=38.3, ML=0.710)",0.3431515359950339,0.7097260071824982,38.25533583506659,-4.773708964793229
2025-07-07 00:00:00-04:00,NVDA,158.24000549316406,buy,0.41481606611436905,Strong upward momentum detected. Algorithm confidence: 42%. Good entry point for potential gains.,BUY: Momentum entry Q=0.417 >= 0.35,0.41747790122491707,0.40860511752309037,75.22482476041324,3.9939310498418763
2025-07-08 00:00:00-04:00,AAPL,209.7719268798828,buy,0.42541938286414843,Strong upward momentum detected. Algorithm confidence: 36%. Good entry point for potential gains.,BUY: Momentum entry Q=0.359 >= 0.35,0.35920939867557566,0.5799093459708182,70.79292553637565,3.1366521809868573
2025-07-08 00:00:00-04:00,MSFT,495.804931640625,hold,0.459148132025842,Holding position - indicators suggest more upside potential.,"HOLD: swing trade, Q=0.443, P&L=$-10.98 (-0.2%), 24.0h",0.44262611872522983,0.47567014532645413,69.22567960473054,6.100310859933529
2025-07-08 00:00:00-04:00,GOOGL,174.20419311523438,buy,0.6283802036029819,Strong upward momentum detected. Algorithm confidence: 64%. Good entry point for potential gains.,BUY: Momentum entry Q=0.637 >= 0.35,0.6368970620821822,0.6085075338181811,46.69590776741516,0.08429912033659548
2025-07-08 00:00:00-04:00,TSLA,297.80999755859375,buy,0.4098863983747864,Strong upward momentum detected. Algorithm confidence: 39%. Good entry point for potential gains.,BUY: Momentum entry Q=0.393 >= 0.35,0.3931084781837081,0.4490348788206359,38.27843823067456,-5.9007226955113765
2025-07-08 00:00:00-04:00,NVDA,160.0,sell,0.85,AI model detects potential price peak. Taking profits.,"SELL: ML profit peak ML=0.656, P&L=$54.56",0.24572220189046837,0.6563752836437233,74.46469848143488,4.195756152902845
2025-07-09 00:00:00-04:00,AAPL,210.90065002441406,sell,0.85,AI model detects potential price peak. Taking profits.,"SELL: ML profit peak ML=0.515, P&L=$25.96",0.2316630708170553,0.5146352494920892,79.55755300747083,3.281691639362691
2025-07-09 00:00:00-04:00,MSFT,502.68365478515625,sell,1.0,End of trading session - closing all positions.,FORCED EXIT: Held for 48.0 hours (max: 48),0.17116329642665756,0.5541328181818556,74.8488015059012,6.547452684989025
2025-07-09 00:00:00-04:00,GOOGL,176.46217346191406,sell,0.85,AI model detects potential price peak. Taking profits.,"SELL: ML profit peak ML=0.542, P&L=$63.22",0.47799022749454095,0.541599311024465,50.88367408601068,0.1709452825482458
2025-07-09 00:00:00-04:00,TSLA,295.8800048828125,sell,0.8,Algorithm confidence dropped. Exiting position to preserve capital.,SELL: Conviction lost Q=0.209 <= 0.3,0.20872577479974405,0.5327721834698221,41.661911890074045,-6.8704254877829385
2025-07-09 00:00:00-04:00,NVDA,162.8800048828125,buy,0.4230898736326094,Strong upward momentum detected. Algorithm confidence: 38%. Good entry point for potential gains.,BUY: Momentum entry Q=0.378 >= 0.35,0.3782804081619545,0.5276452930641374,77.91670148337336,4.535810327970921
2025-07-10 00:00:00-04:00,AAPL,212.16920471191406,buy,0.5389231165810815,Strong upward momentum detected. Algorithm confidence: 51%. Good entry point for potential gains.,BUY: Momentum entry Q=0.508 >= 0.35,0.5082106813870155,0.6105854653672356,79.81163525432233,3.4591235930547555
2025-07-10 00:00:00-04:00,MSFT,500.656982421875,buy,0.405710055810353,Strong upward momentum detected. Algorithm confidence: 40%. Good entry point for potential gains.,BUY: Momentum entry Q=0.400 >= 0.35,0.4002338408487807,0.4184878907206885,70.7909371572126,6.661490761850757
2025-07-10 00:00:00-04:00,GOOGL,177.46127319335938,buy,0.5300889016022032,Strong upward momentum detected. Algorithm confidence: 54%. Good entry point for potential gains.,BUY: Momentum entry Q=0.544 >= 0.35,0.5442038582618793,0.4971540027296256,55.92610803015085,0.31658262146126503
2025-07-10 00:00:00-04:00,TSLA,309.8699951171875,hold,0.17148260160761317,Waiting for better opportunity. No clear buy signal yet.,"HOLD: No entry signal (Q=0.343, RSI=45.4, ML=0.335)",0.34296520321522633,0.3349425021643423,45.352566117937045,-6.4358580785552135
2025-07-10 00:00:00-04:00,NVDA,164.10000610351562,sell,0.85,AI model detects potential price peak. Taking profits.,"SELL: ML profit peak ML=0.450, P&L=$36.60",0.22916442621604247,0.4501838830281518,77.82430308190364,4.847866427718856
2025-07-11 00:00:00-04:00,AAPL,210.92062377929688,hold,0.38865502330216195,Holding position - indicators suggest more upside potential.,"HOLD: swing trade, Q=0.319, P&L=$-28.72 (-0.6%), 24.0h",0.31934834757677716,0.4579616990275467,71.72794196917734,3.4591151223419843
2025-07-11 00:00:00-04:00,MSFT,502.49395751953125,sell,0.85,AI model detects potential price peak. Taking profits.,"SELL: ML profit peak ML=0.575, P&L=$16.53",0.25735836700540093,0.5747072764878762,75.878593371661,6.82146173285912
2025-07-11 00:00:00-04:00,GOOGL,180.02899169921875,sell,0.85,AI model detects potential price peak. Taking profits.,"SELL: ML profit peak ML=0.711, P&L=$71.90",0.25419768504767964,0.711466915024066,71.06000256360348,0.6319104159891822
2025-07-11 00:00:00-04:00,TSLA,313.510009765625,buy,0.473162267991671,Strong upward momentum detected. Algorithm confidence: 40%. Good entry point for potential gains.,BUY: Momentum entry Q=0.401 >= 0.35,0.4008754986263147,0.6418313965108358,46.78606101384959,-5.731670386224437
2025-07-11 00:00:00-04:00,NVDA,164.9199981689453,buy,0.5217241503613205,Strong upward momentum detected. Algorithm confidence: 48%. Good entry point for potential gains.,BUY: Momentum entry Q=0.476 >= 0.35,0.47643923478958317,0.627388953362041,82.26647144127652,5.102520956356557
2025-07-14 00:00:00-04:00,AAPL,208.3834991455078,sell,1.0,End of trading session - closing all positions.,FORCED EXIT: Held for 96.0 hours (max: 48),0.48482988410456324,0.6222671907321458,64.00468979392912,3.2172966617110035
2025-07-14 00:00:00-04:00,MSFT,502.1944274902344,buy,0.4866804944762795,Strong upward momentum detected. Algorithm confidence: 48%. Good entry point for potential gains.,BUY: Momentum entry Q=0.483 >= 0.35,0.4831044543846059,0.49502458802351795,70.36856838078961,6.845163525666919
2025-07-14 00:00:00-04:00,GOOGL,181.3977508544922,buy,0.4844516421070331,Strong upward momentum detected. Algorithm confidence: 41%. Good entry point for potential gains.,BUY: Momentum entry Q=0.413 >= 0.35,0.4125348042204599,0.6522575971757041,75.50637239900989,0.9809496130799857
2025-07-14 00:00:00-04:00,TSLA,316.8999938964844,sell,1.0,End of trading session - closing all positions.,FORCED EXIT: Held for 72.0 hours (max: 48),0.2652832899064626,0.6227311811473544,35.74120298548743,-4.844212116708945
2025-07-14 00:00:00-04:00,NVDA,164.07000732421875,sell,1.0,End of trading session - closing all positions.,FORCED EXIT: Held for 72.0 hours (max: 48),0.2222166441777116,0.5332717934008364,79.98797875173088,5.176082688258589
2025-07-15 00:00:00-04:00,AAPL,208.87295532226562,buy,0.5050740591074019,Strong upward momentum detected. Algorithm confidence: 50%. Good entry point for potential gains.,BUY: Momentum entry Q=0.500 >= 0.35,0.500151296580191,0.5165605050042276,67.82676645470158,3.030218341565302
2025-07-15 00:00:00-04:00,MSFT,504.9898376464844,sell,0.85,AI model detects potential price peak. Taking profits.,"SELL: ML profit peak ML=0.505, P&L=$25.16",0.3923252622590947,0.5054156390672323,69.40942499964123,7.008721426790771
2025-07-15 00:00:00-04:00,GOOGL,181.83737182617188,sell,0.85,AI model detects potential price peak. Taking profits.,"SELL: ML profit peak ML=0.527, P&L=$11.87",0.366574199794356,0.526657136032529,74.6041873609382,1.2783039377372063
2025-07-15 00:00:00-04:00,TSLA,310.7799987792969,buy,0.4427979330806907,Strong upward momentum detected. Algorithm confidence: 38%. Good entry point for potential gains.,BUY: Momentum entry Q=0.385 >= 0.35,0.38539787431483846,0.576731403534346,36.42432141282325,-4.5819100959045045
2025-07-15 00:00:00-04:00,NVDA,170.6999969482422,buy,0.48360625683499214,Strong upward momentum detected. Algorithm confidence: 42%. Good entry point for potential gains.,BUY: Momentum entry Q=0.425 >= 0.35,0.4251607781297406,0.6199790404805791,81.59648167907713,5.703617887667889
2025-07-16 00:00:00-04:00,AAPL,209.92176818847656,sell,0.85,AI model detects potential price peak. Taking profits.,"SELL: ML profit peak ML=0.481, P&L=$24.12",0.4827514569907091,0.4810294094120216,67.55099559487846,2.9327805889942624
2025-07-16 00:00:00-04:00,MSFT,504.7901611328125,buy,0.635542775033078,Strong upward momentum detected. Algorithm confidence: 66%. Good entry point for potential gains.,BUY: Momentum entry Q=0.659 >= 0.35,0.6587082202557285,0.5814900695135602,67.33313383504243,7.04106500148896
2025-07-16 00:00:00-04:00,GOOGL,182.80650329589844,buy,0.48112812416713807,Strong upward momentum detected. Algorithm confidence: 45%. Good entry point for potential gains.,BUY: Momentum entry Q=0.449 >= 0.35,0.44899176633396953,0.5561129591111982,71.93858968039676,1.5740159168885839
2025-07-16 00:00:00-04:00,TSLA,321.6700134277344,sell,0.88,Exit signal triggered. Closing position with loss.,SELL: Swing trade profit 3.5% >= 2.0% (24.0h),0.23361523814842977,0.5426355392409078,47.26054060940193,-3.4554681977247697
2025-07-16 00:00:00-04:00,NVDA,171.3699951171875,sell,0.85,AI model detects potential price peak. Taking profits.,"SELL: ML profit peak ML=0.530, P&L=$19.43",0.3334490249476555,0.5300868175932737,78.11472771530306,6.105377594270038
2025-07-17 00:00:00-04:00,AAPL,209.78192138671875,buy,0.5584111407834437,Strong upward momentum detected. Algorithm confidence: 58%. Good entry point for potential gains.,BUY: Momentum entry Q=0.580 >= 0.35,0.5801173839743755,0.5077632400046028,68.72921188006758,2.8118625982187098
2025-07-17 00:00:00-04:00,MSFT,510.8601989746094,sell,0.85,AI model detects potential price peak. Taking profits.,"SELL: ML profit peak ML=0.604, P&L=$54.63",0.5428981012386395,0.6038280804646996,68.079145562993,7.470384894954464
2025-07-17 00:00:00-04:00,GOOGL,183.41595458984375,sell,0.85,AI model detects potential price peak. Taking profits.,"SELL: ML profit peak ML=0.460, P&L=$16.46",0.49398600377139595,0.45999108913540937,69.48757929685183,1.8363787853488134
2025-07-17 00:00:00-04:00,TSLA,319.4100036621094,buy,0.5312404411671926,Strong upward momentum detected. Algorithm confidence: 55%. Good entry point for potential gains.,BUY: Momentum entry Q=0.548 >= 0.35,0.548032869355521,0.4920581087277598,47.045730794249636,-2.7138353733577674
2025-07-17 00:00:00-04:00,NVDA,173.0,buy,0.4451696657161802,Strong upward momentum detected. Algorithm confidence: 43%. Good entry point for potential gains.,BUY: Momentum entry Q=0.426 >= 0.35,0.42649667105783035,0.48873998658566314,78.7588234805992,6.480598522068533
2025-07-18 00:00:00-04:00,AAPL,210.9405975341797,sell,0.85,AI model detects potential price peak. Taking profits.,"SELL: ML profit peak ML=0.529, P&L=$26.65",0.21588411412841096,0.5289139138071204,70.0715049431731,2.777512268511458
2025-07-18 00:00:00-04:00,MSFT,509.212890625,buy,0.6285130202773821,Strong upward momentum detected. Algorithm confidence: 58%. Good entry point for potential gains.,BUY: Momentum entry Q=0.580 >= 0.35,0.5799779176421015,0.741761593093037,67.83810500590872,7.590204830379321
2025-07-18 00:00:00-04:00,GOOGL,184.89462280273438,buy,0.5713355177636055,Strong upward momentum detected. Algorithm confidence: 66%. Good entry point for potential gains.,BUY: Momentum entry Q=0.665 >= 0.35,0.6648844368329127,0.353054706601889,64.67413425878576,2.1389627843405776
2025-07-18 00:00:00-04:00,TSLA,329.6499938964844,sell,0.88,Exit signal triggered. Closing position with loss.,SELL: Swing trade profit 3.2% >= 2.0% (24.0h),0.23758587939662434,0.5628071437769921,52.5970618337774,-1.284991798551971
2025-07-18 00:00:00-04:00,NVDA,172.41000366210938,hold,0.352743142629097,Holding position - indicators suggest more upside potential.,"HOLD: swing trade, Q=0.324, P&L=$-16.52 (-0.3%), 24.0h",0.32423704226223005,0.38124924299596397,75.17174018526457,6.653656822910023
2025-07-21 00:00:00-04:00,AAPL,212.23912048339844,buy,0.5903044357306022,Strong upward momentum detected. Algorithm confidence: 62%. Good entry point for potential gains.,BUY: Momentum entry Q=0.615 >= 0.35,0.6151262210391033,0.5323869366774333,66.33881483029347,2.822532931857836
2025-07-21 00:00:00-04:00,MSFT,509.2228698730469,sell,1.0,End of trading session - closing all positions.,FORCED EXIT: Held for 72.0 hours (max: 48),0.46547144072723823,0.6844978886482954,66.60532803461714,7.598378852788528
2025-07-21 00:00:00-04:00,GOOGL,189.9301300048828,sell,1.0,End of trading session - closing all positions.,FORCED EXIT: Held for 72.0 hours (max: 48),0.22426893128146658,0.40708344209093983,77.75108447076971,2.753347257974525
2025-07-21 00:00:00-04:00,TSLA,328.489990234375,buy,0.4085308973492636,Strong upward momentum detected. Algorithm confidence: 38%. Good entry point for potential gains.,BUY: Momentum entry Q=0.384 >= 0.35,0.3838350199185122,0.46615461135435055,54.8744202580245,-0.24341958280621157
2025-07-21 00:00:00-04:00,NVDA,171.3800048828125,sell,1.0,End of trading session - closing all positions.,FORCED EXIT: Held for 96.0 hours (max: 48),0.2977632868806883,0.6565436922577446,72.38384861790684,6.631253516982611
2025-07-22 00:00:00-04:00,AAPL,214.15695190429688,sell,0.85,AI model detects potential price peak. Taking profits.,"SELL: ML profit peak ML=0.681, P&L=$44.11",0.48650088104485534,0.6808717534305754,65.20329748678873,2.9786293149859944
2025-07-22 00:00:00-04:00,MSFT,504.44073486328125,buy,0.5801807434099269,Strong upward momentum detected. Algorithm confidence: 65%. Good entry point for potential gains.,BUY: Momentum entry Q=0.647 >= 0.35,0.6473224135345547,0.42351684645246196,67.61723587303656,7.136710933922245
2025-07-22 00:00:00-04:00,GOOGL,191.1690216064453,buy,0.434199077768773,Strong upward momentum detected. Algorithm confidence: 39%. Good entry point for potential gains.,BUY: Momentum entry Q=0.391 >= 0.35,0.39052113081708545,0.5361142873227106,79.99228103646885,3.3021543977500016
2025-07-22 00:00:00-04:00,TSLA,332.1099853515625,sell,0.85,AI model detects potential price peak. Taking profits.,"SELL: ML profit peak ML=0.567, P&L=$54.30",0.47989673782686554,0.5669884550278096,66.05973842159531,0.8641755765742118
2025-07-22 00:00:00-04:00,NVDA,167.02999877929688,buy,0.4320800551098276,Strong upward momentum detected. Algorithm confidence: 41%. Good entry point for potential gains.,BUY: Momentum entry Q=0.413 >= 0.35,0.41327084811787396,0.47596820475771956,73.21612036140208,6.191122194770571
2025-07-23 00:00:00-04:00,AAPL,213.9072265625,buy,0.5614223450793914,Strong upward momentum detected. Algorithm confidence: 55%. Good entry point for potential gains.,BUY: Momentum entry Q=0.552 >= 0.35,0.5516840866850593,0.5841449479994996,54.950744210443446,3.0470614475500213
2025-07-23 00:00:00-04:00,MSFT,505.0397644042969,sell,0.85,AI model detects potential price peak. Taking profits.,"SELL: ML profit peak ML=0.659, P&L=$5.39",0.4839287961058275,0.6588031761966093,69.88690954079416,6.741461092681618
2025-07-23 00:00:00-04:00,GOOGL,190.0600128173828,sell,0.8,Algorithm confidence dropped. Exiting position to preserve capital.,SELL: Conviction lost Q=0.274 <= 0.3,0.2738248200832438,0.5596978872384718,73.99587675806941,3.606032174825515
2025-07-23 00:00:00-04:00,TSLA,332.55999755859375,buy,0.6277243742954709,Strong upward momentum detected. Algorithm confidence: 64%. Good entry point for potential gains.,BUY: Momentum entry Q=0.644 >= 0.35,0.6437613804303863,0.5903046933140016,60.15372036336703,1.7579998168026805
2025-07-23 00:00:00-04:00,NVDA,170.77999877929688,sell,0.88,Exit signal triggered. Closing position with loss.,SELL: Swing trade profit 2.2% >= 2.0% (24.0h),0.30828040852931515,0.6897171360841847,73.03373355015353,6.074881162327898
2025-07-24 00:00:00-04:00,AAPL,213.51766967773438,hold,0.39181356338931567,Holding position - indicators suggest more upside potential.,"HOLD: swing trade, Q=0.405, P&L=$-8.96 (-0.2%), 24.0h",0.40473163937228485,0.3788954874063465,50.63439524309715,3.0348762563576486
2025-07-24 00:00:00-04:00,MSFT,510.0415344238281,buy,0.5511854248710228,Strong upward momentum detected. Algorithm confidence: 59%. Good entry point for potential gains.,BUY: Momentum entry Q=0.588 >= 0.35,0.58758247764562,0.466258968396963,67.4897671192609,6.75396824320859
2025-07-24 00:00:00-04:00,GOOGL,191.99827575683594,buy,0.4432862832260616,Strong upward momentum detected. Algorithm confidence: 35%. Good entry point for potential gains.,BUY: Momentum entry Q=0.354 >= 0.35,0.354478050293141,0.6505054934028764,75.07937729654776,3.957637936367263
2025-07-24 00:00:00-04:00,TSLA,305.29998779296875,sell,0.95,Stop loss triggered to limit losses. Protecting capital.,SELL: Stop loss 8.2% >= 2.0%,0.5153486638215418,0.36256129363198863,45.44134205348424,0.26366760414782675
2025-07-24 00:00:00-04:00,NVDA,173.74000549316406,buy,0.4600037381172959,Strong upward momentum detected. Algorithm confidence: 37%. Good entry point for potential gains.,BUY: Momentum entry Q=0.366 >= 0.35,0.36555709303868,0.6803792433007328,73.80955865026212,6.150705605112023
2025-07-25 00:00:00-04:00,AAPL,213.63754272460938,sell,1.0,End of trading session - closing all positions.,FORCED EXIT: Held for 48.0 hours (max: 48),0.43351610009412955,0.5308846583071953,65.03441496890439,3.0003064919963265
2025-07-25 00:00:00-04:00,MSFT,512.866943359375,sell,0.85,AI model detects potential price peak. Taking profits.,"SELL: ML profit peak ML=0.634, P&L=$25.43",0.2641329990339128,0.6336645338981559,72.12839581376853,6.912187740694037
2025-07-25 00:00:00-04:00,GOOGL,193.0073699951172,sell,0.85,AI model detects potential price peak. Taking profits.,"SELL: ML profit peak ML=0.586, P&L=$26.24",0.1809124587333213,0.5863309430996941,84.91691909250336,4.268508794915334
2025-07-25 00:00:00-04:00,TSLA,316.05999755859375,buy,0.45198309607563236,Strong upward momentum detected. Algorithm confidence: 39%. Good entry point for potential gains.,BUY: Momentum entry Q=0.393 >= 0.35,0.3925845089433261,0.590579799384347,61.10664356345222,-0.05176189858491398
2025-07-25 00:00:00-04:00,NVDA,173.5,sell,0.8,Algorithm confidence dropped. Exiting position to preserve capital.,SELL: Conviction lost Q=0.284 <= 0.3,0.2841945487168941,0.4942512173251603,75.97004747469029,6.120872971313105
2025-07-28 00:00:00-04:00,AAPL,213.80735778808594,buy,0.5839799280486471,Strong upward momentum detected. Algorithm confidence: 56%. Good entry point for potential gains.,BUY: Momentum entry Q=0.557 >= 0.35,0.5572010497047699,0.6464639775176938,65.32624468583244,2.9525768925945783
2025-07-28 00:00:00-04:00,MSFT,511.65887451171875,buy,0.4958883022054604,Strong upward momentum detected. Algorithm confidence: 44%. Good entry point for potential gains.,BUY: Momentum entry Q=0.435 >= 0.35,0.4353334481129979,0.6371829617545396,71.90937692417992,6.861007350697889
2025-07-28 00:00:00-04:00,GOOGL,192.4079132080078,buy,0.41668899692735656,Strong upward momentum detected. Algorithm confidence: 40%. Good entry point for potential gains.,BUY: Momentum entry Q=0.398 >= 0.35,0.39797794053370883,0.46034812851253476,92.09799206877399,4.415604694864072
2025-07-28 00:00:00-04:00,TSLA,325.5899963378906,sell,1.0,End of trading session - closing all positions.,FORCED EXIT: Held for 72.0 hours (max: 48),0.5332950305408566,0.4596455433181684,63.198400466289016,0.4619244266662008
2025-07-28 00:00:00-04:00,NVDA,176.75,buy,0.47301679031087984,Strong upward momentum detected. Algorithm confidence: 46%. Good entry point for potential gains.,BUY: Momentum entry Q=0.456 >= 0.35,0.45602511713771643,0.5126640277149279,77.129903870108,6.287005546299042
2025-07-29 00:00:00-04:00,AAPL,211.03050231933594,hold,0.47203630654231155,Holding position - indicators suggest more upside potential.,"HOLD: swing trade, Q=0.432, P&L=$-63.87 (-1.3%), 24.0h",0.4321276411893247,0.5119449718952984,50.43829831067161,2.660018771424035
2025-07-29 00:00:00-04:00,MSFT,511.728759765625,sell,0.85,AI model detects potential price peak. Taking profits.,"SELL: ML profit peak ML=0.492, P&L=$0.63",0.47354868865929556,0.4924093119570577,65.39755501019266,6.748295528639858
2025-07-29 00:00:00-04:00,GOOGL,195.5750732421875,sell,0.85,AI model detects potential price peak. Taking profits.,"SELL: ML profit peak ML=0.459, P&L=$79.18",0.3884626684067897,0.45946772525661206,92.41687351635439,4.733181431797078
2025-07-29 00:00:00-04:00,TSLA,321.20001220703125,buy,0.5870979789687887,Strong upward momentum detected. Algorithm confidence: 61%. Good entry point for potential gains.,BUY: Momentum entry Q=0.614 >= 0.35,0.614220160793135,0.5238128880453139,61.754876719765925,0.5089229624877021
2025-07-29 00:00:00-04:00,NVDA,175.50999450683594,sell,0.8,Algorithm confidence dropped. Exiting position to preserve capital.,SELL: Conviction lost Q=0.205 <= 0.3,0.20519813190226102,0.4980626582732128,71.60450131733013,6.246601791676085
2025-07-30 00:00:00-04:00,AAPL,208.81301879882812,sell,1.0,End of trading session - closing all positions.,FORCED EXIT: Held for 48.0 hours (max: 48),0.45395659560881785,0.6785448145656634,39.35366204286783,2.2235996917038108
2025-07-30 00:00:00-04:00,MSFT,512.3976440429688,buy,0.4950578657979747,Strong upward momentum detected. Algorithm confidence: 43%. Good entry point for potential gains.,BUY: Momentum entry Q=0.433 >= 0.35,0.4328564367802394,0.6401945335060237,70.95491554153422,6.636443182728499
2025-07-30 00:00:00-04:00,GOOGL,196.35438537597656,buy,0.4842663250691317,Strong upward momentum detected. Algorithm confidence: 44%. Good entry point for potential gains.,BUY: Momentum entry Q=0.442 >= 0.35,0.4418592072279364,0.5832162666985873,92.34216827586961,4.990223074747149
2025-07-30 00:00:00-04:00,TSLA,319.0400085449219,hold,0.445324715744312,Holding position - indicators suggest more upside potential.,"HOLD: swing trade, Q=0.366, P&L=$-32.40 (-0.7%), 24.0h",0.3657373676409686,0.5249120638476553,54.78252371740737,0.36763750084065805
2025-07-30 00:00:00-04:00,NVDA,179.27000427246094,hold,0.17001092607041624,Waiting for better opportunity. No clear buy signal yet.,"HOLD: No entry signal (Q=0.340, RSI=73.9, ML=0.616)",0.34002185214083247,0.6159605080234389,73.87471849050877,6.443703882130421
2025-07-31 00:00:00-04:00,AAPL,207.33470153808594,buy,0.6404970681074063,Strong upward momentum detected. Algorithm confidence: 60%. Good entry point for potential gains.,BUY: Momentum entry Q=0.603 >= 0.35,0.6033342662887573,0.7272102723509207,38.78831538722097,1.7384073014169985
2025-07-31 00:00:00-04:00,MSFT,532.6243896484375,sell,0.88,Exit signal triggered. Closing position with loss.,SELL: Swing trade profit 3.9% >= 2.0% (24.0h),0.27211352125766863,0.47686153473154647,82.4654305447591,8.08671016021168
2025-07-31 00:00:00-04:00,GOOGL,191.728515625,sell,0.95,Stop loss triggered to limit losses. Protecting capital.,SELL: Stop loss 2.4% >= 2.0%,0.30668088624581075,0.6481763900231211,74.00572575726646,4.765725087524771
2025-07-31 00:00:00-04:00,TSLA,308.2699890136719,sell,1.0,End of trading session - closing all positions.,FORCED EXIT: Held for 48.0 hours (max: 48),0.23531369329198737,0.670971733128721,47.456301359513255,-0.606392695259899
2025-07-31 00:00:00-04:00,NVDA,177.8699951171875,buy,0.5080287404710252,Strong upward momentum detected. Algorithm confidence: 45%. Good entry point for potential gains.,BUY: Momentum entry Q=0.451 >= 0.35,0.45088664597834005,0.6413602942872907,70.0154380165757,6.413014431984465
2025-08-01 00:00:00-04:00,AAPL,202.1505889892578,sell,0.95,Stop loss triggered to limit losses. Protecting capital.,SELL: Stop loss 2.5% >= 2.0%,0.5117209445298548,0.8250800582367752,33.279820682134854,0.9249124640901414
2025-08-01 00:00:00-04:00,MSFT,523.2498168945312,buy,0.5778376270076565,Strong upward momentum detected. Algorithm confidence: 62%. Good entry point for potential gains.,BUY: Momentum entry Q=0.623 >= 0.35,0.6225410955303744,0.47352953378798157,68.97602936961923,8.382973809948624
2025-08-01 00:00:00-04:00,GOOGL,188.96099853515625,buy,0.5517459934992914,Strong upward momentum detected. Algorithm confidence: 55%. Good entry point for potential gains.,BUY: Momentum entry Q=0.548 >= 0.35,0.5483877066214965,0.5595819962141465,64.67625571235942,4.314755499627694
2025-08-01 00:00:00-04:00,TSLA,302.6300048828125,buy,0.44504085705719987,Strong upward momentum detected. Algorithm confidence: 37%. Good entry point for potential gains.,BUY: Momentum entry Q=0.374 >= 0.35,0.37394289621692245,0.6109360990178471,43.220909797604,-1.8125245722134196
2025-08-01 00:00:00-04:00,NVDA,173.72000122070312,sell,0.95,Stop loss triggered to limit losses. Protecting capital.,SELL: Stop loss 2.3% >= 2.0%,0.4237857512525452,0.5050323651235311,63.53434402232532,5.984833561273234
2025-08-04 00:00:00-04:00,AAPL,203.11949157714844,buy,0.6810443556418688,Strong upward momentum detected. Algorithm confidence: 58%. Good entry point for potential gains.,BUY: Momentum entry Q=0.581 >= 0.35,0.581246204880657,0.9139067074180297,34.95301846298983,0.3543100206134966
2025-08-04 00:00:00-04:00,MSFT,534.7609252929688,sell,1.0,End of trading session - closing all positions.,FORCED EXIT: Held for 72.0 hours (max: 48),0.21154044495700344,0.6509310675632154,73.18815191043242,9.437821797396225
2025-08-04 00:00:00-04:00,GOOGL,194.86570739746094,sell,1.0,End of trading session - closing all positions.,FORCED EXIT: Held for 72.0 hours (max: 48),0.2796178362796893,0.5461733552943044,70.85732376468312,4.3832916519761795
2025-08-04 00:00:00-04:00,TSLA,309.260009765625,sell,1.0,End of trading session - closing all positions.,FORCED EXIT: Held for 72.0 hours (max: 48),0.2708932109908094,0.5145318336562122,49.281397298260444,-2.207954860403163
2025-08-04 00:00:00-04:00,NVDA,180.0,buy,0.5998597452768992,Strong upward momentum detected. Algorithm confidence: 58%. Good entry point for potential gains.,BUY: Momentum entry Q=0.577 >= 0.35,0.577072539338928,0.653029892465499,63.17279632821149,6.0821295502465205
2025-08-05 00:00:00-04:00,AAPL,202.68995666503906,sell,0.8,Algorithm confidence dropped. Exiting position to preserve capital.,SELL: Conviction lost Q=0.281 <= 0.3,0.2814403962479326,0.5490805306511233,30.453563893054337,-0.13104579014887463
2025-08-05 00:00:00-04:00,MSFT,526.8838500976562,buy,0.628827999871663,Strong upward momentum detected. Algorithm confidence: 65%. Good entry point for potential gains.,BUY: Momentum entry Q=0.649 >= 0.35,0.6487203458856646,0.582412525838993,65.37016231144128,9.528345455201702
2025-08-05 00:00:00-04:00,GOOGL,194.4960479736328,buy,0.544759709782767,Strong upward momentum detected. Algorithm confidence: 57%. Good entry point for potential gains.,BUY: Momentum entry Q=0.574 >= 0.35,0.5737739494433229,0.47705981724147006,69.08025559691083,4.35754752496976
2025-08-05 00:00:00-04:00,TSLA,308.7200012207031,buy,0.4372756301191889,Strong upward momentum detected. Algorithm confidence: 38%. Good entry point for potential gains.,BUY: Momentum entry Q=0.378 >= 0.35,0.3778535400768295,0.575927173551361,43.21349566721554,-2.535680641224758
2025-08-05 00:00:00-04:00,NVDA,178.25999450683594,hold,0.5880089532681183,Holding position - indicators suggest more upside potential.,"HOLD: swing trade, Q=0.466, P&L=$-46.98 (-1.0%), 24.0h",0.4656992447096483,0.7103186618265884,59.472080894565956,5.950242726765282
2025-08-06 00:00:00-04:00,AAPL,213.0082550048828,buy,0.6267898750157914,Strong upward momentum detected. Algorithm confidence: 61%. Good entry point for potential gains.,BUY: Momentum entry Q=0.613 >= 0.35,0.6125456398734206,0.6600264236813234,55.6251991982586,0.31329520334560357
2025-08-06 00:00:00-04:00,MSFT,524.0784912109375,hold,0.46622334309663754,Holding position - indicators suggest more upside potential.,"HOLD: swing trade, Q=0.466, P&L=$-25.25 (-0.5%), 24.0h",0.46621179043571503,0.46623489575756005,59.63329441201001,9.266894102630772
2025-08-06 00:00:00-04:00,GOOGL,195.91476440429688,sell,0.85,AI model detects potential price peak. Taking profits.,"SELL: ML profit peak ML=0.674, P&L=$35.47",0.4618146347519112,0.6739323647236422,69.87608295172409,4.400892923921134
2025-08-06 00:00:00-04:00,TSLA,319.9100036621094,sell,0.88,Exit signal triggered. Closing position with loss.,SELL: Swing trade profit 3.6% >= 2.0% (24.0h),0.19043935766864883,0.516985143124943,50.23960124176152,-1.8708994412294828
2025-08-06 00:00:00-04:00,NVDA,179.4199981689453,sell,1.0,End of trading session - closing all positions.,FORCED EXIT: Held for 48.0 hours (max: 48),0.3681499105177736,0.5754910305782722,58.94149174687439,5.871639465154601
2025-08-07 00:00:00-04:00,AAPL,219.7805633544922,sell,0.88,Exit signal triggered. Closing position with loss.,SELL: Swing trade profit 3.2% >= 2.0% (24.0h),0.4098647684770136,0.5630796506184185,62.88957791202258,1.1980964175525912
2025-08-07 00:00:00-04:00,MSFT,519.9852294921875,sell,1.0,End of trading session - closing all positions.,FORCED EXIT: Held for 48.0 hours (max: 48),0.4279835550246398,0.48511032098290313,57.58046518579858,8.62991966817907
2025-08-07 00:00:00-04:00,GOOGL,196.34439086914062,buy,0.5366260526030322,Strong upward momentum detected. Algorithm confidence: 59%. Good entry point for potential gains.,BUY: Momentum entry Q=0.591 >= 0.35,0.5911518192496844,0.4093992637608438,68.83632171951108,4.418972565036768
2025-08-07 00:00:00-04:00,TSLA,322.2699890136719,buy,0.41284788430518415,Strong upward momentum detected. Algorithm confidence: 40%. Good entry point for potential gains.,BUY: Momentum entry Q=0.400 >= 0.35,0.4000504405711969,0.44270858635115445,46.174578477234576,-1.1404777386443925
2025-08-07 00:00:00-04:00,NVDA,180.77000427246094,buy,0.5966595946240185,Strong upward momentum detected. Algorithm confidence: 60%. Good entry point for potential gains.,BUY: Momentum entry Q=0.597 >= 0.35,0.5969388388972122,0.5960080246532333,61.40205856020658,5.850835237504697
2025-08-08 00:00:00-04:00,AAPL,229.0900115966797,buy,0.5313152191483301,Strong upward momentum detected. Algorithm confidence: 56%. Good entry point for potential gains.,BUY: Momentum entry Q=0.563 >= 0.35,0.5631300092445058,0.4570807089239204,69.91733963181579,2.6202972694556195
2025-08-08 00:00:00-04:00,MSFT,521.1832275390625,buy,0.5120043428548916,Strong upward momentum detected. Algorithm confidence: 52%. Good entry point for potential gains.,BUY: Momentum entry Q=0.520 >= 0.35,0.5204414156043106,0.4923178397729141,58.27806064794613,8.128085756969824
2025-08-08 00:00:00-04:00,GOOGL,201.24000549316406,sell,0.88,Exit signal triggered. Closing position with loss.,SELL: Swing trade profit 2.5% >= 2.0% (24.0h),0.5388396150419453,0.6152663463228875,68.69221760327319,4.773312224635902
2025-08-08 00:00:00-04:00,TSLA,329.6499938964844,sell,0.88,Exit signal triggered. Closing position with loss.,SELL: Swing trade profit 2.3% >= 2.0% (24.0h),0.43952411733150853,0.6373470506205554,50.56486336194381,0.03350521259267225
2025-08-08 00:00:00-04:00,NVDA,182.6999969482422,sell,0.85,AI model detects potential price peak. Taking profits.,"SELL: ML profit peak ML=0.523, P&L=$52.11",0.3912262301944104,0.5230995574790488,65.06919462855495,5.921818973596231
2025-08-11 00:00:00-04:00,AAPL,227.17999267578125,sell,1.0,End of trading session - closing all positions.,FORCED EXIT: Held for 72.0 hours (max: 48),0.42594317680199506,0.6645649239258302,65.39575784076462,3.552330076892531
2025-08-11 00:00:00-04:00,MSFT,520.9136962890625,sell,1.0,End of trading session - closing all positions.,FORCED EXIT: Held for 72.0 hours (max: 48),0.4596869217624193,0.587659616861856,62.1609906395342,7.620782213920165
2025-08-11 00:00:00-04:00,GOOGL,200.8203887939453,buy,0.6274297804183946,Strong upward momentum detected. Algorithm confidence: 62%. Good entry point for potential gains.,BUY: Momentum entry Q=0.622 >= 0.35,0.622387643122834,0.6391947674413694,66.39513894001023,4.963058349744415
2025-08-11 00:00:00-04:00,TSLA,339.0299987792969,buy,0.5656180406551317,Strong upward momentum detected. Algorithm confidence: 56%. Good entry point for potential gains.,BUY: Momentum entry Q=0.562 >= 0.35,0.5616508019869348,0.5748749308809243,53.190709758614595,1.7011730970900771
2025-08-11 00:00:00-04:00,NVDA,182.05999755859375,buy,0.40855612962764143,Strong upward momentum detected. Algorithm confidence: 40%. Good entry point for potential gains.,BUY: Momentum entry Q=0.400 >= 0.35,0.4003474356960371,0.4277097488013851,72.20086044150818,5.858893812971303
2025-08-12 00:00:00-04:00,AAPL,229.64999389648438,buy,0.6181491421154987,Strong upward momentum detected. Algorithm confidence: 65%. Good entry point for potential gains.,BUY: Momentum entry Q=0.649 >= 0.35,0.6492309482926516,0.5456249277021419,67.68273035652095,4.439109951300736
2025-08-12 00:00:00-04:00,MSFT,528.3713989257812,buy,0.5781003045549541,Strong upward momentum detected. Algorithm confidence: 64%. Good entry point for potential gains.,BUY: Momentum entry Q=0.639 >= 0.35,0.6393618264847396,0.4351567533854546,65.64047234152414,7.731392101765778
2025-08-12 00:00:00-04:00,GOOGL,203.15829467773438,sell,0.85,AI model detects potential price peak. Taking profits.,"SELL: ML profit peak ML=0.488, P&L=$56.11",0.26636021027525036,0.4880799874933213,71.35878146742049,5.241660388923805
2025-08-12 00:00:00-04:00,TSLA,340.8399963378906,sell,0.85,AI model detects potential price peak. Taking profits.,"SELL: ML profit peak ML=0.691, P&L=$25.34",0.4500602159130547,0.6912296160791997,53.770490618625665,3.1327511811044246
2025-08-12 00:00:00-04:00,NVDA,183.16000366210938,sell,0.85,AI model detects potential price peak. Taking profits.,"SELL: ML profit peak ML=0.630, P&L=$29.70",0.504686211981879,0.6295084188655516,69.83972424667168,5.830575227429108
2025-08-13 00:00:00-04:00,AAPL,233.3300018310547,sell,0.85,AI model detects potential price peak. Taking profits.,"SELL: ML profit peak ML=0.530, P&L=$77.28",0.24520169158192814,0.5301222470220303,70.72203902587563,5.376854247098521
2025-08-13 00:00:00-04:00,MSFT,519.7256469726562,hold,0.4463691427568431,Holding position - indicators suggest more upside potential.,"HOLD: swing trade, Q=0.388, P&L=$-77.81 (-1.6%), 24.0h",0.3877948050552945,0.5049434804583917,56.18940621848772,7.04025562331276
2025-08-13 00:00:00-04:00,GOOGL,201.779541015625,buy,0.5318677166077062,Strong upward momentum detected. Algorithm confidence: 55%. Good entry point for potential gains.,BUY: Momentum entry Q=0.549 >= 0.35,0.5489003000571746,0.4921250218922797,66.24632317720068,5.2902182712017805
2025-08-13 00:00:00-04:00,TSLA,339.3800048828125,hold,0.1675699206435136,Waiting for better opportunity. No clear buy signal yet.,"HOLD: No entry signal (Q=0.335, RSI=70.3, ML=0.552)",0.3351398412870272,0.5515965621748423,70.28572445824032,4.102190519102578
2025-08-13 00:00:00-04:00,NVDA,181.58999633789062,buy,0.6033474939071424,Strong upward momentum detected. Algorithm confidence: 61%. Good entry point for potential gains.,BUY: Momentum entry Q=0.606 >= 0.35,0.6055914425259941,0.5981116137964885,63.16668807978579,5.61670025018708
2025-08-14 00:00:00-04:00,AAPL,232.77999877929688,buy,0.5545428643725332,Strong upward momentum detected. Algorithm confidence: 59%. Good entry point for potential gains.,BUY: Momentum entry Q=0.586 >= 0.35,0.5860965044984242,0.4809177040787875,69.84286661503967,6.006404614354295
2025-08-14 00:00:00-04:00,MSFT,521.6224975585938,sell,1.0,End of trading session - closing all positions.,FORCED EXIT: Held for 48.0 hours (max: 48),0.5017945094020101,0.5815917630263201,55.66315496921113,6.569851812311072
2025-08-14 00:00:00-04:00,GOOGL,202.75865173339844,sell,0.85,AI model detects potential price peak. Taking profits.,"SELL: ML profit peak ML=0.520, P&L=$23.50",0.442655307849099,0.5203281137410382,66.2126699633562,5.3460805066413855
2025-08-14 00:00:00-04:00,TSLA,335.5799865722656,buy,0.5270749646279436,Strong upward momentum detected. Algorithm confidence: 61%. Good entry point for potential gains.,BUY: Momentum entry Q=0.609 >= 0.35,0.6089243336296167,0.33609310362403966,62.66873497443202,4.511838790264335
2025-08-14 00:00:00-04:00,NVDA,182.02000427246094,sell,0.85,AI model detects potential price peak. Taking profits.,"SELL: ML profit peak ML=0.591, P&L=$11.61",0.4281862585953541,0.5912136527732706,64.19998545330995,5.419429032026557
2025-08-15 00:00:00-04:00,AAPL,231.58999633789062,hold,0.5620478919629426,Holding position - indicators suggest more upside potential.,"HOLD: swing trade, Q=0.471, P&L=$-24.99 (-0.5%), 24.0h",0.47104596759645023,0.6530498163294349,68.05149946019122,6.33626405645839
2025-08-15 00:00:00-04:00,MSFT,519.3162841796875,buy,0.6220867090745322,Strong upward momentum detected. Algorithm confidence: 58%. Good entry point for potential gains.,BUY: Momentum entry Q=0.580 >= 0.35,0.5803997698150378,0.7193562340133526,54.88349353572266,5.94246027417978
2025-08-15 00:00:00-04:00,GOOGL,203.71778869628906,buy,0.5693600874247524,Strong upward momentum detected. Algorithm confidence: 59%. Good entry point for potential gains.,BUY: Momentum entry Q=0.592 >= 0.35,0.5922058362953475,0.5160533400600303,68.58177591883026,5.405435571257499
2025-08-15 00:00:00-04:00,TSLA,330.55999755859375,hold,0.47462624617298016,Holding position - indicators suggest more upside potential.,"HOLD: swing trade, Q=0.393, P&L=$-70.28 (-1.5%), 24.0h",0.39258883300049086,0.5566636593454695,53.42616938118699,4.380916360137803
2025-08-15 00:00:00-04:00,NVDA,180.4499969482422,buy,0.5666964202100601,Strong upward momentum detected. Algorithm confidence: 58%. Good entry point for potential gains.,BUY: Momentum entry Q=0.584 >= 0.35,0.584157980886784,0.5259527786310376,56.53246823920262,5.077869185301864
2025-08-18 00:00:00-04:00,AAPL,230.88999938964844,sell,1.0,End of trading session - closing all positions.,FORCED EXIT: Held for 96.0 hours (max: 48),0.2069544851231708,0.5109420564647379,71.04721842914002,6.466652591506858
2025-08-18 00:00:00-04:00,MSFT,516.2512817382812,sell,1.0,End of trading session - closing all positions.,FORCED EXIT: Held for 72.0 hours (max: 48),0.4486469492866103,0.6399161034777857,52.7780964657133,5.1386922330339075
2025-08-18 00:00:00-04:00,GOOGL,203.3181610107422,sell,1.0,End of trading session - closing all positions.,FORCED EXIT: Held for 72.0 hours (max: 48),0.41390110274841047,0.7298986163425512,63.99428591914796,5.358459290029828
2025-08-18 00:00:00-04:00,TSLA,335.1600036621094,sell,1.0,End of trading session - closing all positions.,FORCED EXIT: Held for 96.0 hours (max: 48),0.39061752129462013,0.3579989200054342,59.59581212018233,4.595368887696509
2025-08-18 00:00:00-04:00,NVDA,182.00999450683594,sell,1.0,End of trading session - closing all positions.,FORCED EXIT: Held for 72.0 hours (max: 48),0.46747144387449246,0.5556848026955316,61.34774746743926,4.8768421113706495
2025-08-19 00:00:00-04:00,AAPL,230.55999755859375,buy,0.40480531998271063,Strong upward momentum detected. Algorithm confidence: 38%. Good entry point for potential gains.,BUY: Momentum entry Q=0.377 >= 0.35,0.37677579802510364,0.47020753788379366,74.00808169832908,6.468789872141542
2025-08-19 00:00:00-04:00,MSFT,508.933349609375,buy,0.6054337699913069,Strong upward momentum detected. Algorithm confidence: 62%. Good entry point for potential gains.,BUY: Momentum entry Q=0.625 >= 0.35,0.6254438488993812,0.558743585872467,48.0326592634751,3.8666321764623035
2025-08-19 00:00:00-04:00,GOOGL,201.389892578125,buy,0.5873777660717674,Strong upward momentum detected. Algorithm confidence: 64%. Good entry point for potential gains.,BUY: Momentum entry Q=0.641 >= 0.35,0.640894664504427,0.46250500306222814,58.73791214930604,5.1067674649272305
2025-08-19 00:00:00-04:00,TSLA,329.30999755859375,buy,0.5406472957321964,Strong upward momentum detected. Algorithm confidence: 63%. Good entry point for potential gains.,BUY: Momentum entry Q=0.627 >= 0.35,0.6267976725251845,0.3396297498818912,56.7185567821234,4.244351219974078
2025-08-19 00:00:00-04:00,NVDA,175.63999938964844,buy,0.5231169656251451,Strong upward momentum detected. Algorithm confidence: 55%. Good entry point for potential gains.,BUY: Momentum entry Q=0.553 >= 0.35,0.5532209750192211,0.4528742770389677,44.19199785937709,4.155617960208758
2025-08-20 00:00:00-04:00,AAPL,226.00999450683594,hold,0.4461101472839651,Holding position - indicators suggest more upside potential.,"HOLD: swing trade, Q=0.352, P&L=$-95.55 (-2.0%), 24.0h",0.3523255722193003,0.5398947223486299,69.30756139623549,6.033782770251975
2025-08-20 00:00:00-04:00,MSFT,504.8900146484375,hold,0.5683412274031607,Holding position - indicators suggest more upside potential.,"HOLD: swing trade, Q=0.441, P&L=$-36.39 (-0.8%), 24.0h",0.44091481350054185,0.6957676413057795,30.70294942508039,2.503394503615368
2025-08-20 00:00:00-04:00,GOOGL,199.1418914794922,hold,0.5119828007739069,Holding position - indicators suggest more upside potential.,"HOLD: swing trade, Q=0.547, P&L=$-53.95 (-1.1%), 24.0h",0.5466077231450076,0.47735787840280625,64.02122448885356,4.672048511865597
2025-08-20 00:00:00-04:00,TSLA,323.8999938964844,hold,0.5005223873387001,Holding position - indicators suggest more upside potential.,"HOLD: swing trade, Q=0.447, P&L=$-81.15 (-1.6%), 24.0h",0.4473351654677534,0.5537096092096467,60.99620323064622,3.489401459168846
2025-08-20 00:00:00-04:00,NVDA,175.39999389648438,hold,0.5200595383702478,Holding position - indicators suggest more upside potential.,"HOLD: swing trade, Q=0.464, P&L=$-6.72 (-0.1%), 24.0h",0.4644863620248005,0.575632714715695,45.89564802888467,3.5240530963370986
2025-08-21 00:00:00-04:00,AAPL,224.89999389648438,sell,1.0,End of trading session - closing all positions.,FORCED EXIT: Held for 48.0 hours (max: 48),0.32904225186490144,0.7137905475418305,75.6831799422083,5.535657125834632
2025-08-21 00:00:00-04:00,MSFT,504.239990234375,sell,1.0,End of trading session - closing all positions.,FORCED EXIT: Held for 48.0 hours (max: 48),0.4410503640611924,0.7042518945859473,34.945608199226825,1.3549482881136328
2025-08-21 00:00:00-04:00,GOOGL,199.57150268554688,sell,1.0,End of trading session - closing all positions.,FORCED EXIT: Held for 48.0 hours (max: 48),0.15949985455255156,0.6446639085158187,72.01499388973666,4.312485000840269
2025-08-21 00:00:00-04:00,TSLA,320.1099853515625,sell,1.0,End of trading session - closing all positions.,FORCED EXIT: Held for 48.0 hours (max: 48),0.44182308166484946,0.8049419006059493,62.626388654978705,2.555814481060793
2025-08-21 00:00:00-04:00,NVDA,174.97999572753906,sell,1.0,End of trading session - closing all positions.,FORCED EXIT: Held for 48.0 hours (max: 48),0.4431409803396325,0.748051090843217,52.38997158372266,2.95557304311626
2025-08-22 00:00:00-04:00,AAPL,227.75999450683594,buy,0.5114912492365131,Strong upward momentum detected. Algorithm confidence: 46%. Good entry point for potential gains.,BUY: Momentum entry Q=0.462 >= 0.35,0.4622077161302861,0.6264861598177098,76.67897600735917,5.310451531452088
2025-08-22 00:00:00-04:00,MSFT,507.2300109863281,buy,0.9101073917504894,Strong upward momentum detected. Algorithm confidence: 87%. Good entry point for potential gains.,BUY: Momentum entry Q=0.872 >= 0.35,0.8715819882149848,1.0,24.795952748540373,0.6782476574562679
2025-08-22 00:00:00-04:00,GOOGL,205.9058380126953,buy,0.5082050047147821,Strong upward momentum detected. Algorithm confidence: 39%. Good entry point for potential gains.,BUY: Momentum entry Q=0.391 >= 0.35,0.3906122185900545,0.7825881723391467,72.50517273771266,4.486933672136104
2025-08-22 00:00:00-04:00,TSLA,340.010009765625,buy,0.6423458194587423,Strong upward momentum detected. Algorithm confidence: 66%. Good entry point for potential gains.,BUY: Momentum entry Q=0.655 >= 0.35,0.6548735958813805,0.6131143411392532,68.63861127902942,3.382711936017529
2025-08-22 00:00:00-04:00,NVDA,177.99000549316406,buy,0.7029603637996062,Strong upward momentum detected. Algorithm confidence: 66%. Good entry point for potential gains.,BUY: Momentum entry Q=0.658 >= 0.35,0.6584411521036978,0.806838524423393,45.64748626942782,2.716615683085763
2025-08-25 00:00:00-04:00,AAPL,227.16000366210938,sell,1.0,End of trading session - closing all positions.,FORCED EXIT: Held for 72.0 hours (max: 48),0.2655670184396434,0.599406324999941,76.39698327527762,5.025627918251672
2025-08-25 00:00:00-04:00,MSFT,504.260009765625,sell,1.0,End of trading session - closing all positions.,FORCED EXIT: Held for 72.0 hours (max: 48),0.44751215555683843,0.7048053559612477,27.24371095438292,-0.0965833916613974
2025-08-25 00:00:00-04:00,GOOGL,208.30369567871094,sell,1.0,End of trading session - closing all positions.,FORCED EXIT: Held for 72.0 hours (max: 48),0.1967548581784877,0.635269961542156,75.99704893052461,4.76375892731059
2025-08-25 00:00:00-04:00,TSLA,346.6000061035156,sell,1.0,End of trading session - closing all positions.,FORCED EXIT: Held for 72.0 hours (max: 48),0.18210190576747454,0.7584293715184014,71.39145480615453,4.5177143571854685
2025-08-25 00:00:00-04:00,NVDA,179.80999755859375,sell,1.0,End of trading session - closing all positions.,FORCED EXIT: Held for 72.0 hours (max: 48),0.563694851444182,0.6815387864307106,53.344844913073736,2.643624347163552
2025-08-26 00:00:00-04:00,AAPL,229.30999755859375,buy,0.4503903596202067,Strong upward momentum detected. Algorithm confidence: 36%. Good entry point for potential gains.,BUY: Momentum entry Q=0.360 >= 0.35,0.36042844166193816,0.6603015015228333,71.34754250222097,4.916712886338416
2025-08-26 00:00:00-04:00,MSFT,502.0400085449219,buy,0.5132700928232397,Strong upward momentum detected. Algorithm confidence: 55%. Good entry point for potential gains.,BUY: Momentum entry Q=0.547 >= 0.35,0.5473547340990613,0.43373926317965605,27.56834730813459,-0.8796382039702735
2025-08-26 00:00:00-04:00,GOOGL,206.95489501953125,buy,0.4598059522576851,Strong upward momentum detected. Algorithm confidence: 36%. Good entry point for potential gains.,BUY: Momentum entry Q=0.356 >= 0.35,0.3563576545481736,0.7011853135798788,70.84123553120052,4.818760326190102
2025-08-26 00:00:00-04:00,TSLA,351.6700134277344,buy,0.5603996297197329,Strong upward momentum detected. Algorithm confidence: 58%. Good entry point for potential gains.,BUY: Momentum entry Q=0.585 >= 0.35,0.5854141920354489,0.5020323176497291,69.267163814362,5.759922372771143
2025-08-26 00:00:00-04:00,NVDA,181.77000427246094,buy,0.5764917406410841,Strong upward momentum detected. Algorithm confidence: 58%. Good entry point for potential gains.,BUY: Momentum entry Q=0.578 >= 0.35,0.5783640005510793,0.5721231341844287,54.90196702527214,2.7126644418103183
2025-08-27 00:00:00-04:00,AAPL,230.49000549316406,sell,0.85,AI model detects potential price peak. Taking profits.,"SELL: ML profit peak ML=0.652, P&L=$24.78",0.40539319590105066,0.6518530654373564,66.4308282110925,4.869481367382491
2025-08-27 00:00:00-04:00,MSFT,506.739990234375,sell,0.85,AI model detects potential price peak. Taking profits.,"SELL: ML profit peak ML=0.549, P&L=$42.30",0.2944930368136621,0.5486065834109807,36.68294095844042,-1.1081910052932358
2025-08-27 00:00:00-04:00,GOOGL,207.29458618164062,sell,0.85,AI model detects potential price peak. Taking profits.,"SELL: ML profit peak ML=0.764, P&L=$8.15",0.24048677973299376,0.7635016589040328,70.74188830632806,4.834035813159261
2025-08-27 00:00:00-04:00,TSLA,349.6000061035156,hold,0.5500914190905584,Holding position - indicators suggest more upside potential.,"HOLD: swing trade, Q=0.453, P&L=$-28.98 (-0.6%), 24.0h",0.4534216941019243,0.6467611440791925,66.638253472937,6.502393340625417
2025-08-27 00:00:00-04:00,NVDA,181.60000610351562,hold,0.6000028049933518,Holding position - indicators suggest more upside potential.,"HOLD: swing trade, Q=0.400, P&L=$-4.59 (-0.1%), 24.0h",0.40047777349448577,0.7995278364922178,51.82097622671096,2.722281021668266
2025-08-28 00:00:00-04:00,AAPL,232.55999755859375,buy,0.5384714715924954,Strong upward momentum detected. Algorithm confidence: 54%. Good entry point for potential gains.,BUY: Momentum entry Q=0.537 >= 0.35,0.53732972898085,0.5411355376863349,56.84414800350801,4.942111523079404
2025-08-28 00:00:00-04:00,MSFT,509.6400146484375,hold,0.17433508173781626,Waiting for better opportunity. No clear buy signal yet.,"HOLD: No entry signal (Q=0.349, RSI=38.8, ML=0.781)",0.3486701634756325,0.781117388414245,38.778261426801535,-1.0432866541504495
2025-08-28 00:00:00-04:00,GOOGL,211.4508819580078,buy,0.6174914007176091,Strong upward momentum detected. Algorithm confidence: 63%. Good entry point for potential gains.,BUY: Momentum entry Q=0.631 >= 0.35,0.6311462649530425,0.5856300508349315,69.89880211102508,5.1224714182936
2025-08-28 00:00:00-04:00,TSLA,345.9800109863281,sell,1.0,End of trading session - closing all positions.,FORCED EXIT: Held for 48.0 hours (max: 48),0.5016364172544306,0.5599333512972104,60.41853093616508,6.72122547599912
2025-08-28 00:00:00-04:00,NVDA,180.1699981689453,sell,1.0,End of trading session - closing all positions.,FORCED EXIT: Held for 48.0 hours (max: 48),0.42945258161115085,0.4888439985720079,44.32482201533407,2.5847175265295164
2025-08-29 00:00:00-04:00,AAPL,232.13999938964844,hold,0.5274833449364367,Holding position - indicators suggest more upside potential.,"HOLD: swing trade, Q=0.449, P&L=$-8.82 (-0.2%), 24.0h",0.44914959504150337,0.6058170948313699,60.393978598046026,4.90919100454343
2025-08-29 00:00:00-04:00,MSFT,506.69000244140625,buy,0.49226994837225835,Strong upward momentum detected. Algorithm confidence: 42%. Good entry point for potential gains.,BUY: Momentum entry Q=0.420 >= 0.35,0.42045050612812335,0.6598486469419067,36.85737972106453,-1.2158749692957826
2025-08-29 00:00:00-04:00,GOOGL,212.71974182128906,sell,0.85,AI model detects potential price peak. Taking profits.,"SELL: ML profit peak ML=0.598, P&L=$29.18",0.30000642047651593,0.5976800678685676,72.44631037456378,5.391297577583231
2025-08-29 00:00:00-04:00,TSLA,333.8699951171875,buy,0.671801825836077,Strong upward momentum detected. Algorithm confidence: 70%. Good entry point for potential gains.,BUY: Momentum entry Q=0.701 >= 0.35,0.7005233158962845,0.6047850156955928,46.81874266929622,5.850038840636785
2025-08-29 00:00:00-04:00,NVDA,174.17999267578125,buy,0.6029569938133414,Strong upward momentum detected. Algorithm confidence: 58%. Good entry point for potential gains.,BUY: Momentum entry Q=0.576 >= 0.35,0.5757598827471926,0.6664169196343556,35.74531113194193,1.9696491929743445
2025-09-02 00:00:00-04:00,AAPL,229.72000122070312,sell,1.0,End of trading session - closing all positions.,FORCED EXIT: Held for 120.0 hours (max: 48),0.3859281142725253,0.7588823895691291,50.14701245568479,4.634405091876658
2025-09-02 00:00:00-04:00,MSFT,505.1199951171875,sell,1.0,End of trading session - closing all positions.,FORCED EXIT: Held for 96.0 hours (max: 48),0.5875478032642832,0.6982884500269765,25.892869573141326,-1.4624803592271292
2025-09-02 00:00:00-04:00,GOOGL,211.16114807128906,buy,0.5389518485318545,Strong upward momentum detected. Algorithm confidence: 51%. Good entry point for potential gains.,BUY: Momentum entry Q=0.508 >= 0.35,0.5077809461676221,0.6116839540483968,65.55344739540735,5.416144809760738
2025-09-02 00:00:00-04:00,TSLA,329.3599853515625,sell,1.0,End of trading session - closing all positions.,FORCED EXIT: Held for 96.0 hours (max: 48),0.3821390145274873,0.7040975395312404,43.15035792569523,4.741045240851349
2025-09-02 00:00:00-04:00,NVDA,170.77999877929688,sell,1.0,End of trading session - closing all positions.,FORCED EXIT: Held for 96.0 hours (max: 48),0.6783149082463663,0.9572731452253853,29.32533190632725,1.1940873194668598
2025-09-03 00:00:00-04:00,AAPL,238.47000122070312,buy,0.5939996942220281,Strong upward momentum detected. Algorithm confidence: 63%. Good entry point for potential gains.,BUY: Momentum entry Q=0.628 >= 0.35,0.6275204237318305,0.5157846586991562,58.898894107241645,5.064308948426884
2025-09-03 00:00:00-04:00,MSFT,505.3500061035156,buy,0.49312996533737163,Strong upward momentum detected. Algorithm confidence: 44%. Good entry point for potential gains.,BUY: Momentum entry Q=0.445 >= 0.35,0.44489593099708497,0.6056760454647071,31.944422085513338,-1.6206748127229957
2025-09-03 00:00:00-04:00,GOOGL,230.45388793945312,sell,0.88,Exit signal triggered. Closing position with loss.,SELL: Swing trade profit 9.1% >= 2.0% (24.0h),0.2926559357416797,0.6873420182595029,82.85258449846367,6.912911550268916
2025-09-03 00:00:00-04:00,TSLA,334.0899963378906,buy,0.6760484544380357,Strong upward momentum detected. Algorithm confidence: 67%. Good entry point for potential gains.,BUY: Momentum entry Q=0.672 >= 0.35,0.671906727577561,0.6857124837791437,46.96221285311868,4.195469419520293
2025-09-03 00:00:00-04:00,NVDA,170.6199951171875,buy,0.769555631150399,Strong upward momentum detected. Algorithm confidence: 68%. Good entry point for potential gains.,BUY: Momentum entry Q=0.676 >= 0.35,0.6763648748441461,0.987000729198323,30.77464080644195,0.5600817153885487
2025-09-04 00:00:00-04:00,AAPL,239.77999877929688,sell,0.85,AI model detects potential price peak. Taking profits.,"SELL: ML profit peak ML=0.673, P&L=$26.20",0.4298389997884061,0.6728603966827821,61.80837339368211,5.447916516513004
2025-09-04 00:00:00-04:00,MSFT,507.9700012207031,sell,0.85,AI model detects potential price peak. Taking profits.,"SELL: ML profit peak ML=0.677, P&L=$23.58",0.27826294567818144,0.6773378346655579,33.158606836017356,-1.5171446479914152
2025-09-04 00:00:00-04:00,GOOGL,232.09242248535156,hold,0.16120241699476764,Waiting for better opportunity. No clear buy signal yet.,"HOLD: No entry signal (Q=0.322, RSI=83.1, ML=0.641)",0.3224048339895353,0.641492748396684,83.10782883288763,8.137521734667274
2025-09-04 00:00:00-04:00,TSLA,338.5299987792969,sell,0.85,AI model detects potential price peak. Taking profits.,"SELL: ML profit peak ML=0.619, P&L=$62.16",0.43693179467390975,0.619374431330688,51.68168362511326,4.0744005870850515
2025-09-04 00:00:00-04:00,NVDA,171.66000366210938,sell,0.85,AI model detects potential price peak. Taking profits.,"SELL: ML profit peak ML=0.898, P&L=$30.16",0.474162176623145,0.8975678630550352,32.22376462320936,0.1399346250031499
2025-09-05 00:00:00-04:00,AAPL,239.69000244140625,buy,0.6597549810239243,Strong upward momentum detected. Algorithm confidence: 56%. Good entry point for potential gains.,BUY: Momentum entry Q=0.559 >= 0.35,0.558884742745685,0.8951188703398157,64.19063128877522,5.6792000427143705
2025-09-05 00:00:00-04:00,MSFT,495.0,buy,0.7362613404547261,Strong upward momentum detected. Algorithm confidence: 81%. Good entry point for potential gains.,BUY: Momentum entry Q=0.812 >= 0.35,0.812180759340831,0.5591160297204815,26.25193579883667,-2.4533858453889366
2025-09-05 00:00:00-04:00,GOOGL,234.79000854492188,buy,0.5049531084363116,Strong upward momentum detected. Algorithm confidence: 43%. Good entry point for potential gains.,BUY: Momentum entry Q=0.432 >= 0.35,0.4322740233129919,0.6745376403907243,83.74568598226368,9.219430918253721
2025-09-05 00:00:00-04:00,TSLA,350.8399963378906,buy,0.6292172110416488,Strong upward momentum detected. Algorithm confidence: 57%. Good entry point for potential gains.,BUY: Momentum entry Q=0.574 >= 0.35,0.5744180814440715,0.7570818467693294,60.67367328169336,4.915108280454376
2025-09-05 00:00:00-04:00,NVDA,167.02000427246094,buy,0.5673989326237604,Strong upward momentum detected. Algorithm confidence: 52%. Good entry point for potential gains.,BUY: Momentum entry Q=0.520 >= 0.35,0.5196330999580705,0.6788525421770368,29.15246272234424,-0.5609775438462918
2025-09-08 00:00:00-04:00,AAPL,237.8800048828125,sell,1.0,End of trading session - closing all positions.,FORCED EXIT: Held for 72.0 hours (max: 48),0.5239654845628025,0.8372606035925698,61.78753883531869,5.651297586571644
2025-09-08 00:00:00-04:00,MSFT,498.20001220703125,sell,1.0,End of trading session - closing all positions.,FORCED EXIT: Held for 72.0 hours (max: 48),0.26060439942368063,0.588242938596377,32.41691864453939,-2.90367770893846
2025-09-08 00:00:00-04:00,GOOGL,234.0399932861328,sell,1.0,End of trading session - closing all positions.,FORCED EXIT: Held for 72.0 hours (max: 48),0.1611437700838261,0.6844204173563865,83.11313673416088,9.90218554665023
2025-09-08 00:00:00-04:00,TSLA,346.3999938964844,sell,1.0,End of trading session - closing all positions.,FORCED EXIT: Held for 72.0 hours (max: 48),0.4645931844599442,0.6735719643485288,55.92575907739436,5.163581540270172
2025-09-08 00:00:00-04:00,NVDA,168.30999755859375,sell,1.0,End of trading session - closing all positions.,FORCED EXIT: Held for 72.0 hours (max: 48),0.4368708666422362,0.7214445722630959,28.55355454584108,-1.0008269006739283
