date,symbol,price,decision,confidence,reason,technical_reason,q_value,ml_confidence,rsi,macd
2025-06-09 00:00:00-04:00,AAPL,201.2216339111328,buy,0.45302108939273156,Strong upward momentum detected. Algorithm confidence: 45%. Good entry point for potential gains.,BUY: Momentum entry Q=0.446 >= 0.4,0.4459184147303639,0.46959399693825593,50.0,0.0
2025-06-09 00:00:00-04:00,SPY,597.9124145507812,hold,0.17006919095068773,Waiting for better opportunity. No clear buy signal yet.,"HOLD: No entry signal (Q=0.340, RSI=50.0, ML=0.440)",0.34013838190137546,0.4401132854782479,50.0,0.0
2025-06-09 00:00:00-04:00,GOOGL,176.08999633789062,buy,0.47487596875593907,Strong upward momentum detected. Algorithm confidence: 47%. Good entry point for potential gains.,BUY: Momentum entry Q=0.468 >= 0.4,0.4675992210882219,0.4918550466472794,50.0,0.0
2025-06-09 00:00:00-04:00,NVDA,142.62010192871094,buy,0.4808856823117398,Strong upward momentum detected. Algorithm confidence: 42%. Good entry point for potential gains.,BUY: Momentum entry Q=0.418 >= 0.4,0.4182734308002987,0.6269809358384356,50.0,0.0
2025-06-09 00:00:00-04:00,TSLA,308.5799865722656,hold,0.1833620835070267,Waiting for better opportunity. No clear buy signal yet.,"HOLD: No entry signal (Q=0.367, RSI=50.0, ML=0.396)",0.3667241670140534,0.3960772177573668,50.0,0.0
2025-06-10 00:00:00-04:00,AAPL,202.44024658203125,buy,0.4790814617529268,Strong upward momentum detected. Algorithm confidence: 46%. Good entry point for potential gains.,BUY: Momentum entry Q=0.461 >= 0.4,0.46052705392307874,0.5223750800225724,50.0,0.09721126719418294
2025-06-10 00:00:00-04:00,SPY,601.3023681640625,buy,0.6502214489535639,Strong upward momentum detected. Algorithm confidence: 65%. Good entry point for potential gains.,BUY: Momentum entry Q=0.653 >= 0.4,0.6534932466167802,0.6425872544060595,50.0,0.2704236500621846
2025-06-10 00:00:00-04:00,GOOGL,178.60000610351562,buy,0.46983266716810146,Strong upward momentum detected. Algorithm confidence: 45%. Good entry point for potential gains.,BUY: Momentum entry Q=0.449 >= 0.4,0.44887264047668146,0.5187393961147483,50.0,0.20022869925210784
2025-06-10 00:00:00-04:00,NVDA,143.95001220703125,buy,0.75,Strong upward momentum detected. Algorithm confidence: 36%. Good entry point for potential gains.,"BUY: MACD momentum MACD=0.106, Q=0.363",0.36260762037088073,0.5740323686981744,50.0,0.10608970881187929
2025-06-10 00:00:00-04:00,TSLA,326.0899963378906,buy,0.5292603526651873,Strong upward momentum detected. Algorithm confidence: 53%. Good entry point for potential gains.,BUY: Momentum entry Q=0.534 >= 0.4,0.5339873043801711,0.5182307986635586,50.0,1.3968098958333144
2025-06-11 00:00:00-04:00,AAPL,198.55465698242188,hold,0.14574452195751178,Waiting for better opportunity. No clear buy signal yet.,"HOLD: No entry signal (Q=0.291, RSI=50.0, ML=0.636)",0.29148904391502356,0.6360236004147245,50.0,-0.1376954432885782
2025-06-11 00:00:00-04:00,SPY,599.5874633789062,buy,0.4307871004805982,Strong upward momentum detected. Algorithm confidence: 43%. Good entry point for potential gains.,BUY: Momentum entry Q=0.430 >= 0.4,0.4298879384107367,0.4328851453102751,50.0,0.34241075884426664
2025-06-11 00:00:00-04:00,GOOGL,177.35000610351562,buy,0.4810683796965045,Strong upward momentum detected. Algorithm confidence: 41%. Good entry point for potential gains.,BUY: Momentum entry Q=0.413 >= 0.4,0.4126357213536668,0.6407445824964593,50.0,0.25510612801943466
2025-06-11 00:00:00-04:00,NVDA,142.8300018310547,buy,0.4561423478403238,Strong upward momentum detected. Algorithm confidence: 46%. Good entry point for potential gains.,BUY: Momentum entry Q=0.456 >= 0.4,0.4559958346001096,0.4564842120674903,50.0,0.09865386995340941
2025-06-11 00:00:00-04:00,TSLA,326.42999267578125,buy,0.5144831011323487,Strong upward momentum detected. Algorithm confidence: 44%. Good entry point for potential gains.,BUY: Momentum entry Q=0.444 >= 0.4,0.4441847935367642,0.6785124855220461,50.0,2.502380776835537
2025-06-12 00:00:00-04:00,AAPL,198.97418212890625,hold,0.08458470123616108,Waiting for better opportunity. No clear buy signal yet.,"HOLD: No entry signal (Q=0.169, RSI=50.0, ML=0.447)",0.16916940247232215,0.44708990575708657,50.0,-0.28670359003515955
2025-06-12 00:00:00-04:00,SPY,601.9703979492188,buy,0.5040208280870239,Strong upward momentum detected. Algorithm confidence: 52%. Good entry point for potential gains.,BUY: Momentum entry Q=0.517 >= 0.4,0.5174385839114893,0.47271273116327106,50.0,0.5850004450221604
2025-06-12 00:00:00-04:00,GOOGL,175.6999969482422,hold,0.14486296577223667,Waiting for better opportunity. No clear buy signal yet.,"HOLD: No entry signal (Q=0.290, RSI=50.0, ML=0.635)",0.28972593154447335,0.6354495387938108,50.0,0.16356941021680882
2025-06-12 00:00:00-04:00,NVDA,145.0,buy,0.4667852392557148,Strong upward momentum detected. Algorithm confidence: 42%. Good entry point for potential gains.,BUY: Momentum entry Q=0.420 >= 0.4,0.41974664101493614,0.5765419684841984,50.0,0.26480907669011344
2025-06-12 00:00:00-04:00,TSLA,319.1099853515625,buy,0.75,Strong upward momentum detected. Algorithm confidence: 35%. Good entry point for potential gains.,"BUY: MACD momentum MACD=2.756, Q=0.352",0.3521083246141556,0.2949541793553598,50.0,2.756119420966911
2025-06-13 00:00:00-04:00,AAPL,196.227294921875,hold,0.12311091554796955,Waiting for better opportunity. No clear buy signal yet.,"HOLD: No entry signal (Q=0.246, RSI=50.0, ML=0.457)",0.2462218310959391,0.4567052332219171,50.0,-0.619305492576558
2025-06-13 00:00:00-04:00,SPY,595.2402954101562,buy,0.43010739531357844,Strong upward momentum detected. Algorithm confidence: 44%. Good entry point for potential gains.,BUY: Momentum entry Q=0.439 >= 0.4,0.4390544982866646,0.4092308217097108,50.0,0.2315226411050162
2025-06-13 00:00:00-04:00,GOOGL,174.6699981689453,buy,0.4300051158453184,Strong upward momentum detected. Algorithm confidence: 43%. Good entry point for potential gains.,BUY: Momentum entry Q=0.429 >= 0.4,0.4292310945995737,0.43181116541872294,50.0,0.007823424869513929
2025-06-13 00:00:00-04:00,NVDA,141.97000122070312,hold,0.17417343865633508,Waiting for better opportunity. No clear buy signal yet.,"HOLD: No entry signal (Q=0.348, RSI=50.0, ML=0.538)",0.34834687731267017,0.5376358418228551,50.0,0.15026058587960733
2025-06-13 00:00:00-04:00,TSLA,325.30999755859375,buy,0.48026802423939413,Strong upward momentum detected. Algorithm confidence: 47%. Good entry point for potential gains.,BUY: Momentum entry Q=0.468 >= 0.4,0.46809780492924424,0.5086652026297439,50.0,3.4180966040129874
2025-06-16 00:00:00-04:00,AAPL,198.195068359375,hold,0.10067814741439557,Waiting for better opportunity. No clear buy signal yet.,"HOLD: No entry signal (Q=0.201, RSI=50.0, ML=0.465)",0.20135629482879114,0.46509068260578135,50.0,-0.7158600366750534
2025-06-16 00:00:00-04:00,SPY,600.903564453125,buy,0.5564003112250901,Strong upward momentum detected. Algorithm confidence: 48%. Good entry point for potential gains.,BUY: Momentum entry Q=0.480 >= 0.4,0.4801813001908462,0.7342446703049929,50.0,0.4037136569498898
2025-06-16 00:00:00-04:00,GOOGL,176.77000427246094,buy,0.5121670969098162,Strong upward momentum detected. Algorithm confidence: 45%. Good entry point for potential gains.,BUY: Momentum entry Q=0.448 >= 0.4,0.4476836915904674,0.6626283759882968,50.0,0.053232915548875326
2025-06-16 00:00:00-04:00,NVDA,144.69000244140625,buy,0.4472346417024168,Strong upward momentum detected. Algorithm confidence: 40%. Good entry point for potential gains.,BUY: Momentum entry Q=0.403 >= 0.4,0.40261809575702123,0.5513399155750065,50.0,0.2757824003049052
2025-06-16 00:00:00-04:00,TSLA,329.1300048828125,buy,0.4574652283968664,Strong upward momentum detected. Algorithm confidence: 43%. Good entry point for potential gains.,BUY: Momentum entry Q=0.433 >= 0.4,0.4325066255990346,0.515701968258474,50.0,4.2025169572885375
2025-06-17 00:00:00-04:00,AAPL,195.418212890625,hold,0.17792816901885058,Waiting for better opportunity. No clear buy signal yet.,"HOLD: No entry signal (Q=0.356, RSI=50.0, ML=0.604)",0.35585633803770117,0.6042784669545688,50.0,-1.0048657705935682
2025-06-17 00:00:00-04:00,SPY,595.768798828125,buy,0.44960824401149746,Strong upward momentum detected. Algorithm confidence: 41%. Good entry point for potential gains.,BUY: Momentum entry Q=0.406 >= 0.4,0.4057894473889169,0.5518521027975186,50.0,0.12440948951257269
2025-06-17 00:00:00-04:00,GOOGL,175.9499969482422,buy,0.5028357965498473,Strong upward momentum detected. Algorithm confidence: 47%. Good entry point for potential gains.,BUY: Momentum entry Q=0.470 >= 0.4,0.4703961223271157,0.5785283697362213,50.0,0.022789819242603926
2025-06-17 00:00:00-04:00,NVDA,144.1199951171875,buy,0.4903522981533164,Strong upward momentum detected. Algorithm confidence: 49%. Good entry point for potential gains.,BUY: Momentum entry Q=0.486 >= 0.4,0.486431020229093,0.499501946643171,50.0,0.32551221309014977
2025-06-17 00:00:00-04:00,TSLA,316.3500061035156,buy,0.75,Strong upward momentum detected. Algorithm confidence: 38%. Good entry point for potential gains.,"BUY: MACD momentum MACD=3.750, Q=0.383",0.3827588172709879,0.4880369466967924,50.0,3.7497122948990977
2025-06-18 00:00:00-04:00,AAPL,196.35714721679688,hold,0.13841911163322762,Waiting for better opportunity. No clear buy signal yet.,"HOLD: No entry signal (Q=0.277, RSI=50.0, ML=0.618)",0.27683822326645524,0.6184611846317467,50.0,-1.1449425586631037
2025-06-18 00:00:00-04:00,SPY,595.6790161132812,hold,0.09792927870771752,Waiting for better opportunity. No clear buy signal yet.,"HOLD: No entry signal (Q=0.196, RSI=50.0, ML=0.508)",0.19585855741543504,0.5081208257954332,50.0,-0.10299848774934617
2025-06-18 00:00:00-04:00,GOOGL,173.32000732421875,hold,0.16277866203441377,Waiting for better opportunity. No clear buy signal yet.,"HOLD: No entry signal (Q=0.326, RSI=50.0, ML=0.695)",0.32555732406882754,0.695437371357189,50.0,-0.21112106461450253
2025-06-18 00:00:00-04:00,NVDA,145.47999572753906,buy,0.44346142000721334,Strong upward momentum detected. Algorithm confidence: 44%. Good entry point for potential gains.,BUY: Momentum entry Q=0.445 >= 0.4,0.44516742816841176,0.43948073429775036,50.0,0.469254853413247
2025-06-18 00:00:00-04:00,TSLA,322.04998779296875,buy,0.5010110413352933,Strong upward momentum detected. Algorithm confidence: 48%. Good entry point for potential gains.,BUY: Momentum entry Q=0.480 >= 0.4,0.4797511971677176,0.5506173443929698,50.0,3.806918437258105
2025-06-20 00:00:00-04:00,AAPL,200.7721405029297,hold,0.16005848381114987,Waiting for better opportunity. No clear buy signal yet.,"HOLD: No entry signal (Q=0.320, RSI=50.0, ML=0.654)",0.32011696762229974,0.6541057718202614,50.0,-0.8894483548817504
2025-06-20 00:00:00-04:00,SPY,594.280029296875,hold,0.106421319380367,Waiting for better opportunity. No clear buy signal yet.,"HOLD: No entry signal (Q=0.213, RSI=50.0, ML=0.714)",0.212842638760734,0.714483560294705,50.0,-0.3915934468816431
2025-06-20 00:00:00-04:00,GOOGL,166.63999938964844,hold,0.0719908008655378,Waiting for better opportunity. No clear buy signal yet.,"HOLD: No entry signal (Q=0.144, RSI=50.0, ML=0.503)",0.1439816017310756,0.5033598767772334,50.0,-0.9248567653843622
2025-06-20 00:00:00-04:00,NVDA,143.85000610351562,buy,0.47064234965024554,Strong upward momentum detected. Algorithm confidence: 44%. Good entry point for potential gains.,BUY: Momentum entry Q=0.443 >= 0.4,0.4429413351797875,0.5352780500813143,50.0,0.44649843518686794
2025-06-20 00:00:00-04:00,TSLA,322.1600036621094,buy,0.75,Strong upward momentum detected. Algorithm confidence: 38%. Good entry point for potential gains.,"BUY: MACD momentum MACD=3.817, Q=0.375",0.37527537646149806,0.5585776430351663,50.0,3.8171305732570318
2025-06-23 00:00:00-04:00,AAPL,201.27157592773438,hold,0.11667554510666517,Waiting for better opportunity. No clear buy signal yet.,"HOLD: No entry signal (Q=0.233, RSI=50.0, ML=0.444)",0.23335109021333034,0.4439848768958501,50.0,-0.6392976672636905
2025-06-23 00:00:00-04:00,SPY,600.1500244140625,hold,0.10827098734468958,Waiting for better opportunity. No clear buy signal yet.,"HOLD: No entry signal (Q=0.217, RSI=50.0, ML=0.495)",0.21654197468937916,0.4945615483388525,50.0,-0.14497628646176963
2025-06-23 00:00:00-04:00,GOOGL,165.19000244140625,hold,0.10334545245606537,Waiting for better opportunity. No clear buy signal yet.,"HOLD: No entry signal (Q=0.207, RSI=50.0, ML=0.462)",0.20669090491213074,0.4624667824554216,50.0,-1.5891809967260997
2025-06-23 00:00:00-04:00,NVDA,144.1699981689453,buy,0.5265042694053561,Strong upward momentum detected. Algorithm confidence: 50%. Good entry point for potential gains.,BUY: Momentum entry Q=0.500 >= 0.4,0.49982130659443835,0.5887645159641643,50.0,0.4491074639020667
2025-06-23 00:00:00-04:00,TSLA,348.67999267578125,buy,0.4643248934004779,Strong upward momentum detected. Algorithm confidence: 41%. Good entry point for potential gains.,BUY: Momentum entry Q=0.410 >= 0.4,0.4101557220646771,0.5907196265173463,50.0,5.897186150150162
2025-06-24 00:00:00-04:00,AAPL,200.07293701171875,hold,0.11989149184569486,Waiting for better opportunity. No clear buy signal yet.,"HOLD: No entry signal (Q=0.240, RSI=50.0, ML=0.649)",0.23978298369138973,0.648795123593455,50.0,-0.5316431370198984
2025-06-24 00:00:00-04:00,SPY,606.780029296875,buy,0.46945793240923545,Strong upward momentum detected. Algorithm confidence: 46%. Good entry point for potential gains.,BUY: Momentum entry Q=0.459 >= 0.4,0.4588176921342403,0.4942851597175576,50.0,0.578783716330463
2025-06-24 00:00:00-04:00,GOOGL,166.77000427246094,hold,0.16339398250198076,Waiting for better opportunity. No clear buy signal yet.,"HOLD: No entry signal (Q=0.327, RSI=50.0, ML=0.523)",0.3267879650039615,0.5232340008871184,50.0,-1.9655125875025874
2025-06-24 00:00:00-04:00,NVDA,147.89999389648438,buy,0.5128010307284401,Strong upward momentum detected. Algorithm confidence: 49%. Good entry point for potential gains.,BUY: Momentum entry Q=0.494 >= 0.4,0.4936671280356584,0.5574468036782639,50.0,0.7435830576689284
2025-06-24 00:00:00-04:00,TSLA,340.4700012207031,buy,0.5145376211679895,Strong upward momentum detected. Algorithm confidence: 46%. Good entry point for potential gains.,BUY: Momentum entry Q=0.460 >= 0.4,0.4603649164014355,0.6409405989566155,50.0,6.804726829075605
2025-06-25 00:00:00-04:00,AAPL,201.33151245117188,hold,0.11233740852757809,Waiting for better opportunity. No clear buy signal yet.,"HOLD: No entry signal (Q=0.225, RSI=50.0, ML=0.722)",0.22467481705515618,0.7219164240928568,50.0,-0.3408406279890812
2025-06-25 00:00:00-04:00,SPY,607.1199951171875,buy,0.47492870749483307,Strong upward momentum detected. Algorithm confidence: 40%. Good entry point for potential gains.,BUY: Momentum entry Q=0.403 >= 0.4,0.4026713079915632,0.6435293063357961,50.0,1.166356106277135
2025-06-25 00:00:00-04:00,GOOGL,170.67999267578125,hold,0.1225084262193941,Waiting for better opportunity. No clear buy signal yet.,"HOLD: No entry signal (Q=0.245, RSI=50.0, ML=0.476)",0.2450168524387882,0.476211126187071,50.0,-1.926052364769106
2025-06-25 00:00:00-04:00,NVDA,154.30999755859375,buy,0.46855719420116904,Strong upward momentum detected. Algorithm confidence: 44%. Good entry point for potential gains.,BUY: Momentum entry Q=0.435 >= 0.4,0.43532413303150985,0.5461010035970407,50.0,1.4771629966839441
2025-06-25 00:00:00-04:00,TSLA,327.54998779296875,buy,0.4874645554802677,Strong upward momentum detected. Algorithm confidence: 47%. Good entry point for potential gains.,BUY: Momentum entry Q=0.470 >= 0.4,0.47021284129645463,0.5277185552424982,50.0,6.407559887228388
2025-06-26 00:00:00-04:00,AAPL,200.7721405029297,hold,0.11609851361691896,Waiting for better opportunity. No clear buy signal yet.,"HOLD: No entry signal (Q=0.232, RSI=50.0, ML=0.648)",0.23219702723383792,0.6480893188430484,50.0,-0.23208952273370187
2025-06-26 00:00:00-04:00,SPY,611.8699951171875,buy,0.75,Strong upward momentum detected. Algorithm confidence: 38%. Good entry point for potential gains.,"BUY: MACD momentum MACD=1.992, Q=0.376",0.37649527892983053,0.413783598534914,50.0,1.9923304162778095
2025-06-26 00:00:00-04:00,GOOGL,173.5399932861328,hold,0.14849491403170062,Waiting for better opportunity. No clear buy signal yet.,"HOLD: No entry signal (Q=0.297, RSI=50.0, ML=0.509)",0.29698982806340124,0.5089514316384602,50.0,-1.6450387243114903
2025-06-26 00:00:00-04:00,NVDA,155.02000427246094,buy,0.5707135835174089,Strong upward momentum detected. Algorithm confidence: 64%. Good entry point for potential gains.,BUY: Momentum entry Q=0.636 >= 0.4,0.6363116744402791,0.41765137136404507,50.0,2.09171006001921
2025-06-26 00:00:00-04:00,TSLA,325.7799987792969,buy,0.47188427228354257,Strong upward momentum detected. Algorithm confidence: 41%. Good entry point for potential gains.,BUY: Momentum entry Q=0.406 >= 0.4,0.40645841672166483,0.624544601927924,50.0,5.88217287600412
2025-06-27 00:00:00-04:00,AAPL,200.85205078125,hold,0.11944582688929016,Waiting for better opportunity. No clear buy signal yet.,"HOLD: No entry signal (Q=0.239, RSI=49.2, ML=0.750)",0.23889165377858032,0.7499015636619478,49.15870386000743,-0.13786616139711327
2025-06-27 00:00:00-04:00,SPY,614.9099731445312,buy,0.75,Strong upward momentum detected. Algorithm confidence: 39%. Good entry point for potential gains.,"BUY: MACD momentum MACD=2.859, Q=0.392",0.39238174870000125,0.27959025708118324,68.03085513315567,2.85926203551071
2025-06-27 00:00:00-04:00,GOOGL,178.52999877929688,hold,0.05419828181707506,Waiting for better opportunity. No clear buy signal yet.,"HOLD: No entry signal (Q=0.108, RSI=53.6, ML=0.519)",0.10839656363415012,0.5192354901377738,53.64614590420807,-1.0080613458736423
2025-06-27 00:00:00-04:00,NVDA,157.75,hold,0.12739367590806283,Waiting for better opportunity. No clear buy signal yet.,"HOLD: No entry signal (Q=0.255, RSI=77.2, ML=0.413)",0.25478735181612566,0.4132277431549629,77.18280066298912,2.7671330872221063
2025-06-27 00:00:00-04:00,TSLA,323.6300048828125,buy,0.75,Strong upward momentum detected. Algorithm confidence: 37%. Good entry point for potential gains.,"BUY: MACD momentum MACD=5.232, Q=0.366",0.36574981069388485,0.440176840714248,57.14286541937118,5.232002082009103
2025-06-30 00:00:00-04:00,AAPL,204.93740844726562,buy,0.502861526372017,Strong upward momentum detected. Algorithm confidence: 46%. Good entry point for potential gains.,BUY: Momentum entry Q=0.462 >= 0.4,0.462267853204968,0.5975800970951315,57.131878707366205,0.2634241624250535
2025-06-30 00:00:00-04:00,SPY,617.8499755859375,buy,0.5227582513859379,Strong upward momentum detected. Algorithm confidence: 55%. Good entry point for potential gains.,BUY: Momentum entry Q=0.546 >= 0.4,0.5460037885008084,0.46851866478457355,69.9078402238845,3.7404278916541216
2025-06-30 00:00:00-04:00,GOOGL,176.22999572753906,hold,0.15202709609854004,Waiting for better opportunity. No clear buy signal yet.,"HOLD: No entry signal (Q=0.304, RSI=50.2, ML=0.530)",0.3040541921970801,0.5296365125321442,50.19574845033365,-0.6809931435811052
2025-06-30 00:00:00-04:00,NVDA,157.99000549316406,hold,0.1538738044757408,Waiting for better opportunity. No clear buy signal yet.,"HOLD: No entry signal (Q=0.308, RSI=77.4, ML=0.472)",0.3077476089514816,0.47164536232107984,77.37789398724716,3.2839221297876406
2025-06-30 00:00:00-04:00,TSLA,317.6600036621094,buy,0.46038969031979177,Strong upward momentum detected. Algorithm confidence: 48%. Good entry point for potential gains.,BUY: Momentum entry Q=0.481 >= 0.4,0.48129882121979595,0.4116017182197821,54.07834014212659,4.186745640822892
2025-07-01 00:00:00-04:00,AAPL,207.58441162109375,buy,0.4850861882570745,Strong upward momentum detected. Algorithm confidence: 40%. Good entry point for potential gains.,BUY: Momentum entry Q=0.404 >= 0.4,0.40436524530336315,0.6734350551490679,59.3602257595563,0.7859803768654956
2025-07-01 00:00:00-04:00,SPY,617.6500244140625,buy,0.5156391575996611,Strong upward momentum detected. Algorithm confidence: 42%. Good entry point for potential gains.,BUY: Momentum entry Q=0.425 >= 0.4,0.4247327147752101,0.7277541908567134,67.43391333553774,4.372223521455567
2025-07-01 00:00:00-04:00,GOOGL,175.83999633789062,hold,0.1491970822353838,Waiting for better opportunity. No clear buy signal yet.,"HOLD: No entry signal (Q=0.298, RSI=45.9, ML=0.631)",0.2983941644707676,0.6311053033868715,45.89772805620167,-0.4480935843371583
2025-07-01 00:00:00-04:00,NVDA,153.3000030517578,buy,0.464068559446152,Strong upward momentum detected. Algorithm confidence: 41%. Good entry point for potential gains.,BUY: Momentum entry Q=0.410 >= 0.4,0.41004537647342926,0.5901226530491717,64.87430557477265,3.2772589669015986
2025-07-01 00:00:00-04:00,TSLA,300.7099914550781,buy,0.43773543043002755,Strong upward momentum detected. Algorithm confidence: 43%. Good entry point for potential gains.,BUY: Momentum entry Q=0.429 >= 0.4,0.42914751645994564,0.4577738963602187,38.54279403887823,1.9679626046793715
2025-07-02 00:00:00-04:00,AAPL,212.1991729736328,hold,0.11379825430912789,Waiting for better opportunity. No clear buy signal yet.,"HOLD: No entry signal (Q=0.228, RSI=74.2, ML=0.503)",0.22759650861825578,0.5025647743643269,74.18552331144879,1.5545625857963898
2025-07-02 00:00:00-04:00,SPY,620.4500122070312,hold,0.06259713328186806,Waiting for better opportunity. No clear buy signal yet.,"HOLD: No entry signal (Q=0.125, RSI=71.7, ML=0.546)",0.1251942665637361,0.546225282436268,71.74553653223671,5.040755038015959
2025-07-02 00:00:00-04:00,GOOGL,178.63999938964844,hold,0.10420732954072252,Waiting for better opportunity. No clear buy signal yet.,"HOLD: No entry signal (Q=0.208, RSI=51.8, ML=0.688)",0.20841465908144505,0.6882886729688305,51.83289661449311,-0.03715387328685438
2025-07-02 00:00:00-04:00,NVDA,157.25,hold,0.13443531848671003,Waiting for better opportunity. No clear buy signal yet.,"HOLD: No entry signal (Q=0.269, RSI=71.0, ML=0.411)",0.26887063697342006,0.41129461199911743,71.0449510814546,3.5497903312591745
2025-07-02 00:00:00-04:00,TSLA,315.6499938964844,buy,0.41441521221001865,Strong upward momentum detected. Algorithm confidence: 40%. Good entry point for potential gains.,BUY: Momentum entry Q=0.403 >= 0.4,0.4031544531998831,0.44069031656700175,45.7003839284171,1.3989679693552262
2025-07-03 00:00:00-04:00,AAPL,213.30792236328125,hold,0.10690420851883513,Waiting for better opportunity. No clear buy signal yet.,"HOLD: No entry signal (Q=0.214, RSI=74.8, ML=0.747)",0.21380841703767026,0.7466772264793125,74.80122081940638,2.2274595659187924
2025-07-03 00:00:00-04:00,SPY,625.3400268554688,hold,0.1388336911876501,Waiting for better opportunity. No clear buy signal yet.,"HOLD: No entry signal (Q=0.278, RSI=73.1, ML=0.531)",0.2776673823753002,0.5308476852065477,73.14887812994249,5.89717542849553
2025-07-03 00:00:00-04:00,GOOGL,179.52999877929688,buy,0.5666606948492101,Strong upward momentum detected. Algorithm confidence: 48%. Good entry point for potential gains.,BUY: Momentum entry Q=0.481 >= 0.4,0.4809881006391282,0.7665634146727347,55.562011252412574,0.35622794706108607
2025-07-03 00:00:00-04:00,NVDA,159.33999633789062,hold,0.08594734899337202,Waiting for better opportunity. No clear buy signal yet.,"HOLD: No entry signal (Q=0.172, RSI=71.0, ML=0.694)",0.17189469798674403,0.6940807385475029,70.9771787751895,3.889581958992011
2025-07-03 00:00:00-04:00,TSLA,315.3500061035156,buy,0.5558191273790136,Strong upward momentum detected. Algorithm confidence: 54%. Good entry point for potential gains.,BUY: Momentum entry Q=0.536 >= 0.4,0.535509762353242,0.6032076457724809,48.41136582541748,0.9133011465783056
2025-07-07 00:00:00-04:00,AAPL,209.7119903564453,hold,0.1260390318379285,Waiting for better opportunity. No clear buy signal yet.,"HOLD: No entry signal (Q=0.252, RSI=72.7, ML=0.651)",0.252078063675857,0.6507988399163602,72.66617866652851,2.4424189251170674
2025-07-07 00:00:00-04:00,SPY,620.6799926757812,hold,0.12628277153149142,Waiting for better opportunity. No clear buy signal yet.,"HOLD: No entry signal (Q=0.253, RSI=76.3, ML=0.559)",0.25256554306298284,0.5587656537364003,76.27702068854211,6.129215168200972
2025-07-07 00:00:00-04:00,GOOGL,176.7899932861328,buy,0.75,Strong upward momentum detected. Algorithm confidence: 36%. Good entry point for potential gains.,"BUY: MACD momentum MACD=0.442, Q=0.363",0.36303391722355927,0.5378970027817815,52.93303024059393,0.4417975624424173
2025-07-07 00:00:00-04:00,NVDA,158.24000549316406,hold,0.1276006728209504,Waiting for better opportunity. No clear buy signal yet.,"HOLD: No entry signal (Q=0.255, RSI=75.2, ML=0.418)",0.2552013456419008,0.4178644011852555,75.22482476041324,4.023726193004052
2025-07-07 00:00:00-04:00,TSLA,293.94000244140625,hold,0.15338815844337372,Waiting for better opportunity. No clear buy signal yet.,"HOLD: No entry signal (Q=0.307, RSI=38.3, ML=0.299)",0.30677631688674745,0.2985796283391231,38.25533583506659,-1.1855355582338234
2025-07-08 00:00:00-04:00,AAPL,209.7719268798828,hold,0.14033834699535067,Waiting for better opportunity. No clear buy signal yet.,"HOLD: No entry signal (Q=0.281, RSI=70.8, ML=0.460)",0.28067669399070133,0.46035811263987775,70.79292553637565,2.587781804704804
2025-07-08 00:00:00-04:00,SPY,620.3400268554688,hold,0.13342593135983186,Waiting for better opportunity. No clear buy signal yet.,"HOLD: No entry signal (Q=0.267, RSI=72.6, ML=0.586)",0.2668518627196637,0.586187391517883,72.55676964465582,6.214044298621047
2025-07-08 00:00:00-04:00,GOOGL,174.36000061035156,buy,0.41551042735075,Strong upward momentum detected. Algorithm confidence: 41%. Good entry point for potential gains.,BUY: Momentum entry Q=0.407 >= 0.4,0.40670917823843067,0.43604667527949525,46.69590954011091,0.3099589842606747
2025-07-08 00:00:00-04:00,NVDA,160.0,hold,0.1670750929471573,Waiting for better opportunity. No clear buy signal yet.,"HOLD: No entry signal (Q=0.334, RSI=74.5, ML=0.511)",0.3341501858943146,0.5108738862897796,74.46469848143488,4.223368944493217
2025-07-08 00:00:00-04:00,TSLA,297.80999755859375,hold,0.11676189879123897,Waiting for better opportunity. No clear buy signal yet.,"HOLD: No entry signal (Q=0.234, RSI=38.3, ML=0.512)",0.23352379758247793,0.5121817917838499,38.27843823067456,-2.507695353986321
2025-07-09 00:00:00-04:00,AAPL,210.90065002441406,hold,0.09074623743209484,Waiting for better opportunity. No clear buy signal yet.,"HOLD: No entry signal (Q=0.181, RSI=79.6, ML=0.469)",0.18149247486418968,0.46865550914302984,79.55755300747083,2.7622203024674548
2025-07-09 00:00:00-04:00,SPY,624.0599975585938,hold,0.10365313552935915,Waiting for better opportunity. No clear buy signal yet.,"HOLD: No entry signal (Q=0.207, RSI=83.9, ML=0.286)",0.2073062710587183,0.2859504415150663,83.94783059591416,6.506440348075671
2025-07-09 00:00:00-04:00,GOOGL,176.6199951171875,buy,0.75,Strong upward momentum detected. Algorithm confidence: 38%. Good entry point for potential gains.,"BUY: MACD momentum MACD=0.383, Q=0.383",0.3827184920810568,0.5964093293880621,50.88366970970456,0.38341881689427737
2025-07-09 00:00:00-04:00,NVDA,162.8800048828125,hold,0.12605991545799697,Waiting for better opportunity. No clear buy signal yet.,"HOLD: No entry signal (Q=0.252, RSI=77.9, ML=0.576)",0.25211983091599394,0.5760927414582185,77.91670148337336,4.561398624266161
2025-07-09 00:00:00-04:00,TSLA,295.8800048828125,hold,0.12840005238184066,Waiting for better opportunity. No clear buy signal yet.,"HOLD: No entry signal (Q=0.257, RSI=41.7, ML=0.749)",0.2568001047636813,0.748781331256236,41.661911890074045,-3.668957340703912
2025-07-10 00:00:00-04:00,AAPL,212.16920471191406,hold,0.12237566259584144,Waiting for better opportunity. No clear buy signal yet.,"HOLD: No entry signal (Q=0.245, RSI=79.8, ML=0.409)",0.24475132519168288,0.4094659426772055,79.81163525432233,2.9686055928516453
2025-07-10 00:00:00-04:00,SPY,625.8200073242188,hold,0.1504456173661209,Waiting for better opportunity. No clear buy signal yet.,"HOLD: No entry signal (Q=0.301, RSI=84.8, ML=0.487)",0.3008912347322418,0.4870222554064102,84.77362603934293,6.8017777430761726
2025-07-10 00:00:00-04:00,GOOGL,177.6199951171875,buy,0.75,Strong upward momentum detected. Algorithm confidence: 39%. Good entry point for potential gains.,"BUY: MACD momentum MACD=0.516, Q=0.389",0.3889997372538675,0.43896504982624074,55.92611347526083,0.5163754513861818
2025-07-10 00:00:00-04:00,NVDA,164.10000610351562,hold,0.1427057881420165,Waiting for better opportunity. No clear buy signal yet.,"HOLD: No entry signal (Q=0.285, RSI=77.8, ML=0.672)",0.285411576284033,0.6719510708735337,77.82430308190364,4.871576976460403
2025-07-10 00:00:00-04:00,TSLA,309.8699951171875,hold,0.14088695636930512,Waiting for better opportunity. No clear buy signal yet.,"HOLD: No entry signal (Q=0.282, RSI=45.4, ML=0.635)",0.28177391273861024,0.6351806204085001,45.352566117937045,-3.4209558889148184
2025-07-11 00:00:00-04:00,AAPL,210.92062377929688,hold,0.10739352319864769,Waiting for better opportunity. No clear buy signal yet.,"HOLD: No entry signal (Q=0.215, RSI=71.7, ML=0.562)",0.21478704639729537,0.5621763884775177,71.72794196917734,2.9968713090082417
2025-07-11 00:00:00-04:00,SPY,623.6199951171875,hold,0.15662970942582014,Waiting for better opportunity. No clear buy signal yet.,"HOLD: No entry signal (Q=0.313, RSI=83.2, ML=0.633)",0.31325941885164027,0.6325024440428932,83.23520301774919,6.7801547540618685
2025-07-11 00:00:00-04:00,GOOGL,180.19000244140625,hold,0.16948156959460245,Waiting for better opportunity. No clear buy signal yet.,"HOLD: No entry signal (Q=0.339, RSI=71.1, ML=0.608)",0.3389631391892049,0.6079522223357715,71.05999972489592,0.8196739635168626
2025-07-11 00:00:00-04:00,NVDA,164.9199981689453,hold,0.12059648541660513,Waiting for better opportunity. No clear buy signal yet.,"HOLD: No entry signal (Q=0.241, RSI=82.3, ML=0.528)",0.24119297083321026,0.5280914166575486,82.26647144127652,5.124490129678662
2025-07-11 00:00:00-04:00,TSLA,313.510009765625,hold,0.1318160973923198,Waiting for better opportunity. No clear buy signal yet.,"HOLD: No entry signal (Q=0.264, RSI=46.8, ML=0.723)",0.2636321947846396,0.7227783912439263,46.78606101384959,-2.8972959659691924
2025-07-14 00:00:00-04:00,AAPL,208.3834991455078,buy,0.75,Strong upward momentum detected. Algorithm confidence: 39%. Good entry point for potential gains.,"BUY: MACD momentum MACD=2.782, Q=0.394",0.39426937137416695,0.5837035618834874,64.00468979392912,2.782472724851374
2025-07-14 00:00:00-04:00,SPY,624.8099975585938,hold,0.12846023392244393,Waiting for better opportunity. No clear buy signal yet.,"HOLD: No entry signal (Q=0.257, RSI=81.2, ML=0.755)",0.25692046784488787,0.7552064723555075,81.2468774699889,6.780875914643616
2025-07-14 00:00:00-04:00,GOOGL,181.55999755859375,hold,0.14319688105449904,Waiting for better opportunity. No clear buy signal yet.,"HOLD: No entry signal (Q=0.286, RSI=75.5, ML=0.606)",0.2863937621089981,0.6058756728613434,75.50638358574452,1.1572473488818673
2025-07-14 00:00:00-04:00,NVDA,164.07000732421875,hold,0.1486367167033498,Waiting for better opportunity. No clear buy signal yet.,"HOLD: No entry signal (Q=0.297, RSI=80.0, ML=0.393)",0.2972734334066996,0.3932712454130275,79.98797875173088,5.196437175160042
2025-07-14 00:00:00-04:00,TSLA,316.8999938964844,hold,0.13052935051613002,Waiting for better opportunity. No clear buy signal yet.,"HOLD: No entry signal (Q=0.261, RSI=35.7, ML=0.559)",0.26105870103226003,0.5589061554105851,35.74120298548743,-2.1835773952057025
2025-07-15 00:00:00-04:00,AAPL,208.87295532226562,buy,0.5590690781605976,Strong upward momentum detected. Algorithm confidence: 54%. Good entry point for potential gains.,BUY: Momentum entry Q=0.535 >= 0.4,0.5349292018813291,0.6153954561455575,67.82676645470158,2.6218324724487445
2025-07-15 00:00:00-04:00,SPY,622.1400146484375,hold,0.09640826153547712,Waiting for better opportunity. No clear buy signal yet.,"HOLD: No entry signal (Q=0.193, RSI=71.6, ML=0.669)",0.19281652307095423,0.6691137514125874,71.63385657548613,6.491175897598168
2025-07-15 00:00:00-04:00,GOOGL,182.0,hold,0.11201694055046638,Waiting for better opportunity. No clear buy signal yet.,"HOLD: No entry signal (Q=0.224, RSI=74.6, ML=0.582)",0.22403388110093275,0.5823307357079668,74.60419584694668,1.4436398273411726
2025-07-15 00:00:00-04:00,NVDA,170.6999969482422,hold,0.11151721284755226,Waiting for better opportunity. No clear buy signal yet.,"HOLD: No entry signal (Q=0.223, RSI=81.6, ML=0.520)",0.2230344256951045,0.5195352689774424,81.59648167907713,5.722475346896175
2025-07-15 00:00:00-04:00,TSLA,310.7799987792969,hold,0.12057368936570236,Waiting for better opportunity. No clear buy signal yet.,"HOLD: No entry signal (Q=0.241, RSI=36.4, ML=0.589)",0.2411473787314047,0.5894624215519875,36.42432141282325,-2.0877168446087353
2025-07-16 00:00:00-04:00,AAPL,209.92176818847656,buy,0.46876690639274143,Strong upward momentum detected. Algorithm confidence: 44%. Good entry point for potential gains.,BUY: Momentum entry Q=0.441 >= 0.4,0.44091715116037544,0.5337496686015956,67.55099559487846,2.549762275734736
2025-07-16 00:00:00-04:00,SPY,624.219970703125,hold,0.08454306569920811,Waiting for better opportunity. No clear buy signal yet.,"HOLD: No entry signal (Q=0.169, RSI=73.0, ML=0.464)",0.16908613139841622,0.463546085269557,72.95923217370496,6.356151855584926
2025-07-16 00:00:00-04:00,GOOGL,182.97000122070312,hold,0.12542646493467768,Waiting for better opportunity. No clear buy signal yet.,"HOLD: No entry signal (Q=0.251, RSI=71.9, ML=0.403)",0.25085292986935537,0.40291690426561066,71.93860096401085,1.7289486776164722
2025-07-16 00:00:00-04:00,NVDA,171.3699951171875,hold,0.07812457941236306,Waiting for better opportunity. No clear buy signal yet.,"HOLD: No entry signal (Q=0.156, RSI=78.1, ML=0.618)",0.15624915882472612,0.6180031154988828,78.11472771530306,6.122847268748927
2025-07-16 00:00:00-04:00,TSLA,321.6700134277344,hold,0.11662179348685127,Waiting for better opportunity. No clear buy signal yet.,"HOLD: No entry signal (Q=0.233, RSI=47.3, ML=0.485)",0.23324358697370254,0.4849261181692292,47.26054060940193,-1.1201016624182785
2025-07-17 00:00:00-04:00,AAPL,209.78192138671875,buy,0.75,Strong upward momentum detected. Algorithm confidence: 40%. Good entry point for potential gains.,"BUY: MACD momentum MACD=2.453, Q=0.398",0.39792106336472677,0.6471914170312256,68.72921188006758,2.4530840317219145
2025-07-17 00:00:00-04:00,SPY,628.0399780273438,hold,0.10280419575262469,Waiting for better opportunity. No clear buy signal yet.,"HOLD: No entry signal (Q=0.206, RSI=72.3, ML=0.620)",0.20560839150524937,0.6203699258966998,72.26664604698934,6.482658938497025
2025-07-17 00:00:00-04:00,GOOGL,183.5800018310547,buy,0.47983404133684415,Strong upward momentum detected. Algorithm confidence: 44%. Good entry point for potential gains.,BUY: Momentum entry Q=0.444 >= 0.4,0.4443469509005096,0.5626372523549582,69.48758683764086,1.9814391511352483
2025-07-17 00:00:00-04:00,NVDA,173.0,hold,0.12303845305918812,Waiting for better opportunity. No clear buy signal yet.,"HOLD: No entry signal (Q=0.246, RSI=78.8, ML=0.479)",0.24607690611837624,0.4790572667499475,78.7588234805992,6.496781816194158
2025-07-17 00:00:00-04:00,TSLA,319.4100036621094,hold,0.1063313909973525,Waiting for better opportunity. No clear buy signal yet.,"HOLD: No entry signal (Q=0.213, RSI=47.0, ML=0.325)",0.212662781994705,0.32534894891159605,47.045730794249636,-0.5295195874480783
2025-07-18 00:00:00-04:00,AAPL,210.9405975341797,hold,0.09728492214696206,Waiting for better opportunity. No clear buy signal yet.,"HOLD: No entry signal (Q=0.195, RSI=70.1, ML=0.521)",0.19456984429392413,0.520713716906931,70.0715049431731,2.441813601233264
2025-07-18 00:00:00-04:00,SPY,627.5800170898438,buy,0.49997353617845186,Strong upward momentum detected. Algorithm confidence: 48%. Good entry point for potential gains.,BUY: Momentum entry Q=0.475 >= 0.4,0.474824480752567,0.5586546655055167,68.78164413803087,6.471205678658976
2025-07-18 00:00:00-04:00,GOOGL,185.05999755859375,buy,0.5085337259187827,Strong upward momentum detected. Algorithm confidence: 50%. Good entry point for potential gains.,BUY: Momentum entry Q=0.501 >= 0.4,0.5009836329023862,0.5261506096237076,64.67415456021769,2.2747411567882807
2025-07-18 00:00:00-04:00,NVDA,172.41000366210938,hold,0.13788998876219083,Waiting for better opportunity. No clear buy signal yet.,"HOLD: No entry signal (Q=0.276, RSI=75.2, ML=0.574)",0.27577997752438166,0.5735124043553375,75.17174018526457,6.668647844176263
2025-07-18 00:00:00-04:00,TSLA,329.6499938964844,buy,0.5269336490070163,Strong upward momentum detected. Algorithm confidence: 46%. Good entry point for potential gains.,BUY: Momentum entry Q=0.461 >= 0.4,0.46114956080935265,0.680429854801565,52.5970618337774,0.7560868955408182
2025-07-21 00:00:00-04:00,AAPL,212.23912048339844,buy,0.4984337754395893,Strong upward momentum detected. Algorithm confidence: 43%. Good entry point for potential gains.,BUY: Momentum entry Q=0.430 >= 0.4,0.43031670989253334,0.6573735950493866,66.33881483029347,2.5087424325404584
2025-07-21 00:00:00-04:00,SPY,628.77001953125,buy,0.49159996634658454,Strong upward momentum detected. Algorithm confidence: 49%. Good entry point for potential gains.,BUY: Momentum entry Q=0.486 >= 0.4,0.48622755577511684,0.5041355910133426,67.07331503670142,6.4834153629587945
2025-07-21 00:00:00-04:00,GOOGL,190.10000610351562,hold,0.14029331807402048,Waiting for better opportunity. No clear buy signal yet.,"HOLD: No entry signal (Q=0.281, RSI=77.8, ML=0.543)",0.28058663614804097,0.5427673163731863,77.75111510033614,2.8806651630140436
2025-07-21 00:00:00-04:00,NVDA,171.3800048828125,hold,0.15582252649235775,Waiting for better opportunity. No clear buy signal yet.,"HOLD: No entry signal (Q=0.312, RSI=72.4, ML=0.456)",0.3116450529847155,0.455989393976328,72.38384861790684,6.64513958348698
2025-07-21 00:00:00-04:00,TSLA,328.489990234375,buy,0.4614967695815717,Strong upward momentum detected. Algorithm confidence: 46%. Good entry point for potential gains.,BUY: Momentum entry Q=0.462 >= 0.4,0.4618768764907624,0.46060985346012673,54.8744202580245,1.662176162494461
2025-07-22 00:00:00-04:00,AAPL,214.15695190429688,buy,0.47854006320296183,Strong upward momentum detected. Algorithm confidence: 44%. Good entry point for potential gains.,BUY: Momentum entry Q=0.443 >= 0.4,0.4426077811809861,0.5623820545875721,65.20329748678873,2.6855792948323938
2025-07-22 00:00:00-04:00,SPY,628.8599853515625,buy,0.48388539922544327,Strong upward momentum detected. Algorithm confidence: 47%. Good entry point for potential gains.,BUY: Momentum entry Q=0.473 >= 0.4,0.47278146222726636,0.5097945855545226,67.58708125541025,6.426273040165029
2025-07-22 00:00:00-04:00,GOOGL,191.33999633789062,hold,0.1143041452679824,Waiting for better opportunity. No clear buy signal yet.,"HOLD: No entry signal (Q=0.229, RSI=80.0, ML=0.489)",0.2286082905359648,0.48948359898416294,79.99226431249815,3.4214804553859324
2025-07-22 00:00:00-04:00,NVDA,167.02999877929688,buy,0.85,AI model predicts price increase based on market patterns. High probability setup.,"BUY: Strong ML signal ML=0.660, Q=0.377",0.3772846814681574,0.6597609222195374,73.21612036140208,6.203984310205101
2025-07-22 00:00:00-04:00,TSLA,332.1099853515625,buy,0.43984584728324627,Strong upward momentum detected. Algorithm confidence: 44%. Good entry point for potential gains.,BUY: Momentum entry Q=0.436 >= 0.4,0.43636923295635155,0.4479579473793339,66.05973842159531,2.6419075215928274
2025-07-23 00:00:00-04:00,AAPL,213.9072265625,buy,0.47023788937464933,Strong upward momentum detected. Algorithm confidence: 50%. Good entry point for potential gains.,BUY: Momentum entry Q=0.496 >= 0.4,0.4959329962645039,0.4102826399649887,54.950744210443446,2.773600691928209
2025-07-23 00:00:00-04:00,SPY,634.2100219726562,buy,0.5202012942769989,Strong upward momentum detected. Algorithm confidence: 46%. Good entry point for potential gains.,BUY: Momentum entry Q=0.456 >= 0.4,0.45632025556610445,0.6692570512690861,69.98843840435794,6.735053081366232
2025-07-23 00:00:00-04:00,GOOGL,190.22999572753906,hold,0.12068001982061735,Waiting for better opportunity. No clear buy signal yet.,"HOLD: No entry signal (Q=0.241, RSI=74.0, ML=0.676)",0.2413600396412347,0.6756038919980569,73.99585769580221,3.717657852795867
2025-07-23 00:00:00-04:00,NVDA,170.77999877929688,hold,0.09461023685324924,Waiting for better opportunity. No clear buy signal yet.,"HOLD: No entry signal (Q=0.189, RSI=73.0, ML=0.382)",0.18922047370649847,0.38174561164258497,73.03373355015353,6.086794460081677
2025-07-23 00:00:00-04:00,TSLA,332.55999755859375,buy,0.4212163383700867,Strong upward momentum detected. Algorithm confidence: 44%. Good entry point for potential gains.,BUY: Momentum entry Q=0.435 >= 0.4,0.43521233460506215,0.3885590138218107,60.15372036336703,3.415294517212601
2025-07-24 00:00:00-04:00,AAPL,213.51766967773438,buy,0.42618252653919103,Strong upward momentum detected. Algorithm confidence: 46%. Good entry point for potential gains.,BUY: Momentum entry Q=0.465 >= 0.4,0.46514133070934477,0.3352786501421656,50.63439524309715,2.779879577000031
2025-07-24 00:00:00-04:00,SPY,634.4199829101562,hold,0.13959223689261274,Waiting for better opportunity. No clear buy signal yet.,"HOLD: No entry signal (Q=0.279, RSI=65.3, ML=0.571)",0.2791844737852255,0.5712683192759563,65.26562929700488,6.916971045055561
2025-07-24 00:00:00-04:00,GOOGL,192.1699981689453,hold,0.11615434553878157,Waiting for better opportunity. No clear buy signal yet.,"HOLD: No entry signal (Q=0.232, RSI=75.1, ML=0.559)",0.23230869107756313,0.5586089887210076,75.07936690549903,4.062097229536363
2025-07-24 00:00:00-04:00,NVDA,173.74000549316406,hold,0.11364805150761612,Waiting for better opportunity. No clear buy signal yet.,"HOLD: No entry signal (Q=0.227, RSI=73.8, ML=0.508)",0.22729610301523223,0.508434800873774,73.80955865026212,6.161739763113019
2025-07-24 00:00:00-04:00,TSLA,305.29998779296875,buy,0.47061877618696146,Strong upward momentum detected. Algorithm confidence: 42%. Good entry point for potential gains.,BUY: Momentum entry Q=0.420 >= 0.4,0.4202992923054563,0.5880309052438069,45.44134205348424,1.8077160906858012
2025-07-25 00:00:00-04:00,AAPL,213.63754272460938,buy,0.45271770228109887,Strong upward momentum detected. Algorithm confidence: 46%. Good entry point for potential gains.,BUY: Momentum entry Q=0.463 >= 0.4,0.46287164893082244,0.42902516009841063,65.03441496890439,2.762681914319842
2025-07-25 00:00:00-04:00,SPY,637.0999755859375,hold,0.12302770117870146,Waiting for better opportunity. No clear buy signal yet.,"HOLD: No entry signal (Q=0.246, RSI=79.6, ML=0.684)",0.24605540235740292,0.6837411891137878,79.57508184610514,7.194462072850911
2025-07-25 00:00:00-04:00,GOOGL,193.17999267578125,hold,0.16761607765646594,Waiting for better opportunity. No clear buy signal yet.,"HOLD: No entry signal (Q=0.335, RSI=84.9, ML=0.484)",0.3352321553129319,0.48407255443850705,84.91693479545603,4.366234796137178
2025-07-25 00:00:00-04:00,NVDA,173.5,hold,0.11012325427071742,Waiting for better opportunity. No clear buy signal yet.,"HOLD: No entry signal (Q=0.220, RSI=76.0, ML=0.429)",0.22024650854143485,0.4294059984702394,75.97004747469029,6.131092599217226
2025-07-25 00:00:00-04:00,TSLA,316.05999755859375,buy,0.4447287780015584,Strong upward momentum detected. Algorithm confidence: 44%. Good entry point for potential gains.,BUY: Momentum entry Q=0.436 >= 0.4,0.43578326566498893,0.4656016401202206,61.10664356345222,1.3859649276654977
2025-07-28 00:00:00-04:00,AAPL,213.80735778808594,buy,0.5432656124173865,Strong upward momentum detected. Algorithm confidence: 51%. Good entry point for potential gains.,BUY: Momentum entry Q=0.510 >= 0.4,0.5102271058837601,0.6203554609958484,65.32624468583244,2.7312709082885362
2025-07-28 00:00:00-04:00,SPY,636.9400024414062,hold,0.11265385638378386,Waiting for better opportunity. No clear buy signal yet.,"HOLD: No entry signal (Q=0.225, RSI=80.1, ML=0.667)",0.22530771276756772,0.6666529163596064,80.09440810148097,7.31712001104313
2025-07-28 00:00:00-04:00,GOOGL,192.5800018310547,hold,0.09443418053687865,Waiting for better opportunity. No clear buy signal yet.,"HOLD: No entry signal (Q=0.189, RSI=92.1, ML=0.482)",0.1888683610737573,0.4821968796269163,92.09800042025161,4.5068990353917115
2025-07-28 00:00:00-04:00,NVDA,176.75,hold,0.10857697631858225,Waiting for better opportunity. No clear buy signal yet.,"HOLD: No entry signal (Q=0.217, RSI=77.1, ML=0.461)",0.2171539526371645,0.4612878401567823,77.129903870108,6.296470546601256
2025-07-28 00:00:00-04:00,TSLA,325.5899963378906,buy,0.4903699858222137,Strong upward momentum detected. Algorithm confidence: 50%. Good entry point for potential gains.,BUY: Momentum entry Q=0.501 >= 0.4,0.5007025971737433,0.46626055933531124,63.198400466289016,1.799966455526146
2025-07-29 00:00:00-04:00,AAPL,211.03050231933594,buy,0.75,Strong upward momentum detected. Algorithm confidence: 36%. Good entry point for potential gains.,"BUY: MACD momentum MACD=2.454, Q=0.365",0.36497219477276255,0.6049764157115071,50.43829831067161,2.4540200153632554
2025-07-29 00:00:00-04:00,SPY,635.260009765625,hold,0.10175507781989565,Waiting for better opportunity. No clear buy signal yet.,"HOLD: No entry signal (Q=0.204, RSI=71.9, ML=0.470)",0.2035101556397913,0.4697378903961763,71.92653753778872,7.195817042486965
2025-07-29 00:00:00-04:00,GOOGL,195.75,hold,0.13275538945832716,Waiting for better opportunity. No clear buy signal yet.,"HOLD: No entry signal (Q=0.266, RSI=92.4, ML=0.469)",0.2655107789166543,0.4685688185587196,92.4168852294842,4.818622734491129
2025-07-29 00:00:00-04:00,NVDA,175.50999450683594,hold,0.12530598843590532,Waiting for better opportunity. No clear buy signal yet.,"HOLD: No entry signal (Q=0.251, RSI=71.6, ML=0.709)",0.25061197687181064,0.7091347045904732,71.60450131733013,6.255367696275329
2025-07-29 00:00:00-04:00,TSLA,321.20001220703125,buy,0.85,AI model predicts price increase based on market patterns. High probability setup.,"BUY: Strong ML signal ML=0.740, Q=0.396",0.3959748209046912,0.7403396913957765,61.754876719765925,1.7536160244022199
2025-07-30 00:00:00-04:00,AAPL,208.81301879882812,buy,0.4538949279696495,Strong upward momentum detected. Algorithm confidence: 42%. Good entry point for potential gains.,BUY: Momentum entry Q=0.415 >= 0.4,0.41480432391445315,0.5451063374317743,39.35366204286783,2.031941342456946
2025-07-30 00:00:00-04:00,SPY,634.4600219726562,buy,0.45887392137570376,Strong upward momentum detected. Algorithm confidence: 50%. Good entry point for potential gains.,BUY: Momentum entry Q=0.501 >= 0.4,0.5006597821288684,0.3613735796183196,67.57541294609601,6.954958801102407
2025-07-30 00:00:00-04:00,GOOGL,196.52999877929688,hold,0.07366111937070362,Waiting for better opportunity. No clear buy signal yet.,"HOLD: No entry signal (Q=0.147, RSI=92.3, ML=0.618)",0.14732223874140724,0.617697719325378,92.34217427966583,5.070159749119881
2025-07-30 00:00:00-04:00,NVDA,179.27000427246094,hold,0.13448533910470536,Waiting for better opportunity. No clear buy signal yet.,"HOLD: No entry signal (Q=0.269, RSI=73.9, ML=0.396)",0.26897067820941073,0.3958754517346111,73.87471849050877,6.451822165827394
2025-07-30 00:00:00-04:00,TSLA,319.0400085449219,buy,0.4983090142993145,Strong upward momentum detected. Algorithm confidence: 47%. Good entry point for potential gains.,BUY: Momentum entry Q=0.468 >= 0.4,0.467780530329451,0.5695421435623296,54.78252371740737,1.5250093714228683
2025-07-31 00:00:00-04:00,AAPL,207.33470153808594,buy,0.75,Strong upward momentum detected. Algorithm confidence: 40%. Good entry point for potential gains.,"BUY: MACD momentum MACD=1.560, Q=0.397",0.3968619018070062,0.48712687321920906,38.78831538722097,1.5601684543662202
2025-07-31 00:00:00-04:00,SPY,632.0800170898438,buy,0.5249307622387668,Strong upward momentum detected. Algorithm confidence: 50%. Good entry point for potential gains.,BUY: Momentum entry Q=0.501 >= 0.4,0.5006614433339706,0.5815591730166246,67.08417043619735,6.497135472601144
2025-07-31 00:00:00-04:00,GOOGL,191.89999389648438,hold,0.12170722037980058,Waiting for better opportunity. No clear buy signal yet.,"HOLD: No entry signal (Q=0.243, RSI=74.0, ML=0.577)",0.24341444075960117,0.5770793515821937,74.00573815925958,4.840108191591895
2025-07-31 00:00:00-04:00,NVDA,177.8699951171875,hold,0.14312947636899895,Waiting for better opportunity. No clear buy signal yet.,"HOLD: No entry signal (Q=0.286, RSI=70.0, ML=0.496)",0.2862589527379979,0.4955691190821954,70.0154380165757,6.420532804334073
2025-07-31 00:00:00-04:00,TSLA,308.2699890136719,buy,0.4840685851189579,Strong upward momentum detected. Algorithm confidence: 40%. Good entry point for potential gains.,BUY: Momentum entry Q=0.404 >= 0.4,0.4042368037784937,0.6703427415800411,47.456301359513255,0.4693757135025862
2025-08-01 00:00:00-04:00,AAPL,202.1505889892578,buy,0.5146368717037282,Strong upward momentum detected. Algorithm confidence: 45%. Good entry point for potential gains.,BUY: Momentum entry Q=0.449 >= 0.4,0.4493871308065698,0.666886267130431,33.279820682134854,0.75921868396847
2025-08-01 00:00:00-04:00,SPY,621.719970703125,buy,0.5526907917822158,Strong upward momentum detected. Algorithm confidence: 51%. Good entry point for potential gains.,BUY: Momentum entry Q=0.514 >= 0.4,0.5140255390186508,0.6429097148972011,45.44645057536602,5.23795810491913
2025-08-01 00:00:00-04:00,GOOGL,189.1300048828125,buy,0.5045711011551623,Strong upward momentum detected. Algorithm confidence: 42%. Good entry point for potential gains.,BUY: Momentum entry Q=0.420 >= 0.4,0.4198865603927333,0.7021683629341637,64.6762578009812,4.383742654642134
2025-08-01 00:00:00-04:00,NVDA,173.72000122070312,buy,0.476123293802981,Strong upward momentum detected. Algorithm confidence: 44%. Good entry point for potential gains.,BUY: Momentum entry Q=0.442 >= 0.4,0.44168683916788715,0.5564750212848668,63.53434402232532,5.991796238153
2025-08-01 00:00:00-04:00,TSLA,302.6300048828125,hold,0.11718625073805736,Waiting for better opportunity. No clear buy signal yet.,"HOLD: No entry signal (Q=0.234, RSI=43.2, ML=0.493)",0.23437250147611471,0.49260493541514777,43.220909797604,-0.8129499686801296
2025-08-04 00:00:00-04:00,AAPL,203.11949157714844,buy,0.6086694075023911,Strong upward momentum detected. Algorithm confidence: 51%. Good entry point for potential gains.,BUY: Momentum entry Q=0.511 >= 0.4,0.5110448889530741,0.8364599507841306,34.95301846298983,0.20033324483938486
2025-08-04 00:00:00-04:00,SPY,631.1699829101562,buy,0.75,Strong upward momentum detected. Algorithm confidence: 40%. Good entry point for potential gains.,"BUY: MACD momentum MACD=4.946, Q=0.398",0.39797597895943726,0.5083503950359836,61.09062940879262,4.945578427610485
2025-08-04 00:00:00-04:00,GOOGL,195.0399932861328,hold,0.12548994136243208,Waiting for better opportunity. No clear buy signal yet.,"HOLD: No entry signal (Q=0.251, RSI=70.9, ML=0.579)",0.25097988272486416,0.5790088825529999,70.85733894417454,4.447686193141294
2025-08-04 00:00:00-04:00,NVDA,180.0,buy,0.75,Strong upward momentum detected. Algorithm confidence: 37%. Good entry point for potential gains.,"BUY: MACD momentum MACD=6.089, Q=0.371",0.37091568877315007,0.5237549175143996,63.17279632821149,6.088577506437616
2025-08-04 00:00:00-04:00,TSLA,309.260009765625,hold,0.11539772775443459,Waiting for better opportunity. No clear buy signal yet.,"HOLD: No entry signal (Q=0.231, RSI=49.3, ML=0.547)",0.23079545550886918,0.5465006292283159,49.281397298260444,-1.2794674216908675
2025-08-05 00:00:00-04:00,AAPL,202.68995666503906,hold,0.09934518033397567,Waiting for better opportunity. No clear buy signal yet.,"HOLD: No entry signal (Q=0.199, RSI=30.5, ML=0.565)",0.19869036066795134,0.5648393184503526,30.453563893054337,-0.2740878556703592
2025-08-05 00:00:00-04:00,SPY,627.969970703125,buy,0.4404231422932046,Strong upward momentum detected. Algorithm confidence: 47%. Good entry point for potential gains.,BUY: Momentum entry Q=0.467 >= 0.4,0.466728239429479,0.37904458230856436,54.482433587902094,4.404874533686893
2025-08-05 00:00:00-04:00,GOOGL,194.6699981689453,buy,0.5378686999351001,Strong upward momentum detected. Algorithm confidence: 52%. Good entry point for potential gains.,BUY: Momentum entry Q=0.517 >= 0.4,0.5165267781158318,0.587666517513393,69.08025606532722,4.417583244518653
2025-08-05 00:00:00-04:00,NVDA,178.25999450683594,buy,0.47913480919959917,Strong upward momentum detected. Algorithm confidence: 49%. Good entry point for potential gains.,BUY: Momentum entry Q=0.490 >= 0.4,0.490424556428375,0.452792065665789,59.472080894565956,5.956213930779285
2025-08-05 00:00:00-04:00,TSLA,308.7200012207031,hold,0.134830668390178,Waiting for better opportunity. No clear buy signal yet.,"HOLD: No entry signal (Q=0.270, RSI=43.2, ML=0.373)",0.269661336780356,0.37269244403590474,43.21349566721554,-1.6734693280983493
2025-08-06 00:00:00-04:00,AAPL,213.0082550048828,buy,0.5415824109144051,Strong upward momentum detected. Algorithm confidence: 50%. Good entry point for potential gains.,BUY: Momentum entry Q=0.500 >= 0.4,0.5004556627843905,0.6375448232177726,55.6251991982586,0.18045032751518875
2025-08-06 00:00:00-04:00,SPY,632.780029296875,buy,0.75,Strong upward momentum detected. Algorithm confidence: 38%. Good entry point for potential gains.,"BUY: MACD momentum MACD=4.315, Q=0.384",0.383534716957477,0.5470451335486504,55.53485574353266,4.3147565042316955
2025-08-06 00:00:00-04:00,GOOGL,196.08999633789062,buy,0.527894299774488,Strong upward momentum detected. Algorithm confidence: 52%. Good entry point for potential gains.,BUY: Momentum entry Q=0.516 >= 0.4,0.5161607617486306,0.5552725551681552,69.87609186317982,4.456931691473557
2025-08-06 00:00:00-04:00,NVDA,179.4199981689453,buy,0.4518826065230576,Strong upward momentum detected. Algorithm confidence: 43%. Good entry point for potential gains.,BUY: Momentum entry Q=0.431 >= 0.4,0.43134990871049006,0.49979223475238205,58.94149174687439,5.877169097474166
2025-08-06 00:00:00-04:00,TSLA,319.9100036621094,hold,0.10057637935823567,Waiting for better opportunity. No clear buy signal yet.,"HOLD: No entry signal (Q=0.201, RSI=50.2, ML=0.652)",0.20115275871647134,0.6523555512184549,50.23960124176152,-1.0704396374724183
2025-08-07 00:00:00-04:00,AAPL,219.7805633544922,buy,0.495430328599587,Strong upward momentum detected. Algorithm confidence: 46%. Good entry point for potential gains.,BUY: Momentum entry Q=0.457 >= 0.4,0.45661024071519646,0.5860105336631652,62.88957791202258,1.0747546946235218
2025-08-07 00:00:00-04:00,SPY,632.25,buy,0.5119084521263682,Strong upward momentum detected. Algorithm confidence: 54%. Good entry point for potential gains.,BUY: Momentum entry Q=0.536 >= 0.4,0.5356458736765265,0.4565211351759988,55.44412994815793,4.152698656853886
2025-08-07 00:00:00-04:00,GOOGL,196.52000427246094,buy,0.4472754334753637,Strong upward momentum detected. Algorithm confidence: 40%. Good entry point for potential gains.,BUY: Momentum entry Q=0.404 >= 0.4,0.4037465508846194,0.5488428261871003,68.83632297904849,4.471271629691984
2025-08-07 00:00:00-04:00,NVDA,180.77000427246094,buy,0.4999039202265543,Strong upward momentum detected. Algorithm confidence: 47%. Good entry point for potential gains.,BUY: Momentum entry Q=0.469 >= 0.4,0.4691367233457323,0.5716940462818055,61.40205856020658,5.85595589334207
2025-08-07 00:00:00-04:00,TSLA,322.2699890136719,hold,0.13642983629592237,Waiting for better opportunity. No clear buy signal yet.,"HOLD: No entry signal (Q=0.273, RSI=46.2, ML=0.541)",0.27285967259184474,0.5411599698671608,46.174578477234576,-0.3975207961169076
2025-08-08 00:00:00-04:00,AAPL,229.0900115966797,buy,0.503125745892034,Strong upward momentum detected. Algorithm confidence: 47%. Good entry point for potential gains.,BUY: Momentum entry Q=0.473 >= 0.4,0.47315391177064714,0.5730600255086034,69.91733963181579,2.5058066403715316
2025-08-08 00:00:00-04:00,SPY,637.1799926757812,buy,0.43959431671871985,Strong upward momentum detected. Algorithm confidence: 44%. Good entry point for potential gains.,BUY: Momentum entry Q=0.437 >= 0.4,0.43729121407259064,0.44496822289302157,59.017758155570704,4.371681825701671
2025-08-08 00:00:00-04:00,GOOGL,201.4199981689453,buy,0.41813022118372145,Strong upward momentum detected. Algorithm confidence: 43%. Good entry point for potential gains.,BUY: Momentum entry Q=0.430 >= 0.4,0.42977900332229785,0.3909497295270432,68.69222198649787,4.822434665569091
2025-08-08 00:00:00-04:00,NVDA,182.6999969482422,buy,0.4963977568729071,Strong upward momentum detected. Algorithm confidence: 44%. Good entry point for potential gains.,BUY: Momentum entry Q=0.444 >= 0.4,0.4439434060621693,0.618791242097962,65.06919462855495,5.926560851211519
2025-08-08 00:00:00-04:00,TSLA,329.6499938964844,buy,0.5056194197729937,Strong upward momentum detected. Algorithm confidence: 46%. Good entry point for potential gains.,BUY: Momentum entry Q=0.459 >= 0.4,0.4594277376386475,0.6134000114198018,50.56486336194381,0.7229433100824281
2025-08-11 00:00:00-04:00,AAPL,227.17999267578125,buy,0.4600974818687854,Strong upward momentum detected. Algorithm confidence: 44%. Good entry point for potential gains.,BUY: Momentum entry Q=0.440 >= 0.4,0.44034403576583064,0.5061888561090134,65.39575784076462,3.4460788020070083
2025-08-11 00:00:00-04:00,SPY,635.9199829101562,buy,0.46144485309443367,Strong upward momentum detected. Algorithm confidence: 49%. Good entry point for potential gains.,BUY: Momentum entry Q=0.487 >= 0.4,0.4866038845496504,0.4027404463655947,57.38491771126352,4.392916500040201
2025-08-11 00:00:00-04:00,GOOGL,201.0,buy,0.4586963513106153,Strong upward momentum detected. Algorithm confidence: 42%. Good entry point for potential gains.,BUY: Momentum entry Q=0.421 >= 0.4,0.42124263358800934,0.5460883593300294,66.39513997082906,5.009101752388091
2025-08-11 00:00:00-04:00,NVDA,182.05999755859375,hold,0.09472611601576424,Waiting for better opportunity. No clear buy signal yet.,"HOLD: No entry signal (Q=0.189, RSI=72.2, ML=0.576)",0.18945223203152847,0.5760329687610206,72.20086044150818,5.863284888530927
2025-08-11 00:00:00-04:00,TSLA,339.0299987792969,buy,0.75,Strong upward momentum detected. Algorithm confidence: 37%. Good entry point for potential gains.,"BUY: MACD momentum MACD=2.341, Q=0.368",0.36763152275902855,0.4281899504490262,53.190709758614595,2.3408236311173596
2025-08-12 00:00:00-04:00,AAPL,229.64999389648438,buy,0.5237840715143528,Strong upward momentum detected. Algorithm confidence: 47%. Good entry point for potential gains.,BUY: Momentum entry Q=0.468 >= 0.4,0.4683468152382316,0.6531376694919689,67.68273035652095,4.3405248516407084
2025-08-12 00:00:00-04:00,SPY,642.6900024414062,buy,0.43473508494175345,Strong upward momentum detected. Algorithm confidence: 42%. Good entry point for potential gains.,BUY: Momentum entry Q=0.419 >= 0.4,0.4191243901397143,0.47116003947984486,58.61434831887027,4.899550164763696
2025-08-12 00:00:00-04:00,GOOGL,203.33999633789062,hold,0.11382469091307862,Waiting for better opportunity. No clear buy signal yet.,"HOLD: No entry signal (Q=0.228, RSI=71.4, ML=0.560)",0.22764938182615724,0.5597305441815394,71.3587799315566,5.284933488361332
2025-08-12 00:00:00-04:00,NVDA,183.16000366210938,buy,0.5066259090419323,Strong upward momentum detected. Algorithm confidence: 50%. Good entry point for potential gains.,BUY: Momentum entry Q=0.496 >= 0.4,0.4961856288618077,0.5309865627955561,69.83972424667168,5.834641417326196
2025-08-12 00:00:00-04:00,TSLA,340.8399963378906,buy,0.48370125396309327,Strong upward momentum detected. Algorithm confidence: 45%. Good entry point for potential gains.,BUY: Momentum entry Q=0.447 >= 0.4,0.4466032686818417,0.570263219619347,53.770490618625665,3.7261049000653657
2025-08-13 00:00:00-04:00,AAPL,233.3300018310547,hold,0.09162853367947135,Waiting for better opportunity. No clear buy signal yet.,"HOLD: No entry signal (Q=0.183, RSI=70.7, ML=0.607)",0.1832570673589427,0.6065948269835726,70.72203902587563,5.285398886998735
2025-08-13 00:00:00-04:00,SPY,644.8900146484375,buy,0.4592892451616978,Strong upward momentum detected. Algorithm confidence: 44%. Good entry point for potential gains.,BUY: Momentum entry Q=0.435 >= 0.4,0.4353526468908982,0.5151413077935636,60.222615005238204,5.416149591934072
2025-08-13 00:00:00-04:00,GOOGL,201.9600067138672,buy,0.478459739853936,Strong upward momentum detected. Algorithm confidence: 44%. Good entry point for potential gains.,BUY: Momentum entry Q=0.438 >= 0.4,0.438287744211111,0.572194396353861,66.24631063772031,5.330729169177658
2025-08-13 00:00:00-04:00,NVDA,181.58999633789062,buy,0.75,Strong upward momentum detected. Algorithm confidence: 37%. Good entry point for potential gains.,"BUY: MACD momentum MACD=5.620, Q=0.370",0.36950773632715567,0.5828364749620747,63.16668807978579,5.620465561688775
2025-08-13 00:00:00-04:00,TSLA,339.3800048828125,hold,0.14532981543024098,Waiting for better opportunity. No clear buy signal yet.,"HOLD: No entry signal (Q=0.291, RSI=70.3, ML=0.538)",0.29065963086048197,0.5382963411919233,70.28572445824032,4.65250993886383
2025-08-14 00:00:00-04:00,AAPL,232.77999877929688,buy,0.4448997406445867,Strong upward momentum detected. Algorithm confidence: 42%. Good entry point for potential gains.,BUY: Momentum entry Q=0.421 >= 0.4,0.4206695009108464,0.501436966689981,69.84286661503967,5.9215774588683985
2025-08-14 00:00:00-04:00,SPY,644.9500122070312,buy,0.41984852810495765,Strong upward momentum detected. Algorithm confidence: 43%. Good entry point for potential gains.,BUY: Momentum entry Q=0.427 >= 0.4,0.42739882072987284,0.40223117864682223,58.07780671045508,5.763956360437646
2025-08-14 00:00:00-04:00,GOOGL,202.94000244140625,buy,0.5860381731703961,Strong upward momentum detected. Algorithm confidence: 56%. Good entry point for potential gains.,BUY: Momentum entry Q=0.560 >= 0.4,0.5604431325311903,0.6457599346618766,66.21267039434665,5.384036223077601
2025-08-14 00:00:00-04:00,NVDA,182.02000427246094,buy,0.4155509129204267,Strong upward momentum detected. Algorithm confidence: 42%. Good entry point for potential gains.,BUY: Momentum entry Q=0.424 >= 0.4,0.42389957705553166,0.3960706966051818,64.19998545330995,5.422915703058948
2025-08-14 00:00:00-04:00,TSLA,335.5799865722656,buy,0.48251534940627494,Strong upward momentum detected. Algorithm confidence: 43%. Good entry point for potential gains.,BUY: Momentum entry Q=0.434 >= 0.4,0.4337745341029663,0.5962439184473287,62.66873497443202,5.02217043236476
2025-08-15 00:00:00-04:00,AAPL,231.58999633789062,buy,0.47757788800560685,Strong upward momentum detected. Algorithm confidence: 46%. Good entry point for potential gains.,BUY: Momentum entry Q=0.460 >= 0.4,0.4595231698549584,0.5197055636904533,68.05149946019122,6.25759663000602
2025-08-15 00:00:00-04:00,SPY,643.4400024414062,buy,0.42895004305783724,Strong upward momentum detected. Algorithm confidence: 44%. Good entry point for potential gains.,BUY: Momentum entry Q=0.443 >= 0.4,0.4425929372105548,0.3971166233681629,56.50778519224659,5.85031180903934
2025-08-15 00:00:00-04:00,GOOGL,203.89999389648438,buy,0.555438560237018,Strong upward momentum detected. Algorithm confidence: 47%. Good entry point for potential gains.,BUY: Momentum entry Q=0.470 >= 0.4,0.46955295128949753,0.7558383144478993,68.5817666663494,5.441024985676904
2025-08-15 00:00:00-04:00,NVDA,180.4499969482422,buy,0.5386771416475432,Strong upward momentum detected. Algorithm confidence: 52%. Good entry point for potential gains.,BUY: Momentum entry Q=0.519 >= 0.4,0.518760584343191,0.5851491086910319,56.53246823920262,5.081097814131397
2025-08-15 00:00:00-04:00,TSLA,330.55999755859375,buy,0.5428762984709213,Strong upward momentum detected. Algorithm confidence: 48%. Good entry point for potential gains.,BUY: Momentum entry Q=0.480 >= 0.4,0.47961660834846437,0.6904822420899879,53.42616938118699,4.8541028015968095
2025-08-18 00:00:00-04:00,AAPL,230.88999938964844,hold,0.08398217945111422,Waiting for better opportunity. No clear buy signal yet.,"HOLD: No entry signal (Q=0.168, RSI=71.0, ML=0.453)",0.16796435890222844,0.45259544654942613,71.04721842914002,6.393707658473346
2025-08-18 00:00:00-04:00,SPY,643.2999877929688,buy,0.5015749173718191,Strong upward momentum detected. Algorithm confidence: 46%. Good entry point for potential gains.,BUY: Momentum entry Q=0.458 >= 0.4,0.4584683605508261,0.6021568832874699,58.305726813360586,5.840129732039486
2025-08-18 00:00:00-04:00,GOOGL,203.5,buy,0.4345627278465468,Strong upward momentum detected. Algorithm confidence: 44%. Good entry point for potential gains.,BUY: Momentum entry Q=0.436 >= 0.4,0.43641417440340746,0.4302426858805387,63.99425135340069,5.3917599733422605
2025-08-18 00:00:00-04:00,NVDA,182.00999450683594,buy,0.5040926876813536,Strong upward momentum detected. Algorithm confidence: 49%. Good entry point for potential gains.,BUY: Momentum entry Q=0.489 >= 0.4,0.4892749323953089,0.5386674500154581,61.34774746743926,4.879831776892161
2025-08-18 00:00:00-04:00,TSLA,335.1600036621094,buy,0.43911946074412844,Strong upward momentum detected. Algorithm confidence: 42%. Good entry point for potential gains.,BUY: Momentum entry Q=0.418 >= 0.4,0.41794058222929936,0.48853684394539626,59.59581212018233,5.034060525901339
2025-08-19 00:00:00-04:00,AAPL,230.55999755859375,hold,0.0917867825438646,Waiting for better opportunity. No clear buy signal yet.,"HOLD: No entry signal (Q=0.184, RSI=74.0, ML=0.587)",0.1835735650877292,0.5870669804767699,74.00808169832908,6.401159655410936
2025-08-19 00:00:00-04:00,SPY,639.8099975585938,buy,0.4456993192627491,Strong upward momentum detected. Algorithm confidence: 42%. Good entry point for potential gains.,BUY: Momentum entry Q=0.418 >= 0.4,0.4177161056946619,0.5109934842549527,55.23581287885485,5.487194356923851
2025-08-19 00:00:00-04:00,GOOGL,201.57000732421875,buy,0.5297131490637788,Strong upward momentum detected. Algorithm confidence: 47%. Good entry point for potential gains.,BUY: Momentum entry Q=0.472 >= 0.4,0.4715148005657339,0.6655092955592169,58.73789849390546,5.137757941412701
2025-08-19 00:00:00-04:00,NVDA,175.63999938964844,buy,0.5140819625578761,Strong upward momentum detected. Algorithm confidence: 43%. Good entry point for potential gains.,BUY: Momentum entry Q=0.427 >= 0.4,0.42697322680717226,0.7173356793095181,44.19199785937709,4.1583863335029605
2025-08-19 00:00:00-04:00,TSLA,329.30999755859375,buy,0.5699756752253299,Strong upward momentum detected. Algorithm confidence: 59%. Good entry point for potential gains.,BUY: Momentum entry Q=0.588 >= 0.4,0.5875890760272563,0.528877740020835,56.7185567821234,4.651017680265113
2025-08-20 00:00:00-04:00,AAPL,226.00999450683594,buy,0.49783993867796594,Strong upward momentum detected. Algorithm confidence: 45%. Good entry point for potential gains.,BUY: Momentum entry Q=0.453 >= 0.4,0.4525466447955987,0.6035242910701563,69.30756139623549,5.971087219761301
2025-08-20 00:00:00-04:00,SPY,638.1099853515625,buy,0.5782080174847055,Strong upward momentum detected. Algorithm confidence: 54%. Good entry point for potential gains.,BUY: Momentum entry Q=0.539 >= 0.4,0.5393639696920908,0.6688441290008065,55.98089889953155,5.012532398572375
2025-08-20 00:00:00-04:00,GOOGL,199.32000732421875,buy,0.41584422120999975,Strong upward momentum detected. Algorithm confidence: 40%. Good entry point for potential gains.,BUY: Momentum entry Q=0.404 >= 0.4,0.40369398606623247,0.44419476987879003,64.02122626548517,4.700716372904822
2025-08-20 00:00:00-04:00,NVDA,175.39999389648438,buy,0.5160512414314153,Strong upward momentum detected. Algorithm confidence: 49%. Good entry point for potential gains.,BUY: Momentum entry Q=0.494 >= 0.4,0.49400944021435206,0.5674821109378962,45.89564802888467,3.526616544116507
2025-08-20 00:00:00-04:00,TSLA,323.8999938964844,buy,0.5115603092825727,Strong upward momentum detected. Algorithm confidence: 47%. Good entry point for potential gains.,BUY: Momentum entry Q=0.468 >= 0.4,0.467512434646281,0.6143386834339198,60.99620323064622,3.866342592487115
2025-08-21 00:00:00-04:00,AAPL,224.89999389648438,hold,0.09059464206706577,Waiting for better opportunity. No clear buy signal yet.,"HOLD: No entry signal (Q=0.181, RSI=75.7, ML=0.621)",0.18118928413413155,0.6212726919291788,75.6831799422083,5.477542246050348
2025-08-21 00:00:00-04:00,SPY,635.5499877929688,buy,0.5505510781188621,Strong upward momentum detected. Algorithm confidence: 47%. Good entry point for potential gains.,BUY: Momentum entry Q=0.472 >= 0.4,0.4720366353399159,0.73375144460307,66.22854073410923,4.379307043069389
2025-08-21 00:00:00-04:00,GOOGL,199.75,hold,0.17956843313632737,Waiting for better opportunity. No clear buy signal yet.,"HOLD: No entry signal (Q=0.359, RSI=72.0, ML=0.503)",0.35913686627265473,0.5031897349365452,72.01497541632821,4.339036880285391
2025-08-21 00:00:00-04:00,NVDA,174.97999572753906,buy,0.5556691200963428,Strong upward momentum detected. Algorithm confidence: 50%. Good entry point for potential gains.,BUY: Momentum entry Q=0.495 >= 0.4,0.49475348165414823,0.6978056097947971,52.38997158372266,2.957946723637292
2025-08-21 00:00:00-04:00,TSLA,320.1099853515625,buy,0.5989991557000879,Strong upward momentum detected. Algorithm confidence: 49%. Good entry point for potential gains.,BUY: Momentum entry Q=0.491 >= 0.4,0.49106424551843814,0.8508472794572706,62.626388654978705,2.9051709150891156
2025-08-22 00:00:00-04:00,AAPL,227.75999450683594,hold,0.07276670438331076,Waiting for better opportunity. No clear buy signal yet.,"HOLD: No entry signal (Q=0.146, RSI=76.7, ML=0.541)",0.14553340876662152,0.5408314635922615,76.67897600735917,5.256587774070681
2025-08-22 00:00:00-04:00,SPY,645.3099975585938,buy,0.499610796253697,Strong upward momentum detected. Algorithm confidence: 45%. Good entry point for potential gains.,BUY: Momentum entry Q=0.450 >= 0.4,0.450028393586102,0.6153030691447521,66.47246033867839,4.611859956180069
2025-08-22 00:00:00-04:00,GOOGL,206.08999633789062,hold,0.11112371826646095,Waiting for better opportunity. No clear buy signal yet.,"HOLD: No entry signal (Q=0.222, RSI=72.5, ML=0.532)",0.2222474365329219,0.532246507250184,72.50515101886066,4.5119767363237315
2025-08-22 00:00:00-04:00,NVDA,177.99000549316406,buy,0.5418563266138834,Strong upward momentum detected. Algorithm confidence: 46%. Good entry point for potential gains.,BUY: Momentum entry Q=0.464 >= 0.4,0.46381097964422086,0.7239621362097627,45.64748626942782,2.7188136350651178
2025-08-22 00:00:00-04:00,TSLA,340.010009765625,buy,0.48191598672090696,Strong upward momentum detected. Algorithm confidence: 41%. Good entry point for potential gains.,BUY: Momentum entry Q=0.410 >= 0.4,0.4097476469440439,0.6503087795335875,68.63861127902942,3.706475156254214
2025-08-25 00:00:00-04:00,AAPL,227.16000366210938,hold,0.14106962746910118,Waiting for better opportunity. No clear buy signal yet.,"HOLD: No entry signal (Q=0.282, RSI=76.4, ML=0.868)",0.28213925493820236,0.8684234081234732,76.39698327527762,4.975708644318445
2025-08-25 00:00:00-04:00,SPY,642.469970703125,buy,0.5334978090977058,Strong upward momentum detected. Algorithm confidence: 43%. Good entry point for potential gains.,BUY: Momentum entry Q=0.429 >= 0.4,0.4291003035373825,0.7770919887384603,67.0347021250355,4.514947874492236
2025-08-25 00:00:00-04:00,GOOGL,208.49000549316406,hold,0.13750610995298743,Waiting for better opportunity. No clear buy signal yet.,"HOLD: No entry signal (Q=0.275, RSI=76.0, ML=0.517)",0.27501221990597485,0.5174562290974554,75.99704697739996,4.787506109010053
2025-08-25 00:00:00-04:00,NVDA,179.80999755859375,buy,0.498020551132064,Strong upward momentum detected. Algorithm confidence: 43%. Good entry point for potential gains.,BUY: Momentum entry Q=0.429 >= 0.4,0.4293229283394166,0.6583150043149079,53.344844913073736,2.6456595722002305
2025-08-25 00:00:00-04:00,TSLA,346.6000061035156,hold,0.17330114694191692,Waiting for better opportunity. No clear buy signal yet.,"HOLD: No entry signal (Q=0.347, RSI=71.4, ML=0.628)",0.34660229388383385,0.6281081449191568,71.39145480615453,4.817736304847699
2025-08-26 00:00:00-04:00,AAPL,229.30999755859375,hold,0.10539657337001329,Waiting for better opportunity. No clear buy signal yet.,"HOLD: No entry signal (Q=0.211, RSI=71.3, ML=0.618)",0.21079314674002658,0.6180600590810396,71.34754250222097,4.8704529002797585
2025-08-26 00:00:00-04:00,SPY,645.1599731445312,buy,0.4757731431624197,Strong upward momentum detected. Algorithm confidence: 41%. Good entry point for potential gains.,BUY: Momentum entry Q=0.407 >= 0.4,0.4065619813833999,0.6372658539801328,65.30651054754887,4.60215429727657
2025-08-26 00:00:00-04:00,GOOGL,207.13999938964844,hold,0.07792394093468541,Waiting for better opportunity. No clear buy signal yet.,"HOLD: No entry signal (Q=0.156, RSI=70.8, ML=0.690)",0.15584788186937082,0.6904596146465607,70.84122606925348,4.841125431386871
2025-08-26 00:00:00-04:00,NVDA,181.77000427246094,buy,0.5913599586642486,Strong upward momentum detected. Algorithm confidence: 55%. Good entry point for potential gains.,BUY: Momentum entry Q=0.550 >= 0.4,0.5496132486763736,0.688768948635957,54.90196702527214,2.714548980780364
2025-08-26 00:00:00-04:00,TSLA,351.6700134277344,buy,0.5520628801573605,Strong upward momentum detected. Algorithm confidence: 50%. Good entry point for potential gains.,BUY: Momentum entry Q=0.498 >= 0.4,0.49847814456409045,0.6770939298749905,69.267163814362,6.037924554767756
2025-08-27 00:00:00-04:00,AAPL,230.49000549316406,buy,0.4678892938972591,Strong upward momentum detected. Algorithm confidence: 41%. Good entry point for potential gains.,BUY: Momentum entry Q=0.414 >= 0.4,0.4139238612223036,0.5938086368054887,66.4308282110925,4.826615524086634
2025-08-27 00:00:00-04:00,SPY,646.6300048828125,buy,0.75,Strong upward momentum detected. Algorithm confidence: 35%. Good entry point for potential gains.,"BUY: MACD momentum MACD=4.735, Q=0.353",0.3526732451278017,0.5725094240519856,67.3754963331819,4.735299703967257
2025-08-27 00:00:00-04:00,GOOGL,207.47999572753906,hold,0.12317058893015813,Waiting for better opportunity. No clear buy signal yet.,"HOLD: No entry signal (Q=0.246, RSI=70.7, ML=0.645)",0.24634117786031626,0.6454668492003046,70.74188343003411,4.855087566398282
2025-08-27 00:00:00-04:00,NVDA,181.60000610351562,buy,0.5376812259705028,Strong upward momentum detected. Algorithm confidence: 47%. Good entry point for potential gains.,BUY: Momentum entry Q=0.470 >= 0.4,0.47041066230939443,0.694645874513089,51.82097622671096,2.724026025526655
2025-08-27 00:00:00-04:00,TSLA,349.6000061035156,buy,0.85,AI model predicts price increase based on market patterns. High probability setup.,"BUY: Strong ML signal ML=0.652, Q=0.389",0.3888860334347859,0.6523962450431385,66.638253472937,6.759975453431025
2025-08-28 00:00:00-04:00,AAPL,232.55999755859375,buy,0.85,AI model predicts price increase based on market patterns. High probability setup.,"BUY: Strong ML signal ML=0.750, Q=0.390",0.3903161356981949,0.7499957686921311,56.84414800350801,4.902393408082588
2025-08-28 00:00:00-04:00,SPY,648.9199829101562,buy,0.4623342467094052,Strong upward momentum detected. Algorithm confidence: 45%. Good entry point for potential gains.,BUY: Momentum entry Q=0.450 >= 0.4,0.44998294414140666,0.49115395270140194,65.15224083766334,4.968328686274049
2025-08-28 00:00:00-04:00,GOOGL,211.63999938964844,buy,0.49717396442572426,Strong upward momentum detected. Algorithm confidence: 46%. Good entry point for potential gains.,BUY: Momentum entry Q=0.464 >= 0.4,0.4642130337267351,0.5740828027233655,69.89878559349528,5.142550071815975
2025-08-28 00:00:00-04:00,NVDA,180.1699981689453,buy,0.5910623716573598,Strong upward momentum detected. Algorithm confidence: 51%. Good entry point for potential gains.,BUY: Momentum entry Q=0.510 >= 0.4,0.509832567088721,0.7805985823175168,44.32482201533407,2.586333321923121
2025-08-28 00:00:00-04:00,TSLA,345.9800109863281,buy,0.75,Strong upward momentum detected. Algorithm confidence: 38%. Good entry point for potential gains.,"BUY: MACD momentum MACD=6.960, Q=0.378",0.378152464937667,0.5545463922650367,60.41853093616508,6.959873550403813
2025-08-29 00:00:00-04:00,AAPL,232.13999938964844,buy,0.4866564575641672,Strong upward momentum detected. Algorithm confidence: 45%. Good entry point for potential gains.,BUY: Momentum entry Q=0.451 >= 0.4,0.4505694494782371,0.5708594764313375,60.393978598046026,4.872391686532978
2025-08-29 00:00:00-04:00,SPY,645.0499877929688,buy,0.75,Strong upward momentum detected. Algorithm confidence: 37%. Good entry point for potential gains.,"BUY: MACD momentum MACD=4.786, Q=0.370",0.37000411804054045,0.6235493952817006,61.03988309617996,4.785564561225783
2025-08-29 00:00:00-04:00,GOOGL,212.91000366210938,buy,0.85,AI model predicts price increase based on market patterns. High probability setup.,"BUY: Strong ML signal ML=0.666, Q=0.352",0.3524648309768983,0.6659463673983654,72.44632097674771,5.410476306378655
2025-08-29 00:00:00-04:00,NVDA,174.17999267578125,buy,0.47524606186502766,Strong upward momentum detected. Algorithm confidence: 41%. Good entry point for potential gains.,BUY: Momentum entry Q=0.406 >= 0.4,0.40580126460472704,0.6372839221390625,35.74531113194193,1.971145343042025
2025-08-29 00:00:00-04:00,TSLA,333.8699951171875,buy,0.5716596882300344,Strong upward momentum detected. Algorithm confidence: 50%. Good entry point for potential gains.,BUY: Momentum entry Q=0.505 >= 0.4,0.5054201450137987,0.7262186224012511,46.81874266929622,6.071132918295405
2025-09-02 00:00:00-04:00,AAPL,229.72000122070312,buy,0.75,Strong upward momentum detected. Algorithm confidence: 38%. Good entry point for potential gains.,"BUY: MACD momentum MACD=4.600, Q=0.378",0.37829696355184567,0.6097250810502941,50.14701245568479,4.600311946069297
2025-09-02 00:00:00-04:00,SPY,640.27001953125,buy,0.5283618081583542,Strong upward momentum detected. Algorithm confidence: 50%. Good entry point for potential gains.,BUY: Momentum entry Q=0.504 >= 0.4,0.5038512506382529,0.5855531090385908,46.92583834076371,4.206528937404414
2025-09-02 00:00:00-04:00,GOOGL,211.35000610351562,buy,0.5264442149998723,Strong upward momentum detected. Algorithm confidence: 46%. Good entry point for potential gains.,BUY: Momentum entry Q=0.457 >= 0.4,0.4568298116758679,0.6888778227558825,65.55343545376434,5.434287923582673
2025-09-02 00:00:00-04:00,NVDA,170.77999877929688,buy,0.742204424403776,Strong upward momentum detected. Algorithm confidence: 63%. Good entry point for potential gains.,BUY: Momentum entry Q=0.632 >= 0.4,0.6317206062911086,1.0,29.32533190632725,1.1954726801758682
2025-09-02 00:00:00-04:00,TSLA,329.3599853515625,buy,0.5091839641332094,Strong upward momentum detected. Algorithm confidence: 47%. Good entry point for potential gains.,BUY: Momentum entry Q=0.466 >= 0.4,0.4662333901418608,0.6094019701130228,43.15035792569523,4.945866596527537
2025-09-03 00:00:00-04:00,AAPL,238.47000122070312,buy,0.509744244430895,Strong upward momentum detected. Algorithm confidence: 46%. Good entry point for potential gains.,BUY: Momentum entry Q=0.455 >= 0.4,0.4546598559283497,0.6382744842701679,58.898894107241645,5.032724548884715
2025-09-03 00:00:00-04:00,SPY,643.739990234375,buy,0.5145371668241235,Strong upward momentum detected. Algorithm confidence: 46%. Good entry point for potential gains.,BUY: Momentum entry Q=0.463 >= 0.4,0.46335393640094846,0.6339647044781989,48.58475969006222,3.9817376763987795
2025-09-03 00:00:00-04:00,GOOGL,230.66000366210938,hold,0.10203288896281804,Waiting for better opportunity. No clear buy signal yet.,"HOLD: No entry signal (Q=0.204, RSI=82.9, ML=0.675)",0.20406577792563607,0.674809696557668,82.85257759437101,6.93141320756385
2025-09-03 00:00:00-04:00,NVDA,170.6199951171875,buy,0.5674282363379739,Strong upward momentum detected. Algorithm confidence: 44%. Good entry point for potential gains.,BUY: Momentum entry Q=0.441 >= 0.4,0.4412342582827407,0.8618808518001848,30.77464080644195,0.561364487731538
2025-09-03 00:00:00-04:00,TSLA,334.0899963378906,buy,0.49148257540141227,Strong upward momentum detected. Algorithm confidence: 45%. Good entry point for potential gains.,BUY: Momentum entry Q=0.452 >= 0.4,0.4521945652607475,0.5831545990629635,46.96221285311868,4.385207345088645
2025-09-04 00:00:00-04:00,AAPL,239.77999877929688,buy,0.6031632211022451,Strong upward momentum detected. Algorithm confidence: 55%. Good entry point for potential gains.,BUY: Momentum entry Q=0.546 >= 0.4,0.5455464292965952,0.737602401982095,61.80837339368211,5.418657595093634
2025-09-04 00:00:00-04:00,SPY,649.1199951171875,buy,0.5100910940045098,Strong upward momentum detected. Algorithm confidence: 47%. Good entry point for potential gains.,BUY: Momentum entry Q=0.468 >= 0.4,0.46773771585655055,0.6089156430164149,54.53752100365945,4.189417417813502
2025-09-04 00:00:00-04:00,GOOGL,232.3000030517578,hold,0.14659417194623928,Waiting for better opportunity. No clear buy signal yet.,"HOLD: No entry signal (Q=0.293, RSI=83.1, ML=0.733)",0.29318834389247855,0.7326730631116416,83.1078181539748,8.156210310625738
2025-09-04 00:00:00-04:00,NVDA,171.66000366210938,buy,0.5570496116448842,Strong upward momentum detected. Algorithm confidence: 43%. Good entry point for potential gains.,BUY: Momentum entry Q=0.428 >= 0.4,0.42829511816666355,0.8574767630940661,32.22376462320936,0.14112240335742854
2025-09-04 00:00:00-04:00,TSLA,338.5299987792969,buy,0.5039386285264563,Strong upward momentum detected. Algorithm confidence: 47%. Good entry point for potential gains.,BUY: Momentum entry Q=0.470 >= 0.4,0.46975485559076025,0.5837007653764138,51.68168362511326,4.250158754870142
2025-09-05 00:00:00-04:00,AAPL,239.69000244140625,buy,0.5831737935936605,Strong upward momentum detected. Algorithm confidence: 47%. Good entry point for potential gains.,BUY: Momentum entry Q=0.473 >= 0.4,0.472851889255952,0.8405915703816471,64.19063128877522,5.652096512091163
2025-09-05 00:00:00-04:00,SPY,647.239990234375,buy,0.5277086675250265,Strong upward momentum detected. Algorithm confidence: 46%. Good entry point for potential gains.,BUY: Momentum entry Q=0.464 >= 0.4,0.4638713766951828,0.6766623461279954,54.10188600184212,4.154414917810982
2025-09-05 00:00:00-04:00,GOOGL,235.0,hold,0.10258956082798229,Waiting for better opportunity. No clear buy signal yet.,"HOLD: No entry signal (Q=0.205, RSI=83.7, ML=0.601)",0.20517912165596458,0.6008079729575738,83.74567617846695,9.23824528683744
2025-09-05 00:00:00-04:00,NVDA,167.02000427246094,buy,0.5035467822996339,Strong upward momentum detected. Algorithm confidence: 45%. Good entry point for potential gains.,BUY: Momentum entry Q=0.447 >= 0.4,0.4467492571132339,0.6360743410679008,29.15246272234424,-0.5598777269173638
2025-09-05 00:00:00-04:00,TSLA,350.8399963378906,buy,0.5259725207020952,Strong upward momentum detected. Algorithm confidence: 49%. Good entry point for potential gains.,BUY: Momentum entry Q=0.494 >= 0.4,0.49390296865346217,0.600801475482239,60.67367328169336,5.077910704474334
