date,symbol,price,decision,confidence,reason,technical_reason,q_value,ml_confidence,rsi,macd
2025-06-09 00:00:00-04:00,AAPL,201.2216339111328,buy,0.42377531319747563,Strong upward momentum detected. Algorithm confidence: 33%. Good entry point for potential gains.,BUY: Momentum entry Q=0.333 >= 0.3,0.33297703788159433,0.6356379556011988,50.0,0.0
2025-06-09 00:00:00-04:00,MSFT,471.97412109375,buy,0.45497570255387165,Strong upward momentum detected. Algorithm confidence: 41%. Good entry point for potential gains.,BUY: Momentum entry Q=0.406 >= 0.3,0.4055381909124019,0.5703298963839679,50.0,0.0
2025-06-09 00:00:00-04:00,GOOGL,176.08999633789062,buy,0.4797122645389701,Strong upward momentum detected. Algorithm confidence: 38%. Good entry point for potential gains.,BUY: Momentum entry Q=0.383 >= 0.3,0.3827443865948341,0.7059706464086206,50.0,0.0
2025-06-09 00:00:00-04:00,TSLA,308.5799865722656,buy,0.4331274912785553,Strong upward momentum detected. Algorithm confidence: 40%. Good entry point for potential gains.,BUY: Momentum entry Q=0.398 >= 0.3,0.39809931468736626,0.5148599033246631,50.0,0.0
2025-06-09 00:00:00-04:00,NVDA,142.62010192871094,buy,0.4708793352177608,Strong upward momentum detected. Algorithm confidence: 42%. Good entry point for potential gains.,BUY: Momentum entry Q=0.418 >= 0.3,0.4178843006883279,0.5945344157864378,50.0,0.0
2025-06-10 00:00:00-04:00,AAPL,202.44024658203125,sell,0.85,AI model detects potential price peak. Taking profits.,"SELL: ML profit peak ML=0.402, P&L=$29.25",0.4310165798366202,0.40176779146541086,50.0,0.09721126719418294
2025-06-10 00:00:00-04:00,MSFT,470.1471252441406,sell,0.8,Algorithm confidence dropped. Exiting position to preserve capital.,SELL: Conviction lost Q=0.215 <= 0.35,0.2152584589767691,0.5974225533911885,50.0,-0.1457432586582854
2025-06-10 00:00:00-04:00,GOOGL,178.60000610351562,sell,0.85,AI model detects potential price peak. Taking profits.,"SELL: ML profit peak ML=0.451, P&L=$70.28",0.44788525646858873,0.4510884743405414,50.0,0.20022869925210784
2025-06-10 00:00:00-04:00,TSLA,326.0899963378906,sell,0.88,Exit signal triggered. Closing position with loss.,SELL: Swing trade profit 5.7% >= 1.5% (24.0h),0.46290237499157977,0.6341392161259742,50.0,1.3968098958333144
2025-06-10 00:00:00-04:00,NVDA,143.95001220703125,sell,0.85,AI model detects potential price peak. Taking profits.,"SELL: ML profit peak ML=0.539, P&L=$46.55",0.4075075910290454,0.5389147871906974,50.0,0.10608970881187929
2025-06-11 00:00:00-04:00,AAPL,198.55465698242188,buy,0.46246272478836653,Strong upward momentum detected. Algorithm confidence: 42%. Good entry point for potential gains.,BUY: Momentum entry Q=0.425 >= 0.3,0.4248547108659495,0.5502147572740063,50.0,-0.1376954432885782
2025-06-11 00:00:00-04:00,MSFT,471.8443298339844,buy,0.4929731491712147,Strong upward momentum detected. Algorithm confidence: 40%. Good entry point for potential gains.,BUY: Momentum entry Q=0.403 >= 0.3,0.40280605239870054,0.7033630416404144,50.0,-0.12287914065484529
2025-06-11 00:00:00-04:00,GOOGL,177.35000610351562,buy,0.668228695959773,Strong upward momentum detected. Algorithm confidence: 69%. Good entry point for potential gains.,BUY: Momentum entry Q=0.691 >= 0.3,0.690995688838177,0.6151057125768306,50.0,0.25510612801943466
2025-06-11 00:00:00-04:00,TSLA,326.42999267578125,buy,0.5343513967222636,Strong upward momentum detected. Algorithm confidence: 54%. Good entry point for potential gains.,BUY: Momentum entry Q=0.539 >= 0.3,0.5393736198315131,0.522632876134015,50.0,2.502380776835537
2025-06-11 00:00:00-04:00,NVDA,142.8300018310547,buy,0.5876028498903043,Strong upward momentum detected. Algorithm confidence: 60%. Good entry point for potential gains.,BUY: Momentum entry Q=0.600 >= 0.3,0.6001938468382392,0.5582238570117899,50.0,0.09865386995340941
2025-06-12 00:00:00-04:00,AAPL,198.97418212890625,sell,0.85,AI model detects potential price peak. Taking profits.,"SELL: ML profit peak ML=0.623, P&L=$10.49",0.14345501544237113,0.6231887447847313,50.0,-0.28670359003515955
2025-06-12 00:00:00-04:00,MSFT,478.0840759277344,sell,0.85,AI model detects potential price peak. Taking profits.,"SELL: ML profit peak ML=0.648, P&L=$62.40",0.399968334980195,0.6484234066471359,50.0,0.394192197346797
2025-06-12 00:00:00-04:00,GOOGL,175.6999969482422,hold,0.5551781534395357,Holding position - indicators suggest more upside potential.,"HOLD: swing trade, Q=0.509, P&L=$-46.20 (-0.9%), 24.0h",0.5091076710307221,0.6012486358483494,50.0,0.16356941021680882
2025-06-12 00:00:00-04:00,TSLA,319.1099853515625,sell,0.95,Stop loss triggered to limit losses. Protecting capital.,SELL: Stop loss 2.2% >= 2.0%,0.5171549599081419,0.5799577912698637,50.0,2.756119420966911
2025-06-12 00:00:00-04:00,NVDA,145.0,sell,0.88,Exit signal triggered. Closing position with loss.,SELL: Swing trade profit 1.5% >= 1.5% (24.0h),0.40176673412139846,0.4433957484798715,50.0,0.26480907669011344
2025-06-13 00:00:00-04:00,AAPL,196.227294921875,buy,0.40067703314483616,Strong upward momentum detected. Algorithm confidence: 33%. Good entry point for potential gains.,BUY: Momentum entry Q=0.329 >= 0.3,0.3294100150562685,0.5669667420181608,50.0,-0.619305492576558
2025-06-13 00:00:00-04:00,MSFT,474.18048095703125,buy,0.5607464918129689,Strong upward momentum detected. Algorithm confidence: 60%. Good entry point for potential gains.,BUY: Momentum entry Q=0.597 >= 0.3,0.5969866132059185,0.4761862085627532,50.0,0.4834149608264511
2025-06-13 00:00:00-04:00,GOOGL,174.6699981689453,sell,1.0,End of trading session - closing all positions.,FORCED EXIT: Held for 48.0 hours (max: 48),0.5324033797802836,0.4420976456171226,50.0,0.007823424869513929
2025-06-13 00:00:00-04:00,TSLA,325.30999755859375,buy,0.5737902665342656,Strong upward momentum detected. Algorithm confidence: 53%. Good entry point for potential gains.,BUY: Momentum entry Q=0.534 >= 0.3,0.5341795652006385,0.666215236312729,50.0,3.4180966040129874
2025-06-13 00:00:00-04:00,NVDA,141.97000122070312,buy,0.5691770752787171,Strong upward momentum detected. Algorithm confidence: 60%. Good entry point for potential gains.,BUY: Momentum entry Q=0.601 >= 0.3,0.6013312818260742,0.49415059333488387,50.0,0.15026058587960733
2025-06-16 00:00:00-04:00,AAPL,198.195068359375,sell,1.0,End of trading session - closing all positions.,FORCED EXIT: Held for 72.0 hours (max: 48),0.23752043705832349,0.44824069838519065,50.0,-0.7158600366750534
2025-06-16 00:00:00-04:00,MSFT,478.3536376953125,sell,1.0,End of trading session - closing all positions.,FORCED EXIT: Held for 72.0 hours (max: 48),0.3761988644338277,0.3093086870194176,50.0,0.8807112251726039
2025-06-16 00:00:00-04:00,GOOGL,176.77000427246094,buy,0.6641426506144661,Strong upward momentum detected. Algorithm confidence: 71%. Good entry point for potential gains.,BUY: Momentum entry Q=0.714 >= 0.3,0.7136164703716806,0.5487037378476325,50.0,0.053232915548875326
2025-06-16 00:00:00-04:00,TSLA,329.1300048828125,sell,1.0,End of trading session - closing all positions.,FORCED EXIT: Held for 72.0 hours (max: 48),0.3822654184652088,0.5436328718550021,50.0,4.2025169572885375
2025-06-16 00:00:00-04:00,NVDA,144.69000244140625,sell,1.0,End of trading session - closing all positions.,FORCED EXIT: Held for 72.0 hours (max: 48),0.460279041844163,0.7037021208164315,50.0,0.2757824003049052
2025-06-17 00:00:00-04:00,AAPL,195.418212890625,buy,0.4597033985661243,Strong upward momentum detected. Algorithm confidence: 44%. Good entry point for potential gains.,BUY: Momentum entry Q=0.439 >= 0.3,0.43898833882920046,0.50803853795228,50.0,-1.0048657705935682
2025-06-17 00:00:00-04:00,MSFT,477.25543212890625,buy,0.4764902087533419,Strong upward momentum detected. Algorithm confidence: 50%. Good entry point for potential gains.,BUY: Momentum entry Q=0.503 >= 0.3,0.5028658060446257,0.41494714840701313,50.0,1.0943404899450684
2025-06-17 00:00:00-04:00,GOOGL,175.9499969482422,hold,0.583905796165035,Holding position - indicators suggest more upside potential.,"HOLD: swing trade, Q=0.534, P&L=$-22.96 (-0.5%), 24.0h",0.5338272945978839,0.6339842977321861,50.0,0.022789819242603926
2025-06-17 00:00:00-04:00,TSLA,316.3500061035156,buy,0.5151728991719786,Strong upward momentum detected. Algorithm confidence: 49%. Good entry point for potential gains.,BUY: Momentum entry Q=0.491 >= 0.3,0.4908123627197712,0.572014150893796,50.0,3.7497122948990977
2025-06-17 00:00:00-04:00,NVDA,144.1199951171875,buy,0.5973075192030015,Strong upward momentum detected. Algorithm confidence: 62%. Good entry point for potential gains.,BUY: Momentum entry Q=0.617 >= 0.3,0.6169515146108051,0.5514715299181265,50.0,0.32551221309014977
2025-06-18 00:00:00-04:00,AAPL,196.35714721679688,sell,0.85,AI model detects potential price peak. Taking profits.,"SELL: ML profit peak ML=0.612, P&L=$23.47",0.1966089051342518,0.6121350954191709,50.0,-1.1449425586631037
2025-06-18 00:00:00-04:00,MSFT,479.4518127441406,sell,0.85,AI model detects potential price peak. Taking profits.,"SELL: ML profit peak ML=0.629, P&L=$21.96",0.4171899136843471,0.6290283394348851,50.0,1.424452578489877
2025-06-18 00:00:00-04:00,GOOGL,173.32000732421875,sell,1.0,End of trading session - closing all positions.,FORCED EXIT: Held for 48.0 hours (max: 48),0.38911867820910284,0.4002277115122692,50.0,-0.21112106461450253
2025-06-18 00:00:00-04:00,TSLA,322.04998779296875,sell,0.88,Exit signal triggered. Closing position with loss.,SELL: Swing trade profit 1.8% >= 1.5% (24.0h),0.4872737639383097,0.5050281177603394,50.0,3.806918437258105
2025-06-18 00:00:00-04:00,NVDA,145.47999572753906,sell,0.85,AI model detects potential price peak. Taking profits.,"SELL: ML profit peak ML=0.355, P&L=$46.24",0.5096843666592046,0.3546694812955109,50.0,0.469254853413247
2025-06-20 00:00:00-04:00,AAPL,200.7721405029297,buy,0.4284310907623595,Strong upward momentum detected. Algorithm confidence: 35%. Good entry point for potential gains.,BUY: Momentum entry Q=0.354 >= 0.3,0.35352384254125363,0.60321466994494,50.0,-0.8894483548817504
2025-06-20 00:00:00-04:00,MSFT,476.6164855957031,buy,0.6173623784101434,Strong upward momentum detected. Algorithm confidence: 65%. Good entry point for potential gains.,BUY: Momentum entry Q=0.647 >= 0.3,0.6473399568972866,0.5474146952734759,50.0,1.4406743844145922
2025-06-20 00:00:00-04:00,GOOGL,166.63999938964844,buy,0.46930311915724954,Strong upward momentum detected. Algorithm confidence: 43%. Good entry point for potential gains.,BUY: Momentum entry Q=0.429 >= 0.3,0.4290863614760471,0.5631422204133886,50.0,-0.9248567653843622
2025-06-20 00:00:00-04:00,TSLA,322.1600036621094,buy,0.5889893702743542,Strong upward momentum detected. Algorithm confidence: 60%. Good entry point for potential gains.,BUY: Momentum entry Q=0.598 >= 0.3,0.5983110033192529,0.5672388931695904,50.0,3.8171305732570318
2025-06-20 00:00:00-04:00,NVDA,143.85000610351562,buy,0.5775881835897503,Strong upward momentum detected. Algorithm confidence: 64%. Good entry point for potential gains.,BUY: Momentum entry Q=0.643 >= 0.3,0.6426783041793945,0.4257112355472471,50.0,0.44649843518686794
2025-06-23 00:00:00-04:00,AAPL,201.27157592773438,sell,1.0,End of trading session - closing all positions.,FORCED EXIT: Held for 72.0 hours (max: 48),0.34367751323147344,0.5448853730471698,50.0,-0.6392976672636905
2025-06-23 00:00:00-04:00,MSFT,485.2023620605469,sell,1.0,End of trading session - closing all positions.,FORCED EXIT: Held for 72.0 hours (max: 48),0.5536494249418408,0.459198422929153,50.0,2.1218790570848682
2025-06-23 00:00:00-04:00,GOOGL,165.19000244140625,sell,1.0,End of trading session - closing all positions.,FORCED EXIT: Held for 72.0 hours (max: 48),0.3240264963983338,0.3917345347405038,50.0,-1.5891809967260997
2025-06-23 00:00:00-04:00,TSLA,348.67999267578125,sell,1.0,End of trading session - closing all positions.,FORCED EXIT: Held for 72.0 hours (max: 48),0.47553990954702796,0.5957765898255686,50.0,5.897186150150162
2025-06-23 00:00:00-04:00,NVDA,144.1699981689453,sell,1.0,End of trading session - closing all positions.,FORCED EXIT: Held for 72.0 hours (max: 48),0.42240909868060655,0.6358244745246475,50.0,0.4491074639020667
2025-06-24 00:00:00-04:00,AAPL,200.07293701171875,buy,0.4861930907505327,Strong upward momentum detected. Algorithm confidence: 50%. Good entry point for potential gains.,BUY: Momentum entry Q=0.501 >= 0.3,0.501448326193053,0.4505975413846519,50.0,-0.5316431370198984
2025-06-24 00:00:00-04:00,MSFT,489.30560302734375,buy,0.557970490986762,Strong upward momentum detected. Algorithm confidence: 57%. Good entry point for potential gains.,BUY: Momentum entry Q=0.571 >= 0.3,0.5708947974195472,0.5278137759769297,50.0,2.9587295295244758
2025-06-24 00:00:00-04:00,GOOGL,166.77000427246094,buy,0.46661634623996273,Strong upward momentum detected. Algorithm confidence: 40%. Good entry point for potential gains.,BUY: Momentum entry Q=0.397 >= 0.3,0.3974446371985897,0.6280170006698333,50.0,-1.9655125875025874
2025-06-24 00:00:00-04:00,TSLA,340.4700012207031,buy,0.5637957129249171,Strong upward momentum detected. Algorithm confidence: 59%. Good entry point for potential gains.,BUY: Momentum entry Q=0.586 >= 0.3,0.5861430180693303,0.5116520009212864,50.0,6.804726829075605
2025-06-24 00:00:00-04:00,NVDA,147.89999389648438,buy,0.6682054846930502,Strong upward momentum detected. Algorithm confidence: 68%. Good entry point for potential gains.,BUY: Momentum entry Q=0.677 >= 0.3,0.6770305974936618,0.6476135548249566,50.0,0.7435830576689284
2025-06-25 00:00:00-04:00,AAPL,201.33151245117188,sell,0.85,AI model detects potential price peak. Taking profits.,"SELL: ML profit peak ML=0.492, P&L=$30.21",0.2279777325734347,0.4924724247448924,50.0,-0.3408406279890812
2025-06-25 00:00:00-04:00,MSFT,491.4620666503906,sell,0.85,AI model detects potential price peak. Taking profits.,"SELL: ML profit peak ML=0.596, P&L=$21.56",0.4023906480760791,0.596071096069567,50.0,3.7526894817982566
2025-06-25 00:00:00-04:00,GOOGL,170.67999267578125,sell,0.88,Exit signal triggered. Closing position with loss.,SELL: Swing trade profit 2.3% >= 1.5% (24.0h),0.1916011283428388,0.580661410433687,50.0,-1.926052364769106
2025-06-25 00:00:00-04:00,TSLA,327.54998779296875,sell,0.95,Stop loss triggered to limit losses. Protecting capital.,SELL: Stop loss 3.8% >= 2.0%,0.4703751851706194,0.6625658956826206,50.0,6.407559887228388
2025-06-25 00:00:00-04:00,NVDA,154.30999755859375,sell,0.88,Exit signal triggered. Closing position with loss.,SELL: Swing trade profit 4.3% >= 1.5% (24.0h),0.5467866490792417,0.593041771504902,50.0,1.4771629966839441
2025-06-26 00:00:00-04:00,AAPL,200.7721405029297,buy,0.4534564384851767,Strong upward momentum detected. Algorithm confidence: 37%. Good entry point for potential gains.,BUY: Momentum entry Q=0.374 >= 0.3,0.3744213363163786,0.6378716768790389,50.0,-0.23208952273370187
2025-06-26 00:00:00-04:00,MSFT,496.6335754394531,buy,0.5707204785104832,Strong upward momentum detected. Algorithm confidence: 56%. Good entry point for potential gains.,BUY: Momentum entry Q=0.556 >= 0.3,0.5564047129320098,0.6041239315269215,50.0,4.744514197017224
2025-06-26 00:00:00-04:00,GOOGL,173.5399932861328,buy,0.48327253915506607,Strong upward momentum detected. Algorithm confidence: 44%. Good entry point for potential gains.,BUY: Momentum entry Q=0.438 >= 0.3,0.43775818498694663,0.5894726988806782,50.0,-1.6450387243114903
2025-06-26 00:00:00-04:00,TSLA,325.7799987792969,buy,0.5847540816849592,Strong upward momentum detected. Algorithm confidence: 63%. Good entry point for potential gains.,BUY: Momentum entry Q=0.627 >= 0.3,0.6273316198809968,0.4854064925608716,50.0,5.88217287600412
2025-06-26 00:00:00-04:00,NVDA,155.02000427246094,buy,0.6354508025638799,Strong upward momentum detected. Algorithm confidence: 64%. Good entry point for potential gains.,BUY: Momentum entry Q=0.640 >= 0.3,0.6395250529352074,0.6259442183641158,50.0,2.09171006001921
2025-06-27 00:00:00-04:00,AAPL,200.85205078125,sell,0.85,AI model detects potential price peak. Taking profits.,"SELL: ML profit peak ML=0.384, P&L=$1.92",0.19105065921015912,0.3843135907369264,49.15870386000743,-0.13786616139711327
2025-06-27 00:00:00-04:00,MSFT,495.1260681152344,sell,0.8,Algorithm confidence dropped. Exiting position to preserve capital.,SELL: Conviction lost Q=0.199 <= 0.35,0.19907591902516705,0.3756643376356076,75.44437937814054,5.347259310461766
2025-06-27 00:00:00-04:00,GOOGL,178.52999877929688,sell,0.88,Exit signal triggered. Closing position with loss.,SELL: Swing trade profit 2.9% >= 1.5% (24.0h),0.24050609409625415,0.6307968746842724,53.64614590420807,-1.0080613458736423
2025-06-27 00:00:00-04:00,TSLA,323.6300048828125,hold,0.4618868096839895,Holding position - indicators suggest more upside potential.,"HOLD: swing trade, Q=0.423, P&L=$-32.25 (-0.7%), 24.0h",0.4229647880970471,0.5008088312709319,57.14286541937118,5.232002082009103
2025-06-27 00:00:00-04:00,NVDA,157.75,sell,0.88,Exit signal triggered. Closing position with loss.,SELL: Swing trade profit 1.8% >= 1.5% (24.0h),0.2852143477469667,0.47455323711005837,77.18280066298912,2.7671330872221063
2025-06-30 00:00:00-04:00,AAPL,204.93740844726562,buy,0.5815543129214762,Strong upward momentum detected. Algorithm confidence: 64%. Good entry point for potential gains.,BUY: Momentum entry Q=0.645 >= 0.3,0.6452537756439977,0.4329222332355931,57.131878707366205,0.2634241624250535
2025-06-30 00:00:00-04:00,MSFT,496.5936584472656,buy,0.4036623428451812,Strong upward momentum detected. Algorithm confidence: 39%. Good entry point for potential gains.,BUY: Momentum entry Q=0.392 >= 0.3,0.3918795901866696,0.43115543238170834,76.2117440185278,5.875630815454031
2025-06-30 00:00:00-04:00,GOOGL,176.22999572753906,buy,0.44470171585206963,Strong upward momentum detected. Algorithm confidence: 42%. Good entry point for potential gains.,BUY: Momentum entry Q=0.415 >= 0.3,0.4154419715103567,0.5129744526493999,50.19574845033365,-0.6809931435811052
2025-06-30 00:00:00-04:00,TSLA,317.6600036621094,sell,1.0,End of trading session - closing all positions.,FORCED EXIT: Held for 96.0 hours (max: 48),0.4581787341516076,0.5221178163665423,54.07834014212659,4.186745640822892
2025-06-30 00:00:00-04:00,NVDA,157.99000549316406,buy,0.44479258776770847,Strong upward momentum detected. Algorithm confidence: 37%. Good entry point for potential gains.,BUY: Momentum entry Q=0.371 >= 0.3,0.37064712137666284,0.6177986760134816,77.37789398724716,3.2839221297876406
2025-07-01 00:00:00-04:00,AAPL,207.58441162109375,sell,0.85,AI model detects potential price peak. Taking profits.,"SELL: ML profit peak ML=0.612, P&L=$63.53",0.41801754294243243,0.6117448602610951,59.3602257595563,0.7859803768654956
2025-07-01 00:00:00-04:00,MSFT,491.242431640625,sell,0.8,Algorithm confidence dropped. Exiting position to preserve capital.,SELL: Conviction lost Q=0.293 <= 0.35,0.2928248684817123,0.58189339038467,70.89180764271842,5.7957598468645415
2025-07-01 00:00:00-04:00,GOOGL,175.83999633789062,sell,0.8,Algorithm confidence dropped. Exiting position to preserve capital.,SELL: Conviction lost Q=0.192 <= 0.35,0.1918764904223656,0.7929923615368986,45.89772805620167,-0.4480935843371583
2025-07-01 00:00:00-04:00,TSLA,300.7099914550781,buy,0.6337643653095987,Strong upward momentum detected. Algorithm confidence: 65%. Good entry point for potential gains.,BUY: Momentum entry Q=0.646 >= 0.3,0.645859957179028,0.6055413176142638,38.54279403887823,1.9679626046793715
2025-07-01 00:00:00-04:00,NVDA,153.3000030517578,sell,0.95,Stop loss triggered to limit losses. Protecting capital.,SELL: Stop loss 3.0% >= 2.0%,0.45402801986880653,0.5717967508465753,64.87430557477265,3.2772589669015986
2025-07-02 00:00:00-04:00,AAPL,212.1991729736328,buy,0.45038960925813776,Strong upward momentum detected. Algorithm confidence: 34%. Good entry point for potential gains.,BUY: Momentum entry Q=0.335 >= 0.3,0.3353178898397108,0.7188902879011341,74.18552331144879,1.5545625857963898
2025-07-02 00:00:00-04:00,MSFT,490.2840270996094,buy,0.6056898889549265,Strong upward momentum detected. Algorithm confidence: 62%. Good entry point for potential gains.,BUY: Momentum entry Q=0.618 >= 0.3,0.6181000156807241,0.5767329265947319,68.53301843388645,5.590680408408673
2025-07-02 00:00:00-04:00,GOOGL,178.63999938964844,buy,0.441119463658474,Strong upward momentum detected. Algorithm confidence: 43%. Good entry point for potential gains.,BUY: Momentum entry Q=0.429 >= 0.3,0.4285115213531422,0.47053799570424815,51.83289661449311,-0.03715387328685438
2025-07-02 00:00:00-04:00,TSLA,315.6499938964844,sell,0.88,Exit signal triggered. Closing position with loss.,SELL: Swing trade profit 5.0% >= 1.5% (24.0h),0.4581616752864472,0.47250152958706865,45.7003839284171,1.3989679693552262
2025-07-02 00:00:00-04:00,NVDA,157.25,buy,0.40929085431311574,Strong upward momentum detected. Algorithm confidence: 40%. Good entry point for potential gains.,BUY: Momentum entry Q=0.401 >= 0.3,0.40073830357454765,0.4292468060364412,71.0449510814546,3.5497903312591745
2025-07-03 00:00:00-04:00,AAPL,213.30792236328125,sell,0.85,AI model detects potential price peak. Taking profits.,"SELL: ML profit peak ML=0.560, P&L=$25.50",0.280815516362248,0.5604462888713282,74.80122081940638,2.2274595659187924
2025-07-03 00:00:00-04:00,MSFT,498.02130126953125,sell,0.88,Exit signal triggered. Closing position with loss.,SELL: Swing trade profit 1.6% >= 1.5% (24.0h),0.41440987914408073,0.4980312805074048,69.45256163423397,5.983512629345512
2025-07-03 00:00:00-04:00,GOOGL,179.52999877929688,sell,0.85,AI model detects potential price peak. Taking profits.,"SELL: ML profit peak ML=0.462, P&L=$24.03",0.4109434432148615,0.46249524081184923,55.562011252412574,0.35622794706108607
2025-07-03 00:00:00-04:00,TSLA,315.3500061035156,buy,0.6061735063287953,Strong upward momentum detected. Algorithm confidence: 66%. Good entry point for potential gains.,BUY: Momentum entry Q=0.665 >= 0.3,0.6647220991472312,0.4695601230857783,48.41136582541748,0.9133011465783056
2025-07-03 00:00:00-04:00,NVDA,159.33999633789062,sell,0.85,AI model detects potential price peak. Taking profits.,"SELL: ML profit peak ML=0.514, P&L=$64.79",0.2116061993334373,0.5138703763781327,70.9771787751895,3.889581958992011
2025-07-07 00:00:00-04:00,AAPL,209.7119903564453,buy,0.5293870845802954,Strong upward momentum detected. Algorithm confidence: 45%. Good entry point for potential gains.,BUY: Momentum entry Q=0.454 >= 0.3,0.45418340715611955,0.7048623319033724,72.66617866652851,2.4424189251170674
2025-07-07 00:00:00-04:00,MSFT,496.90313720703125,buy,0.43389012500211166,Strong upward momentum detected. Algorithm confidence: 37%. Good entry point for potential gains.,BUY: Momentum entry Q=0.374 >= 0.3,0.3742364407405664,0.5730820549457173,73.44459642255288,6.133900710514354
2025-07-07 00:00:00-04:00,GOOGL,176.7899932861328,buy,0.6407596499976734,Strong upward momentum detected. Algorithm confidence: 61%. Good entry point for potential gains.,BUY: Momentum entry Q=0.610 >= 0.3,0.6104131129643243,0.7115682364088215,52.93303024059393,0.4417975624424173
2025-07-07 00:00:00-04:00,TSLA,293.94000244140625,sell,1.0,End of trading session - closing all positions.,FORCED EXIT: Held for 96.0 hours (max: 48),0.3217444769245263,0.487074785411219,38.25533583506659,-1.1855355582338234
2025-07-07 00:00:00-04:00,NVDA,158.24000549316406,buy,0.4088353821950751,Strong upward momentum detected. Algorithm confidence: 39%. Good entry point for potential gains.,BUY: Momentum entry Q=0.393 >= 0.3,0.39285700116270966,0.4461182712705945,75.22482476041324,4.023726193004052
2025-07-08 00:00:00-04:00,AAPL,209.7719268798828,sell,0.85,AI model detects potential price peak. Taking profits.,"SELL: ML profit peak ML=0.594, P&L=$1.38",0.22872900854386277,0.5940712244347972,70.79292553637565,2.587781804704804
2025-07-08 00:00:00-04:00,MSFT,495.804931640625,hold,0.4825515012873939,Holding position - indicators suggest more upside potential.,"HOLD: swing trade, Q=0.446, P&L=$-10.98 (-0.2%), 24.0h",0.44583114679352615,0.5192718557812617,69.22567960473054,6.094217985785008
2025-07-08 00:00:00-04:00,GOOGL,174.36000061035156,hold,0.6362268646390281,Holding position - indicators suggest more upside potential.,"HOLD: swing trade, Q=0.564, P&L=$-68.04 (-1.4%), 24.0h",0.564042530894965,0.7084111983830912,46.69590954011091,0.3099589842606747
2025-07-08 00:00:00-04:00,TSLA,297.80999755859375,buy,0.47749993377515887,Strong upward momentum detected. Algorithm confidence: 44%. Good entry point for potential gains.,BUY: Momentum entry Q=0.437 >= 0.3,0.4365115563260491,0.5731394811564149,38.27843823067456,-2.507695353986321
2025-07-08 00:00:00-04:00,NVDA,160.0,sell,0.85,AI model detects potential price peak. Taking profits.,"SELL: ML profit peak ML=0.270, P&L=$54.56",0.32056137495103487,0.26995257060569383,74.46469848143488,4.223368944493217
2025-07-09 00:00:00-04:00,AAPL,210.90065002441406,buy,0.44089297493262075,Strong upward momentum detected. Algorithm confidence: 39%. Good entry point for potential gains.,BUY: Momentum entry Q=0.391 >= 0.3,0.3914324633182709,0.5563008353661039,79.55755300747083,2.7622203024674548
2025-07-09 00:00:00-04:00,MSFT,502.68365478515625,sell,1.0,End of trading session - closing all positions.,FORCED EXIT: Held for 48.0 hours (max: 48),0.254404962136519,0.39887616654989067,74.8488015059012,6.542407805736957
2025-07-09 00:00:00-04:00,GOOGL,176.6199951171875,sell,1.0,End of trading session - closing all positions.,FORCED EXIT: Held for 48.0 hours (max: 48),0.5645872446926783,0.5840109671084223,50.88366970970456,0.38341881689427737
2025-07-09 00:00:00-04:00,TSLA,295.8800048828125,sell,0.8,Algorithm confidence dropped. Exiting position to preserve capital.,SELL: Conviction lost Q=0.296 <= 0.35,0.29610306444283735,0.5447891390310065,41.661911890074045,-3.668957340703912
2025-07-09 00:00:00-04:00,NVDA,162.8800048828125,buy,0.43235603840834524,Strong upward momentum detected. Algorithm confidence: 45%. Good entry point for potential gains.,BUY: Momentum entry Q=0.448 >= 0.3,0.4482901002479811,0.39517656078252833,77.91670148337336,4.561398624266161
2025-07-10 00:00:00-04:00,AAPL,212.16920471191406,sell,0.85,AI model detects potential price peak. Taking profits.,"SELL: ML profit peak ML=0.427, P&L=$29.18",0.22476337871775076,0.42700464078236533,79.81163525432233,2.9686055928516453
2025-07-10 00:00:00-04:00,MSFT,500.656982421875,hold,0.14974681859238329,Waiting for better opportunity. No clear buy signal yet.,"HOLD: No entry signal (Q=0.299, RSI=70.8, ML=0.574)",0.29949363718476657,0.5738346290491663,70.7909371572126,6.657324452722605
2025-07-10 00:00:00-04:00,GOOGL,177.6199951171875,buy,0.5589493013361629,Strong upward momentum detected. Algorithm confidence: 58%. Good entry point for potential gains.,BUY: Momentum entry Q=0.585 >= 0.3,0.5849438650621368,0.4982953193088906,55.92611347526083,0.5163754513861818
2025-07-10 00:00:00-04:00,TSLA,309.8699951171875,buy,0.48175790210381597,Strong upward momentum detected. Algorithm confidence: 39%. Good entry point for potential gains.,BUY: Momentum entry Q=0.389 >= 0.3,0.3892117441078315,0.6976989374277797,45.352566117937045,-3.4209558889148184
2025-07-10 00:00:00-04:00,NVDA,164.10000610351562,sell,0.85,AI model detects potential price peak. Taking profits.,"SELL: ML profit peak ML=0.526, P&L=$36.60",0.2557813025117159,0.5264592499688503,77.82430308190364,4.871576976460403
2025-07-11 00:00:00-04:00,AAPL,210.92062377929688,buy,0.48298089134400113,Strong upward momentum detected. Algorithm confidence: 42%. Good entry point for potential gains.,BUY: Momentum entry Q=0.421 >= 0.3,0.4205919623469284,0.6285550590038376,71.72794196917734,2.9968713090082417
2025-07-11 00:00:00-04:00,MSFT,502.49395751953125,buy,0.42866346193782834,Strong upward momentum detected. Algorithm confidence: 45%. Good entry point for potential gains.,BUY: Momentum entry Q=0.450 >= 0.3,0.4498597175000764,0.3792055322925828,75.878593371661,6.818031241453468
2025-07-11 00:00:00-04:00,GOOGL,180.19000244140625,sell,0.85,AI model detects potential price peak. Taking profits.,"SELL: ML profit peak ML=0.394, P&L=$71.96",0.21520069043280535,0.39403499585174484,71.05999972489592,0.8196739635168626
2025-07-11 00:00:00-04:00,TSLA,313.510009765625,sell,0.85,AI model detects potential price peak. Taking profits.,"SELL: ML profit peak ML=0.446, P&L=$58.24",0.17260437378224155,0.44550108597495797,46.78606101384959,-2.8972959659691924
2025-07-11 00:00:00-04:00,NVDA,164.9199981689453,buy,0.44282285637327534,Strong upward momentum detected. Algorithm confidence: 37%. Good entry point for potential gains.,BUY: Momentum entry Q=0.373 >= 0.3,0.3731397296752962,0.6054168186685601,82.26647144127652,5.124490129678662
2025-07-14 00:00:00-04:00,AAPL,208.3834991455078,sell,1.0,End of trading session - closing all positions.,FORCED EXIT: Held for 72.0 hours (max: 48),0.4873096808360805,0.5178721451113261,64.00468979392912,2.782472724851374
2025-07-14 00:00:00-04:00,MSFT,502.1944274902344,sell,1.0,End of trading session - closing all positions.,FORCED EXIT: Held for 72.0 hours (max: 48),0.29338182976797866,0.5403195710977184,70.36856838078961,6.842348623547082
2025-07-14 00:00:00-04:00,GOOGL,181.55999755859375,buy,0.409560788044842,Strong upward momentum detected. Algorithm confidence: 38%. Good entry point for potential gains.,BUY: Momentum entry Q=0.380 >= 0.3,0.38039821200581053,0.477606798802582,75.50638358574452,1.1572473488818673
2025-07-14 00:00:00-04:00,TSLA,316.8999938964844,buy,0.5135507014985823,Strong upward momentum detected. Algorithm confidence: 47%. Good entry point for potential gains.,BUY: Momentum entry Q=0.469 >= 0.3,0.4687935230630559,0.6179841178481441,35.74120298548743,-2.1835773952057025
2025-07-14 00:00:00-04:00,NVDA,164.07000732421875,sell,1.0,End of trading session - closing all positions.,FORCED EXIT: Held for 72.0 hours (max: 48),0.3394289437672231,0.5346544178098287,79.98797875173088,5.196437175160042
2025-07-15 00:00:00-04:00,AAPL,208.87295532226562,buy,0.5811346041443848,Strong upward momentum detected. Algorithm confidence: 60%. Good entry point for potential gains.,BUY: Momentum entry Q=0.597 >= 0.3,0.5965547985722979,0.5451541504792545,67.82676645470158,2.6218324724487445
2025-07-15 00:00:00-04:00,MSFT,504.9898376464844,buy,0.5747622547182,Strong upward momentum detected. Algorithm confidence: 59%. Good entry point for potential gains.,BUY: Momentum entry Q=0.586 >= 0.3,0.5856969819999632,0.5492478910607524,69.40942499964123,7.006420902625621
2025-07-15 00:00:00-04:00,GOOGL,182.0,sell,0.85,AI model detects potential price peak. Taking profits.,"SELL: ML profit peak ML=0.506, P&L=$11.88",0.20724717981849988,0.5059247250712358,74.60419584694668,1.4436398273411726
2025-07-15 00:00:00-04:00,TSLA,310.7799987792969,sell,0.8,Algorithm confidence dropped. Exiting position to preserve capital.,SELL: Conviction lost Q=0.233 <= 0.35,0.23298266039108576,0.43468634932035655,36.42432141282325,-2.0877168446087353
2025-07-15 00:00:00-04:00,NVDA,170.6999969482422,buy,0.48771945168588277,Strong upward momentum detected. Algorithm confidence: 45%. Good entry point for potential gains.,BUY: Momentum entry Q=0.448 >= 0.3,0.44843095511653397,0.5793926103476967,81.59648167907713,5.722475346896175
2025-07-16 00:00:00-04:00,AAPL,209.92176818847656,sell,0.85,AI model detects potential price peak. Taking profits.,"SELL: ML profit peak ML=0.302, P&L=$24.12",0.381493115006856,0.3019109735931942,67.55099559487846,2.549762275734736
2025-07-16 00:00:00-04:00,MSFT,504.7901611328125,hold,0.5278243069361609,Holding position - indicators suggest more upside potential.,"HOLD: swing trade, Q=0.449, P&L=$-1.80 (-0.0%), 24.0h",0.449002754393002,0.6066458594793198,67.33313383504243,7.039193696794541
2025-07-16 00:00:00-04:00,GOOGL,182.97000122070312,buy,0.44589258410878796,Strong upward momentum detected. Algorithm confidence: 40%. Good entry point for potential gains.,BUY: Momentum entry Q=0.404 >= 0.3,0.40368607255237726,0.5443744444070798,71.93860096401085,1.7289486776164722
2025-07-16 00:00:00-04:00,TSLA,321.6700134277344,buy,0.43479547635770477,Strong upward momentum detected. Algorithm confidence: 42%. Good entry point for potential gains.,BUY: Momentum entry Q=0.415 >= 0.3,0.4149090754125473,0.48119707856307214,47.26054060940193,-1.1201016624182785
2025-07-16 00:00:00-04:00,NVDA,171.3699951171875,sell,0.85,AI model detects potential price peak. Taking profits.,"SELL: ML profit peak ML=0.749, P&L=$19.43",0.22042475680091775,0.7490926178480563,78.11472771530306,6.122847268748927
2025-07-17 00:00:00-04:00,AAPL,209.78192138671875,buy,0.5819759320129034,Strong upward momentum detected. Algorithm confidence: 59%. Good entry point for potential gains.,BUY: Momentum entry Q=0.590 >= 0.3,0.5895243353441524,0.564362990906656,68.72921188006758,2.4530840317219145
2025-07-17 00:00:00-04:00,MSFT,510.8601989746094,sell,1.0,End of trading session - closing all positions.,FORCED EXIT: Held for 48.0 hours (max: 48),0.44512889719029974,0.48512213536413723,68.079145562993,7.46887119873071
2025-07-17 00:00:00-04:00,GOOGL,183.5800018310547,sell,0.85,AI model detects potential price peak. Taking profits.,"SELL: ML profit peak ML=0.621, P&L=$16.47",0.37257900657411125,0.6205646015313073,69.48758683764086,1.9814391511352483
2025-07-17 00:00:00-04:00,TSLA,319.4100036621094,sell,0.8,Algorithm confidence dropped. Exiting position to preserve capital.,SELL: Conviction lost Q=0.210 <= 0.35,0.2103905133935925,0.5598298030221249,47.045730794249636,-0.5295195874480783
2025-07-17 00:00:00-04:00,NVDA,173.0,buy,0.45275494033613806,Strong upward momentum detected. Algorithm confidence: 42%. Good entry point for potential gains.,BUY: Momentum entry Q=0.420 >= 0.3,0.41967082830257807,0.529951201747778,78.7588234805992,6.496781816194158
2025-07-18 00:00:00-04:00,AAPL,210.9405975341797,sell,0.85,AI model detects potential price peak. Taking profits.,"SELL: ML profit peak ML=0.615, P&L=$26.65",0.3197365209087902,0.6146906125568854,70.0715049431731,2.441813601233264
2025-07-18 00:00:00-04:00,MSFT,509.212890625,buy,0.6507786160898421,Strong upward momentum detected. Algorithm confidence: 59%. Good entry point for potential gains.,BUY: Momentum entry Q=0.587 >= 0.3,0.5870383555997891,0.7995058905666327,67.83810500590872,7.588988561831684
2025-07-18 00:00:00-04:00,GOOGL,185.05999755859375,buy,0.5920798137803873,Strong upward momentum detected. Algorithm confidence: 55%. Good entry point for potential gains.,BUY: Momentum entry Q=0.547 >= 0.3,0.5465163737693974,0.698394507139364,64.67415456021769,2.2747411567882807
2025-07-18 00:00:00-04:00,TSLA,329.6499938964844,buy,0.5759744942538767,Strong upward momentum detected. Algorithm confidence: 61%. Good entry point for potential gains.,BUY: Momentum entry Q=0.606 >= 0.3,0.606223265169952,0.5053940287830344,52.5970618337774,0.7560868955408182
2025-07-18 00:00:00-04:00,NVDA,172.41000366210938,sell,0.8,Algorithm confidence dropped. Exiting position to preserve capital.,SELL: Conviction lost Q=0.245 <= 0.35,0.24480169853768408,0.5290288490103858,75.17174018526457,6.668647844176263
2025-07-21 00:00:00-04:00,AAPL,212.23912048339844,buy,0.5122892830121454,Strong upward momentum detected. Algorithm confidence: 52%. Good entry point for potential gains.,BUY: Momentum entry Q=0.524 >= 0.3,0.5238203154352321,0.48538354069160994,66.33881483029347,2.5087424325404584
2025-07-21 00:00:00-04:00,MSFT,509.2228698730469,sell,1.0,End of trading session - closing all positions.,FORCED EXIT: Held for 72.0 hours (max: 48),0.34199588012573434,0.5204289069060082,66.60532803461714,7.597409472232698
2025-07-21 00:00:00-04:00,GOOGL,190.10000610351562,sell,1.0,End of trading session - closing all positions.,FORCED EXIT: Held for 72.0 hours (max: 48),0.13148297453195956,0.7261002805498153,77.75111510033614,2.8806651630140436
2025-07-21 00:00:00-04:00,TSLA,328.489990234375,sell,1.0,End of trading session - closing all positions.,FORCED EXIT: Held for 72.0 hours (max: 48),0.47332745918473645,0.7039910711634527,54.8744202580245,1.662176162494461
2025-07-21 00:00:00-04:00,NVDA,171.3800048828125,buy,0.4430073521430802,Strong upward momentum detected. Algorithm confidence: 40%. Good entry point for potential gains.,BUY: Momentum entry Q=0.396 >= 0.3,0.396321388337921,0.5519412676884516,72.38384861790684,6.64513958348698
2025-07-22 00:00:00-04:00,AAPL,214.15695190429688,sell,0.85,AI model detects potential price peak. Taking profits.,"SELL: ML profit peak ML=0.498, P&L=$44.11",0.43345436792554687,0.4984612620122351,65.20329748678873,2.6855792948323938
2025-07-22 00:00:00-04:00,MSFT,504.44073486328125,buy,0.5682481008373154,Strong upward momentum detected. Algorithm confidence: 60%. Good entry point for potential gains.,BUY: Momentum entry Q=0.602 >= 0.3,0.6016214161349696,0.4903770318094557,67.61723587303656,7.135946031201115
2025-07-22 00:00:00-04:00,GOOGL,191.33999633789062,buy,0.5277960231382951,Strong upward momentum detected. Algorithm confidence: 45%. Good entry point for potential gains.,BUY: Momentum entry Q=0.454 >= 0.3,0.4535439445110327,0.7010508732685741,79.99226431249815,3.4214804553859324
2025-07-22 00:00:00-04:00,TSLA,332.1099853515625,buy,0.5462786816328637,Strong upward momentum detected. Algorithm confidence: 54%. Good entry point for potential gains.,BUY: Momentum entry Q=0.540 >= 0.3,0.5396752559887343,0.5616866748024992,66.05973842159531,2.6419075215928274
2025-07-22 00:00:00-04:00,NVDA,167.02999877929688,sell,0.95,Stop loss triggered to limit losses. Protecting capital.,SELL: Stop loss 2.5% >= 2.0%,0.1817007360339323,0.5457896229543067,73.21612036140208,6.203984310205101
2025-07-23 00:00:00-04:00,AAPL,213.9072265625,buy,0.5917335016115227,Strong upward momentum detected. Algorithm confidence: 59%. Good entry point for potential gains.,BUY: Momentum entry Q=0.589 >= 0.3,0.5894163285289623,0.5971402388041639,54.950744210443446,2.773600691928209
2025-07-23 00:00:00-04:00,MSFT,505.0397644042969,sell,0.85,AI model detects potential price peak. Taking profits.,"SELL: ML profit peak ML=0.561, P&L=$5.39",0.44412932673115474,0.5608672365448011,69.88690954079416,6.740865110232335
2025-07-23 00:00:00-04:00,GOOGL,190.22999572753906,sell,0.8,Algorithm confidence dropped. Exiting position to preserve capital.,SELL: Conviction lost Q=0.229 <= 0.35,0.22903126654918704,0.6464069173070798,73.99585769580221,3.717657852795867
2025-07-23 00:00:00-04:00,TSLA,332.55999755859375,sell,0.85,AI model detects potential price peak. Taking profits.,"SELL: ML profit peak ML=0.697, P&L=$6.75",0.4555525444260438,0.6973085779161234,60.15372036336703,3.415294517212601
2025-07-23 00:00:00-04:00,NVDA,170.77999877929688,buy,0.464127883761171,Strong upward momentum detected. Algorithm confidence: 44%. Good entry point for potential gains.,BUY: Momentum entry Q=0.435 >= 0.3,0.43531322624970886,0.5313620846212492,73.03373355015353,6.086794460081677
2025-07-24 00:00:00-04:00,AAPL,213.51766967773438,hold,0.5363927006993896,Holding position - indicators suggest more upside potential.,"HOLD: swing trade, Q=0.443, P&L=$-8.96 (-0.2%), 24.0h",0.44311666559537144,0.6296687358034077,50.63439524309715,2.779879577000031
2025-07-24 00:00:00-04:00,MSFT,510.0415344238281,buy,0.5175420917441254,Strong upward momentum detected. Algorithm confidence: 53%. Good entry point for potential gains.,BUY: Momentum entry Q=0.529 >= 0.3,0.5291612053502843,0.490430826663088,67.4897671192609,6.753511397524392
2025-07-24 00:00:00-04:00,GOOGL,192.1699981689453,buy,0.38412245450655236,Strong upward momentum detected. Algorithm confidence: 37%. Good entry point for potential gains.,BUY: Momentum entry Q=0.372 >= 0.3,0.37208571441707694,0.4122081813819951,75.07936690549903,4.062097229536363
2025-07-24 00:00:00-04:00,TSLA,305.29998779296875,buy,0.6645907573308368,Strong upward momentum detected. Algorithm confidence: 69%. Good entry point for potential gains.,BUY: Momentum entry Q=0.693 >= 0.3,0.6927249051776522,0.5989444123549343,45.44134205348424,1.8077160906858012
2025-07-24 00:00:00-04:00,NVDA,173.74000549316406,sell,0.88,Exit signal triggered. Closing position with loss.,SELL: Swing trade profit 1.7% >= 1.5% (24.0h),0.29450409099691566,0.4830848149537079,73.80955865026212,6.161739763113019
2025-07-25 00:00:00-04:00,AAPL,213.63754272460938,sell,1.0,End of trading session - closing all positions.,FORCED EXIT: Held for 48.0 hours (max: 48),0.4028725258984996,0.6645279795250781,65.03441496890439,2.762681914319842
2025-07-25 00:00:00-04:00,MSFT,512.866943359375,sell,0.85,AI model detects potential price peak. Taking profits.,"SELL: ML profit peak ML=0.587, P&L=$25.43",0.20557480856963645,0.5867341733413257,72.12839581376853,6.911845111514538
2025-07-25 00:00:00-04:00,GOOGL,193.17999267578125,sell,0.85,AI model detects potential price peak. Taking profits.,"SELL: ML profit peak ML=0.629, P&L=$26.26",0.2520916659668652,0.6286541722342973,84.91693479545603,4.366234796137178
2025-07-25 00:00:00-04:00,TSLA,316.05999755859375,sell,0.88,Exit signal triggered. Closing position with loss.,SELL: Swing trade profit 3.5% >= 1.5% (24.0h),0.41474499523476327,0.748368683576496,61.10664356345222,1.3859649276654977
2025-07-25 00:00:00-04:00,NVDA,173.5,buy,0.369639344539161,Strong upward momentum detected. Algorithm confidence: 30%. Good entry point for potential gains.,BUY: Momentum entry Q=0.303 >= 0.3,0.3030527791192601,0.5250079971855964,75.97004747469029,6.131092599217226
2025-07-28 00:00:00-04:00,AAPL,213.80735778808594,buy,0.6576286311194806,Strong upward momentum detected. Algorithm confidence: 61%. Good entry point for potential gains.,BUY: Momentum entry Q=0.612 >= 0.3,0.6122605039558896,0.7634875945011929,65.32624468583244,2.7312709082885362
2025-07-28 00:00:00-04:00,MSFT,511.65887451171875,buy,0.47806077586377604,Strong upward momentum detected. Algorithm confidence: 42%. Good entry point for potential gains.,BUY: Momentum entry Q=0.424 >= 0.3,0.42435916034320237,0.6033645454117813,71.90937692417992,6.860758111989924
2025-07-28 00:00:00-04:00,GOOGL,192.5800018310547,buy,0.36883496276336175,Strong upward momentum detected. Algorithm confidence: 37%. Good entry point for potential gains.,BUY: Momentum entry Q=0.374 >= 0.3,0.3737492868246393,0.3573682066203807,92.09800042025161,4.5068990353917115
2025-07-28 00:00:00-04:00,TSLA,325.5899963378906,buy,0.6499663985855129,Strong upward momentum detected. Algorithm confidence: 67%. Good entry point for potential gains.,BUY: Momentum entry Q=0.671 >= 0.3,0.6706967260038286,0.6015956346094431,63.198400466289016,1.799966455526146
2025-07-28 00:00:00-04:00,NVDA,176.75,sell,1.0,End of trading session - closing all positions.,FORCED EXIT: Held for 72.0 hours (max: 48),0.30501134150216763,0.5721154756919039,77.129903870108,6.296470546601256
2025-07-29 00:00:00-04:00,AAPL,211.03050231933594,hold,0.5027768178796036,Holding position - indicators suggest more upside potential.,"HOLD: swing trade, Q=0.372, P&L=$-63.87 (-1.3%), 24.0h",0.37203538070487807,0.6335182550543291,50.43829831067161,2.4540200153632554
2025-07-29 00:00:00-04:00,MSFT,511.728759765625,sell,0.85,AI model detects potential price peak. Taking profits.,"SELL: ML profit peak ML=0.578, P&L=$0.63",0.4629541288201322,0.5775979375977524,65.39755501019266,6.748122299431998
2025-07-29 00:00:00-04:00,GOOGL,195.75,sell,0.88,Exit signal triggered. Closing position with loss.,SELL: Swing trade profit 1.6% >= 1.5% (24.0h),0.3278073023360593,0.550895382874207,92.4168852294842,4.818622734491129
2025-07-29 00:00:00-04:00,TSLA,321.20001220703125,hold,0.4921042191610966,Holding position - indicators suggest more upside potential.,"HOLD: swing trade, Q=0.509, P&L=$-65.85 (-1.3%), 24.0h",0.508600987162946,0.47560745115924713,61.754876719765925,1.7536160244022199
2025-07-29 00:00:00-04:00,NVDA,175.50999450683594,buy,0.41161343477927476,Strong upward momentum detected. Algorithm confidence: 37%. Good entry point for potential gains.,BUY: Momentum entry Q=0.367 >= 0.3,0.366782820256923,0.5162182019980956,71.60450131733013,6.255367696275329
2025-07-30 00:00:00-04:00,AAPL,208.81301879882812,sell,1.0,End of trading session - closing all positions.,FORCED EXIT: Held for 48.0 hours (max: 48),0.46453687110441927,0.42538422330362274,39.35366204286783,2.031941342456946
2025-07-30 00:00:00-04:00,MSFT,512.3976440429688,buy,0.4615429272140377,Strong upward momentum detected. Algorithm confidence: 44%. Good entry point for potential gains.,BUY: Momentum entry Q=0.444 >= 0.3,0.44420442815391215,0.5019994250209975,70.95491554153422,6.636331479245257
2025-07-30 00:00:00-04:00,GOOGL,196.52999877929688,buy,0.392166425195159,Strong upward momentum detected. Algorithm confidence: 34%. Good entry point for potential gains.,BUY: Momentum entry Q=0.345 >= 0.3,0.34456285188211305,0.5032414295922664,92.34217427966583,5.070159749119881
2025-07-30 00:00:00-04:00,TSLA,319.0400085449219,sell,1.0,End of trading session - closing all positions.,FORCED EXIT: Held for 48.0 hours (max: 48),0.5105242715466539,0.5713178601238657,54.78252371740737,1.5250093714228683
2025-07-30 00:00:00-04:00,NVDA,179.27000427246094,sell,0.88,Exit signal triggered. Closing position with loss.,SELL: Swing trade profit 2.1% >= 1.5% (24.0h),0.2592310712035284,0.6063715801547813,73.87471849050877,6.451822165827394
2025-07-31 00:00:00-04:00,AAPL,207.33470153808594,buy,0.5622839413556194,Strong upward momentum detected. Algorithm confidence: 58%. Good entry point for potential gains.,BUY: Momentum entry Q=0.582 >= 0.3,0.5823990956288488,0.5153485813847509,38.78831538722097,1.5601684543662202
2025-07-31 00:00:00-04:00,MSFT,532.6243896484375,sell,0.88,Exit signal triggered. Closing position with loss.,SELL: Swing trade profit 3.9% >= 1.5% (24.0h),0.20664076985490443,0.36111396456479294,82.4654305447591,8.086647933617883
2025-07-31 00:00:00-04:00,GOOGL,191.89999389648438,sell,0.95,Stop loss triggered to limit losses. Protecting capital.,SELL: Stop loss 2.4% >= 2.0%,0.2697871778704376,0.5199845534737176,74.00573815925958,4.840108191591895
2025-07-31 00:00:00-04:00,TSLA,308.2699890136719,buy,0.5746236533788586,Strong upward momentum detected. Algorithm confidence: 60%. Good entry point for potential gains.,BUY: Momentum entry Q=0.599 >= 0.3,0.5988116004334046,0.5181851102515843,47.456301359513255,0.4693757135025862
2025-07-31 00:00:00-04:00,NVDA,177.8699951171875,buy,0.44321386633724624,Strong upward momentum detected. Algorithm confidence: 43%. Good entry point for potential gains.,BUY: Momentum entry Q=0.432 >= 0.3,0.43221224566595384,0.4688843145702619,70.0154380165757,6.420532804334073
2025-08-01 00:00:00-04:00,AAPL,202.1505889892578,sell,0.95,Stop loss triggered to limit losses. Protecting capital.,SELL: Stop loss 2.5% >= 2.0%,0.4318010531275004,0.8401797787412474,33.279820682134854,0.75921868396847
2025-08-01 00:00:00-04:00,MSFT,523.2498168945312,buy,0.6783784995231554,Strong upward momentum detected. Algorithm confidence: 69%. Good entry point for potential gains.,BUY: Momentum entry Q=0.687 >= 0.3,0.686590167944567,0.6592179398731952,68.97602936961923,8.382951056434422
2025-08-01 00:00:00-04:00,GOOGL,189.1300048828125,buy,0.5634444830593495,Strong upward momentum detected. Algorithm confidence: 64%. Good entry point for potential gains.,BUY: Momentum entry Q=0.644 >= 0.3,0.6436471317338753,0.376304969485456,64.6762578009812,4.383742654642134
2025-08-01 00:00:00-04:00,TSLA,302.6300048828125,sell,0.8,Algorithm confidence dropped. Exiting position to preserve capital.,SELL: Conviction lost Q=0.282 <= 0.35,0.281506947086359,0.6270493992720113,43.220909797604,-0.8129499686801296
2025-08-01 00:00:00-04:00,NVDA,173.72000122070312,sell,0.95,Stop loss triggered to limit losses. Protecting capital.,SELL: Stop loss 2.3% >= 2.0%,0.4211594236288686,0.5160594429084123,63.53434402232532,5.991796238153
2025-08-04 00:00:00-04:00,AAPL,203.11949157714844,buy,0.6268720271829057,Strong upward momentum detected. Algorithm confidence: 55%. Good entry point for potential gains.,BUY: Momentum entry Q=0.546 >= 0.3,0.5464072660850303,0.8146231364112817,34.95301846298983,0.20033324483938486
2025-08-04 00:00:00-04:00,MSFT,534.7609252929688,sell,1.0,End of trading session - closing all positions.,FORCED EXIT: Held for 72.0 hours (max: 48),0.2602308656253098,0.5604578500570934,73.18815191043242,9.437830229383337
2025-08-04 00:00:00-04:00,GOOGL,195.0399932861328,sell,1.0,End of trading session - closing all positions.,FORCED EXIT: Held for 72.0 hours (max: 48),0.2212273446558603,0.45436219055930965,70.85733894417454,4.447686193141294
2025-08-04 00:00:00-04:00,TSLA,309.260009765625,buy,0.4463121424975195,Strong upward momentum detected. Algorithm confidence: 34%. Good entry point for potential gains.,BUY: Momentum entry Q=0.345 >= 0.3,0.34535708632569767,0.6818739402317704,49.281397298260444,-1.2794674216908675
2025-08-04 00:00:00-04:00,NVDA,180.0,buy,0.6552862827839456,Strong upward momentum detected. Algorithm confidence: 64%. Good entry point for potential gains.,BUY: Momentum entry Q=0.638 >= 0.3,0.6383135038179693,0.6948894337045572,63.17279632821149,6.088577506437616
2025-08-05 00:00:00-04:00,AAPL,202.68995666503906,sell,0.8,Algorithm confidence dropped. Exiting position to preserve capital.,SELL: Conviction lost Q=0.190 <= 0.35,0.18983328886258366,0.4504485782019802,30.453563893054337,-0.2740878556703592
2025-08-05 00:00:00-04:00,MSFT,526.8838500976562,buy,0.46228747290744204,Strong upward momentum detected. Algorithm confidence: 58%. Good entry point for potential gains.,BUY: Momentum entry Q=0.577 >= 0.3,0.5767290298646963,0.1952571733405155,65.37016231144128,9.528378224182973
2025-08-05 00:00:00-04:00,GOOGL,194.6699981689453,buy,0.6213589583903613,Strong upward momentum detected. Algorithm confidence: 62%. Good entry point for potential gains.,BUY: Momentum entry Q=0.619 >= 0.3,0.6185536971969898,0.6279045678415615,69.08025606532722,4.417583244518653
2025-08-05 00:00:00-04:00,TSLA,308.7200012207031,sell,0.8,Algorithm confidence dropped. Exiting position to preserve capital.,SELL: Conviction lost Q=0.295 <= 0.35,0.2945354393827175,0.7769631178547294,43.21349566721554,-1.6734693280983493
2025-08-05 00:00:00-04:00,NVDA,178.25999450683594,hold,0.522056657867068,Holding position - indicators suggest more upside potential.,"HOLD: swing trade, Q=0.395, P&L=$-46.98 (-1.0%), 24.0h",0.39474741643655503,0.649365899297581,59.472080894565956,5.956213930779285
2025-08-06 00:00:00-04:00,AAPL,213.0082550048828,buy,0.6536627560276868,Strong upward momentum detected. Algorithm confidence: 66%. Good entry point for potential gains.,BUY: Momentum entry Q=0.657 >= 0.3,0.6572343819501737,0.6453289622085505,55.6251991982586,0.18045032751518875
2025-08-06 00:00:00-04:00,MSFT,524.0784912109375,hold,0.4143837251694992,Holding position - indicators suggest more upside potential.,"HOLD: swing trade, Q=0.430, P&L=$-25.25 (-0.5%), 24.0h",0.4295913940255799,0.39917605631341846,59.63329441201001,9.266945565621882
2025-08-06 00:00:00-04:00,GOOGL,196.08999633789062,sell,0.85,AI model detects potential price peak. Taking profits.,"SELL: ML profit peak ML=0.413, P&L=$35.50",0.5148100962069377,0.41262556388822946,69.87609186317982,4.456931691473557
2025-08-06 00:00:00-04:00,TSLA,319.9100036621094,buy,0.5243722894027479,Strong upward momentum detected. Algorithm confidence: 50%. Good entry point for potential gains.,BUY: Momentum entry Q=0.495 >= 0.3,0.4953493643794545,0.5920924477904328,50.23960124176152,-1.0704396374724183
2025-08-06 00:00:00-04:00,NVDA,179.4199981689453,sell,1.0,End of trading session - closing all positions.,FORCED EXIT: Held for 48.0 hours (max: 48),0.37708094150864696,0.4967404169784371,58.94149174687439,5.877169097474166
2025-08-07 00:00:00-04:00,AAPL,219.7805633544922,sell,0.88,Exit signal triggered. Closing position with loss.,SELL: Swing trade profit 3.2% >= 1.5% (24.0h),0.5006981825141862,0.23507302433644955,62.88957791202258,1.0747546946235218
2025-08-07 00:00:00-04:00,MSFT,519.9852294921875,sell,1.0,End of trading session - closing all positions.,FORCED EXIT: Held for 48.0 hours (max: 48),0.44723258033770713,0.6988652869677316,57.58046518579858,8.629985191001424
2025-08-07 00:00:00-04:00,GOOGL,196.52000427246094,buy,0.556824539441571,Strong upward momentum detected. Algorithm confidence: 61%. Good entry point for potential gains.,BUY: Momentum entry Q=0.606 >= 0.3,0.6055900534175974,0.44303834016417615,68.83632297904849,4.471271629691984
2025-08-07 00:00:00-04:00,TSLA,322.2699890136719,sell,0.85,AI model detects potential price peak. Taking profits.,"SELL: ML profit peak ML=0.804, P&L=$35.40",0.33100962365212666,0.8043318873316077,46.174578477234576,-0.3975207961169076
2025-08-07 00:00:00-04:00,NVDA,180.77000427246094,buy,0.5859299577063388,Strong upward momentum detected. Algorithm confidence: 65%. Good entry point for potential gains.,BUY: Momentum entry Q=0.648 >= 0.3,0.6478809522900033,0.44137763701112187,61.40205856020658,5.85595589334207
2025-08-08 00:00:00-04:00,AAPL,229.0900115966797,buy,0.5456628820989823,Strong upward momentum detected. Algorithm confidence: 58%. Good entry point for potential gains.,BUY: Momentum entry Q=0.581 >= 0.3,0.5812005923830884,0.46274155810273476,69.91733963181579,2.5058066403715316
2025-08-08 00:00:00-04:00,MSFT,521.1832275390625,buy,0.5538274756690484,Strong upward momentum detected. Algorithm confidence: 57%. Good entry point for potential gains.,BUY: Momentum entry Q=0.571 >= 0.3,0.5713246221584289,0.5130008005271606,58.27806064794613,8.128161548630544
2025-08-08 00:00:00-04:00,GOOGL,201.4199981689453,sell,0.88,Exit signal triggered. Closing position with loss.,SELL: Swing trade profit 2.5% >= 1.5% (24.0h),0.4866572082584706,0.3794618389778967,68.69222198649787,4.822434665569091
2025-08-08 00:00:00-04:00,TSLA,329.6499938964844,buy,0.6368839200657358,Strong upward momentum detected. Algorithm confidence: 62%. Good entry point for potential gains.,BUY: Momentum entry Q=0.620 >= 0.3,0.61963170766379,0.6771390823369425,50.56486336194381,0.7229433100824281
2025-08-08 00:00:00-04:00,NVDA,182.6999969482422,sell,0.85,AI model detects potential price peak. Taking profits.,"SELL: ML profit peak ML=0.612, P&L=$52.11",0.42575361027656006,0.6124986674682482,65.06919462855495,5.926560851211519
2025-08-11 00:00:00-04:00,AAPL,227.17999267578125,sell,1.0,End of trading session - closing all positions.,FORCED EXIT: Held for 72.0 hours (max: 48),0.41287233245523947,0.4754725821810339,65.39575784076462,3.4460788020070083
2025-08-11 00:00:00-04:00,MSFT,520.9136962890625,sell,1.0,End of trading session - closing all positions.,FORCED EXIT: Held for 72.0 hours (max: 48),0.44599515578733956,0.3480135371294003,62.1609906395342,7.620865187244476
2025-08-11 00:00:00-04:00,GOOGL,201.0,buy,0.5793741552808858,Strong upward momentum detected. Algorithm confidence: 62%. Good entry point for potential gains.,BUY: Momentum entry Q=0.624 >= 0.3,0.6240798784914768,0.4750608011228399,66.39513997082906,5.009101752388091
2025-08-11 00:00:00-04:00,TSLA,339.0299987792969,sell,1.0,End of trading session - closing all positions.,FORCED EXIT: Held for 72.0 hours (max: 48),0.4263806744250854,0.3591850885219658,53.190709758614595,2.3408236311173596
2025-08-11 00:00:00-04:00,NVDA,182.05999755859375,buy,0.3706517152903655,Strong upward momentum detected. Algorithm confidence: 31%. Good entry point for potential gains.,BUY: Momentum entry Q=0.314 >= 0.3,0.3140877833576244,0.5026342231334282,72.20086044150818,5.863284888530927
2025-08-12 00:00:00-04:00,AAPL,229.64999389648438,buy,0.5493214904694587,Strong upward momentum detected. Algorithm confidence: 65%. Good entry point for potential gains.,BUY: Momentum entry Q=0.651 >= 0.3,0.6511366686236455,0.3117527414430228,67.68273035652095,4.3405248516407084
2025-08-12 00:00:00-04:00,MSFT,528.3713989257812,buy,0.5195416609863877,Strong upward momentum detected. Algorithm confidence: 59%. Good entry point for potential gains.,BUY: Momentum entry Q=0.586 >= 0.3,0.5862048126613609,0.36399430707811653,65.64047234152414,7.73147975618474
2025-08-12 00:00:00-04:00,GOOGL,203.33999633789062,sell,0.85,AI model detects potential price peak. Taking profits.,"SELL: ML profit peak ML=0.625, P&L=$56.16",0.27535613785306834,0.6251500642587761,71.3587799315566,5.284933488361332
2025-08-12 00:00:00-04:00,TSLA,340.8399963378906,buy,0.5468996339381771,Strong upward momentum detected. Algorithm confidence: 50%. Good entry point for potential gains.,BUY: Momentum entry Q=0.500 >= 0.3,0.5002072827224441,0.6558484534415542,53.770490618625665,3.7261049000653657
2025-08-12 00:00:00-04:00,NVDA,183.16000366210938,sell,0.85,AI model detects potential price peak. Taking profits.,"SELL: ML profit peak ML=0.688, P&L=$29.70",0.3527545379459311,0.6875622968266119,69.83972424667168,5.834641417326196
2025-08-13 00:00:00-04:00,AAPL,233.3300018310547,sell,0.88,Exit signal triggered. Closing position with loss.,SELL: Swing trade profit 1.6% >= 1.5% (24.0h),0.3149849577371687,0.5460489575730474,70.72203902587563,5.285398886998735
2025-08-13 00:00:00-04:00,MSFT,519.7256469726562,hold,0.5558343926176221,Holding position - indicators suggest more upside potential.,"HOLD: swing trade, Q=0.486, P&L=$-77.81 (-1.6%), 24.0h",0.48551045144880856,0.6261583337864356,56.18940621848772,7.040345946345155
2025-08-13 00:00:00-04:00,GOOGL,201.9600067138672,buy,0.5986338910370198,Strong upward momentum detected. Algorithm confidence: 61%. Good entry point for potential gains.,BUY: Momentum entry Q=0.607 >= 0.3,0.6070454724829686,0.5790068676631392,66.24631063772031,5.330729169177658
2025-08-13 00:00:00-04:00,TSLA,339.3800048828125,sell,0.8,Algorithm confidence dropped. Exiting position to preserve capital.,SELL: Conviction lost Q=0.268 <= 0.35,0.26812954218911317,0.42402857715562603,70.28572445824032,4.65250993886383
2025-08-13 00:00:00-04:00,NVDA,181.58999633789062,buy,0.559462314553111,Strong upward momentum detected. Algorithm confidence: 57%. Good entry point for potential gains.,BUY: Momentum entry Q=0.569 >= 0.3,0.5691461914360149,0.5368666018263354,63.16668807978579,5.620465561688775
2025-08-14 00:00:00-04:00,AAPL,232.77999877929688,buy,0.4976376331466883,Strong upward momentum detected. Algorithm confidence: 53%. Good entry point for potential gains.,BUY: Momentum entry Q=0.529 >= 0.3,0.5293426532680205,0.42365925286357997,69.84286661503967,5.9215774588683985
2025-08-14 00:00:00-04:00,MSFT,521.6224975585938,sell,1.0,End of trading session - closing all positions.,FORCED EXIT: Held for 48.0 hours (max: 48),0.40965013558747976,0.6879919941605404,55.66315496921113,6.569943196815302
2025-08-14 00:00:00-04:00,GOOGL,202.94000244140625,sell,0.85,AI model detects potential price peak. Taking profits.,"SELL: ML profit peak ML=0.546, P&L=$23.52",0.4208302075957694,0.5458214939638907,66.21267039434665,5.384036223077601
2025-08-14 00:00:00-04:00,TSLA,335.5799865722656,buy,0.5839085300108522,Strong upward momentum detected. Algorithm confidence: 55%. Good entry point for potential gains.,BUY: Momentum entry Q=0.552 >= 0.3,0.5521423431092428,0.658029632781274,62.66873497443202,5.02217043236476
2025-08-14 00:00:00-04:00,NVDA,182.02000427246094,sell,0.85,AI model detects potential price peak. Taking profits.,"SELL: ML profit peak ML=0.511, P&L=$11.61",0.3721505409916225,0.5110491164552683,64.19998545330995,5.422915703058948
2025-08-15 00:00:00-04:00,AAPL,231.58999633789062,hold,0.5050010168632444,Holding position - indicators suggest more upside potential.,"HOLD: swing trade, Q=0.465, P&L=$-24.99 (-0.5%), 24.0h",0.46497651728546924,0.5450255164410195,68.05149946019122,6.25759663000602
2025-08-15 00:00:00-04:00,MSFT,519.3162841796875,buy,0.6125196579517511,Strong upward momentum detected. Algorithm confidence: 64%. Good entry point for potential gains.,BUY: Momentum entry Q=0.639 >= 0.3,0.6390159171667402,0.5506950531167766,54.88349353572266,5.942551448902577
2025-08-15 00:00:00-04:00,GOOGL,203.89999389648438,buy,0.5416719625935655,Strong upward momentum detected. Algorithm confidence: 57%. Good entry point for potential gains.,BUY: Momentum entry Q=0.569 >= 0.3,0.5691243264827246,0.4776164468521944,68.5817666663494,5.441024985676904
2025-08-15 00:00:00-04:00,TSLA,330.55999755859375,hold,0.48162488402784065,Holding position - indicators suggest more upside potential.,"HOLD: swing trade, Q=0.462, P&L=$-70.28 (-1.5%), 24.0h",0.46192949402157374,0.5013202740341075,53.42616938118699,4.8541028015968095
2025-08-15 00:00:00-04:00,NVDA,180.4499969482422,buy,0.6036638152901106,Strong upward momentum detected. Algorithm confidence: 51%. Good entry point for potential gains.,BUY: Momentum entry Q=0.508 >= 0.3,0.5081642165873287,0.8264962122632687,56.53246823920262,5.081097814131397
2025-08-18 00:00:00-04:00,AAPL,230.88999938964844,sell,1.0,End of trading session - closing all positions.,FORCED EXIT: Held for 96.0 hours (max: 48),0.2187265255419933,0.5401006046076536,71.04721842914002,6.393707658473346
2025-08-18 00:00:00-04:00,MSFT,516.2512817382812,sell,1.0,End of trading session - closing all positions.,FORCED EXIT: Held for 72.0 hours (max: 48),0.3667197373766011,0.600930663957517,52.7780964657133,5.138782204369818
2025-08-18 00:00:00-04:00,GOOGL,203.5,sell,1.0,End of trading session - closing all positions.,FORCED EXIT: Held for 72.0 hours (max: 48),0.4116197002645521,0.41693937699962,63.99425135340069,5.3917599733422605
2025-08-18 00:00:00-04:00,TSLA,335.1600036621094,sell,1.0,End of trading session - closing all positions.,FORCED EXIT: Held for 96.0 hours (max: 48),0.3799235938616918,0.45821985371979723,59.59581212018233,5.034060525901339
2025-08-18 00:00:00-04:00,NVDA,182.00999450683594,sell,1.0,End of trading session - closing all positions.,FORCED EXIT: Held for 72.0 hours (max: 48),0.42285825180084924,0.6343905380479882,61.34774746743926,4.879831776892161
2025-08-19 00:00:00-04:00,AAPL,230.55999755859375,buy,0.4371740688893586,Strong upward momentum detected. Algorithm confidence: 42%. Good entry point for potential gains.,BUY: Momentum entry Q=0.418 >= 0.3,0.41843278908992804,0.4809037217546968,74.00808169832908,6.401159655410936
2025-08-19 00:00:00-04:00,MSFT,508.933349609375,buy,0.56111412229089,Strong upward momentum detected. Algorithm confidence: 54%. Good entry point for potential gains.,BUY: Momentum entry Q=0.535 >= 0.3,0.5347918291634641,0.6225328062548835,48.0326592634751,3.8667201796592963
2025-08-19 00:00:00-04:00,GOOGL,201.57000732421875,buy,0.6629323014667122,Strong upward momentum detected. Algorithm confidence: 60%. Good entry point for potential gains.,BUY: Momentum entry Q=0.596 >= 0.3,0.5962435453017243,0.8185393991850174,58.73789849390546,5.137757941412701
2025-08-19 00:00:00-04:00,TSLA,329.30999755859375,buy,0.5954535958773737,Strong upward momentum detected. Algorithm confidence: 55%. Good entry point for potential gains.,BUY: Momentum entry Q=0.548 >= 0.3,0.5476411142709392,0.7070160529590541,56.7185567821234,4.651017680265113
2025-08-19 00:00:00-04:00,NVDA,175.63999938964844,buy,0.6391514468472423,Strong upward momentum detected. Algorithm confidence: 58%. Good entry point for potential gains.,BUY: Momentum entry Q=0.583 >= 0.3,0.5832177069005894,0.769663506722766,44.19199785937709,4.1583863335029605
2025-08-20 00:00:00-04:00,AAPL,226.00999450683594,hold,0.4833851631244017,Holding position - indicators suggest more upside potential.,"HOLD: swing trade, Q=0.456, P&L=$-95.55 (-2.0%), 24.0h",0.4558334057954243,0.5109369204533791,69.30756139623549,5.971087219761301
2025-08-20 00:00:00-04:00,MSFT,504.8900146484375,hold,0.7113568126883818,Holding position - indicators suggest more upside potential.,"HOLD: swing trade, Q=0.467, P&L=$-36.39 (-0.8%), 24.0h",0.46672687355054376,0.95598675182622,30.70294942508039,2.503479961937728
2025-08-20 00:00:00-04:00,GOOGL,199.32000732421875,hold,0.48791830373719347,Holding position - indicators suggest more upside potential.,"HOLD: swing trade, Q=0.508, P&L=$-54.00 (-1.1%), 24.0h",0.5081942101081337,0.4676423973662532,64.02122626548517,4.700716372904822
2025-08-20 00:00:00-04:00,TSLA,323.8999938964844,hold,0.43943979484269347,Holding position - indicators suggest more upside potential.,"HOLD: swing trade, Q=0.434, P&L=$-81.15 (-1.6%), 24.0h",0.4336463056503543,0.44523328403503265,60.99620323064622,3.866342592487115
2025-08-20 00:00:00-04:00,NVDA,175.39999389648438,hold,0.5648373454201454,Holding position - indicators suggest more upside potential.,"HOLD: swing trade, Q=0.565, P&L=$-6.72 (-0.1%), 24.0h",0.5654435008147389,0.5642311900255519,45.89564802888467,3.526616544116507
2025-08-21 00:00:00-04:00,AAPL,224.89999389648438,sell,1.0,End of trading session - closing all positions.,FORCED EXIT: Held for 48.0 hours (max: 48),0.312968190159366,0.7185261271759085,75.6831799422083,5.477542246050348
2025-08-21 00:00:00-04:00,MSFT,504.239990234375,sell,1.0,End of trading session - closing all positions.,FORCED EXIT: Held for 48.0 hours (max: 48),0.40687682765348027,0.9277642374438269,34.945608199226825,1.3550307787043039
2025-08-21 00:00:00-04:00,GOOGL,199.75,sell,1.0,End of trading session - closing all positions.,FORCED EXIT: Held for 48.0 hours (max: 48),0.2714719147893379,0.39478909583282473,72.01497541632821,4.339036880285391
2025-08-21 00:00:00-04:00,TSLA,320.1099853515625,sell,1.0,End of trading session - closing all positions.,FORCED EXIT: Held for 48.0 hours (max: 48),0.4564919094821843,0.6962216083569072,62.626388654978705,2.9051709150891156
2025-08-21 00:00:00-04:00,NVDA,174.97999572753906,sell,1.0,End of trading session - closing all positions.,FORCED EXIT: Held for 48.0 hours (max: 48),0.4044656843602881,0.621665686943021,52.38997158372266,2.957946723637292
2025-08-22 00:00:00-04:00,AAPL,227.75999450683594,buy,0.4984788265377854,Strong upward momentum detected. Algorithm confidence: 46%. Good entry point for potential gains.,BUY: Momentum entry Q=0.457 >= 0.3,0.4568729532946621,0.5955591974384065,76.67897600735917,5.256587774070681
2025-08-22 00:00:00-04:00,MSFT,507.2300109863281,buy,0.741531056601488,Strong upward momentum detected. Algorithm confidence: 74%. Good entry point for potential gains.,BUY: Momentum entry Q=0.739 >= 0.3,0.7392185824956327,0.7469268295151508,24.795952748540373,0.6783268828372684
2025-08-22 00:00:00-04:00,GOOGL,206.08999633789062,buy,0.5358140570489891,Strong upward momentum detected. Algorithm confidence: 46%. Good entry point for potential gains.,BUY: Momentum entry Q=0.464 >= 0.3,0.4642976099658992,0.7026857669095324,72.50515101886066,4.5119767363237315
2025-08-22 00:00:00-04:00,TSLA,340.010009765625,buy,0.6168729264294296,Strong upward momentum detected. Algorithm confidence: 58%. Good entry point for potential gains.,BUY: Momentum entry Q=0.578 >= 0.3,0.5780905144224727,0.7073652211123289,68.63861127902942,3.706475156254214
2025-08-22 00:00:00-04:00,NVDA,177.99000549316406,buy,0.6445903415125499,Strong upward momentum detected. Algorithm confidence: 67%. Good entry point for potential gains.,BUY: Momentum entry Q=0.668 >= 0.3,0.6676741867116271,0.5907280360480364,45.64748626942782,2.7188136350651178
2025-08-25 00:00:00-04:00,AAPL,227.16000366210938,sell,1.0,End of trading session - closing all positions.,FORCED EXIT: Held for 72.0 hours (max: 48),0.3066953310268828,0.6596378279661087,76.39698327527762,4.975708644318445
2025-08-25 00:00:00-04:00,MSFT,504.260009765625,sell,1.0,End of trading session - closing all positions.,FORCED EXIT: Held for 72.0 hours (max: 48),0.5124793412283728,0.7556402890474017,27.24371095438292,-0.096507627346341
2025-08-25 00:00:00-04:00,GOOGL,208.49000549316406,sell,1.0,End of trading session - closing all positions.,FORCED EXIT: Held for 72.0 hours (max: 48),0.2536625623798012,0.8424052068785356,75.99704697739996,4.787506109010053
2025-08-25 00:00:00-04:00,TSLA,346.6000061035156,sell,1.0,End of trading session - closing all positions.,FORCED EXIT: Held for 72.0 hours (max: 48),0.24861218327304938,0.35395614841644935,71.39145480615453,4.817736304847699
2025-08-25 00:00:00-04:00,NVDA,179.80999755859375,sell,1.0,End of trading session - closing all positions.,FORCED EXIT: Held for 72.0 hours (max: 48),0.4958321304489448,0.6205999520686819,53.344844913073736,2.6456595722002305
2025-08-26 00:00:00-04:00,AAPL,229.30999755859375,buy,0.46291246727813523,Strong upward momentum detected. Algorithm confidence: 32%. Good entry point for potential gains.,BUY: Momentum entry Q=0.323 >= 0.3,0.3232184390900278,0.7888651997170527,71.34754250222097,4.8704529002797585
2025-08-26 00:00:00-04:00,MSFT,502.0400085449219,buy,0.581507955015373,Strong upward momentum detected. Algorithm confidence: 60%. Good entry point for potential gains.,BUY: Momentum entry Q=0.596 >= 0.3,0.5960489727543795,0.547578913624358,27.56834730813459,-0.8795660147275726
2025-08-26 00:00:00-04:00,GOOGL,207.13999938964844,buy,0.47473694594418936,Strong upward momentum detected. Algorithm confidence: 46%. Good entry point for potential gains.,BUY: Momentum entry Q=0.455 >= 0.3,0.4549856464918379,0.5208233113330094,70.84122606925348,4.841125431386871
2025-08-26 00:00:00-04:00,TSLA,351.6700134277344,buy,0.6336279674998189,Strong upward momentum detected. Algorithm confidence: 66%. Good entry point for potential gains.,BUY: Momentum entry Q=0.663 >= 0.3,0.6630523971945765,0.5649709648787177,69.267163814362,6.037924554767756
2025-08-26 00:00:00-04:00,NVDA,181.77000427246094,buy,0.5987661640647505,Strong upward momentum detected. Algorithm confidence: 59%. Good entry point for potential gains.,BUY: Momentum entry Q=0.587 >= 0.3,0.5865378470635392,0.6272989037342436,54.90196702527214,2.714548980780364
2025-08-27 00:00:00-04:00,AAPL,230.49000549316406,sell,0.85,AI model detects potential price peak. Taking profits.,"SELL: ML profit peak ML=0.623, P&L=$24.78",0.5168332051372724,0.6229389712864729,66.4308282110925,4.826615524086634
2025-08-27 00:00:00-04:00,MSFT,506.739990234375,sell,0.85,AI model detects potential price peak. Taking profits.,"SELL: ML profit peak ML=0.727, P&L=$42.30",0.21728225479457902,0.7271382571331086,36.68294095844042,-1.1081224397025835
2025-08-27 00:00:00-04:00,GOOGL,207.47999572753906,sell,0.85,AI model detects potential price peak. Taking profits.,"SELL: ML profit peak ML=0.544, P&L=$8.16",0.1805682534330343,0.5437320351224377,70.74188343003411,4.855087566398282
2025-08-27 00:00:00-04:00,TSLA,349.6000061035156,hold,0.5271802769357834,Holding position - indicators suggest more upside potential.,"HOLD: swing trade, Q=0.471, P&L=$-28.98 (-0.6%), 24.0h",0.4705947383477944,0.5837658155237725,66.638253472937,6.759975453431025
2025-08-27 00:00:00-04:00,NVDA,181.60000610351562,hold,0.5810021111566191,Holding position - indicators suggest more upside potential.,"HOLD: swing trade, Q=0.488, P&L=$-4.59 (-0.1%), 24.0h",0.4878758205764296,0.6741284017368088,51.82097622671096,2.724026025526655
2025-08-28 00:00:00-04:00,AAPL,232.55999755859375,buy,0.6437182647717865,Strong upward momentum detected. Algorithm confidence: 58%. Good entry point for potential gains.,BUY: Momentum entry Q=0.580 >= 0.3,0.5795728180608942,0.7933909737638685,56.84414800350801,4.902393408082588
2025-08-28 00:00:00-04:00,MSFT,509.6400146484375,buy,0.4846732342835114,Strong upward momentum detected. Algorithm confidence: 38%. Good entry point for potential gains.,BUY: Momentum entry Q=0.381 >= 0.3,0.38079046697997754,0.7270663579917571,38.778261426801535,-1.0432217089777396
2025-08-28 00:00:00-04:00,GOOGL,211.63999938964844,buy,0.6217571698514969,Strong upward momentum detected. Algorithm confidence: 63%. Good entry point for potential gains.,BUY: Momentum entry Q=0.631 >= 0.3,0.6314622949086054,0.5991118780515773,69.89878559349528,5.142550071815975
2025-08-28 00:00:00-04:00,TSLA,345.9800109863281,sell,1.0,End of trading session - closing all positions.,FORCED EXIT: Held for 48.0 hours (max: 48),0.44302839206640326,0.7435803950036133,60.41853093616508,6.959873550403813
2025-08-28 00:00:00-04:00,NVDA,180.1699981689453,sell,1.0,End of trading session - closing all positions.,FORCED EXIT: Held for 48.0 hours (max: 48),0.46494626305205194,0.6172570711686451,44.32482201533407,2.586333321923121
2025-08-29 00:00:00-04:00,AAPL,232.13999938964844,hold,0.5993387509842739,Holding position - indicators suggest more upside potential.,"HOLD: swing trade, Q=0.437, P&L=$-8.82 (-0.2%), 24.0h",0.4365624793484508,0.762115022620097,60.393978598046026,4.872391686532978
2025-08-29 00:00:00-04:00,MSFT,506.69000244140625,sell,0.8,Algorithm confidence dropped. Exiting position to preserve capital.,SELL: Conviction lost Q=0.269 <= 0.35,0.2685531792050612,0.7330379361308093,36.85737972106453,-1.2158136007487315
2025-08-29 00:00:00-04:00,GOOGL,212.91000366210938,sell,0.85,AI model detects potential price peak. Taking profits.,"SELL: ML profit peak ML=0.612, P&L=$29.21",0.2728895822933891,0.6123415828036185,72.44632097674771,5.410476306378655
2025-08-29 00:00:00-04:00,TSLA,333.8699951171875,buy,0.6941197560959812,Strong upward momentum detected. Algorithm confidence: 65%. Good entry point for potential gains.,BUY: Momentum entry Q=0.649 >= 0.3,0.6490415857452514,0.7993021535810175,46.81874266929622,6.071132918295405
2025-08-29 00:00:00-04:00,NVDA,174.17999267578125,buy,0.65359189567979,Strong upward momentum detected. Algorithm confidence: 61%. Good entry point for potential gains.,BUY: Momentum entry Q=0.610 >= 0.3,0.6098133252824883,0.755741893273494,35.74531113194193,1.971145343042025
2025-09-02 00:00:00-04:00,AAPL,229.72000122070312,sell,1.0,End of trading session - closing all positions.,FORCED EXIT: Held for 120.0 hours (max: 48),0.4265409118317148,0.5822650451216603,50.14701245568479,4.600311946069297
2025-09-02 00:00:00-04:00,MSFT,505.1199951171875,buy,0.6090951985557439,Strong upward momentum detected. Algorithm confidence: 57%. Good entry point for potential gains.,BUY: Momentum entry Q=0.570 >= 0.3,0.5697930324191193,0.7008002528745347,25.892869573141326,-1.4624224922363283
2025-09-02 00:00:00-04:00,GOOGL,211.35000610351562,buy,0.5606209726451994,Strong upward momentum detected. Algorithm confidence: 53%. Good entry point for potential gains.,BUY: Momentum entry Q=0.532 >= 0.3,0.5317930110414101,0.6278862163873744,65.55343545376434,5.434287923582673
2025-09-02 00:00:00-04:00,TSLA,329.3599853515625,sell,1.0,End of trading session - closing all positions.,FORCED EXIT: Held for 96.0 hours (max: 48),0.48457341881246346,0.6023843574884904,43.15035792569523,4.945866596527537
2025-09-02 00:00:00-04:00,NVDA,170.77999877929688,sell,1.0,End of trading session - closing all positions.,FORCED EXIT: Held for 96.0 hours (max: 48),0.6667330463080101,0.9585177401584245,29.32533190632725,1.1954726801758682
2025-09-03 00:00:00-04:00,AAPL,238.47000122070312,buy,0.6875963757685047,Strong upward momentum detected. Algorithm confidence: 59%. Good entry point for potential gains.,BUY: Momentum entry Q=0.590 >= 0.3,0.5898823640130437,0.9155957365312473,58.898894107241645,5.032724548884715
2025-09-03 00:00:00-04:00,MSFT,505.3500061035156,sell,0.85,AI model detects potential price peak. Taking profits.,"SELL: ML profit peak ML=0.581, P&L=$2.07",0.22744106165318198,0.5814538132626277,31.944422085513338,-1.6206203485695596
2025-09-03 00:00:00-04:00,GOOGL,230.66000366210938,sell,0.88,Exit signal triggered. Closing position with loss.,SELL: Swing trade profit 9.1% >= 1.5% (24.0h),0.2760677922238511,0.8039194876556717,82.85257759437101,6.93141320756385
2025-09-03 00:00:00-04:00,TSLA,334.0899963378906,buy,0.5832614429776197,Strong upward momentum detected. Algorithm confidence: 59%. Good entry point for potential gains.,BUY: Momentum entry Q=0.591 >= 0.3,0.5910582840019751,0.5650688139207907,46.96221285311868,4.385207345088645
2025-09-03 00:00:00-04:00,NVDA,170.6199951171875,buy,0.6824459169075735,Strong upward momentum detected. Algorithm confidence: 60%. Good entry point for potential gains.,BUY: Momentum entry Q=0.597 >= 0.3,0.5972380397866905,0.8812642968563005,30.77464080644195,0.561364487731538
2025-09-04 00:00:00-04:00,AAPL,239.77999877929688,sell,0.85,AI model detects potential price peak. Taking profits.,"SELL: ML profit peak ML=0.569, P&L=$26.20",0.4400377683264668,0.5694224375738812,61.80837339368211,5.418657595093634
2025-09-04 00:00:00-04:00,MSFT,507.9700012207031,buy,0.4320377893681335,Strong upward momentum detected. Algorithm confidence: 30%. Good entry point for potential gains.,BUY: Momentum entry Q=0.301 >= 0.3,0.3010245792372944,0.7377352796734247,33.158606836017356,-1.5170934705527657
2025-09-04 00:00:00-04:00,GOOGL,232.3000030517578,buy,0.4297589949751375,Strong upward momentum detected. Algorithm confidence: 35%. Good entry point for potential gains.,BUY: Momentum entry Q=0.349 >= 0.3,0.3494863571228902,0.6170618166303811,83.1078181539748,8.156210310625738
2025-09-04 00:00:00-04:00,TSLA,338.5299987792969,sell,0.85,AI model detects potential price peak. Taking profits.,"SELL: ML profit peak ML=0.507, P&L=$62.16",0.3872138157178756,0.5070712973163324,51.68168362511326,4.250158754870142
2025-09-04 00:00:00-04:00,NVDA,171.66000366210938,sell,0.85,AI model detects potential price peak. Taking profits.,"SELL: ML profit peak ML=0.791, P&L=$30.16",0.46900683814490446,0.7909258638334777,32.22376462320936,0.14112240335742854
2025-09-05 00:00:00-04:00,AAPL,239.69000244140625,buy,0.6764291420865387,Strong upward momentum detected. Algorithm confidence: 69%. Good entry point for potential gains.,BUY: Momentum entry Q=0.689 >= 0.3,0.6885538145913934,0.6481382395752111,64.19063128877522,5.652096512091163
2025-09-05 00:00:00-04:00,MSFT,495.0,sell,0.95,Stop loss triggered to limit losses. Protecting capital.,SELL: Stop loss 2.6% >= 2.0%,0.47294636365643555,0.687068946000804,26.25193579883667,-2.453337826230495
2025-09-05 00:00:00-04:00,GOOGL,235.0,sell,0.85,AI model detects potential price peak. Taking profits.,"SELL: ML profit peak ML=0.619, P&L=$56.70",0.3739140387404295,0.6189207410599507,83.74567617846695,9.23824528683744
2025-09-05 00:00:00-04:00,TSLA,350.8399963378906,buy,0.6693114935500912,Strong upward momentum detected. Algorithm confidence: 63%. Good entry point for potential gains.,BUY: Momentum entry Q=0.631 >= 0.3,0.6310143304794933,0.75867154071482,60.67367328169336,5.077910704474334
2025-09-05 00:00:00-04:00,NVDA,167.02000427246094,buy,0.6737821021724311,Strong upward momentum detected. Algorithm confidence: 70%. Good entry point for potential gains.,BUY: Momentum entry Q=0.698 >= 0.3,0.6982095747965308,0.6167846660495317,29.15246272234424,-0.5598777269173638
