date,symbol,price,decision,confidence,reason,technical_reason,q_value,ml_confidence,rsi,macd
2025-06-09 00:00:00-04:00,AAPL,201.2216339111328,buy,0.46264621253715754,Strong upward momentum detected. Algorithm confidence: 40%. Good entry point for potential gains.,BUY: Momentum entry Q=0.396 >= 0.3,0.39600713223912815,0.6181373998992262,50.0,0.0
2025-06-09 00:00:00-04:00,MSFT,471.97412109375,buy,0.4955743817298133,Strong upward momentum detected. Algorithm confidence: 46%. Good entry point for potential gains.,BUY: Momentum entry Q=0.456 >= 0.3,0.4556511695257306,0.5887285435393397,50.0,0.0
2025-06-09 00:00:00-04:00,GOOGL,176.08999633789062,buy,0.5099416923690216,Strong upward momentum detected. Algorithm confidence: 49%. Good entry point for potential gains.,BUY: Momentum entry Q=0.492 >= 0.3,0.4922664739889599,0.551183868589166,50.0,0.0
2025-06-09 00:00:00-04:00,TSLA,308.5799865722656,buy,0.4912793999406233,Strong upward momentum detected. Algorithm confidence: 44%. Good entry point for potential gains.,BUY: Momentum entry Q=0.438 >= 0.3,0.43831407721471394,0.6148651529677454,50.0,0.0
2025-06-09 00:00:00-04:00,NVDA,142.62010192871094,buy,0.48584750926398124,Strong upward momentum detected. Algorithm confidence: 49%. Good entry point for potential gains.,BUY: Momentum entry Q=0.489 >= 0.3,0.4889697777006561,0.4785622162450732,50.0,0.0
2025-06-10 00:00:00-04:00,AAPL,202.44024658203125,sell,0.85,AI model detects potential price peak. Taking profits.,"SELL: ML profit peak ML=0.613, P&L=$29.25",0.476082259516639,0.6133393008518507,50.0,0.09721126719418294
2025-06-10 00:00:00-04:00,MSFT,470.1471252441406,sell,0.8,Algorithm confidence dropped. Exiting position to preserve capital.,SELL: Conviction lost Q=0.266 <= 0.35,0.2657980637063272,0.6744115862684272,50.0,-0.1457432586582854
2025-06-10 00:00:00-04:00,GOOGL,178.60000610351562,sell,0.85,AI model detects potential price peak. Taking profits.,"SELL: ML profit peak ML=0.510, P&L=$70.28",0.44445349896592473,0.5101023035038607,50.0,0.20022869925210784
2025-06-10 00:00:00-04:00,TSLA,326.0899963378906,sell,0.88,Exit signal triggered. Closing position with loss.,SELL: Swing trade profit 5.7% >= 1.5% (24.0h),0.4517533843220446,0.42655845729899516,50.0,1.3968098958333144
2025-06-10 00:00:00-04:00,NVDA,143.95001220703125,sell,0.85,AI model detects potential price peak. Taking profits.,"SELL: ML profit peak ML=0.605, P&L=$46.55",0.4851877288558155,0.6047111022884327,50.0,0.10608970881187929
2025-06-11 00:00:00-04:00,AAPL,198.55465698242188,buy,0.3898844705207186,Strong upward momentum detected. Algorithm confidence: 34%. Good entry point for potential gains.,BUY: Momentum entry Q=0.342 >= 0.3,0.3424157580591948,0.5006447995976075,50.0,-0.1376954432885782
2025-06-11 00:00:00-04:00,MSFT,471.8443298339844,buy,0.48336915926770957,Strong upward momentum detected. Algorithm confidence: 39%. Good entry point for potential gains.,BUY: Momentum entry Q=0.392 >= 0.3,0.3918797396238054,0.6968444717701527,50.0,-0.12287914065484529
2025-06-11 00:00:00-04:00,GOOGL,177.35000610351562,buy,0.6492264924825251,Strong upward momentum detected. Algorithm confidence: 63%. Good entry point for potential gains.,BUY: Momentum entry Q=0.631 >= 0.3,0.6311348695504096,0.6914402793241277,50.0,0.25510612801943466
2025-06-11 00:00:00-04:00,TSLA,326.42999267578125,buy,0.6196204721236194,Strong upward momentum detected. Algorithm confidence: 63%. Good entry point for potential gains.,BUY: Momentum entry Q=0.629 >= 0.3,0.6292566513305338,0.5971360539741525,50.0,2.502380776835537
2025-06-11 00:00:00-04:00,NVDA,142.8300018310547,buy,0.6679913408323792,Strong upward momentum detected. Algorithm confidence: 61%. Good entry point for potential gains.,BUY: Momentum entry Q=0.606 >= 0.3,0.6059491713462807,0.812756402966609,50.0,0.09865386995340941
2025-06-12 00:00:00-04:00,AAPL,198.97418212890625,sell,0.85,AI model detects potential price peak. Taking profits.,"SELL: ML profit peak ML=0.527, P&L=$10.49",0.24544898473446428,0.5267079300195266,50.0,-0.28670359003515955
2025-06-12 00:00:00-04:00,MSFT,478.0840759277344,sell,0.85,AI model detects potential price peak. Taking profits.,"SELL: ML profit peak ML=0.669, P&L=$62.40",0.4351787928766389,0.6692938899457833,50.0,0.394192197346797
2025-06-12 00:00:00-04:00,GOOGL,175.6999969482422,hold,0.4613682180903535,Holding position - indicators suggest more upside potential.,"HOLD: swing trade, Q=0.365, P&L=$-46.20 (-0.9%), 24.0h",0.3648828691060335,0.5578535670746735,50.0,0.16356941021680882
2025-06-12 00:00:00-04:00,TSLA,319.1099853515625,sell,0.95,Stop loss triggered to limit losses. Protecting capital.,SELL: Stop loss 2.2% >= 2.0%,0.3658148697699279,0.41217714079512713,50.0,2.756119420966911
2025-06-12 00:00:00-04:00,NVDA,145.0,sell,0.88,Exit signal triggered. Closing position with loss.,SELL: Swing trade profit 1.5% >= 1.5% (24.0h),0.4185991377693946,0.5639490680920702,50.0,0.26480907669011344
2025-06-13 00:00:00-04:00,AAPL,196.227294921875,buy,0.4033395708030466,Strong upward momentum detected. Algorithm confidence: 32%. Good entry point for potential gains.,BUY: Momentum entry Q=0.316 >= 0.3,0.31604408831561975,0.607029029940376,50.0,-0.619305492576558
2025-06-13 00:00:00-04:00,MSFT,474.18048095703125,buy,0.5491401219858354,Strong upward momentum detected. Algorithm confidence: 53%. Good entry point for potential gains.,BUY: Momentum entry Q=0.530 >= 0.3,0.530407951943282,0.5928485187517931,50.0,0.4834149608264511
2025-06-13 00:00:00-04:00,GOOGL,174.6699981689453,sell,1.0,End of trading session - closing all positions.,FORCED EXIT: Held for 48.0 hours (max: 48),0.45255413639850745,0.5864440483748329,50.0,0.007823424869513929
2025-06-13 00:00:00-04:00,TSLA,325.30999755859375,buy,0.5783126949956321,Strong upward momentum detected. Algorithm confidence: 55%. Good entry point for potential gains.,BUY: Momentum entry Q=0.551 >= 0.3,0.5507249875871845,0.6426840122820099,50.0,3.4180966040129874
2025-06-13 00:00:00-04:00,NVDA,141.97000122070312,buy,0.47924290157315297,Strong upward momentum detected. Algorithm confidence: 50%. Good entry point for potential gains.,BUY: Momentum entry Q=0.505 >= 0.3,0.5047269426031978,0.4197801391697151,50.0,0.15026058587960733
2025-06-16 00:00:00-04:00,AAPL,198.195068359375,sell,1.0,End of trading session - closing all positions.,FORCED EXIT: Held for 72.0 hours (max: 48),0.16934479801946056,0.6119752229041354,50.0,-0.7158600366750534
2025-06-16 00:00:00-04:00,MSFT,478.3536376953125,sell,1.0,End of trading session - closing all positions.,FORCED EXIT: Held for 72.0 hours (max: 48),0.4014746904399193,0.502366661669476,50.0,0.8807112251726039
2025-06-16 00:00:00-04:00,GOOGL,176.77000427246094,buy,0.6492970629220769,Strong upward momentum detected. Algorithm confidence: 68%. Good entry point for potential gains.,BUY: Momentum entry Q=0.676 >= 0.3,0.6759493451387817,0.5871084044164324,50.0,0.053232915548875326
2025-06-16 00:00:00-04:00,TSLA,329.1300048828125,sell,1.0,End of trading session - closing all positions.,FORCED EXIT: Held for 72.0 hours (max: 48),0.40376883766713034,0.5985802129231839,50.0,4.2025169572885375
2025-06-16 00:00:00-04:00,NVDA,144.69000244140625,sell,1.0,End of trading session - closing all positions.,FORCED EXIT: Held for 72.0 hours (max: 48),0.4520102091467418,0.6329448387296583,50.0,0.2757824003049052
2025-06-17 00:00:00-04:00,AAPL,195.418212890625,buy,0.4305855726202187,Strong upward momentum detected. Algorithm confidence: 36%. Good entry point for potential gains.,BUY: Momentum entry Q=0.357 >= 0.3,0.3566092424546844,0.603197009673132,50.0,-1.0048657705935682
2025-06-17 00:00:00-04:00,MSFT,477.25543212890625,buy,0.5670034305985304,Strong upward momentum detected. Algorithm confidence: 59%. Good entry point for potential gains.,BUY: Momentum entry Q=0.586 >= 0.3,0.5857967595049461,0.5231523298168939,50.0,1.0943404899450684
2025-06-17 00:00:00-04:00,GOOGL,175.9499969482422,hold,0.4676981782299931,Holding position - indicators suggest more upside potential.,"HOLD: swing trade, Q=0.433, P&L=$-22.96 (-0.5%), 24.0h",0.4334610299161653,0.5019353265438209,50.0,0.022789819242603926
2025-06-17 00:00:00-04:00,TSLA,316.3500061035156,buy,0.5693676507807641,Strong upward momentum detected. Algorithm confidence: 54%. Good entry point for potential gains.,BUY: Momentum entry Q=0.543 >= 0.3,0.5429004257185365,0.6311245092592953,50.0,3.7497122948990977
2025-06-17 00:00:00-04:00,NVDA,144.1199951171875,buy,0.5205429693820596,Strong upward momentum detected. Algorithm confidence: 55%. Good entry point for potential gains.,BUY: Momentum entry Q=0.545 >= 0.3,0.5453319428217998,0.4627020313559995,50.0,0.32551221309014977
2025-06-18 00:00:00-04:00,AAPL,196.35714721679688,sell,0.85,AI model detects potential price peak. Taking profits.,"SELL: ML profit peak ML=0.770, P&L=$23.47",0.253107789132449,0.7701712515145648,50.0,-1.1449425586631037
2025-06-18 00:00:00-04:00,MSFT,479.4518127441406,sell,0.85,AI model detects potential price peak. Taking profits.,"SELL: ML profit peak ML=0.454, P&L=$21.96",0.4470132256335895,0.4540337106108622,50.0,1.424452578489877
2025-06-18 00:00:00-04:00,GOOGL,173.32000732421875,sell,1.0,End of trading session - closing all positions.,FORCED EXIT: Held for 48.0 hours (max: 48),0.21858923818417,0.6467946451721647,50.0,-0.21112106461450253
2025-06-18 00:00:00-04:00,TSLA,322.04998779296875,sell,0.88,Exit signal triggered. Closing position with loss.,SELL: Swing trade profit 1.8% >= 1.5% (24.0h),0.4478885511826015,0.7249230668992942,50.0,3.806918437258105
2025-06-18 00:00:00-04:00,NVDA,145.47999572753906,sell,0.85,AI model detects potential price peak. Taking profits.,"SELL: ML profit peak ML=0.754, P&L=$46.24",0.5068371082323857,0.7544546364277597,50.0,0.469254853413247
2025-06-20 00:00:00-04:00,AAPL,200.7721405029297,buy,0.4299103258747574,Strong upward momentum detected. Algorithm confidence: 37%. Good entry point for potential gains.,BUY: Momentum entry Q=0.373 >= 0.3,0.3734839564923924,0.5615718544336092,50.0,-0.8894483548817504
2025-06-20 00:00:00-04:00,MSFT,476.6164855957031,buy,0.5905227759040431,Strong upward momentum detected. Algorithm confidence: 61%. Good entry point for potential gains.,BUY: Momentum entry Q=0.610 >= 0.3,0.6102844465104424,0.5444122111557781,50.0,1.4406743844145922
2025-06-20 00:00:00-04:00,GOOGL,166.63999938964844,buy,0.37747177601063997,Strong upward momentum detected. Algorithm confidence: 32%. Good entry point for potential gains.,BUY: Momentum entry Q=0.317 >= 0.3,0.3169079741421761,0.5187873137037224,50.0,-0.9248567653843622
2025-06-20 00:00:00-04:00,TSLA,322.1600036621094,buy,0.4842393858023951,Strong upward momentum detected. Algorithm confidence: 56%. Good entry point for potential gains.,BUY: Momentum entry Q=0.564 >= 0.3,0.5638862325243937,0.2983967434510649,50.0,3.8171305732570318
2025-06-20 00:00:00-04:00,NVDA,143.85000610351562,buy,0.5362970810984687,Strong upward momentum detected. Algorithm confidence: 59%. Good entry point for potential gains.,BUY: Momentum entry Q=0.593 >= 0.3,0.5925085561695356,0.40513697259931297,50.0,0.44649843518686794
2025-06-23 00:00:00-04:00,AAPL,201.27157592773438,sell,1.0,End of trading session - closing all positions.,FORCED EXIT: Held for 72.0 hours (max: 48),0.23241186878328088,0.5174447680938008,50.0,-0.6392976672636905
2025-06-23 00:00:00-04:00,MSFT,485.2023620605469,sell,1.0,End of trading session - closing all positions.,FORCED EXIT: Held for 72.0 hours (max: 48),0.5565785829492933,0.68316736284988,50.0,2.1218790570848682
2025-06-23 00:00:00-04:00,GOOGL,165.19000244140625,sell,1.0,End of trading session - closing all positions.,FORCED EXIT: Held for 72.0 hours (max: 48),0.19096106289474724,0.4604620299510188,50.0,-1.5891809967260997
2025-06-23 00:00:00-04:00,TSLA,348.67999267578125,sell,1.0,End of trading session - closing all positions.,FORCED EXIT: Held for 72.0 hours (max: 48),0.49686059509074587,0.2638963325311246,50.0,5.897186150150162
2025-06-23 00:00:00-04:00,NVDA,144.1699981689453,sell,1.0,End of trading session - closing all positions.,FORCED EXIT: Held for 72.0 hours (max: 48),0.41266528848520895,0.4782363055886249,50.0,0.4491074639020667
2025-06-24 00:00:00-04:00,AAPL,200.07293701171875,buy,0.4017390362487229,Strong upward momentum detected. Algorithm confidence: 36%. Good entry point for potential gains.,BUY: Momentum entry Q=0.360 >= 0.3,0.3595728843478223,0.5001267240174911,50.0,-0.5316431370198984
2025-06-24 00:00:00-04:00,MSFT,489.30560302734375,buy,0.6339252686325592,Strong upward momentum detected. Algorithm confidence: 63%. Good entry point for potential gains.,BUY: Momentum entry Q=0.628 >= 0.3,0.628357942066895,0.6469156972857757,50.0,2.9587295295244758
2025-06-24 00:00:00-04:00,GOOGL,166.77000427246094,buy,0.4882398196476411,Strong upward momentum detected. Algorithm confidence: 43%. Good entry point for potential gains.,BUY: Momentum entry Q=0.431 >= 0.3,0.4313202157311252,0.6210522287861783,50.0,-1.9655125875025874
2025-06-24 00:00:00-04:00,TSLA,340.4700012207031,buy,0.5466746046385169,Strong upward momentum detected. Algorithm confidence: 52%. Good entry point for potential gains.,BUY: Momentum entry Q=0.516 >= 0.3,0.5161462379636172,0.6179074602132828,50.0,6.804726829075605
2025-06-24 00:00:00-04:00,NVDA,147.89999389648438,buy,0.6057182251843024,Strong upward momentum detected. Algorithm confidence: 59%. Good entry point for potential gains.,BUY: Momentum entry Q=0.590 >= 0.3,0.5896916327589236,0.6431136075101864,50.0,0.7435830576689284
2025-06-25 00:00:00-04:00,AAPL,201.33151245117188,sell,0.85,AI model detects potential price peak. Taking profits.,"SELL: ML profit peak ML=0.589, P&L=$30.21",0.2519689854992907,0.5886206711059508,50.0,-0.3408406279890812
2025-06-25 00:00:00-04:00,MSFT,491.4620666503906,sell,0.85,AI model detects potential price peak. Taking profits.,"SELL: ML profit peak ML=0.540, P&L=$21.56",0.48584020144164347,0.5403954950438291,50.0,3.7526894817982566
2025-06-25 00:00:00-04:00,GOOGL,170.67999267578125,sell,0.88,Exit signal triggered. Closing position with loss.,SELL: Swing trade profit 2.3% >= 1.5% (24.0h),0.31576892447421356,0.4748581300698408,50.0,-1.926052364769106
2025-06-25 00:00:00-04:00,TSLA,327.54998779296875,sell,0.95,Stop loss triggered to limit losses. Protecting capital.,SELL: Stop loss 3.8% >= 2.0%,0.4454250564980691,0.6277691337600038,50.0,6.407559887228388
2025-06-25 00:00:00-04:00,NVDA,154.30999755859375,sell,0.88,Exit signal triggered. Closing position with loss.,SELL: Swing trade profit 4.3% >= 1.5% (24.0h),0.4552830332557547,0.5593507689895937,50.0,1.4771629966839441
2025-06-26 00:00:00-04:00,AAPL,200.7721405029297,buy,0.40610738459673074,Strong upward momentum detected. Algorithm confidence: 37%. Good entry point for potential gains.,BUY: Momentum entry Q=0.372 >= 0.3,0.3720429744376081,0.4855910083013504,50.0,-0.23208952273370187
2025-06-26 00:00:00-04:00,MSFT,496.6335754394531,buy,0.6291904413745614,Strong upward momentum detected. Algorithm confidence: 65%. Good entry point for potential gains.,BUY: Momentum entry Q=0.646 >= 0.3,0.6461993650778889,0.5895029527334638,50.0,4.744514197017224
2025-06-26 00:00:00-04:00,GOOGL,173.5399932861328,buy,0.4547325944854504,Strong upward momentum detected. Algorithm confidence: 37%. Good entry point for potential gains.,BUY: Momentum entry Q=0.371 >= 0.3,0.3708966466572324,0.6503498060846258,50.0,-1.6450387243114903
2025-06-26 00:00:00-04:00,TSLA,325.7799987792969,buy,0.6279518493020297,Strong upward momentum detected. Algorithm confidence: 68%. Good entry point for potential gains.,BUY: Momentum entry Q=0.675 >= 0.3,0.6750763591376144,0.5179946596856657,50.0,5.88217287600412
2025-06-26 00:00:00-04:00,NVDA,155.02000427246094,buy,0.641271225679123,Strong upward momentum detected. Algorithm confidence: 61%. Good entry point for potential gains.,BUY: Momentum entry Q=0.612 >= 0.3,0.6122126190715989,0.7090746410966793,50.0,2.09171006001921
2025-06-27 00:00:00-04:00,AAPL,200.85205078125,sell,0.85,AI model detects potential price peak. Taking profits.,"SELL: ML profit peak ML=0.646, P&L=$1.92",0.2612466295733811,0.6457419056860857,49.15870386000743,-0.13786616139711327
2025-06-27 00:00:00-04:00,MSFT,495.1260681152344,sell,0.8,Algorithm confidence dropped. Exiting position to preserve capital.,SELL: Conviction lost Q=0.298 <= 0.35,0.2983523662725329,0.6569053596892956,75.44437937814054,5.347259310461766
2025-06-27 00:00:00-04:00,GOOGL,178.52999877929688,sell,0.88,Exit signal triggered. Closing position with loss.,SELL: Swing trade profit 2.9% >= 1.5% (24.0h),0.1920586702116146,0.4729547813987196,53.64614590420807,-1.0080613458736423
2025-06-27 00:00:00-04:00,TSLA,323.6300048828125,hold,0.5476041670295551,Holding position - indicators suggest more upside potential.,"HOLD: swing trade, Q=0.469, P&L=$-32.25 (-0.7%), 24.0h",0.46881256699498186,0.6263957670641284,57.14286541937118,5.232002082009103
2025-06-27 00:00:00-04:00,NVDA,157.75,sell,0.88,Exit signal triggered. Closing position with loss.,SELL: Swing trade profit 1.8% >= 1.5% (24.0h),0.2690186428296145,0.5689047708972379,77.18280066298912,2.7671330872221063
2025-06-30 00:00:00-04:00,AAPL,204.93740844726562,buy,0.5711257450330032,Strong upward momentum detected. Algorithm confidence: 60%. Good entry point for potential gains.,BUY: Momentum entry Q=0.601 >= 0.3,0.6006610651487745,0.5022099980962037,57.131878707366205,0.2634241624250535
2025-06-30 00:00:00-04:00,MSFT,496.5936584472656,buy,0.4608333581404913,Strong upward momentum detected. Algorithm confidence: 42%. Good entry point for potential gains.,BUY: Momentum entry Q=0.416 >= 0.3,0.415832988462673,0.5658342207220672,76.2117440185278,5.875630815454031
2025-06-30 00:00:00-04:00,GOOGL,176.22999572753906,buy,0.5228256816643263,Strong upward momentum detected. Algorithm confidence: 51%. Good entry point for potential gains.,BUY: Momentum entry Q=0.510 >= 0.3,0.5100289043216442,0.5526848287972513,50.19574845033365,-0.6809931435811052
2025-06-30 00:00:00-04:00,TSLA,317.6600036621094,sell,1.0,End of trading session - closing all positions.,FORCED EXIT: Held for 96.0 hours (max: 48),0.5417228009319419,0.6766673366375483,54.07834014212659,4.186745640822892
2025-06-30 00:00:00-04:00,NVDA,157.99000549316406,buy,0.4697626812160649,Strong upward momentum detected. Algorithm confidence: 40%. Good entry point for potential gains.,BUY: Momentum entry Q=0.405 >= 0.3,0.4048958201540359,0.6211186903607993,77.37789398724716,3.2839221297876406
2025-07-01 00:00:00-04:00,AAPL,207.58441162109375,sell,0.85,AI model detects potential price peak. Taking profits.,"SELL: ML profit peak ML=0.624, P&L=$63.53",0.37475751211841823,0.6244179823215577,59.3602257595563,0.7859803768654956
2025-07-01 00:00:00-04:00,MSFT,491.242431640625,sell,0.8,Algorithm confidence dropped. Exiting position to preserve capital.,SELL: Conviction lost Q=0.230 <= 0.35,0.2302952227831569,0.6093136622110145,70.89180764271842,5.7957598468645415
2025-07-01 00:00:00-04:00,GOOGL,175.83999633789062,sell,0.8,Algorithm confidence dropped. Exiting position to preserve capital.,SELL: Conviction lost Q=0.237 <= 0.35,0.23683567907456668,0.45257019732441234,45.89772805620167,-0.4480935843371583
2025-07-01 00:00:00-04:00,TSLA,300.7099914550781,buy,0.5261606420080335,Strong upward momentum detected. Algorithm confidence: 59%. Good entry point for potential gains.,BUY: Momentum entry Q=0.587 >= 0.3,0.5865540901484317,0.3852425963471042,38.54279403887823,1.9679626046793715
2025-07-01 00:00:00-04:00,NVDA,153.3000030517578,sell,0.95,Stop loss triggered to limit losses. Protecting capital.,SELL: Stop loss 3.0% >= 2.0%,0.42527409699311197,0.4959873771677241,64.87430557477265,3.2772589669015986
2025-07-02 00:00:00-04:00,AAPL,212.1991729736328,buy,0.4185341443470093,Strong upward momentum detected. Algorithm confidence: 38%. Good entry point for potential gains.,BUY: Momentum entry Q=0.381 >= 0.3,0.38102529671182317,0.5060547888291105,74.18552331144879,1.5545625857963898
2025-07-02 00:00:00-04:00,MSFT,490.2840270996094,buy,0.5417131709803664,Strong upward momentum detected. Algorithm confidence: 56%. Good entry point for potential gains.,BUY: Momentum entry Q=0.555 >= 0.3,0.5546845313502267,0.5114466634506925,68.53301843388645,5.590680408408673
2025-07-02 00:00:00-04:00,GOOGL,178.63999938964844,buy,0.4827231028309605,Strong upward momentum detected. Algorithm confidence: 44%. Good entry point for potential gains.,BUY: Momentum entry Q=0.441 >= 0.3,0.4408041997453188,0.5805338766974577,51.83289661449311,-0.03715387328685438
2025-07-02 00:00:00-04:00,TSLA,315.6499938964844,sell,0.88,Exit signal triggered. Closing position with loss.,SELL: Swing trade profit 5.0% >= 1.5% (24.0h),0.6008317613091744,0.5730297542502351,45.7003839284171,1.3989679693552262
2025-07-02 00:00:00-04:00,NVDA,157.25,buy,0.423472381018392,Strong upward momentum detected. Algorithm confidence: 30%. Good entry point for potential gains.,BUY: Momentum entry Q=0.305 >= 0.3,0.3046858641806421,0.7006409203064752,71.0449510814546,3.5497903312591745
2025-07-03 00:00:00-04:00,AAPL,213.30792236328125,sell,0.85,AI model detects potential price peak. Taking profits.,"SELL: ML profit peak ML=0.496, P&L=$25.50",0.39998859028184774,0.49645965742480735,74.80122081940638,2.2274595659187924
2025-07-03 00:00:00-04:00,MSFT,498.02130126953125,sell,0.88,Exit signal triggered. Closing position with loss.,SELL: Swing trade profit 1.6% >= 1.5% (24.0h),0.44115462512156906,0.36693905932386817,69.45256163423397,5.983512629345512
2025-07-03 00:00:00-04:00,GOOGL,179.52999877929688,sell,0.85,AI model detects potential price peak. Taking profits.,"SELL: ML profit peak ML=0.513, P&L=$24.03",0.4717643714737406,0.5132044612445417,55.562011252412574,0.35622794706108607
2025-07-03 00:00:00-04:00,TSLA,315.3500061035156,buy,0.6229985480685025,Strong upward momentum detected. Algorithm confidence: 59%. Good entry point for potential gains.,BUY: Momentum entry Q=0.594 >= 0.3,0.5944989279454406,0.6894976616889805,48.41136582541748,0.9133011465783056
2025-07-03 00:00:00-04:00,NVDA,159.33999633789062,sell,0.85,AI model detects potential price peak. Taking profits.,"SELL: ML profit peak ML=0.470, P&L=$64.79",0.3013509462267898,0.46974611019930185,70.9771787751895,3.889581958992011
2025-07-07 00:00:00-04:00,AAPL,209.7119903564453,buy,0.4473251021353493,Strong upward momentum detected. Algorithm confidence: 41%. Good entry point for potential gains.,BUY: Momentum entry Q=0.413 >= 0.3,0.41297927165965925,0.527465373245293,72.66617866652851,2.4424189251170674
2025-07-07 00:00:00-04:00,MSFT,496.90313720703125,buy,0.47174343146147046,Strong upward momentum detected. Algorithm confidence: 43%. Good entry point for potential gains.,BUY: Momentum entry Q=0.433 >= 0.3,0.4327201627671511,0.5627977250815492,73.44459642255288,6.133900710514354
2025-07-07 00:00:00-04:00,GOOGL,176.7899932861328,buy,0.5417641829990957,Strong upward momentum detected. Algorithm confidence: 56%. Good entry point for potential gains.,BUY: Momentum entry Q=0.557 >= 0.3,0.5568423192464889,0.5065818650885117,52.93303024059393,0.4417975624424173
2025-07-07 00:00:00-04:00,TSLA,293.94000244140625,sell,1.0,End of trading session - closing all positions.,FORCED EXIT: Held for 96.0 hours (max: 48),0.31975258836461457,0.5665722035674078,38.25533583506659,-1.1855355582338234
2025-07-07 00:00:00-04:00,NVDA,158.24000549316406,buy,0.40540186029854774,Strong upward momentum detected. Algorithm confidence: 40%. Good entry point for potential gains.,BUY: Momentum entry Q=0.398 >= 0.3,0.39763296239448576,0.4235292887413592,75.22482476041324,4.023726193004052
2025-07-08 00:00:00-04:00,AAPL,209.7719268798828,sell,0.85,AI model detects potential price peak. Taking profits.,"SELL: ML profit peak ML=0.505, P&L=$1.38",0.2763192899623668,0.505281482346478,70.79292553637565,2.587781804704804
2025-07-08 00:00:00-04:00,MSFT,495.804931640625,hold,0.6022310423924013,Holding position - indicators suggest more upside potential.,"HOLD: swing trade, Q=0.526, P&L=$-10.98 (-0.2%), 24.0h",0.5257958509387364,0.6786662338460664,69.22567960473054,6.094217985785008
2025-07-08 00:00:00-04:00,GOOGL,174.36000061035156,hold,0.42550573122961277,Holding position - indicators suggest more upside potential.,"HOLD: swing trade, Q=0.411, P&L=$-68.04 (-1.4%), 24.0h",0.4108017226129948,0.4402097398462307,46.69590954011091,0.3099589842606747
2025-07-08 00:00:00-04:00,TSLA,297.80999755859375,buy,0.3873233494760746,Strong upward momentum detected. Algorithm confidence: 42%. Good entry point for potential gains.,BUY: Momentum entry Q=0.423 >= 0.3,0.42298268228623326,0.3041182395857046,38.27843823067456,-2.507695353986321
2025-07-08 00:00:00-04:00,NVDA,160.0,sell,0.85,AI model detects potential price peak. Taking profits.,"SELL: ML profit peak ML=0.490, P&L=$54.56",0.1685492827243304,0.49028482578082944,74.46469848143488,4.223368944493217
2025-07-09 00:00:00-04:00,AAPL,210.90065002441406,buy,0.41470220493927595,Strong upward momentum detected. Algorithm confidence: 38%. Good entry point for potential gains.,BUY: Momentum entry Q=0.383 >= 0.3,0.38262862945949205,0.4895405477254385,79.55755300747083,2.7622203024674548
2025-07-09 00:00:00-04:00,MSFT,502.68365478515625,sell,1.0,End of trading session - closing all positions.,FORCED EXIT: Held for 48.0 hours (max: 48),0.24992642392762904,0.3748038365319003,74.8488015059012,6.542407805736957
2025-07-09 00:00:00-04:00,GOOGL,176.6199951171875,sell,1.0,End of trading session - closing all positions.,FORCED EXIT: Held for 48.0 hours (max: 48),0.44057229519481106,0.6320573408138404,50.88366970970456,0.38341881689427737
2025-07-09 00:00:00-04:00,TSLA,295.8800048828125,sell,0.8,Algorithm confidence dropped. Exiting position to preserve capital.,SELL: Conviction lost Q=0.221 <= 0.35,0.2205557676677221,0.576610233190535,41.661911890074045,-3.668957340703912
2025-07-09 00:00:00-04:00,NVDA,162.8800048828125,buy,0.44126109834236316,Strong upward momentum detected. Algorithm confidence: 40%. Good entry point for potential gains.,BUY: Momentum entry Q=0.400 >= 0.3,0.40040445909564054,0.536593256584716,77.91670148337336,4.561398624266161
2025-07-10 00:00:00-04:00,AAPL,212.16920471191406,sell,0.85,AI model detects potential price peak. Taking profits.,"SELL: ML profit peak ML=0.525, P&L=$29.18",0.42347178008266806,0.524747700401952,79.81163525432233,2.9686055928516453
2025-07-10 00:00:00-04:00,MSFT,500.656982421875,buy,0.4125059829594174,Strong upward momentum detected. Algorithm confidence: 38%. Good entry point for potential gains.,BUY: Momentum entry Q=0.375 >= 0.3,0.3752379484902621,0.4994647300541133,70.7909371572126,6.657324452722605
2025-07-10 00:00:00-04:00,GOOGL,177.6199951171875,buy,0.48239701561792275,Strong upward momentum detected. Algorithm confidence: 51%. Good entry point for potential gains.,BUY: Momentum entry Q=0.507 >= 0.3,0.5068434371480559,0.4253553653809456,55.92611347526083,0.5163754513861818
2025-07-10 00:00:00-04:00,TSLA,309.8699951171875,buy,0.3856083093668611,Strong upward momentum detected. Algorithm confidence: 36%. Good entry point for potential gains.,BUY: Momentum entry Q=0.355 >= 0.3,0.354802691122472,0.4574880852704356,45.352566117937045,-3.4209558889148184
2025-07-10 00:00:00-04:00,NVDA,164.10000610351562,sell,0.85,AI model detects potential price peak. Taking profits.,"SELL: ML profit peak ML=0.560, P&L=$36.60",0.272528858562476,0.5597403207291699,77.82430308190364,4.871576976460403
2025-07-11 00:00:00-04:00,AAPL,210.92062377929688,buy,0.4574013316882952,Strong upward momentum detected. Algorithm confidence: 38%. Good entry point for potential gains.,BUY: Momentum entry Q=0.377 >= 0.3,0.3772969109206193,0.6443116468128727,71.72794196917734,2.9968713090082417
2025-07-11 00:00:00-04:00,MSFT,502.49395751953125,sell,0.85,AI model detects potential price peak. Taking profits.,"SELL: ML profit peak ML=0.564, P&L=$16.53",0.17624252396923296,0.5637923989245944,75.878593371661,6.818031241453468
2025-07-11 00:00:00-04:00,GOOGL,180.19000244140625,sell,0.85,AI model detects potential price peak. Taking profits.,"SELL: ML profit peak ML=0.585, P&L=$71.96",0.2668584505307498,0.5848510445256149,71.05999972489592,0.8196739635168626
2025-07-11 00:00:00-04:00,TSLA,313.510009765625,sell,0.85,AI model detects potential price peak. Taking profits.,"SELL: ML profit peak ML=0.402, P&L=$58.24",0.2819875500351243,0.4021013536009084,46.78606101384959,-2.8972959659691924
2025-07-11 00:00:00-04:00,NVDA,164.9199981689453,buy,0.4395664886206947,Strong upward momentum detected. Algorithm confidence: 45%. Good entry point for potential gains.,BUY: Momentum entry Q=0.447 >= 0.3,0.4468503290796925,0.4225708608830332,82.26647144127652,5.124490129678662
2025-07-14 00:00:00-04:00,AAPL,208.3834991455078,sell,1.0,End of trading session - closing all positions.,FORCED EXIT: Held for 72.0 hours (max: 48),0.4363954016778969,0.5540356006711156,64.00468979392912,2.782472724851374
2025-07-14 00:00:00-04:00,MSFT,502.1944274902344,buy,0.4827805404180652,Strong upward momentum detected. Algorithm confidence: 45%. Good entry point for potential gains.,BUY: Momentum entry Q=0.447 >= 0.3,0.4465994579624786,0.5672030661477672,70.36856838078961,6.842348623547082
2025-07-14 00:00:00-04:00,GOOGL,181.55999755859375,buy,0.4573947841066288,Strong upward momentum detected. Algorithm confidence: 35%. Good entry point for potential gains.,BUY: Momentum entry Q=0.351 >= 0.3,0.35080649064875724,0.7061008021749958,75.50638358574452,1.1572473488818673
2025-07-14 00:00:00-04:00,TSLA,316.8999938964844,buy,0.5036704321561453,Strong upward momentum detected. Algorithm confidence: 49%. Good entry point for potential gains.,BUY: Momentum entry Q=0.494 >= 0.3,0.4940094071801657,0.5262128237667644,35.74120298548743,-2.1835773952057025
2025-07-14 00:00:00-04:00,NVDA,164.07000732421875,sell,1.0,End of trading session - closing all positions.,FORCED EXIT: Held for 72.0 hours (max: 48),0.18721679442719535,0.6347821188289112,79.98797875173088,5.196437175160042
2025-07-15 00:00:00-04:00,AAPL,208.87295532226562,buy,0.5542317808395273,Strong upward momentum detected. Algorithm confidence: 60%. Good entry point for potential gains.,BUY: Momentum entry Q=0.604 >= 0.3,0.6043668060519422,0.43725005534389283,67.82676645470158,2.6218324724487445
2025-07-15 00:00:00-04:00,MSFT,504.9898376464844,sell,0.85,AI model detects potential price peak. Taking profits.,"SELL: ML profit peak ML=0.526, P&L=$25.16",0.5075288357261367,0.5257632802119844,69.40942499964123,7.006420902625621
2025-07-15 00:00:00-04:00,GOOGL,182.0,sell,0.85,AI model detects potential price peak. Taking profits.,"SELL: ML profit peak ML=0.502, P&L=$11.88",0.30571123302008,0.5019412178108587,74.60419584694668,1.4436398273411726
2025-07-15 00:00:00-04:00,TSLA,310.7799987792969,sell,0.8,Algorithm confidence dropped. Exiting position to preserve capital.,SELL: Conviction lost Q=0.229 <= 0.35,0.22874914662293314,0.5426046893875868,36.42432141282325,-2.0877168446087353
2025-07-15 00:00:00-04:00,NVDA,170.6999969482422,buy,0.436121086198133,Strong upward momentum detected. Algorithm confidence: 44%. Good entry point for potential gains.,BUY: Momentum entry Q=0.436 >= 0.3,0.4360600270983302,0.43626355743100625,81.59648167907713,5.722475346896175
2025-07-16 00:00:00-04:00,AAPL,209.92176818847656,sell,0.85,AI model detects potential price peak. Taking profits.,"SELL: ML profit peak ML=0.623, P&L=$24.12",0.48794289424493775,0.6227496037261528,67.55099559487846,2.549762275734736
2025-07-16 00:00:00-04:00,MSFT,504.7901611328125,buy,0.6109995988817968,Strong upward momentum detected. Algorithm confidence: 63%. Good entry point for potential gains.,BUY: Momentum entry Q=0.630 >= 0.3,0.630351269344262,0.5658457011360447,67.33313383504243,7.039193696794541
2025-07-16 00:00:00-04:00,GOOGL,182.97000122070312,buy,0.39849574406405386,Strong upward momentum detected. Algorithm confidence: 36%. Good entry point for potential gains.,BUY: Momentum entry Q=0.361 >= 0.3,0.3605815670993967,0.4869621569815871,71.93860096401085,1.7289486776164722
2025-07-16 00:00:00-04:00,TSLA,321.6700134277344,buy,0.45361215030295,Strong upward momentum detected. Algorithm confidence: 46%. Good entry point for potential gains.,BUY: Momentum entry Q=0.455 >= 0.3,0.45533855624503256,0.44958386977142406,47.26054060940193,-1.1201016624182785
2025-07-16 00:00:00-04:00,NVDA,171.3699951171875,sell,0.85,AI model detects potential price peak. Taking profits.,"SELL: ML profit peak ML=0.582, P&L=$19.43",0.2810753660092174,0.5815613039408625,78.11472771530306,6.122847268748927
2025-07-17 00:00:00-04:00,AAPL,209.78192138671875,buy,0.6526817706764978,Strong upward momentum detected. Algorithm confidence: 64%. Good entry point for potential gains.,BUY: Momentum entry Q=0.639 >= 0.3,0.6385474571213894,0.6856618356384176,68.72921188006758,2.4530840317219145
2025-07-17 00:00:00-04:00,MSFT,510.8601989746094,sell,0.85,AI model detects potential price peak. Taking profits.,"SELL: ML profit peak ML=0.601, P&L=$54.63",0.4369660511502566,0.6010071472845002,68.079145562993,7.46887119873071
2025-07-17 00:00:00-04:00,GOOGL,183.5800018310547,sell,0.85,AI model detects potential price peak. Taking profits.,"SELL: ML profit peak ML=0.627, P&L=$16.47",0.41447069163497857,0.6265775859729411,69.48758683764086,1.9814391511352483
2025-07-17 00:00:00-04:00,TSLA,319.4100036621094,sell,0.8,Algorithm confidence dropped. Exiting position to preserve capital.,SELL: Conviction lost Q=0.229 <= 0.35,0.22876910941106463,0.453021037939119,47.045730794249636,-0.5295195874480783
2025-07-17 00:00:00-04:00,NVDA,173.0,buy,0.45558268483832587,Strong upward momentum detected. Algorithm confidence: 43%. Good entry point for potential gains.,BUY: Momentum entry Q=0.427 >= 0.3,0.4270970780393929,0.5220491007025029,78.7588234805992,6.496781816194158
2025-07-18 00:00:00-04:00,AAPL,210.9405975341797,sell,0.85,AI model detects potential price peak. Taking profits.,"SELL: ML profit peak ML=0.532, P&L=$26.65",0.3174404078541691,0.5319285283469142,70.0715049431731,2.441813601233264
2025-07-18 00:00:00-04:00,MSFT,509.212890625,buy,0.591724240304747,Strong upward momentum detected. Algorithm confidence: 61%. Good entry point for potential gains.,BUY: Momentum entry Q=0.609 >= 0.3,0.608647081935143,0.5522376098338229,67.83810500590872,7.588988561831684
2025-07-18 00:00:00-04:00,GOOGL,185.05999755859375,buy,0.6067319347000433,Strong upward momentum detected. Algorithm confidence: 55%. Good entry point for potential gains.,BUY: Momentum entry Q=0.549 >= 0.3,0.5493732945975878,0.7405687616057728,64.67415456021769,2.2747411567882807
2025-07-18 00:00:00-04:00,TSLA,329.6499938964844,buy,0.5945067885102854,Strong upward momentum detected. Algorithm confidence: 56%. Good entry point for potential gains.,BUY: Momentum entry Q=0.564 >= 0.3,0.5635119755804296,0.6668280186799489,52.5970618337774,0.7560868955408182
2025-07-18 00:00:00-04:00,NVDA,172.41000366210938,sell,0.8,Algorithm confidence dropped. Exiting position to preserve capital.,SELL: Conviction lost Q=0.200 <= 0.35,0.20021508829019083,0.6059146353634359,75.17174018526457,6.668647844176263
2025-07-21 00:00:00-04:00,AAPL,212.23912048339844,buy,0.6474107132586056,Strong upward momentum detected. Algorithm confidence: 65%. Good entry point for potential gains.,BUY: Momentum entry Q=0.651 >= 0.3,0.6506210744265356,0.6399198705334356,66.33881483029347,2.5087424325404584
2025-07-21 00:00:00-04:00,MSFT,509.2228698730469,sell,1.0,End of trading session - closing all positions.,FORCED EXIT: Held for 72.0 hours (max: 48),0.4938683980172908,0.5199955720416519,66.60532803461714,7.597409472232698
2025-07-21 00:00:00-04:00,GOOGL,190.10000610351562,sell,1.0,End of trading session - closing all positions.,FORCED EXIT: Held for 72.0 hours (max: 48),0.2645941106963505,0.5330262120749801,77.75111510033614,2.8806651630140436
2025-07-21 00:00:00-04:00,TSLA,328.489990234375,sell,1.0,End of trading session - closing all positions.,FORCED EXIT: Held for 72.0 hours (max: 48),0.40910116857117024,0.5667592773685413,54.8744202580245,1.662176162494461
2025-07-21 00:00:00-04:00,NVDA,171.3800048828125,buy,0.45309839479028413,Strong upward momentum detected. Algorithm confidence: 40%. Good entry point for potential gains.,BUY: Momentum entry Q=0.397 >= 0.3,0.3965783215568723,0.5849785656682452,72.38384861790684,6.64513958348698
2025-07-22 00:00:00-04:00,AAPL,214.15695190429688,sell,0.85,AI model detects potential price peak. Taking profits.,"SELL: ML profit peak ML=0.661, P&L=$44.11",0.4357587025226997,0.6606360045196478,65.20329748678873,2.6855792948323938
2025-07-22 00:00:00-04:00,MSFT,504.44073486328125,buy,0.6033386138172057,Strong upward momentum detected. Algorithm confidence: 63%. Good entry point for potential gains.,BUY: Momentum entry Q=0.630 >= 0.3,0.6299258600772315,0.5413017058771454,67.61723587303656,7.135946031201115
2025-07-22 00:00:00-04:00,GOOGL,191.33999633789062,buy,0.5476326609983101,Strong upward momentum detected. Algorithm confidence: 46%. Good entry point for potential gains.,BUY: Momentum entry Q=0.458 >= 0.3,0.45839492522413267,0.7558540444713908,79.99226431249815,3.4214804553859324
2025-07-22 00:00:00-04:00,TSLA,332.1099853515625,buy,0.564156734690944,Strong upward momentum detected. Algorithm confidence: 56%. Good entry point for potential gains.,BUY: Momentum entry Q=0.563 >= 0.3,0.5634223556720674,0.5658702857349891,66.05973842159531,2.6419075215928274
2025-07-22 00:00:00-04:00,NVDA,167.02999877929688,sell,0.95,Stop loss triggered to limit losses. Protecting capital.,SELL: Stop loss 2.5% >= 2.0%,0.33902553786114736,0.5023743403649573,73.21612036140208,6.203984310205101
2025-07-23 00:00:00-04:00,AAPL,213.9072265625,buy,0.613295081555948,Strong upward momentum detected. Algorithm confidence: 60%. Good entry point for potential gains.,BUY: Momentum entry Q=0.596 >= 0.3,0.5956487589309369,0.6544698343476407,54.950744210443446,2.773600691928209
2025-07-23 00:00:00-04:00,MSFT,505.0397644042969,sell,0.85,AI model detects potential price peak. Taking profits.,"SELL: ML profit peak ML=0.581, P&L=$5.39",0.4389898872138623,0.5809582644751321,69.88690954079416,6.740865110232335
2025-07-23 00:00:00-04:00,GOOGL,190.22999572753906,hold,0.4225418303819565,Holding position - indicators suggest more upside potential.,"HOLD: swing trade, Q=0.360, P&L=$-28.86 (-0.6%), 24.0h",0.36030898542119966,0.4847746753427133,73.99585769580221,3.717657852795867
2025-07-23 00:00:00-04:00,TSLA,332.55999755859375,sell,0.85,AI model detects potential price peak. Taking profits.,"SELL: ML profit peak ML=0.531, P&L=$6.75",0.4094877820328874,0.5306405961393971,60.15372036336703,3.415294517212601
2025-07-23 00:00:00-04:00,NVDA,170.77999877929688,buy,0.4380526853389058,Strong upward momentum detected. Algorithm confidence: 37%. Good entry point for potential gains.,BUY: Momentum entry Q=0.369 >= 0.3,0.36868721620050243,0.599905446661847,73.03373355015353,6.086794460081677
2025-07-24 00:00:00-04:00,AAPL,213.51766967773438,hold,0.5076634433253089,Holding position - indicators suggest more upside potential.,"HOLD: swing trade, Q=0.496, P&L=$-8.96 (-0.2%), 24.0h",0.4964045990664058,0.5189222875842119,50.63439524309715,2.779879577000031
2025-07-24 00:00:00-04:00,MSFT,510.0415344238281,buy,0.5527041744303602,Strong upward momentum detected. Algorithm confidence: 61%. Good entry point for potential gains.,BUY: Momentum entry Q=0.610 >= 0.3,0.6101903203447654,0.41856983396341496,67.4897671192609,6.753511397524392
2025-07-24 00:00:00-04:00,GOOGL,192.1699981689453,sell,1.0,End of trading session - closing all positions.,FORCED EXIT: Held for 48.0 hours (max: 48),0.2441824404253374,0.564235944966399,75.07936690549903,4.062097229536363
2025-07-24 00:00:00-04:00,TSLA,305.29998779296875,buy,0.555751438398803,Strong upward momentum detected. Algorithm confidence: 58%. Good entry point for potential gains.,BUY: Momentum entry Q=0.583 >= 0.3,0.5831225486868876,0.4918855143932725,45.44134205348424,1.8077160906858012
2025-07-24 00:00:00-04:00,NVDA,173.74000549316406,sell,0.88,Exit signal triggered. Closing position with loss.,SELL: Swing trade profit 1.7% >= 1.5% (24.0h),0.31367524251705015,0.29030864141461016,73.80955865026212,6.161739763113019
2025-07-25 00:00:00-04:00,AAPL,213.63754272460938,sell,1.0,End of trading session - closing all positions.,FORCED EXIT: Held for 48.0 hours (max: 48),0.36433582263072634,0.43538223307426027,65.03441496890439,2.762681914319842
2025-07-25 00:00:00-04:00,MSFT,512.866943359375,sell,0.85,AI model detects potential price peak. Taking profits.,"SELL: ML profit peak ML=0.597, P&L=$25.43",0.1884316229202994,0.5971919569938537,72.12839581376853,6.911845111514538
2025-07-25 00:00:00-04:00,GOOGL,193.17999267578125,buy,0.4398935960506468,Strong upward momentum detected. Algorithm confidence: 41%. Good entry point for potential gains.,BUY: Momentum entry Q=0.414 >= 0.3,0.41402609556221587,0.5002510971903189,84.91693479545603,4.366234796137178
2025-07-25 00:00:00-04:00,TSLA,316.05999755859375,sell,0.88,Exit signal triggered. Closing position with loss.,SELL: Swing trade profit 3.5% >= 1.5% (24.0h),0.4759167005817852,0.5355072742864687,61.10664356345222,1.3859649276654977
2025-07-25 00:00:00-04:00,NVDA,173.5,buy,0.3908388687779697,Strong upward momentum detected. Algorithm confidence: 39%. Good entry point for potential gains.,BUY: Momentum entry Q=0.394 >= 0.3,0.39351872975313185,0.38458585983592475,75.97004747469029,6.131092599217226
2025-07-28 00:00:00-04:00,AAPL,213.80735778808594,buy,0.5999463608663287,Strong upward momentum detected. Algorithm confidence: 58%. Good entry point for potential gains.,BUY: Momentum entry Q=0.578 >= 0.3,0.5775943090019791,0.6521011485498115,65.32624468583244,2.7312709082885362
2025-07-28 00:00:00-04:00,MSFT,511.65887451171875,buy,0.46202977139402607,Strong upward momentum detected. Algorithm confidence: 40%. Good entry point for potential gains.,BUY: Momentum entry Q=0.397 >= 0.3,0.39722718694125186,0.6132358017838326,71.90937692417992,6.860758111989924
2025-07-28 00:00:00-04:00,GOOGL,192.5800018310547,sell,1.0,End of trading session - closing all positions.,FORCED EXIT: Held for 72.0 hours (max: 48),0.2886459265608058,0.5561472202363202,92.09800042025161,4.5068990353917115
2025-07-28 00:00:00-04:00,TSLA,325.5899963378906,buy,0.5097362037949099,Strong upward momentum detected. Algorithm confidence: 54%. Good entry point for potential gains.,BUY: Momentum entry Q=0.540 >= 0.3,0.5400109501404319,0.43909512898869196,63.198400466289016,1.799966455526146
2025-07-28 00:00:00-04:00,NVDA,176.75,sell,1.0,End of trading session - closing all positions.,FORCED EXIT: Held for 72.0 hours (max: 48),0.25580383749138336,0.5917167270660852,77.129903870108,6.296470546601256
2025-07-29 00:00:00-04:00,AAPL,211.03050231933594,hold,0.4665004247124112,Holding position - indicators suggest more upside potential.,"HOLD: swing trade, Q=0.385, P&L=$-63.87 (-1.3%), 24.0h",0.3848629716555181,0.5481378777693043,50.43829831067161,2.4540200153632554
2025-07-29 00:00:00-04:00,MSFT,511.728759765625,sell,0.85,AI model detects potential price peak. Taking profits.,"SELL: ML profit peak ML=0.561, P&L=$0.63",0.5722349645724926,0.5608556863550468,65.39755501019266,6.748122299431998
2025-07-29 00:00:00-04:00,GOOGL,195.75,buy,0.4846464723075947,Strong upward momentum detected. Algorithm confidence: 49%. Good entry point for potential gains.,BUY: Momentum entry Q=0.486 >= 0.3,0.48644456029048627,0.48045093368084796,92.4168852294842,4.818622734491129
2025-07-29 00:00:00-04:00,TSLA,321.20001220703125,hold,0.4843712261587535,Holding position - indicators suggest more upside potential.,"HOLD: swing trade, Q=0.466, P&L=$-65.85 (-1.3%), 24.0h",0.46593334567039185,0.5028091066471152,61.754876719765925,1.7536160244022199
2025-07-29 00:00:00-04:00,NVDA,175.50999450683594,buy,0.482995725851396,Strong upward momentum detected. Algorithm confidence: 41%. Good entry point for potential gains.,BUY: Momentum entry Q=0.407 >= 0.3,0.4068225524676838,0.6607331304133912,71.60450131733013,6.255367696275329
2025-07-30 00:00:00-04:00,AAPL,208.81301879882812,sell,1.0,End of trading session - closing all positions.,FORCED EXIT: Held for 48.0 hours (max: 48),0.399895886382968,0.4841902624334758,39.35366204286783,2.031941342456946
2025-07-30 00:00:00-04:00,MSFT,512.3976440429688,buy,0.4845356817507683,Strong upward momentum detected. Algorithm confidence: 42%. Good entry point for potential gains.,BUY: Momentum entry Q=0.415 >= 0.3,0.4146006453172814,0.6477174334289043,70.95491554153422,6.636331479245257
2025-07-30 00:00:00-04:00,GOOGL,196.52999877929688,sell,0.85,AI model detects potential price peak. Taking profits.,"SELL: ML profit peak ML=0.702, P&L=$19.50",0.14845794602242618,0.7016012488494131,92.34217427966583,5.070159749119881
2025-07-30 00:00:00-04:00,TSLA,319.0400085449219,sell,1.0,End of trading session - closing all positions.,FORCED EXIT: Held for 48.0 hours (max: 48),0.6027694038503347,0.7136974000890672,54.78252371740737,1.5250093714228683
2025-07-30 00:00:00-04:00,NVDA,179.27000427246094,sell,0.88,Exit signal triggered. Closing position with loss.,SELL: Swing trade profit 2.1% >= 1.5% (24.0h),0.26826678825821626,0.46539249957833406,73.87471849050877,6.451822165827394
2025-07-31 00:00:00-04:00,AAPL,207.33470153808594,buy,0.5790714886053248,Strong upward momentum detected. Algorithm confidence: 64%. Good entry point for potential gains.,BUY: Momentum entry Q=0.639 >= 0.3,0.6393367774649917,0.43845248126610203,38.78831538722097,1.5601684543662202
2025-07-31 00:00:00-04:00,MSFT,532.6243896484375,sell,0.88,Exit signal triggered. Closing position with loss.,SELL: Swing trade profit 3.9% >= 1.5% (24.0h),0.129720770582462,0.5283293378864828,82.4654305447591,8.086647933617883
2025-07-31 00:00:00-04:00,GOOGL,191.89999389648438,buy,0.43144862352605445,Strong upward momentum detected. Algorithm confidence: 41%. Good entry point for potential gains.,BUY: Momentum entry Q=0.414 >= 0.3,0.41382367614961,0.4725735007377581,74.00573815925958,4.840108191591895
2025-07-31 00:00:00-04:00,TSLA,308.2699890136719,buy,0.6024293238272104,Strong upward momentum detected. Algorithm confidence: 62%. Good entry point for potential gains.,BUY: Momentum entry Q=0.624 >= 0.3,0.6242437127600067,0.5515290829840191,47.456301359513255,0.4693757135025862
2025-07-31 00:00:00-04:00,NVDA,177.8699951171875,buy,0.4997336976983854,Strong upward momentum detected. Algorithm confidence: 38%. Good entry point for potential gains.,BUY: Momentum entry Q=0.378 >= 0.3,0.3784806530630943,0.7826574685140647,70.0154380165757,6.420532804334073
2025-08-01 00:00:00-04:00,AAPL,202.1505889892578,sell,0.95,Stop loss triggered to limit losses. Protecting capital.,SELL: Stop loss 2.5% >= 2.0%,0.4628855595634163,0.7533671642328366,33.279820682134854,0.75921868396847
2025-08-01 00:00:00-04:00,MSFT,523.2498168945312,buy,0.5427345896931267,Strong upward momentum detected. Algorithm confidence: 54%. Good entry point for potential gains.,BUY: Momentum entry Q=0.540 >= 0.3,0.540263584216662,0.5485002691382111,68.97602936961923,8.382951056434422
2025-08-01 00:00:00-04:00,GOOGL,189.1300048828125,hold,0.4684528252142368,Holding position - indicators suggest more upside potential.,"HOLD: swing trade, Q=0.436, P&L=$-72.02 (-1.4%), 24.0h",0.4361992623391892,0.5007063880892845,64.6762578009812,4.383742654642134
2025-08-01 00:00:00-04:00,TSLA,302.6300048828125,sell,0.8,Algorithm confidence dropped. Exiting position to preserve capital.,SELL: Conviction lost Q=0.319 <= 0.35,0.31913224739842483,0.5544397235822907,43.220909797604,-0.8129499686801296
2025-08-01 00:00:00-04:00,NVDA,173.72000122070312,sell,0.95,Stop loss triggered to limit losses. Protecting capital.,SELL: Stop loss 2.3% >= 2.0%,0.4237496020544138,0.6708213915598609,63.53434402232532,5.991796238153
2025-08-04 00:00:00-04:00,AAPL,203.11949157714844,buy,0.6371171526451116,Strong upward momentum detected. Algorithm confidence: 56%. Good entry point for potential gains.,BUY: Momentum entry Q=0.561 >= 0.3,0.5606976473652098,0.8154293316315491,34.95301846298983,0.20033324483938486
2025-08-04 00:00:00-04:00,MSFT,534.7609252929688,sell,1.0,End of trading session - closing all positions.,FORCED EXIT: Held for 72.0 hours (max: 48),0.313500024908431,0.6391727067854109,73.18815191043242,9.437830229383337
2025-08-04 00:00:00-04:00,GOOGL,195.0399932861328,sell,1.0,End of trading session - closing all positions.,FORCED EXIT: Held for 96.0 hours (max: 48),0.20006040101225464,0.5444827053135932,70.85733894417454,4.447686193141294
2025-08-04 00:00:00-04:00,TSLA,309.260009765625,buy,0.4287903125246655,Strong upward momentum detected. Algorithm confidence: 42%. Good entry point for potential gains.,BUY: Momentum entry Q=0.416 >= 0.3,0.41573540090542627,0.45925177296955694,49.281397298260444,-1.2794674216908675
2025-08-04 00:00:00-04:00,NVDA,180.0,buy,0.48465249795779264,Strong upward momentum detected. Algorithm confidence: 56%. Good entry point for potential gains.,BUY: Momentum entry Q=0.560 >= 0.3,0.5603246651009731,0.30808410795703817,63.17279632821149,6.088577506437616
2025-08-05 00:00:00-04:00,AAPL,202.68995666503906,sell,0.8,Algorithm confidence dropped. Exiting position to preserve capital.,SELL: Conviction lost Q=0.215 <= 0.35,0.21466627655677778,0.6427633850465945,30.453563893054337,-0.2740878556703592
2025-08-05 00:00:00-04:00,MSFT,526.8838500976562,buy,0.5637199640060115,Strong upward momentum detected. Algorithm confidence: 60%. Good entry point for potential gains.,BUY: Momentum entry Q=0.605 >= 0.3,0.6051399945036023,0.46707322617829977,65.37016231144128,9.528378224182973
2025-08-05 00:00:00-04:00,GOOGL,194.6699981689453,buy,0.5275764683624794,Strong upward momentum detected. Algorithm confidence: 52%. Good entry point for potential gains.,BUY: Momentum entry Q=0.523 >= 0.3,0.5226124486299172,0.5391591810717914,69.08025606532722,4.417583244518653
2025-08-05 00:00:00-04:00,TSLA,308.7200012207031,sell,0.8,Algorithm confidence dropped. Exiting position to preserve capital.,SELL: Conviction lost Q=0.270 <= 0.35,0.2696765329495869,0.5553716213396834,43.21349566721554,-1.6734693280983493
2025-08-05 00:00:00-04:00,NVDA,178.25999450683594,hold,0.5070480770885941,Holding position - indicators suggest more upside potential.,"HOLD: swing trade, Q=0.411, P&L=$-46.98 (-1.0%), 24.0h",0.4107235666103751,0.603372587566813,59.472080894565956,5.956213930779285
2025-08-06 00:00:00-04:00,AAPL,213.0082550048828,buy,0.596438659390675,Strong upward momentum detected. Algorithm confidence: 60%. Good entry point for potential gains.,BUY: Momentum entry Q=0.602 >= 0.3,0.6019863842757267,0.5834939679922208,55.6251991982586,0.18045032751518875
2025-08-06 00:00:00-04:00,MSFT,524.0784912109375,hold,0.5997430319737146,Holding position - indicators suggest more upside potential.,"HOLD: swing trade, Q=0.510, P&L=$-25.25 (-0.5%), 24.0h",0.5103251521081444,0.6891609118392847,59.63329441201001,9.266945565621882
2025-08-06 00:00:00-04:00,GOOGL,196.08999633789062,sell,0.85,AI model detects potential price peak. Taking profits.,"SELL: ML profit peak ML=0.580, P&L=$35.50",0.5006090014142235,0.580382895598351,69.87609186317982,4.456931691473557
2025-08-06 00:00:00-04:00,TSLA,319.9100036621094,buy,0.4611989548379961,Strong upward momentum detected. Algorithm confidence: 42%. Good entry point for potential gains.,BUY: Momentum entry Q=0.420 >= 0.3,0.41975154901658307,0.5579095684212935,50.23960124176152,-1.0704396374724183
2025-08-06 00:00:00-04:00,NVDA,179.4199981689453,sell,1.0,End of trading session - closing all positions.,FORCED EXIT: Held for 48.0 hours (max: 48),0.4798749487990511,0.4281346828032895,58.94149174687439,5.877169097474166
2025-08-07 00:00:00-04:00,AAPL,219.7805633544922,sell,0.88,Exit signal triggered. Closing position with loss.,SELL: Swing trade profit 3.2% >= 1.5% (24.0h),0.4649890377851661,0.4617480153157101,62.88957791202258,1.0747546946235218
2025-08-07 00:00:00-04:00,MSFT,519.9852294921875,sell,1.0,End of trading session - closing all positions.,FORCED EXIT: Held for 48.0 hours (max: 48),0.4998671595821323,0.5338176945190939,57.58046518579858,8.629985191001424
2025-08-07 00:00:00-04:00,GOOGL,196.52000427246094,buy,0.5233949432968558,Strong upward momentum detected. Algorithm confidence: 55%. Good entry point for potential gains.,BUY: Momentum entry Q=0.547 >= 0.3,0.5467799263603574,0.4688299828153519,68.83632297904849,4.471271629691984
2025-08-07 00:00:00-04:00,TSLA,322.2699890136719,sell,0.85,AI model detects potential price peak. Taking profits.,"SELL: ML profit peak ML=0.418, P&L=$35.40",0.266255619281948,0.4180808187854058,46.174578477234576,-0.3975207961169076
2025-08-07 00:00:00-04:00,NVDA,180.77000427246094,buy,0.5373972472323545,Strong upward momentum detected. Algorithm confidence: 52%. Good entry point for potential gains.,BUY: Momentum entry Q=0.519 >= 0.3,0.5190213763279169,0.580274279342709,61.40205856020658,5.85595589334207
2025-08-08 00:00:00-04:00,AAPL,229.0900115966797,buy,0.5832728595460028,Strong upward momentum detected. Algorithm confidence: 62%. Good entry point for potential gains.,BUY: Momentum entry Q=0.615 >= 0.3,0.6147170047977195,0.5099031872919976,69.91733963181579,2.5058066403715316
2025-08-08 00:00:00-04:00,MSFT,521.1832275390625,buy,0.549547797497889,Strong upward momentum detected. Algorithm confidence: 59%. Good entry point for potential gains.,BUY: Momentum entry Q=0.593 >= 0.3,0.5925195345724599,0.4492804109905567,58.27806064794613,8.128161548630544
2025-08-08 00:00:00-04:00,GOOGL,201.4199981689453,sell,0.88,Exit signal triggered. Closing position with loss.,SELL: Swing trade profit 2.5% >= 1.5% (24.0h),0.46328664403747805,0.6489388891857211,68.69222198649787,4.822434665569091
2025-08-08 00:00:00-04:00,TSLA,329.6499938964844,buy,0.6077640641904858,Strong upward momentum detected. Algorithm confidence: 62%. Good entry point for potential gains.,BUY: Momentum entry Q=0.620 >= 0.3,0.6201456390783291,0.5788737227855183,50.56486336194381,0.7229433100824281
2025-08-08 00:00:00-04:00,NVDA,182.6999969482422,sell,0.85,AI model detects potential price peak. Taking profits.,"SELL: ML profit peak ML=0.636, P&L=$52.11",0.4592581551980459,0.6358525398412131,65.06919462855495,5.926560851211519
2025-08-11 00:00:00-04:00,AAPL,227.17999267578125,sell,1.0,End of trading session - closing all positions.,FORCED EXIT: Held for 72.0 hours (max: 48),0.42772477938961456,0.580332573753791,65.39575784076462,3.4460788020070083
2025-08-11 00:00:00-04:00,MSFT,520.9136962890625,sell,1.0,End of trading session - closing all positions.,FORCED EXIT: Held for 72.0 hours (max: 48),0.49428413248878966,0.6676621255870729,62.1609906395342,7.620865187244476
2025-08-11 00:00:00-04:00,GOOGL,201.0,buy,0.5886812384538842,Strong upward momentum detected. Algorithm confidence: 62%. Good entry point for potential gains.,BUY: Momentum entry Q=0.624 >= 0.3,0.6241314451670168,0.505964089456575,66.39513997082906,5.009101752388091
2025-08-11 00:00:00-04:00,TSLA,339.0299987792969,sell,1.0,End of trading session - closing all positions.,FORCED EXIT: Held for 72.0 hours (max: 48),0.444692540477527,0.7253854654929232,53.190709758614595,2.3408236311173596
2025-08-11 00:00:00-04:00,NVDA,182.05999755859375,buy,0.48269477875244216,Strong upward momentum detected. Algorithm confidence: 46%. Good entry point for potential gains.,BUY: Momentum entry Q=0.459 >= 0.3,0.45879827065998535,0.5384532976348414,72.20086044150818,5.863284888530927
2025-08-12 00:00:00-04:00,AAPL,229.64999389648438,buy,0.5761693844917898,Strong upward momentum detected. Algorithm confidence: 61%. Good entry point for potential gains.,BUY: Momentum entry Q=0.606 >= 0.3,0.6056926876838298,0.5072816770436965,67.68273035652095,4.3405248516407084
2025-08-12 00:00:00-04:00,MSFT,528.3713989257812,buy,0.5923681021137128,Strong upward momentum detected. Algorithm confidence: 63%. Good entry point for potential gains.,BUY: Momentum entry Q=0.631 >= 0.3,0.6307176322256746,0.502885865185802,65.64047234152414,7.73147975618474
2025-08-12 00:00:00-04:00,GOOGL,203.33999633789062,sell,0.85,AI model detects potential price peak. Taking profits.,"SELL: ML profit peak ML=0.447, P&L=$56.16",0.2242414677496265,0.44719770987032653,71.3587799315566,5.284933488361332
2025-08-12 00:00:00-04:00,TSLA,340.8399963378906,buy,0.5727020971044803,Strong upward momentum detected. Algorithm confidence: 59%. Good entry point for potential gains.,BUY: Momentum entry Q=0.592 >= 0.3,0.592318893478577,0.5269295722315881,53.770490618625665,3.7261049000653657
2025-08-12 00:00:00-04:00,NVDA,183.16000366210938,sell,0.85,AI model detects potential price peak. Taking profits.,"SELL: ML profit peak ML=0.524, P&L=$29.70",0.338981836969833,0.5238931806380408,69.83972424667168,5.834641417326196
2025-08-13 00:00:00-04:00,AAPL,233.3300018310547,sell,0.88,Exit signal triggered. Closing position with loss.,SELL: Swing trade profit 1.6% >= 1.5% (24.0h),0.1996551812522483,0.42372392731898323,70.72203902587563,5.285398886998735
2025-08-13 00:00:00-04:00,MSFT,519.7256469726562,hold,0.5974865140480159,Holding position - indicators suggest more upside potential.,"HOLD: swing trade, Q=0.565, P&L=$-77.81 (-1.6%), 24.0h",0.565011302023894,0.6299617260721379,56.18940621848772,7.040345946345155
2025-08-13 00:00:00-04:00,GOOGL,201.9600067138672,buy,0.5733702408662935,Strong upward momentum detected. Algorithm confidence: 58%. Good entry point for potential gains.,BUY: Momentum entry Q=0.581 >= 0.3,0.5805649881388468,0.556582497230336,66.24631063772031,5.330729169177658
2025-08-13 00:00:00-04:00,TSLA,339.3800048828125,sell,0.8,Algorithm confidence dropped. Exiting position to preserve capital.,SELL: Conviction lost Q=0.302 <= 0.35,0.3021092949831313,0.5156427113800431,70.28572445824032,4.65250993886383
2025-08-13 00:00:00-04:00,NVDA,181.58999633789062,buy,0.5346017489556909,Strong upward momentum detected. Algorithm confidence: 55%. Good entry point for potential gains.,BUY: Momentum entry Q=0.553 >= 0.3,0.5533575632862123,0.4908381821844743,63.16668807978579,5.620465561688775
2025-08-14 00:00:00-04:00,AAPL,232.77999877929688,buy,0.5516129169706332,Strong upward momentum detected. Algorithm confidence: 57%. Good entry point for potential gains.,BUY: Momentum entry Q=0.575 >= 0.3,0.5750571392403128,0.4969097316747143,69.84286661503967,5.9215774588683985
2025-08-14 00:00:00-04:00,MSFT,521.6224975585938,sell,1.0,End of trading session - closing all positions.,FORCED EXIT: Held for 48.0 hours (max: 48),0.5007046358098919,0.5181441484186581,55.66315496921113,6.569943196815302
2025-08-14 00:00:00-04:00,GOOGL,202.94000244140625,sell,0.85,AI model detects potential price peak. Taking profits.,"SELL: ML profit peak ML=0.581, P&L=$23.52",0.4093768940884245,0.5808112924244897,66.21267039434665,5.384036223077601
2025-08-14 00:00:00-04:00,TSLA,335.5799865722656,buy,0.5566890598190206,Strong upward momentum detected. Algorithm confidence: 57%. Good entry point for potential gains.,BUY: Momentum entry Q=0.574 >= 0.3,0.5742260440239582,0.5157694300074999,62.66873497443202,5.02217043236476
2025-08-14 00:00:00-04:00,NVDA,182.02000427246094,sell,0.85,AI model detects potential price peak. Taking profits.,"SELL: ML profit peak ML=0.632, P&L=$11.61",0.442741824043283,0.6318227799046543,64.19998545330995,5.422915703058948
2025-08-15 00:00:00-04:00,AAPL,231.58999633789062,hold,0.5228310537806959,Holding position - indicators suggest more upside potential.,"HOLD: swing trade, Q=0.464, P&L=$-24.99 (-0.5%), 24.0h",0.46371978863259433,0.5819423189287977,68.05149946019122,6.25759663000602
2025-08-15 00:00:00-04:00,MSFT,519.3162841796875,buy,0.5861373742037357,Strong upward momentum detected. Algorithm confidence: 59%. Good entry point for potential gains.,BUY: Momentum entry Q=0.593 >= 0.3,0.5930154034603128,0.5700886392717226,54.88349353572266,5.942551448902577
2025-08-15 00:00:00-04:00,GOOGL,203.89999389648438,buy,0.6005915421705119,Strong upward momentum detected. Algorithm confidence: 67%. Good entry point for potential gains.,BUY: Momentum entry Q=0.666 >= 0.3,0.6661158659435896,0.44770145336666417,68.5817666663494,5.441024985676904
2025-08-15 00:00:00-04:00,TSLA,330.55999755859375,hold,0.5131904729067289,Holding position - indicators suggest more upside potential.,"HOLD: swing trade, Q=0.455, P&L=$-70.28 (-1.5%), 24.0h",0.4552860327721604,0.5710949130412976,53.42616938118699,4.8541028015968095
2025-08-15 00:00:00-04:00,NVDA,180.4499969482422,buy,0.6073030807415021,Strong upward momentum detected. Algorithm confidence: 68%. Good entry point for potential gains.,BUY: Momentum entry Q=0.677 >= 0.3,0.6768363406943447,0.44505880751820276,56.53246823920262,5.081097814131397
2025-08-18 00:00:00-04:00,AAPL,230.88999938964844,sell,1.0,End of trading session - closing all positions.,FORCED EXIT: Held for 96.0 hours (max: 48),0.260753863330701,0.5609704927151702,71.04721842914002,6.393707658473346
2025-08-18 00:00:00-04:00,MSFT,516.2512817382812,sell,1.0,End of trading session - closing all positions.,FORCED EXIT: Held for 72.0 hours (max: 48),0.4902346385284175,0.6557225820584585,52.7780964657133,5.138782204369818
2025-08-18 00:00:00-04:00,GOOGL,203.5,sell,1.0,End of trading session - closing all positions.,FORCED EXIT: Held for 72.0 hours (max: 48),0.4356596466216625,0.42119104562145493,63.99425135340069,5.3917599733422605
2025-08-18 00:00:00-04:00,TSLA,335.1600036621094,sell,1.0,End of trading session - closing all positions.,FORCED EXIT: Held for 96.0 hours (max: 48),0.3890476050507641,0.6422201946374291,59.59581212018233,5.034060525901339
2025-08-18 00:00:00-04:00,NVDA,182.00999450683594,sell,1.0,End of trading session - closing all positions.,FORCED EXIT: Held for 72.0 hours (max: 48),0.4266267065673602,0.4207418567125264,61.34774746743926,4.879831776892161
2025-08-19 00:00:00-04:00,AAPL,230.55999755859375,buy,0.527375317919323,Strong upward momentum detected. Algorithm confidence: 46%. Good entry point for potential gains.,BUY: Momentum entry Q=0.458 >= 0.3,0.45758194343574743,0.6902265250476664,74.00808169832908,6.401159655410936
2025-08-19 00:00:00-04:00,MSFT,508.933349609375,buy,0.6480151702119054,Strong upward momentum detected. Algorithm confidence: 64%. Good entry point for potential gains.,BUY: Momentum entry Q=0.639 >= 0.3,0.6390875165432096,0.668846362105529,48.0326592634751,3.8667201796592963
2025-08-19 00:00:00-04:00,GOOGL,201.57000732421875,buy,0.6191543739562866,Strong upward momentum detected. Algorithm confidence: 62%. Good entry point for potential gains.,BUY: Momentum entry Q=0.616 >= 0.3,0.6160146333315567,0.6264804354139898,58.73789849390546,5.137757941412701
2025-08-19 00:00:00-04:00,TSLA,329.30999755859375,buy,0.6251309352155314,Strong upward momentum detected. Algorithm confidence: 59%. Good entry point for potential gains.,BUY: Momentum entry Q=0.594 >= 0.3,0.5943786910573493,0.6968861715846233,56.7185567821234,4.651017680265113
2025-08-19 00:00:00-04:00,NVDA,175.63999938964844,buy,0.6310944734856683,Strong upward momentum detected. Algorithm confidence: 61%. Good entry point for potential gains.,BUY: Momentum entry Q=0.607 >= 0.3,0.6068840619530765,0.6875854337283823,44.19199785937709,4.1583863335029605
2025-08-20 00:00:00-04:00,AAPL,226.00999450683594,hold,0.5666754495207209,Holding position - indicators suggest more upside potential.,"HOLD: swing trade, Q=0.465, P&L=$-95.55 (-2.0%), 24.0h",0.4650449178412682,0.6683059812001737,69.30756139623549,5.971087219761301
2025-08-20 00:00:00-04:00,MSFT,504.8900146484375,hold,0.6284411394550086,Holding position - indicators suggest more upside potential.,"HOLD: swing trade, Q=0.426, P&L=$-36.39 (-0.8%), 24.0h",0.4260816500090013,0.8308006289010159,30.70294942508039,2.503479961937728
2025-08-20 00:00:00-04:00,GOOGL,199.32000732421875,hold,0.6080236476671335,Holding position - indicators suggest more upside potential.,"HOLD: swing trade, Q=0.503, P&L=$-54.00 (-1.1%), 24.0h",0.5034824035160499,0.7125648918182171,64.02122626548517,4.700716372904822
2025-08-20 00:00:00-04:00,TSLA,323.8999938964844,hold,0.5594895366642827,Holding position - indicators suggest more upside potential.,"HOLD: swing trade, Q=0.538, P&L=$-81.15 (-1.6%), 24.0h",0.5378681152015137,0.5811109581270517,60.99620323064622,3.866342592487115
2025-08-20 00:00:00-04:00,NVDA,175.39999389648438,hold,0.5734546948468782,Holding position - indicators suggest more upside potential.,"HOLD: swing trade, Q=0.447, P&L=$-6.72 (-0.1%), 24.0h",0.44726483930627686,0.6996445503874795,45.89564802888467,3.526616544116507
2025-08-21 00:00:00-04:00,AAPL,224.89999389648438,sell,1.0,End of trading session - closing all positions.,FORCED EXIT: Held for 48.0 hours (max: 48),0.2197427157909733,0.616874858146695,75.6831799422083,5.477542246050348
2025-08-21 00:00:00-04:00,MSFT,504.239990234375,sell,1.0,End of trading session - closing all positions.,FORCED EXIT: Held for 48.0 hours (max: 48),0.48168720727373304,0.7233318397096784,34.945608199226825,1.3550307787043039
2025-08-21 00:00:00-04:00,GOOGL,199.75,sell,1.0,End of trading session - closing all positions.,FORCED EXIT: Held for 48.0 hours (max: 48),0.2738661815295936,0.6351186793551046,72.01497541632821,4.339036880285391
2025-08-21 00:00:00-04:00,TSLA,320.1099853515625,sell,1.0,End of trading session - closing all positions.,FORCED EXIT: Held for 48.0 hours (max: 48),0.4898088145640953,0.6935410019838965,62.626388654978705,2.9051709150891156
2025-08-21 00:00:00-04:00,NVDA,174.97999572753906,sell,1.0,End of trading session - closing all positions.,FORCED EXIT: Held for 48.0 hours (max: 48),0.4289755882539117,0.6388494562634784,52.38997158372266,2.957946723637292
2025-08-22 00:00:00-04:00,AAPL,227.75999450683594,buy,0.4032111402339181,Strong upward momentum detected. Algorithm confidence: 33%. Good entry point for potential gains.,BUY: Momentum entry Q=0.334 >= 0.3,0.3342449134890136,0.5641323359720286,76.67897600735917,5.256587774070681
2025-08-22 00:00:00-04:00,MSFT,507.2300109863281,buy,0.8263211837822882,Strong upward momentum detected. Algorithm confidence: 82%. Good entry point for potential gains.,BUY: Momentum entry Q=0.825 >= 0.3,0.8245241206007917,0.8305143312057801,24.795952748540373,0.6783268828372684
2025-08-22 00:00:00-04:00,GOOGL,206.08999633789062,buy,0.44497186225478036,Strong upward momentum detected. Algorithm confidence: 41%. Good entry point for potential gains.,BUY: Momentum entry Q=0.408 >= 0.3,0.4082697412392889,0.5306101446242607,72.50515101886066,4.5119767363237315
2025-08-22 00:00:00-04:00,TSLA,340.010009765625,buy,0.608518095307341,Strong upward momentum detected. Algorithm confidence: 56%. Good entry point for potential gains.,BUY: Momentum entry Q=0.564 >= 0.3,0.5644294381053466,0.7113916287786611,68.63861127902942,3.706475156254214
2025-08-22 00:00:00-04:00,NVDA,177.99000549316406,buy,0.5920597399178584,Strong upward momentum detected. Algorithm confidence: 63%. Good entry point for potential gains.,BUY: Momentum entry Q=0.631 >= 0.3,0.6309303452885768,0.5013616607195157,45.64748626942782,2.7188136350651178
2025-08-25 00:00:00-04:00,AAPL,227.16000366210938,sell,1.0,End of trading session - closing all positions.,FORCED EXIT: Held for 72.0 hours (max: 48),0.3400858193728825,0.5505322417039259,76.39698327527762,4.975708644318445
2025-08-25 00:00:00-04:00,MSFT,504.260009765625,sell,1.0,End of trading session - closing all positions.,FORCED EXIT: Held for 72.0 hours (max: 48),0.47364206376286017,0.68313666493837,27.24371095438292,-0.096507627346341
2025-08-25 00:00:00-04:00,GOOGL,208.49000549316406,sell,1.0,End of trading session - closing all positions.,FORCED EXIT: Held for 72.0 hours (max: 48),0.24973881447593033,0.6485688344766909,75.99704697739996,4.787506109010053
2025-08-25 00:00:00-04:00,TSLA,346.6000061035156,sell,1.0,End of trading session - closing all positions.,FORCED EXIT: Held for 72.0 hours (max: 48),0.19163429992412423,0.5161678258323992,71.39145480615453,4.817736304847699
2025-08-25 00:00:00-04:00,NVDA,179.80999755859375,sell,1.0,End of trading session - closing all positions.,FORCED EXIT: Held for 72.0 hours (max: 48),0.5012231504636059,0.6853586134099731,53.344844913073736,2.6456595722002305
2025-08-26 00:00:00-04:00,AAPL,229.30999755859375,buy,0.44443071972036674,Strong upward momentum detected. Algorithm confidence: 40%. Good entry point for potential gains.,BUY: Momentum entry Q=0.398 >= 0.3,0.3982766102254497,0.5521236418751733,71.34754250222097,4.8704529002797585
2025-08-26 00:00:00-04:00,MSFT,502.0400085449219,buy,0.5660504882022853,Strong upward momentum detected. Algorithm confidence: 60%. Good entry point for potential gains.,BUY: Momentum entry Q=0.595 >= 0.3,0.5953256693489363,0.4977417321934333,27.56834730813459,-0.8795660147275726
2025-08-26 00:00:00-04:00,GOOGL,207.13999938964844,buy,0.5005850663214956,Strong upward momentum detected. Algorithm confidence: 45%. Good entry point for potential gains.,BUY: Momentum entry Q=0.451 >= 0.3,0.4512454536365208,0.6157108292531035,70.84122606925348,4.841125431386871
2025-08-26 00:00:00-04:00,TSLA,351.6700134277344,buy,0.567508683464938,Strong upward momentum detected. Algorithm confidence: 52%. Good entry point for potential gains.,BUY: Momentum entry Q=0.525 >= 0.3,0.5253232029392962,0.6659414713581022,69.267163814362,6.037924554767756
2025-08-26 00:00:00-04:00,NVDA,181.77000427246094,buy,0.5605891845609627,Strong upward momentum detected. Algorithm confidence: 57%. Good entry point for potential gains.,BUY: Momentum entry Q=0.568 >= 0.3,0.5676743496129696,0.5440571327729468,54.90196702527214,2.714548980780364
2025-08-27 00:00:00-04:00,AAPL,230.49000549316406,sell,0.85,AI model detects potential price peak. Taking profits.,"SELL: ML profit peak ML=0.705, P&L=$24.78",0.4629406381243959,0.7050095180771899,66.4308282110925,4.826615524086634
2025-08-27 00:00:00-04:00,MSFT,506.739990234375,sell,0.85,AI model detects potential price peak. Taking profits.,"SELL: ML profit peak ML=0.792, P&L=$42.30",0.344881896871217,0.7916188740691319,36.68294095844042,-1.1081224397025835
2025-08-27 00:00:00-04:00,GOOGL,207.47999572753906,sell,0.85,AI model detects potential price peak. Taking profits.,"SELL: ML profit peak ML=0.587, P&L=$8.16",0.3372555089431146,0.5869570590087376,70.74188343003411,4.855087566398282
2025-08-27 00:00:00-04:00,TSLA,349.6000061035156,hold,0.5476365097775857,Holding position - indicators suggest more upside potential.,"HOLD: swing trade, Q=0.371, P&L=$-28.98 (-0.6%), 24.0h",0.37072547952606827,0.724547540029103,66.638253472937,6.759975453431025
2025-08-27 00:00:00-04:00,NVDA,181.60000610351562,hold,0.5547776561677765,Holding position - indicators suggest more upside potential.,"HOLD: swing trade, Q=0.459, P&L=$-4.59 (-0.1%), 24.0h",0.45948028554786413,0.6500750267876889,51.82097622671096,2.724026025526655
2025-08-28 00:00:00-04:00,AAPL,232.55999755859375,buy,0.6001018462958057,Strong upward momentum detected. Algorithm confidence: 60%. Good entry point for potential gains.,BUY: Momentum entry Q=0.596 >= 0.3,0.5963244294333087,0.6089158189749653,56.84414800350801,4.902393408082588
2025-08-28 00:00:00-04:00,MSFT,509.6400146484375,buy,0.5694626903412319,Strong upward momentum detected. Algorithm confidence: 43%. Good entry point for potential gains.,BUY: Momentum entry Q=0.433 >= 0.3,0.432551589397335,0.8889219258769914,38.778261426801535,-1.0432217089777396
2025-08-28 00:00:00-04:00,GOOGL,211.63999938964844,buy,0.6057179009307919,Strong upward momentum detected. Algorithm confidence: 62%. Good entry point for potential gains.,BUY: Momentum entry Q=0.618 >= 0.3,0.6175544297930724,0.5780993335854708,69.89878559349528,5.142550071815975
2025-08-28 00:00:00-04:00,TSLA,345.9800109863281,sell,1.0,End of trading session - closing all positions.,FORCED EXIT: Held for 48.0 hours (max: 48),0.40446966043380495,0.5474181775063092,60.41853093616508,6.959873550403813
2025-08-28 00:00:00-04:00,NVDA,180.1699981689453,sell,1.0,End of trading session - closing all positions.,FORCED EXIT: Held for 48.0 hours (max: 48),0.4248341804010738,0.6827568531491017,44.32482201533407,2.586333321923121
2025-08-29 00:00:00-04:00,AAPL,232.13999938964844,hold,0.5678684499855293,Holding position - indicators suggest more upside potential.,"HOLD: swing trade, Q=0.435, P&L=$-8.82 (-0.2%), 24.0h",0.43491913189314246,0.7008177680779163,60.393978598046026,4.872391686532978
2025-08-29 00:00:00-04:00,MSFT,506.69000244140625,sell,0.8,Algorithm confidence dropped. Exiting position to preserve capital.,SELL: Conviction lost Q=0.211 <= 0.35,0.21115770414007998,0.6812853361908042,36.85737972106453,-1.2158136007487315
2025-08-29 00:00:00-04:00,GOOGL,212.91000366210938,sell,0.85,AI model detects potential price peak. Taking profits.,"SELL: ML profit peak ML=0.500, P&L=$29.21",0.2028956306192833,0.49950655674626654,72.44632097674771,5.410476306378655
2025-08-29 00:00:00-04:00,TSLA,333.8699951171875,buy,0.6739767684751514,Strong upward momentum detected. Algorithm confidence: 62%. Good entry point for potential gains.,BUY: Momentum entry Q=0.618 >= 0.3,0.6183015792411938,0.8038855433543859,46.81874266929622,6.071132918295405
2025-08-29 00:00:00-04:00,NVDA,174.17999267578125,buy,0.5807917506316664,Strong upward momentum detected. Algorithm confidence: 55%. Good entry point for potential gains.,BUY: Momentum entry Q=0.546 >= 0.3,0.5458136933206064,0.6624072176908067,35.74531113194193,1.971145343042025
2025-09-02 00:00:00-04:00,AAPL,229.72000122070312,sell,1.0,End of trading session - closing all positions.,FORCED EXIT: Held for 120.0 hours (max: 48),0.4489419111466472,0.6151011247700751,50.14701245568479,4.600311946069297
2025-09-02 00:00:00-04:00,MSFT,505.1199951171875,buy,0.6582611810096066,Strong upward momentum detected. Algorithm confidence: 66%. Good entry point for potential gains.,BUY: Momentum entry Q=0.665 >= 0.3,0.664524288350993,0.6436472638797054,25.892869573141326,-1.4624224922363283
2025-09-02 00:00:00-04:00,GOOGL,211.35000610351562,buy,0.61761074110789,Strong upward momentum detected. Algorithm confidence: 60%. Good entry point for potential gains.,BUY: Momentum entry Q=0.596 >= 0.3,0.5964015171476481,0.6670989303484547,65.55343545376434,5.434287923582673
2025-09-02 00:00:00-04:00,TSLA,329.3599853515625,sell,1.0,End of trading session - closing all positions.,FORCED EXIT: Held for 96.0 hours (max: 48),0.4072512690324489,0.6841466800579815,43.15035792569523,4.945866596527537
2025-09-02 00:00:00-04:00,NVDA,170.77999877929688,sell,1.0,End of trading session - closing all positions.,FORCED EXIT: Held for 96.0 hours (max: 48),0.5895723390978853,0.857532203923749,29.32533190632725,1.1954726801758682
2025-09-03 00:00:00-04:00,AAPL,238.47000122070312,buy,0.5593773893760641,Strong upward momentum detected. Algorithm confidence: 47%. Good entry point for potential gains.,BUY: Momentum entry Q=0.468 >= 0.3,0.46782797782051555,0.7729926830056776,58.898894107241645,5.032724548884715
2025-09-03 00:00:00-04:00,MSFT,505.3500061035156,sell,0.85,AI model detects potential price peak. Taking profits.,"SELL: ML profit peak ML=0.737, P&L=$2.07",0.28237343661673703,0.7371374893951257,31.944422085513338,-1.6206203485695596
2025-09-03 00:00:00-04:00,GOOGL,230.66000366210938,sell,0.88,Exit signal triggered. Closing position with loss.,SELL: Swing trade profit 9.1% >= 1.5% (24.0h),0.21495382483475817,0.5701496828807072,82.85257759437101,6.93141320756385
2025-09-03 00:00:00-04:00,TSLA,334.0899963378906,buy,0.5928363624233906,Strong upward momentum detected. Algorithm confidence: 55%. Good entry point for potential gains.,BUY: Momentum entry Q=0.552 >= 0.3,0.5520178615923068,0.6880795310292527,46.96221285311868,4.385207345088645
2025-09-03 00:00:00-04:00,NVDA,170.6199951171875,buy,0.70029239015659,Strong upward momentum detected. Algorithm confidence: 62%. Good entry point for potential gains.,BUY: Momentum entry Q=0.625 >= 0.3,0.6248367798321349,0.8763554809136518,30.77464080644195,0.561364487731538
2025-09-04 00:00:00-04:00,AAPL,239.77999877929688,sell,0.85,AI model detects potential price peak. Taking profits.,"SELL: ML profit peak ML=0.605, P&L=$26.20",0.4842425828868348,0.6054712521629508,61.80837339368211,5.418657595093634
2025-09-04 00:00:00-04:00,MSFT,507.9700012207031,buy,0.4582184286043246,Strong upward momentum detected. Algorithm confidence: 35%. Good entry point for potential gains.,BUY: Momentum entry Q=0.349 >= 0.3,0.3491572568855877,0.712694495948044,33.158606836017356,-1.5170934705527657
2025-09-04 00:00:00-04:00,GOOGL,232.3000030517578,buy,0.4262252758809908,Strong upward momentum detected. Algorithm confidence: 35%. Good entry point for potential gains.,BUY: Momentum entry Q=0.348 >= 0.3,0.34755753571394465,0.6097833362707652,83.1078181539748,8.156210310625738
2025-09-04 00:00:00-04:00,TSLA,338.5299987792969,sell,0.85,AI model detects potential price peak. Taking profits.,"SELL: ML profit peak ML=0.662, P&L=$62.16",0.4386532887276204,0.6617545562022331,51.68168362511326,4.250158754870142
2025-09-04 00:00:00-04:00,NVDA,171.66000366210938,sell,0.85,AI model detects potential price peak. Taking profits.,"SELL: ML profit peak ML=0.854, P&L=$30.16",0.4802187432861826,0.8536039973990149,32.22376462320936,0.14112240335742854
2025-09-05 00:00:00-04:00,AAPL,239.69000244140625,buy,0.622872815809495,Strong upward momentum detected. Algorithm confidence: 60%. Good entry point for potential gains.,BUY: Momentum entry Q=0.601 >= 0.3,0.6012480907387076,0.6733305076413326,64.19063128877522,5.652096512091163
2025-09-05 00:00:00-04:00,MSFT,495.0,sell,0.95,Stop loss triggered to limit losses. Protecting capital.,SELL: Stop loss 2.6% >= 2.0%,0.45862605648783117,0.666996410733875,26.25193579883667,-2.453337826230495
2025-09-05 00:00:00-04:00,GOOGL,235.0,sell,0.85,AI model detects potential price peak. Taking profits.,"SELL: ML profit peak ML=0.701, P&L=$56.70",0.29184983460413016,0.7006849480484018,83.74567617846695,9.23824528683744
2025-09-05 00:00:00-04:00,TSLA,350.8399963378906,buy,0.6669549779134382,Strong upward momentum detected. Algorithm confidence: 69%. Good entry point for potential gains.,BUY: Momentum entry Q=0.694 >= 0.3,0.6939447703359068,0.6039787955943448,60.67367328169336,5.077910704474334
2025-09-05 00:00:00-04:00,NVDA,167.02000427246094,buy,0.4928703943535195,Strong upward momentum detected. Algorithm confidence: 50%. Good entry point for potential gains.,BUY: Momentum entry Q=0.504 >= 0.3,0.5038749339569233,0.4671931352789107,29.15246272234424,-0.5598777269173638
