date,symbol,price,decision,confidence,reason,technical_reason,q_value,ml_confidence,rsi,macd
2024-01-02 00:00:00-05:00,AAPL,184.08151245117188,buy,0.44154236597223284,Strong upward momentum detected. Algorithm confidence: 43%. Good entry point for potential gains.,BUY: Momentum entry Q=0.428 >= 0.3,0.4276243681218137,0.4740176942898776,50,0.0
2024-01-03 00:00:00-05:00,AAPL,182.7031707763672,hold,0.024678135609266738,Waiting for better opportunity. No clear buy signal yet.,"HOLD: No entry signal (Q=0.049, RSI=50.0, ML=0.663)",0.049356271218533476,0.663062025741716,50,-0.10995318203569582
2024-01-04 00:00:00-05:00,AAPL,180.38279724121094,buy,0.3647734788877618,Strong upward momentum detected. Algorithm confidence: 30%. Good entry point for potential gains.,BUY: Momentum entry Q=0.300 >= 0.3,0.3004669089913993,0.5148221419792743,50,-0.3799468325087503
2024-01-05 00:00:00-05:00,AAPL,179.65895080566406,hold,0.10203763330045704,Waiting for better opportunity. No clear buy signal yet.,"HOLD: No entry signal (Q=0.204, RSI=50.0, ML=0.631)",0.20407526660091407,0.6309599849959306,50,-0.6448931765126531
2024-01-08 00:00:00-05:00,AAPL,184.00218200683594,hold,0.05939701711423391,Waiting for better opportunity. No clear buy signal yet.,"HOLD: No entry signal (Q=0.119, RSI=50.0, ML=0.548)",0.11879403422846782,0.5476604473005411,50,-0.4986544251229361
2024-01-09 00:00:00-05:00,AAPL,183.58570861816406,hold,0.12044048240432954,Waiting for better opportunity. No clear buy signal yet.,"HOLD: No entry signal (Q=0.241, RSI=50.0, ML=0.550)",0.2408809648086591,0.5495341937774565,50,-0.41162018167608494
2024-01-10 00:00:00-05:00,AAPL,184.6268768310547,hold,0.1320069991282707,Waiting for better opportunity. No clear buy signal yet.,"HOLD: No entry signal (Q=0.264, RSI=50.0, ML=0.397)",0.2640139982565414,0.39722712196325527,50,-0.2556839775862727
2024-01-11 00:00:00-05:00,AAPL,184.03192138671875,hold,0.12576017272664955,Waiting for better opportunity. No clear buy signal yet.,"HOLD: No entry signal (Q=0.252, RSI=50.0, ML=0.692)",0.2515203454532991,0.6921035268416691,50,-0.17805879355879028
2024-01-12 00:00:00-05:00,AAPL,184.35914611816406,hold,0.1458512295194553,Waiting for better opportunity. No clear buy signal yet.,"HOLD: No entry signal (Q=0.292, RSI=50.0, ML=0.543)",0.2917024590389106,0.54303804837808,50,-0.0891087842645959
