date,symbol,action,shares,price,cost,reason,technical_reason,cash_after,total_position,avg_price,buy_price,sell_price,cost_basis,proceeds,pnl,pnl_pct,cumulative_pnl,running_total_pnl
2025-06-11 00:00:00-04:00,AAPL,BUY,25,198.55465698242188,4968.830290985107,Strong upward momentum detected. Algorithm confidence: 46%. Good entry point for potential gains.,BUY: Momentum entry Q=0.457 >= 0.35,95031.1697090149,25.0,198.55465698242188,,,,,,,,0.0
2025-06-11 00:00:00-04:00,MSFT,BUY,10,471.8443298339844,4723.161741638183,Strong upward momentum detected. Algorithm confidence: 44%. Good entry point for potential gains.,BUY: Momentum entry Q=0.439 >= 0.35,90308.00796737672,10.0,471.8443298339844,,,,,,,,0.0
2025-06-11 00:00:00-04:00,GOOGL,BUY,28,177.1915283203125,4966.324155761718,Strong upward momentum detected. Algorithm confidence: 38%. Good entry point for potential gains.,BUY: Momentum entry Q=0.385 >= 0.35,85341.683811615,28.0,177.1915283203125,,,,,,,,0.0
2025-06-11 00:00:00-04:00,NVDA,BUY,35,142.8300018310547,5004.049114151,Strong upward momentum detected. Algorithm confidence: 38%. Good entry point for potential gains.,BUY: Momentum entry Q=0.384 >= 0.35,80337.634697464,35.0,142.8300018310547,,,,,,,,0.0
2025-06-12 00:00:00-04:00,AAPL,SELL,25,,,"AI model detects potential price peak. Taking profits ($5.51, 0.1%).","SELL: ML profit peak ML=0.429, P&L=$10.49",85307.01489613343,,,198.55465698242188,198.97418212890625,4963.866424560547,4969.380198669433,5.513774108886537,0.11107821277391995,5.513774108886537,5.513774108886537
2025-06-12 00:00:00-04:00,MSFT,SELL,10,,,"AI model detects potential price peak. Taking profits ($57.62, 1.2%).","SELL: ML profit peak ML=0.462, P&L=$62.40",90083.0748146515,,,471.8443298339844,478.0840759277344,4718.443298339844,4776.059918518066,57.61662017822255,1.2210938340298507,57.61662017822255,63.130394287109084
2025-06-12 00:00:00-04:00,GOOGL,SELL,28,,,"Algorithm confidence dropped. Exiting position to preserve capital ($-51.07, -1.0%).",SELL: Conviction lost Q=0.171 <= 0.3,94993.3635901642,,,177.1915283203125,175.54299926757812,4961.36279296875,4910.288775512695,-51.07401745605512,-1.0294352496946462,-51.07401745605512,12.056376831053967
2025-06-12 00:00:00-04:00,NVDA,SELL,35,,,"AI model detects potential price peak. Taking profits ($70.87, 1.4%).","SELL: ML profit peak ML=0.515, P&L=$75.95",100063.2885901642,,,142.8300018310547,145.0,4999.050064086914,5069.925,70.87493591308612,1.4177680760240907,70.87493591308612,82.93131274414009
2025-06-13 00:00:00-04:00,AAPL,BUY,25,196.227294921875,4910.588055419921,Strong upward momentum detected. Algorithm confidence: 44%. Good entry point for potential gains.,BUY: Momentum entry Q=0.440 >= 0.35,95152.70053474428,25.0,196.227294921875,,,,,,,,82.93131274414009
2025-06-13 00:00:00-04:00,MSFT,BUY,10,474.18048095703125,4746.546614379882,Strong upward momentum detected. Algorithm confidence: 48%. Good entry point for potential gains.,BUY: Momentum entry Q=0.482 >= 0.35,90406.15392036439,10.0,474.18048095703125,,,,,,,,82.93131274414009
2025-06-13 00:00:00-04:00,GOOGL,BUY,28,174.513916015625,4891.276038085937,Strong upward momentum detected. Algorithm confidence: 41%. Good entry point for potential gains.,BUY: Momentum entry Q=0.407 >= 0.35,85514.87788227845,28.0,174.513916015625,,,,,,,,82.93131274414009
2025-06-13 00:00:00-04:00,TSLA,BUY,15,325.30999755859375,4884.529613342284,Strong upward momentum detected. Algorithm confidence: 46%. Good entry point for potential gains.,BUY: Momentum entry Q=0.457 >= 0.35,80630.34826893617,15.0,325.30999755859375,,,,,,,,82.93131274414009
2025-06-13 00:00:00-04:00,NVDA,BUY,35,141.97000122070312,4973.918992767333,Strong upward momentum detected. Algorithm confidence: 62%. Good entry point for potential gains.,BUY: Momentum entry Q=0.615 >= 0.35,75656.42927616884,35.0,141.97000122070312,,,,,,,,82.93131274414009
2025-06-16 00:00:00-04:00,AAPL,SELL,25,,,"End of trading session - closing all positions ($44.24, 0.9%).",FORCED EXIT: Held for 72.0 hours (max: 48),80606.35110844423,,,196.227294921875,198.195068359375,4905.682373046875,4949.92183227539,44.23945922851544,0.90180031776168,49.75323333740198,127.17077197265553
2025-06-16 00:00:00-04:00,MSFT,SELL,10,,,"End of trading session - closing all positions ($36.95, 0.8%).",FORCED EXIT: Held for 72.0 hours (max: 48),85385.1039490204,,,474.18048095703125,478.3536376953125,4741.8048095703125,4778.752840576172,36.948031005859775,0.7791976365473359,94.56465118408232,164.1188029785153
2025-06-16 00:00:00-04:00,GOOGL,SELL,28,,,"End of trading session - closing all positions ($53.80, 1.1%).",FORCED EXIT: Held for 72.0 hours (max: 48),90325.29607981874,,,174.513916015625,176.61204528808594,4886.3896484375,4940.19213079834,53.80248236084026,1.1010681961894802,2.7284649047851417,217.92128533935556
2025-06-16 00:00:00-04:00,TSLA,SELL,15,,,"End of trading session - closing all positions ($52.36, 1.1%).",FORCED EXIT: Held for 72.0 hours (max: 48),95257.30920298769,,,325.30999755859375,329.1300048828125,4879.649963378906,4932.013123168946,52.36315979003939,1.0730925411252368,52.36315979003939,270.28444512939495
2025-06-16 00:00:00-04:00,NVDA,SELL,35,,,"End of trading session - closing all positions ($90.14, 1.8%).",FORCED EXIT: Held for 72.0 hours (max: 48),100316.39513835145,,,141.97000122070312,144.69000244140625,4968.950042724609,5059.08593536377,90.13589263916037,1.813982669661465,161.0108285522465,360.4203377685553
2025-06-17 00:00:00-04:00,AAPL,BUY,25,195.418212890625,4890.34077758789,Strong upward momentum detected. Algorithm confidence: 36%. Good entry point for potential gains.,BUY: Momentum entry Q=0.365 >= 0.35,95426.05436076356,25.0,195.418212890625,,,,,,,,360.4203377685553
2025-06-17 00:00:00-04:00,MSFT,BUY,10,477.25543212890625,4777.326875610351,Strong upward momentum detected. Algorithm confidence: 60%. Good entry point for potential gains.,BUY: Momentum entry Q=0.605 >= 0.35,90648.72748515321,10.0,477.25543212890625,,,,,,,,360.4203377685553
2025-06-17 00:00:00-04:00,GOOGL,BUY,28,175.7927703857422,4927.119768371582,Strong upward momentum detected. Algorithm confidence: 37%. Good entry point for potential gains.,BUY: Momentum entry Q=0.369 >= 0.35,85721.60771678163,28.0,175.7927703857422,,,,,,,,360.4203377685553
2025-06-17 00:00:00-04:00,TSLA,BUY,15,316.3500061035156,4749.995341644287,Strong upward momentum detected. Algorithm confidence: 36%. Good entry point for potential gains.,BUY: Momentum entry Q=0.362 >= 0.35,80971.61237513734,15.0,316.3500061035156,,,,,,,,360.4203377685553
2025-06-17 00:00:00-04:00,NVDA,BUY,34,144.1199951171875,4904.979913818359,Strong upward momentum detected. Algorithm confidence: 53%. Good entry point for potential gains.,BUY: Momentum entry Q=0.534 >= 0.35,76066.63246131898,34.0,144.1199951171875,,,,,,,,360.4203377685553
2025-06-18 00:00:00-04:00,AAPL,SELL,25,,,"AI model detects potential price peak. Taking profits ($18.56, 0.4%).","SELL: ML profit peak ML=0.642, P&L=$23.47",80970.65221305848,,,195.418212890625,196.35714721679688,4885.455322265625,4904.019751739502,18.56442947387677,0.37999384395695457,68.31766281127875,378.9847672424321
2025-06-18 00:00:00-04:00,MSFT,SELL,10,,,"AI model detects potential price peak. Taking profits ($17.17, 0.4%).","SELL: ML profit peak ML=0.601, P&L=$21.96",85760.37582237244,,,477.25543212890625,479.4518127441406,4772.5543212890625,4789.7236093139645,17.169288024902016,0.3597504998175612,111.73393920898434,396.1540552673341
2025-06-18 00:00:00-04:00,GOOGL,SELL,28,,,"Algorithm confidence dropped. Exiting position to preserve capital ($-78.42, -1.6%).",SELL: Conviction lost Q=0.275 <= 0.3,90604.15085594179,,,175.7927703857422,173.16513061523438,4922.197570800781,4843.775033569336,-78.42253723144495,-1.5932423699661973,-75.6940723266598,317.73151803588917
2025-06-18 00:00:00-04:00,TSLA,SELL,15,,,"AI model detects potential price peak. Taking profits ($80.67, 1.7%).","SELL: ML profit peak ML=0.560, P&L=$85.50",95430.06992301942,,,316.3500061035156,322.04998779296875,4745.250091552734,4825.919067077637,80.66897552490263,1.6999941829937617,133.03213531494202,398.4004935607918
2025-06-18 00:00:00-04:00,NVDA,SELL,34,,,"AI model detects potential price peak. Taking profits ($41.29, 0.8%).","SELL: ML profit peak ML=0.501, P&L=$46.24",100371.44345790101,,,144.1199951171875,145.47999572753906,4900.079833984375,4941.373534881592,41.293700897216695,0.842714859680965,202.3045294494632,439.6941944580085
2025-06-20 00:00:00-04:00,AAPL,BUY,24,200.7721405029297,4823.349903442382,Strong upward momentum detected. Algorithm confidence: 49%. Good entry point for potential gains.,BUY: Momentum entry Q=0.486 >= 0.35,95548.09355445862,24.0,200.7721405029297,,,,,,,,439.6941944580085
2025-06-20 00:00:00-04:00,MSFT,BUY,10,476.6164855957031,4770.931020812988,Strong upward momentum detected. Algorithm confidence: 46%. Good entry point for potential gains.,BUY: Momentum entry Q=0.464 >= 0.35,90777.16253364563,10.0,476.6164855957031,,,,,,,,439.6941944580085
2025-06-20 00:00:00-04:00,GOOGL,BUY,30,166.4910888671875,4999.72739868164,Strong upward momentum detected. Algorithm confidence: 40%. Good entry point for potential gains.,BUY: Momentum entry Q=0.395 >= 0.35,85777.43513496399,30.0,166.4910888671875,,,,,,,,439.6941944580085
2025-06-20 00:00:00-04:00,TSLA,BUY,15,322.1600036621094,4837.232454986572,Strong upward momentum detected. Algorithm confidence: 40%. Good entry point for potential gains.,BUY: Momentum entry Q=0.404 >= 0.35,80940.20267997742,15.0,322.1600036621094,,,,,,,,439.6941944580085
2025-06-20 00:00:00-04:00,NVDA,BUY,34,143.85000610351562,4895.79110772705,Strong upward momentum detected. Algorithm confidence: 61%. Good entry point for potential gains.,BUY: Momentum entry Q=0.609 >= 0.35,76044.41157225036,34.0,143.85000610351562,,,,,,,,439.6941944580085
2025-06-23 00:00:00-04:00,AAPL,SELL,24,,,"End of trading session - closing all positions ($7.16, 0.1%).",FORCED EXIT: Held for 72.0 hours (max: 48),80870.09887669372,,,200.7721405029297,201.27157592773438,4818.5313720703125,4825.68730444336,7.155932373047108,0.1485085770018037,75.47359518432586,446.8501268310556
2025-06-23 00:00:00-04:00,MSFT,SELL,10,,,"End of trading session - closing all positions ($81.01, 1.7%).",FORCED EXIT: Held for 72.0 hours (max: 48),85717.27047367858,,,476.6164855957031,485.2023620605469,4766.164855957031,4847.171596984863,81.0067410278316,1.6996210470266182,192.74068023681593,527.8568678588872
2025-06-23 00:00:00-04:00,GOOGL,SELL,30,,,"End of trading session - closing all positions ($-48.41, -1.0%).",FORCED EXIT: Held for 72.0 hours (max: 48),90663.59086949157,,,166.4910888671875,165.04238891601562,4994.732666015625,4946.320395812988,-48.412270202637046,-0.9692664941216215,-124.10634252929685,479.44459765625015
2025-06-23 00:00:00-04:00,TSLA,SELL,15,,,"End of trading session - closing all positions ($392.57, 8.1%).",FORCED EXIT: Held for 72.0 hours (max: 48),95888.56055973815,,,322.1600036621094,348.67999267578125,4832.400054931641,5224.969690246582,392.5696353149415,8.12369900779034,525.6017706298835,872.0142329711916
2025-06-23 00:00:00-04:00,NVDA,SELL,34,,,"End of trading session - closing all positions ($5.98, 0.1%).",FORCED EXIT: Held for 72.0 hours (max: 48),100785.43871754454,,,143.85000610351562,144.1699981689453,4890.900207519531,4896.878157806396,5.9779502868650525,0.1222259713595103,208.28247973632824,877.9921832580567
2025-06-24 00:00:00-04:00,AAPL,BUY,24,200.07293701171875,4806.552238769531,Strong upward momentum detected. Algorithm confidence: 74%. Good entry point for potential gains.,BUY: Momentum entry Q=0.735 >= 0.35,95978.886478775,24.0,200.07293701171875,,,,,,,,877.9921832580567
2025-06-24 00:00:00-04:00,MSFT,BUY,10,489.30560302734375,4897.949086303711,Strong upward momentum detected. Algorithm confidence: 65%. Good entry point for potential gains.,BUY: Momentum entry Q=0.647 >= 0.35,91080.9373924713,10.0,489.30560302734375,,,,,,,,877.9921832580567
2025-06-24 00:00:00-04:00,GOOGL,BUY,30,166.62098693847656,5003.62823776245,Strong upward momentum detected. Algorithm confidence: 40%. Good entry point for potential gains.,BUY: Momentum entry Q=0.397 >= 0.35,86077.30915470886,30.0,166.62098693847656,,,,,,,,877.9921832580567
2025-06-24 00:00:00-04:00,TSLA,BUY,14,340.4700012207031,4771.346597106933,Strong upward momentum detected. Algorithm confidence: 60%. Good entry point for potential gains.,BUY: Momentum entry Q=0.603 >= 0.35,81305.96255760192,14.0,340.4700012207031,,,,,,,,877.9921832580567
2025-06-24 00:00:00-04:00,NVDA,BUY,33,147.89999389648438,4885.580498382567,Strong upward momentum detected. Algorithm confidence: 60%. Good entry point for potential gains.,BUY: Momentum entry Q=0.597 >= 0.35,76420.38205921935,33.0,147.89999389648438,,,,,,,,877.9921832580567
2025-06-25 00:00:00-04:00,AAPL,SELL,24,,,"AI model detects potential price peak. Taking profits ($25.37, 0.5%).","SELL: ML profit peak ML=0.402, P&L=$30.21",81247.50640174864,,,200.07293701171875,201.33151245117188,4801.75048828125,4827.124342529297,25.373854248046882,0.5284292532477933,100.84744943237274,903.3660375061036
2025-06-25 00:00:00-04:00,MSFT,SELL,10,,,"AI model detects potential price peak. Taking profits ($16.65, 0.3%).","SELL: ML profit peak ML=0.459, P&L=$21.56",86157.21244758605,,,489.30560302734375,491.4620666503906,4893.0560302734375,4909.706045837403,16.6500155639651,0.3402784570818546,209.39069580078103,920.0160530700687
2025-06-25 00:00:00-04:00,GOOGL,SELL,30,,,"Exit signal triggered. Closing position with profit ($112.08, 2.2%).",SELL: Swing trade profit 2.3% >= 2.0% (24.0h),91267.92105552672,,,166.62098693847656,170.52748107910156,4998.629608154297,5110.708607940674,112.0789997863767,2.242194532748366,-12.027342742920155,1032.0950528564454
2025-06-25 00:00:00-04:00,TSLA,SELL,14,,,"Stop loss triggered to limit losses. Protecting capital ($-185.47, -3.9%).",SELL: Stop loss 3.8% >= 2.0%,95849.03518479918,,,340.4700012207031,327.54998779296875,4766.580017089844,4581.114129272461,-185.4658878173832,-3.8909634822540187,340.1358828125003,846.6291650390622
2025-06-25 00:00:00-04:00,NVDA,SELL,33,,,"Exit signal triggered. Closing position with profit ($206.44, 4.2%).",SELL: Swing trade profit 4.3% >= 2.0% (24.0h),100936.17287431334,,,147.89999389648438,154.30999755859375,4880.699798583984,5087.13768951416,206.43789093017585,4.229678108661155,414.7203706665041,1053.067055969238
2025-06-26 00:00:00-04:00,AAPL,BUY,24,200.7721405029297,4823.349903442382,Strong upward momentum detected. Algorithm confidence: 60%. Good entry point for potential gains.,BUY: Momentum entry Q=0.603 >= 0.35,96112.82297087096,24.0,200.7721405029297,,,,,,,,1053.067055969238
2025-06-26 00:00:00-04:00,MSFT,BUY,10,496.6335754394531,4971.302090148925,Strong upward momentum detected. Algorithm confidence: 57%. Good entry point for potential gains.,BUY: Momentum entry Q=0.575 >= 0.35,91141.52088072203,10.0,496.6335754394531,,,,,,,,1053.067055969238
2025-06-26 00:00:00-04:00,GOOGL,BUY,28,173.38491821289062,4859.632487670898,Strong upward momentum detected. Algorithm confidence: 42%. Good entry point for potential gains.,BUY: Momentum entry Q=0.419 >= 0.35,86281.88839305114,28.0,173.38491821289062,,,,,,,,1053.067055969238
2025-06-26 00:00:00-04:00,TSLA,BUY,15,325.7799987792969,4891.586681671142,Strong upward momentum detected. Algorithm confidence: 64%. Good entry point for potential gains.,BUY: Momentum entry Q=0.642 >= 0.35,81390.30171137999,15.0,325.7799987792969,,,,,,,,1053.067055969238
2025-06-26 00:00:00-04:00,NVDA,BUY,32,155.02000427246094,4965.600776855468,Strong upward momentum detected. Algorithm confidence: 69%. Good entry point for potential gains.,BUY: Momentum entry Q=0.693 >= 0.35,76424.70093452452,32.0,155.02000427246094,,,,,,,,1053.067055969238
2025-06-27 00:00:00-04:00,AAPL,SELL,24,,,"AI model detects potential price peak. Taking profits ($-2.90, -0.1%).","SELL: ML profit peak ML=0.610, P&L=$1.92",81240.32970405577,,,200.7721405029297,200.85205078125,4818.5313720703125,4815.62876953125,-2.9026025390621726,-0.060238323981588,97.94484689331057,1050.1644534301759
2025-06-27 00:00:00-04:00,GOOGL,SELL,28,,,"Exit signal triggered. Closing position with profit ($134.60, 2.8%).",SELL: Swing trade profit 2.9% >= 2.0% (24.0h),86229.70843885801,,,173.38491821289062,178.37046813964844,4854.7777099609375,4989.378734802246,134.60102484130857,2.7725476403407066,122.57368209838842,1184.7654782714844
2025-06-27 00:00:00-04:00,NVDA,SELL,32,,,"AI model detects potential price peak. Taking profits ($82.31, 1.7%).","SELL: ML profit peak ML=0.563, P&L=$87.36",91272.66043885802,,,155.02000427246094,157.75,4960.64013671875,5042.952,82.31186328125023,1.659299223742845,497.0322339477543,1267.0773415527347
2025-06-30 00:00:00-04:00,AAPL,BUY,24,204.93740844726562,4923.416300537109,Strong upward momentum detected. Algorithm confidence: 60%. Good entry point for potential gains.,BUY: Momentum entry Q=0.598 >= 0.35,86349.24413832091,24.0,204.93740844726562,,,,,,,,1267.0773415527347
2025-06-30 00:00:00-04:00,MSFT,SELL,10,,,"End of trading session - closing all positions ($-5.37, -0.1%).",FORCED EXIT: Held for 96.0 hours (max: 48),91310.2147862091,,,496.6335754394531,496.5936584472656,4966.335754394531,4960.9706478881835,-5.365106506347729,-0.10802947629145573,204.0255892944333,1261.712235046387
2025-06-30 00:00:00-04:00,GOOGL,BUY,28,176.07252502441406,4934.960731384277,Strong upward momentum detected. Algorithm confidence: 37%. Good entry point for potential gains.,BUY: Momentum entry Q=0.370 >= 0.35,86375.25405482482,28.0,176.07252502441406,,,,,,,,1261.712235046387
2025-06-30 00:00:00-04:00,TSLA,SELL,15,,,"End of trading session - closing all positions ($-126.56, -2.6%).",FORCED EXIT: Held for 96.0 hours (max: 48),91135.38920970153,,,325.7799987792969,317.6600036621094,4886.699981689453,4760.135154876709,-126.56482681274429,-2.5899856198863205,213.57105599975603,1135.1474082336426
2025-06-30 00:00:00-04:00,NVDA,BUY,31,157.99000549316406,4902.587860458373,Strong upward momentum detected. Algorithm confidence: 57%. Good entry point for potential gains.,BUY: Momentum entry Q=0.569 >= 0.35,86232.80134924316,31.0,157.99000549316406,,,,,,,,1135.1474082336426
2025-07-01 00:00:00-04:00,AAPL,SELL,24,,,"AI model detects potential price peak. Taking profits ($58.55, 1.2%).","SELL: ML profit peak ML=0.689, P&L=$63.53",91209.8452022705,,,204.93740844726562,207.58441162109375,4918.497802734375,4977.043853027344,58.546050292969085,1.1903238070050812,156.49089718627965,1193.6934585266117
2025-07-01 00:00:00-04:00,MSFT,BUY,10,491.242431640625,4917.336740722656,Strong upward momentum detected. Algorithm confidence: 56%. Good entry point for potential gains.,BUY: Momentum entry Q=0.556 >= 0.35,86292.50846154784,10.0,491.242431640625,,,,,,,,1193.6934585266117
2025-07-01 00:00:00-04:00,GOOGL,SELL,28,,,"Algorithm confidence dropped. Exiting position to preserve capital ($-15.83, -0.3%).",SELL: Conviction lost Q=0.176 <= 0.3,91206.70945861815,,,176.07252502441406,175.682861328125,4930.030700683594,4914.200997070312,-15.829703613281708,-0.3210873232713698,106.74397848510671,1177.86375491333
2025-07-01 00:00:00-04:00,TSLA,BUY,16,300.7099914550781,4816.171223144531,Strong upward momentum detected. Algorithm confidence: 46%. Good entry point for potential gains.,BUY: Momentum entry Q=0.455 >= 0.35,86390.53823547362,16.0,300.7099914550781,,,,,,,,1177.86375491333
2025-07-01 00:00:00-04:00,NVDA,SELL,31,,,"Stop loss triggered to limit losses. Protecting capital ($-150.14, -3.1%).",SELL: Stop loss 3.0% >= 2.0%,91138.0860299835,,,157.99000549316406,153.3000030517578,4897.690170288086,4747.547794509887,-150.14237577819858,-3.0655752111278836,346.88985816955574,1027.7213791351314
2025-07-02 00:00:00-04:00,AAPL,BUY,23,212.1991729736328,4885.461559371947,Strong upward momentum detected. Algorithm confidence: 52%. Good entry point for potential gains.,BUY: Momentum entry Q=0.521 >= 0.35,86252.62447061155,23.0,212.1991729736328,,,,,,,,1027.7213791351314
2025-07-02 00:00:00-04:00,TSLA,SELL,16,,,"Exit signal triggered. Closing position with profit ($233.99, 4.9%).",SELL: Swing trade profit 5.0% >= 2.0% (24.0h),91297.97397305295,,,300.7099914550781,315.6499938964844,4811.35986328125,5045.349502441406,233.989639160156,4.863274537951103,447.56069515991203,1261.7110182952874
2025-07-02 00:00:00-04:00,NVDA,BUY,31,157.25,4879.624749999999,Strong upward momentum detected. Algorithm confidence: 41%. Good entry point for potential gains.,BUY: Momentum entry Q=0.408 >= 0.35,86418.34922305295,31.0,157.25,,,,,,,,1261.7110182952874
2025-07-03 00:00:00-04:00,AAPL,SELL,23,,,"AI model detects potential price peak. Taking profits ($20.60, 0.4%).","SELL: ML profit peak ML=0.539, P&L=$25.50",91319.52535519407,,,212.1991729736328,213.30792236328125,4880.580978393555,4901.176132141113,20.59515374755847,0.4219816009350873,177.08605093383812,1282.306172042846
2025-07-03 00:00:00-04:00,MSFT,SELL,10,,,"End of trading session - closing all positions ($62.81, 1.3%).",FORCED EXIT: Held for 48.0 hours (max: 48),96294.75815487669,,,491.242431640625,498.02130126953125,4912.42431640625,4975.232799682617,62.80848327636704,1.2785638868084472,266.83407257080034,1345.114655319213
2025-07-03 00:00:00-04:00,GOOGL,BUY,27,179.36956787109375,4847.82131085205,Strong upward momentum detected. Algorithm confidence: 60%. Good entry point for potential gains.,BUY: Momentum entry Q=0.596 >= 0.35,91446.93684402463,27.0,179.36956787109375,,,,,,,,1345.114655319213
2025-07-03 00:00:00-04:00,TSLA,BUY,15,315.3500061035156,4734.980341644286,Strong upward momentum detected. Algorithm confidence: 40%. Good entry point for potential gains.,BUY: Momentum entry Q=0.405 >= 0.35,86711.95650238034,15.0,315.3500061035156,,,,,,,,1345.114655319213
2025-07-03 00:00:00-04:00,NVDA,SELL,31,,,"AI model detects potential price peak. Taking profits ($59.85, 1.2%).","SELL: ML profit peak ML=0.456, P&L=$64.79",91646.55684896848,,,157.25,159.33999633789062,4874.75,4934.600346588135,59.850346588134926,1.2277623793658121,406.74020475769066,1404.9650019073479
2025-07-07 00:00:00-04:00,AAPL,BUY,23,209.7119903564453,4828.199153976439,Strong upward momentum detected. Algorithm confidence: 39%. Good entry point for potential gains.,BUY: Momentum entry Q=0.390 >= 0.35,86818.35769499204,23.0,209.7119903564453,,,,,,,,1404.9650019073479
2025-07-07 00:00:00-04:00,MSFT,BUY,10,496.90313720703125,4974.000403442382,Strong upward momentum detected. Algorithm confidence: 40%. Good entry point for potential gains.,BUY: Momentum entry Q=0.405 >= 0.35,81844.35729154966,10.0,496.90313720703125,,,,,,,,1404.9650019073479
2025-07-07 00:00:00-04:00,GOOGL,SELL,27,,,"End of trading session - closing all positions ($-78.68, -1.6%).",FORCED EXIT: Held for 96.0 hours (max: 48),86608.65274119566,,,179.36956787109375,176.63201904296875,4842.978332519531,4764.295449645996,-78.68288287353516,-1.6246796386677378,28.061095611571545,1326.2821190338127
2025-07-07 00:00:00-04:00,TSLA,SELL,15,,,"End of trading session - closing all positions ($-325.56, -6.9%).",FORCED EXIT: Held for 96.0 hours (max: 48),91013.34367778014,,,315.3500061035156,293.94000244140625,4730.250091552734,4404.690936584473,-325.5591549682613,-6.8824934975350205,122.00154019165075,1000.7229640655514
2025-07-07 00:00:00-04:00,NVDA,BUY,31,158.24000549316406,4910.345610458374,Strong upward momentum detected. Algorithm confidence: 37%. Good entry point for potential gains.,BUY: Momentum entry Q=0.373 >= 0.35,86102.99806732177,31.0,158.24000549316406,,,,,,,,1000.7229640655514
2025-07-08 00:00:00-04:00,AAPL,SELL,23,,,"AI model detects potential price peak. Taking profits ($-3.45, -0.1%).","SELL: ML profit peak ML=0.475, P&L=$1.38",90922.92763124083,,,209.7119903564453,209.7719268798828,4823.375778198242,4819.929563919068,-3.4462142791744554,-0.07144818147388422,173.63983665466367,997.276749786377
2025-07-08 00:00:00-04:00,GOOGL,BUY,28,174.20419311523438,4882.595124633788,Strong upward momentum detected. Algorithm confidence: 49%. Good entry point for potential gains.,BUY: Momentum entry Q=0.491 >= 0.35,86040.33250660704,28.0,174.20419311523438,,,,,,,,997.276749786377
2025-07-08 00:00:00-04:00,TSLA,BUY,16,297.80999755859375,4769.724920898437,Strong upward momentum detected. Algorithm confidence: 45%. Good entry point for potential gains.,BUY: Momentum entry Q=0.449 >= 0.35,81270.6075857086,16.0,297.80999755859375,,,,,,,,997.276749786377
2025-07-08 00:00:00-04:00,NVDA,SELL,31,,,"AI model detects potential price peak. Taking profits ($49.60, 1.0%).","SELL: ML profit peak ML=0.358, P&L=$54.56",86225.64758570859,,,158.24000549316406,160.0,4905.440170288086,4955.04,49.599829711914026,1.0111188392906467,456.3400344696047,1046.876579498291
2025-07-09 00:00:00-04:00,AAPL,BUY,23,210.90065002441406,4855.565665512085,Strong upward momentum detected. Algorithm confidence: 40%. Good entry point for potential gains.,BUY: Momentum entry Q=0.402 >= 0.35,81370.0819201965,23.0,210.90065002441406,,,,,,,,1046.876579498291
2025-07-09 00:00:00-04:00,MSFT,SELL,10,,,"End of trading session - closing all positions ($52.78, 1.1%).",FORCED EXIT: Held for 48.0 hours (max: 48),86391.89163150021,,,496.90313720703125,502.68365478515625,4969.0313720703125,5021.809711303711,52.77833923339858,1.0621454219438518,319.6124118041989,1099.6549187316896
2025-07-09 00:00:00-04:00,GOOGL,SELL,28,,,"AI model detects potential price peak. Taking profits ($58.28, 1.2%).","SELL: ML profit peak ML=0.587, P&L=$63.22",91327.89154757687,,,174.20419311523438,176.46217346191406,4877.7174072265625,4935.99991607666,58.282508850097656,1.194872600937263,86.3436044616692,1157.9374275817872
2025-07-10 00:00:00-04:00,AAPL,SELL,23,,,"AI model detects potential price peak. Taking profits ($24.30, 0.5%).","SELL: ML profit peak ML=0.388, P&L=$29.18",96202.90336424252,,,210.90065002441406,212.16920471191406,4850.714950561523,4875.011816665649,24.29686610412591,0.5008924736200647,197.93670275878958,1182.2342936859131
2025-07-10 00:00:00-04:00,MSFT,BUY,9,500.656982421875,4510.418754638671,Strong upward momentum detected. Algorithm confidence: 39%. Good entry point for potential gains.,BUY: Momentum entry Q=0.388 >= 0.35,91692.48460960385,9.0,500.656982421875,,,,,,,,1182.2342936859131
2025-07-10 00:00:00-04:00,GOOGL,BUY,28,177.46127319335938,4973.884565063476,Strong upward momentum detected. Algorithm confidence: 66%. Good entry point for potential gains.,BUY: Momentum entry Q=0.656 >= 0.35,86718.60004454038,28.0,177.46127319335938,,,,,,,,1182.2342936859131
2025-07-10 00:00:00-04:00,TSLA,SELL,16,,,"End of trading session - closing all positions ($188.00, 3.9%).",FORCED EXIT: Held for 48.0 hours (max: 48),91671.5620464935,,,297.80999755859375,309.8699951171875,4764.9599609375,4952.962001953125,188.00204101562485,3.945511453545051,310.0035812072756,1370.236334701538
2025-07-10 00:00:00-04:00,NVDA,BUY,30,164.10000610351562,4927.9231832885735,Strong upward momentum detected. Algorithm confidence: 42%. Good entry point for potential gains.,BUY: Momentum entry Q=0.417 >= 0.35,86743.63886320493,30.0,164.10000610351562,,,,,,,,1370.236334701538
2025-07-11 00:00:00-04:00,AAPL,BUY,23,210.92062377929688,4856.025521270752,Strong upward momentum detected. Algorithm confidence: 43%. Good entry point for potential gains.,BUY: Momentum entry Q=0.427 >= 0.35,81887.61334193418,23.0,210.92062377929688,,,,,,,,1370.236334701538
2025-07-11 00:00:00-04:00,MSFT,SELL,9,,,"AI model detects potential price peak. Taking profits ($12.01, 0.3%).","SELL: ML profit peak ML=0.446, P&L=$16.53",86405.53651399228,,,500.656982421875,502.49395751953125,4505.912841796875,4517.923172058106,12.010330261230592,0.2665459959594135,331.6227420654295,1382.2466649627686
2025-07-11 00:00:00-04:00,GOOGL,SELL,28,,,"AI model detects potential price peak. Taking profits ($66.86, 1.3%).","SELL: ML profit peak ML=0.460, P&L=$71.90",91441.30746980282,,,177.46127319335938,180.02899169921875,4968.9156494140625,5035.770955810547,66.8553063964846,1.3454707447965677,153.1989108581538,1449.1019713592532
2025-07-11 00:00:00-04:00,TSLA,BUY,15,313.510009765625,4707.352796630859,Strong upward momentum detected. Algorithm confidence: 39%. Good entry point for potential gains.,BUY: Momentum entry Q=0.391 >= 0.35,86733.95467317196,15.0,313.510009765625,,,,,,,,1449.1019713592532
2025-07-11 00:00:00-04:00,NVDA,SELL,30,,,"AI model detects potential price peak. Taking profits ($19.65, 0.4%).","SELL: ML profit peak ML=0.647, P&L=$24.60",91676.60701829525,,,164.10000610351562,164.9199981689453,4923.000183105469,4942.652345123291,19.652162017821865,0.39919076349546506,475.99219648742655,1468.754133377075
2025-07-14 00:00:00-04:00,AAPL,SELL,23,,,"End of trading session - closing all positions ($-63.15, -1.3%).",FORCED EXIT: Held for 72.0 hours (max: 48),96464.63467816159,,,210.92062377929688,208.3834991455078,4851.174346923828,4788.027659866333,-63.146687057495,-1.3016783677860777,134.79001570129458,1405.60744631958
2025-07-14 00:00:00-04:00,MSFT,BUY,9,502.1944274902344,4524.269597259521,Strong upward momentum detected. Algorithm confidence: 39%. Good entry point for potential gains.,BUY: Momentum entry Q=0.389 >= 0.35,91940.36508090206,9.0,502.1944274902344,,,,,,,,1405.60744631958
2025-07-14 00:00:00-04:00,GOOGL,BUY,27,181.3977508544922,4902.637012344359,Strong upward momentum detected. Algorithm confidence: 43%. Good entry point for potential gains.,BUY: Momentum entry Q=0.432 >= 0.35,87037.7280685577,27.0,181.3977508544922,,,,,,,,1405.60744631958
2025-07-14 00:00:00-04:00,TSLA,SELL,15,,,"End of trading session - closing all positions ($46.10, 1.0%).",FORCED EXIT: Held for 72.0 hours (max: 48),91786.47447709652,,,313.510009765625,316.8999938964844,4702.650146484375,4748.746408538818,46.09626205444329,0.9802188259508121,356.0998432617189,1451.7037083740233
2025-07-14 00:00:00-04:00,NVDA,BUY,30,164.07000732421875,4927.022319946289,Strong upward momentum detected. Algorithm confidence: 39%. Good entry point for potential gains.,BUY: Momentum entry Q=0.387 >= 0.35,86859.45215715023,30.0,164.07000732421875,,,,,,,,1451.7037083740233
2025-07-15 00:00:00-04:00,AAPL,BUY,23,208.87295532226562,4808.882050384521,Strong upward momentum detected. Algorithm confidence: 71%. Good entry point for potential gains.,BUY: Momentum entry Q=0.710 >= 0.35,82050.5701067657,23.0,208.87295532226562,,,,,,,,1451.7037083740233
2025-07-15 00:00:00-04:00,MSFT,SELL,9,,,"AI model detects potential price peak. Taking profits ($20.61, 0.5%).","SELL: ML profit peak ML=0.461, P&L=$25.16",86590.93373704524,,,502.1944274902344,504.9898376464844,4519.749847412109,4540.363630279541,20.613782867431837,0.45608238427696945,352.23652493286136,1472.3174912414552
2025-07-15 00:00:00-04:00,GOOGL,SELL,27,,,"AI model detects potential price peak. Taking profits ($6.96, 0.1%).","SELL: ML profit peak ML=0.523, P&L=$11.87",91495.63316731257,,,181.3977508544922,181.83737182617188,4897.739273071289,4904.699430267334,6.960157196044747,0.1421095899145352,160.15906805419854,1479.2776484375
2025-07-15 00:00:00-04:00,TSLA,BUY,16,310.7799987792969,4977.452460449218,Strong upward momentum detected. Algorithm confidence: 44%. Good entry point for potential gains.,BUY: Momentum entry Q=0.439 >= 0.35,86518.18070686335,16.0,310.7799987792969,,,,,,,,1479.2776484375
2025-07-15 00:00:00-04:00,NVDA,SELL,30,,,"Exit signal triggered. Closing position with profit ($193.78, 3.9%).",SELL: Swing trade profit 4.0% >= 2.0% (24.0h),91634.05961540216,,,164.07000732421875,170.6999969482422,4922.1002197265625,5115.878908538818,193.7786888122555,3.936910671498283,669.770885299682,1673.0563372497554
2025-07-16 00:00:00-04:00,AAPL,SELL,23,,,"AI model detects potential price peak. Taking profits ($19.29, 0.4%).","SELL: ML profit peak ML=0.525, P&L=$24.12",96457.4320830688,,,208.87295532226562,209.92176818847656,4804.077972412109,4823.372467666626,19.294495254516733,0.40162743746702845,154.0845109558113,1692.3508325042721
2025-07-16 00:00:00-04:00,MSFT,BUY,9,504.7901611328125,4547.654561645507,Strong upward momentum detected. Algorithm confidence: 62%. Good entry point for potential gains.,BUY: Momentum entry Q=0.618 >= 0.35,91909.77752142328,9.0,504.7901611328125,,,,,,,,1692.3508325042721
2025-07-16 00:00:00-04:00,GOOGL,BUY,27,182.80650329589844,4940.7113645782465,Strong upward momentum detected. Algorithm confidence: 41%. Good entry point for potential gains.,BUY: Momentum entry Q=0.409 >= 0.35,86969.06615684503,27.0,182.80650329589844,,,,,,,,1692.3508325042721
2025-07-16 00:00:00-04:00,TSLA,SELL,16,,,"Exit signal triggered. Closing position with profit ($169.09, 3.4%).",SELL: Swing trade profit 3.5% >= 2.0% (24.0h),92110.63965147393,,,310.7799987792969,321.6700134277344,4972.47998046875,5141.573494628906,169.0935141601558,3.4005871280393882,525.1933574218747,1861.444346664428
2025-07-17 00:00:00-04:00,AAPL,BUY,23,209.78192138671875,4829.809176086425,Strong upward momentum detected. Algorithm confidence: 60%. Good entry point for potential gains.,BUY: Momentum entry Q=0.596 >= 0.35,87280.83047538751,23.0,209.78192138671875,,,,,,,,1861.444346664428
2025-07-17 00:00:00-04:00,MSFT,SELL,9,,,"AI model detects potential price peak. Taking profits ($50.03, 1.1%).","SELL: ML profit peak ML=0.564, P&L=$54.63",91873.97452436823,,,504.7901611328125,510.8601989746094,4543.1114501953125,4593.144048980713,50.032598785400296,1.1012848646548028,402.26912371826165,1911.4769454498282
2025-07-17 00:00:00-04:00,GOOGL,SELL,27,,,"AI model detects potential price peak. Taking profits ($11.50, 0.2%).","SELL: ML profit peak ML=0.489, P&L=$16.46",96821.25306752008,,,182.80650329589844,183.41595458984375,4935.775588989258,4947.278543151855,11.502954162597234,0.2330526166598428,171.66202221679578,1922.9798996124255
2025-07-17 00:00:00-04:00,TSLA,BUY,15,319.4100036621094,4795.941204986571,Strong upward momentum detected. Algorithm confidence: 48%. Good entry point for potential gains.,BUY: Momentum entry Q=0.479 >= 0.35,92025.3118625335,15.0,319.4100036621094,,,,,,,,1922.9798996124255
2025-07-17 00:00:00-04:00,NVDA,BUY,28,173.0,4848.843999999999,Strong upward momentum detected. Algorithm confidence: 40%. Good entry point for potential gains.,BUY: Momentum entry Q=0.398 >= 0.35,87176.46786253351,28.0,173.0,,,,,,,,1922.9798996124255
2025-07-18 00:00:00-04:00,AAPL,SELL,23,,,"Algorithm confidence dropped. Exiting position to preserve capital ($21.80, 0.5%).",SELL: Conviction lost Q=0.212 <= 0.3,92023.24997207636,,,209.78192138671875,210.9405975341797,4824.984191894531,4846.782109542846,21.79791764831498,0.45177179409070817,175.8824286041263,1944.7778172607404
2025-07-18 00:00:00-04:00,MSFT,BUY,9,509.212890625,4587.4989316406245,Strong upward momentum detected. Algorithm confidence: 59%. Good entry point for potential gains.,BUY: Momentum entry Q=0.586 >= 0.35,87435.75104043573,9.0,509.212890625,,,,,,,,1944.7778172607404
2025-07-18 00:00:00-04:00,GOOGL,BUY,27,184.89462280273438,4997.146970489502,Strong upward momentum detected. Algorithm confidence: 68%. Good entry point for potential gains.,BUY: Momentum entry Q=0.682 >= 0.35,82438.60406994623,27.0,184.89462280273438,,,,,,,,1944.7778172607404
2025-07-18 00:00:00-04:00,TSLA,SELL,15,,,"Exit signal triggered. Closing position with profit ($148.66, 3.1%).",SELL: Swing trade profit 3.2% >= 2.0% (24.0h),87378.40922848505,,,319.4100036621094,329.6499938964844,4791.150054931641,4939.805158538818,148.6551036071778,3.1027018962631674,673.8484610290525,2093.4329208679183
2025-07-18 00:00:00-04:00,NVDA,SELL,28,,,"Algorithm confidence dropped. Exiting position to preserve capital ($-21.35, -0.4%).",SELL: Conviction lost Q=0.290 <= 0.3,92201.06185092157,,,173.0,172.41000366210938,4844.0,4822.652622436523,-21.347377563476584,-0.44069730725591627,648.4235077362055,2072.0855433044417
2025-07-21 00:00:00-04:00,AAPL,BUY,23,212.23912048339844,4886.381270889282,Strong upward momentum detected. Algorithm confidence: 62%. Good entry point for potential gains.,BUY: Momentum entry Q=0.625 >= 0.35,87314.68058003229,23.0,212.23912048339844,,,,,,,,2072.0855433044417
2025-07-21 00:00:00-04:00,MSFT,SELL,9,,,"End of trading session - closing all positions ($-4.49, -0.1%).",FORCED EXIT: Held for 72.0 hours (max: 48),91893.10340306086,,,509.212890625,509.2228698730469,4582.916015625,4578.422823028564,-4.49319259643562,-0.09804221986867145,397.77593112182603,2067.592350708006
2025-07-21 00:00:00-04:00,GOOGL,SELL,27,,,"End of trading session - closing all positions ($130.83, 2.6%).",FORCED EXIT: Held for 72.0 hours (max: 48),97016.08879968256,,,184.89462280273438,189.9301300048828,4992.154815673828,5122.985396621704,130.83058094787611,2.6207236309480706,302.4926031646719,2198.422931655882
2025-07-21 00:00:00-04:00,TSLA,BUY,15,328.489990234375,4932.27720336914,Strong upward momentum detected. Algorithm confidence: 39%. Good entry point for potential gains.,BUY: Momentum entry Q=0.388 >= 0.35,92083.81159631342,15.0,328.489990234375,,,,,,,,2198.422931655882
2025-07-21 00:00:00-04:00,NVDA,BUY,29,171.3800048828125,4974.990161743163,Strong upward momentum detected. Algorithm confidence: 45%. Good entry point for potential gains.,BUY: Momentum entry Q=0.448 >= 0.35,87108.82143457026,29.0,171.3800048828125,,,,,,,,2198.422931655882
2025-07-22 00:00:00-04:00,AAPL,SELL,23,,,"AI model detects potential price peak. Taking profits ($39.18, 0.8%).","SELL: ML profit peak ML=0.746, P&L=$44.11",92029.5057184753,,,212.23912048339844,214.15695190429688,4881.499771118164,4920.68428390503,39.184512786865525,0.8027146291945817,215.06694139099181,2237.6074444427477
2025-07-22 00:00:00-04:00,MSFT,BUY,9,504.44073486328125,4544.5065803833,Strong upward momentum detected. Algorithm confidence: 70%. Good entry point for potential gains.,BUY: Momentum entry Q=0.704 >= 0.35,87484.999138092,9.0,504.44073486328125,,,,,,,,2237.6074444427477
2025-07-22 00:00:00-04:00,GOOGL,BUY,26,191.1690216064453,4975.364956329345,Strong upward momentum detected. Algorithm confidence: 37%. Good entry point for potential gains.,BUY: Momentum entry Q=0.367 >= 0.35,82509.63418176265,26.0,191.1690216064453,,,,,,,,2237.6074444427477
2025-07-22 00:00:00-04:00,TSLA,SELL,15,,,"AI model detects potential price peak. Taking profits ($49.32, 1.0%).","SELL: ML profit peak ML=0.584, P&L=$54.30",87486.30231225582,,,328.489990234375,332.1099853515625,4927.349853515625,4976.668130493164,49.318276977539426,1.0009087733510789,723.1667380065919,2286.925721420287
2025-07-22 00:00:00-04:00,NVDA,SELL,29,,,"Stop loss triggered to limit losses. Protecting capital ($-130.99, -2.6%).",SELL: Stop loss 2.5% >= 2.0%,92325.32840689083,,,171.3800048828125,167.02999877929688,4970.0201416015625,4839.02609463501,-130.99404696655256,-2.6356844285210568,517.4294607696529,2155.9316744537346
2025-07-23 00:00:00-04:00,AAPL,BUY,23,213.9072265625,4924.786077148437,Strong upward momentum detected. Algorithm confidence: 56%. Good entry point for potential gains.,BUY: Momentum entry Q=0.564 >= 0.35,87400.54232974238,23.0,213.9072265625,,,,,,,,2155.9316744537346
2025-07-23 00:00:00-04:00,MSFT,SELL,9,,,"AI model detects potential price peak. Taking profits ($0.85, 0.0%).","SELL: ML profit peak ML=0.522, P&L=$5.39",91941.35485150141,,,504.44073486328125,505.0397644042969,4539.966613769531,4540.812521759033,0.8459079895019386,0.018632471589908495,398.621839111328,2156.7775824432365
2025-07-23 00:00:00-04:00,GOOGL,SELL,26,,,"Algorithm confidence dropped. Exiting position to preserve capital ($-33.78, -0.7%).",SELL: Conviction lost Q=0.260 <= 0.3,96877.97362442012,,,191.1690216064453,190.0600128173828,4970.394561767578,4936.618772918701,-33.7757888488768,-0.6795393892605863,268.7168143157951,2123.0017935943597
2025-07-23 00:00:00-04:00,TSLA,BUY,15,332.55999755859375,4993.388363342285,Strong upward momentum detected. Algorithm confidence: 55%. Good entry point for potential gains.,BUY: Momentum entry Q=0.554 >= 0.35,91884.58526107784,15.0,332.55999755859375,,,,,,,,2123.0017935943597
2025-07-23 00:00:00-04:00,NVDA,BUY,29,170.77999877929688,4957.572584564208,Strong upward momentum detected. Algorithm confidence: 47%. Good entry point for potential gains.,BUY: Momentum entry Q=0.466 >= 0.35,86927.01267651364,29.0,170.77999877929688,,,,,,,,2123.0017935943597
2025-07-24 00:00:00-04:00,MSFT,BUY,9,510.0415344238281,4594.964183624267,Strong upward momentum detected. Algorithm confidence: 58%. Good entry point for potential gains.,BUY: Momentum entry Q=0.579 >= 0.35,82332.04849288937,9.0,510.0415344238281,,,,,,,,2123.0017935943597
2025-07-24 00:00:00-04:00,GOOGL,BUY,26,191.99827575683594,4996.947124847412,Strong upward momentum detected. Algorithm confidence: 36%. Good entry point for potential gains.,BUY: Momentum entry Q=0.361 >= 0.35,77335.10136804196,26.0,191.99827575683594,,,,,,,,2123.0017935943597
2025-07-24 00:00:00-04:00,TSLA,SELL,15,,,"Stop loss triggered to limit losses. Protecting capital ($-413.48, -8.3%).",SELL: Stop loss 8.2% >= 2.0%,81910.02168511959,,,332.55999755859375,305.29998779296875,4988.399963378906,4574.920317077636,-413.4796463012699,-8.288823056224993,309.687091705322,1709.5221472930898
2025-07-24 00:00:00-04:00,NVDA,SELL,29,,,"AI model detects potential price peak. Taking profits ($80.80, 1.6%).","SELL: ML profit peak ML=0.507, P&L=$85.84",86943.44338426205,,,170.77999877929688,173.74000549316406,4952.619964599609,5033.421699142456,80.80173454284704,1.6314947466270893,598.2311953125,1790.3238818359368
2025-07-25 00:00:00-04:00,AAPL,SELL,23,,,"End of trading session - closing all positions ($-11.12, -0.2%).",FORCED EXIT: Held for 48.0 hours (max: 48),91852.1932034454,,,213.9072265625,213.63754272460938,4919.8662109375,4908.749819183349,-11.116391754150754,-0.22594906604243783,203.95054963684106,1779.207490081786
2025-07-25 00:00:00-04:00,MSFT,SELL,9,,,"Algorithm confidence dropped. Exiting position to preserve capital ($20.81, 0.5%).",SELL: Conviction lost Q=0.239 <= 0.3,96463.37989118953,,,510.0415344238281,512.866943359375,4590.373809814453,4611.186687744141,20.812877929687602,0.453402681175738,419.4347170410156,1800.0203680114737
2025-07-25 00:00:00-04:00,GOOGL,SELL,26,,,"AI model detects potential price peak. Taking profits ($21.22, 0.4%).","SELL: ML profit peak ML=0.420, P&L=$26.24",101476.5533194427,,,191.99827575683594,193.0073699951172,4991.955169677734,5013.173428253173,21.218258575438995,0.42504906102369466,289.9350728912341,1821.2386265869127
2025-07-25 00:00:00-04:00,TSLA,BUY,15,316.05999755859375,4745.640863342284,Strong upward momentum detected. Algorithm confidence: 37%. Good entry point for potential gains.,BUY: Momentum entry Q=0.372 >= 0.35,96730.91245610041,15.0,316.05999755859375,,,,,,,,1821.2386265869127
2025-07-25 00:00:00-04:00,NVDA,BUY,28,173.5,4862.857999999999,Strong upward momentum detected. Algorithm confidence: 45%. Good entry point for potential gains.,BUY: Momentum entry Q=0.450 >= 0.35,91868.05445610042,28.0,173.5,,,,,,,,1821.2386265869127
2025-07-28 00:00:00-04:00,AAPL,BUY,23,213.80735778808594,4922.486798355102,Strong upward momentum detected. Algorithm confidence: 50%. Good entry point for potential gains.,BUY: Momentum entry Q=0.502 >= 0.35,86945.56765774531,23.0,213.80735778808594,,,,,,,,1821.2386265869127
2025-07-28 00:00:00-04:00,MSFT,BUY,9,511.65887451171875,4609.5348004760735,Strong upward momentum detected. Algorithm confidence: 44%. Good entry point for potential gains.,BUY: Momentum entry Q=0.443 >= 0.35,82336.03285726924,9.0,511.65887451171875,,,,,,,,1821.2386265869127
2025-07-28 00:00:00-04:00,GOOGL,BUY,25,192.4079132080078,4815.008028030395,Strong upward momentum detected. Algorithm confidence: 38%. Good entry point for potential gains.,BUY: Momentum entry Q=0.378 >= 0.35,77521.02482923884,25.0,192.4079132080078,,,,,,,,1821.2386265869127
2025-07-28 00:00:00-04:00,TSLA,SELL,15,,,"End of trading session - closing all positions ($138.07, 2.9%).",FORCED EXIT: Held for 72.0 hours (max: 48),82399.99092436214,,,316.05999755859375,325.5899963378906,4740.899963378906,4878.966095123291,138.06613174438462,2.9122346560964543,447.75322344970664,1959.3047583312973
2025-07-28 00:00:00-04:00,NVDA,SELL,28,,,"End of trading session - closing all positions ($86.05, 1.8%).",FORCED EXIT: Held for 72.0 hours (max: 48),87344.04192436214,,,173.5,176.75,4858.0,4944.051,86.05100000000039,1.7713256484149935,684.2821953125003,2045.3557583312977
2025-07-29 00:00:00-04:00,MSFT,SELL,9,,,"AI model detects potential price peak. Taking profits ($-3.98, -0.1%).","SELL: ML profit peak ML=0.651, P&L=$0.63",91944.99520341487,,,511.65887451171875,511.728759765625,4604.929870605469,4600.953279052735,-3.976591552734135,-0.0863550947456944,415.45812548828144,2041.3791667785636
2025-07-29 00:00:00-04:00,GOOGL,SELL,25,,,"AI model detects potential price peak. Taking profits ($74.29, 1.5%).","SELL: ML profit peak ML=0.475, P&L=$79.18",96829.48265763851,,,192.4079132080078,195.5750732421875,4810.197830200195,4884.487454223633,74.28962402343768,1.544419307601447,364.22469691467177,2115.6687908020012
2025-07-29 00:00:00-04:00,TSLA,BUY,15,321.20001220703125,4822.818183288574,Strong upward momentum detected. Algorithm confidence: 59%. Good entry point for potential gains.,BUY: Momentum entry Q=0.587 >= 0.35,92006.66447434993,15.0,321.20001220703125,,,,,,,,2115.6687908020012
2025-07-29 00:00:00-04:00,NVDA,BUY,28,175.50999450683594,4919.194126037597,Strong upward momentum detected. Algorithm confidence: 40%. Good entry point for potential gains.,BUY: Momentum entry Q=0.401 >= 0.35,87087.47034831234,28.0,175.50999450683594,,,,,,,,2115.6687908020012
2025-07-30 00:00:00-04:00,AAPL,SELL,23,,,"End of trading session - closing all positions ($-119.67, -2.4%).",FORCED EXIT: Held for 48.0 hours (max: 48),91885.36708125302,,,213.80735778808594,208.81301879882812,4917.569229125977,4797.896732940674,-119.6724961853024,-2.433570136166083,84.27805345153865,1995.9962946166988
2025-07-30 00:00:00-04:00,MSFT,BUY,9,512.3976440429688,4616.190375183105,Strong upward momentum detected. Algorithm confidence: 38%. Good entry point for potential gains.,BUY: Momentum entry Q=0.376 >= 0.35,87269.1767060699,9.0,512.3976440429688,,,,,,,,1995.9962946166988
2025-07-30 00:00:00-04:00,GOOGL,BUY,25,196.35438537597656,4913.768494033813,Strong upward momentum detected. Algorithm confidence: 46%. Good entry point for potential gains.,BUY: Momentum entry Q=0.455 >= 0.35,82355.4082120361,25.0,196.35438537597656,,,,,,,,1995.9962946166988
2025-07-30 00:00:00-04:00,NVDA,SELL,28,,,"Exit signal triggered. Closing position with profit ($100.26, 2.0%).",SELL: Swing trade profit 2.1% >= 2.0% (24.0h),87369.94877154537,,,175.50999450683594,179.27000427246094,4914.279846191406,5014.540559509277,100.2607133178708,2.0401913699638694,784.5429086303711,2096.2570079345696
2025-07-31 00:00:00-04:00,AAPL,BUY,24,207.33470153808594,4981.008869750976,Strong upward momentum detected. Algorithm confidence: 65%. Good entry point for potential gains.,BUY: Momentum entry Q=0.653 >= 0.35,82388.9399017944,24.0,207.33470153808594,,,,,,,,2096.2570079345696
2025-07-31 00:00:00-04:00,MSFT,SELL,9,,,"Exit signal triggered. Closing position with profit ($177.25, 3.8%).",SELL: Swing trade profit 3.9% >= 2.0% (24.0h),87177.7657891235,,,512.3976440429688,532.6243896484375,4611.578796386719,4788.8258873291015,177.24709094238278,3.8435229835226945,592.7052164306642,2273.5040988769524
2025-07-31 00:00:00-04:00,GOOGL,SELL,25,,,"Stop loss triggered to limit losses. Protecting capital ($-120.44, -2.5%).",SELL: Stop loss 2.4% >= 2.0%,91966.18546685787,,,196.35438537597656,191.728515625,4908.859634399414,4788.419677734375,-120.43995666503906,-2.4535221137928214,243.7847402496327,2153.0641422119133
2025-07-31 00:00:00-04:00,TSLA,SELL,15,,,"End of trading session - closing all positions ($-198.57, -4.1%).",FORCED EXIT: Held for 48.0 hours (max: 48),96585.61125222774,,,321.20001220703125,308.2699890136719,4818.000183105469,4619.425785369873,-198.574397735596,-4.1215107967804965,249.17882571411064,1954.4897444763174
2025-07-31 00:00:00-04:00,NVDA,BUY,28,177.8699951171875,4985.340223144531,Strong upward momentum detected. Algorithm confidence: 46%. Good entry point for potential gains.,BUY: Momentum entry Q=0.455 >= 0.35,91600.2710290832,28.0,177.8699951171875,,,,,,,,1954.4897444763174
2025-08-01 00:00:00-04:00,AAPL,SELL,24,,,"Stop loss triggered to limit losses. Protecting capital ($-129.27, -2.6%).",SELL: Stop loss 2.5% >= 2.0%,96447.03355068965,,,207.33470153808594,202.1505889892578,4976.0328369140625,4846.762521606445,-129.27031530761724,-2.597858968064719,-44.992261856078585,1825.2194291687001
2025-08-01 00:00:00-04:00,MSFT,BUY,9,523.2498168945312,4713.957600402831,Strong upward momentum detected. Algorithm confidence: 44%. Good entry point for potential gains.,BUY: Momentum entry Q=0.442 >= 0.35,91733.07595028682,9.0,523.2498168945312,,,,,,,,1825.2194291687001
2025-08-01 00:00:00-04:00,GOOGL,BUY,26,188.96099853515625,4917.898947875976,Strong upward momentum detected. Algorithm confidence: 58%. Good entry point for potential gains.,BUY: Momentum entry Q=0.580 >= 0.35,86815.17700241084,26.0,188.96099853515625,,,,,,,,1825.2194291687001
2025-08-01 00:00:00-04:00,TSLA,BUY,16,302.6300048828125,4846.922158203124,Strong upward momentum detected. Algorithm confidence: 40%. Good entry point for potential gains.,BUY: Momentum entry Q=0.401 >= 0.35,81968.25484420772,16.0,302.6300048828125,,,,,,,,1825.2194291687001
2025-08-01 00:00:00-04:00,NVDA,SELL,28,,,"Stop loss triggered to limit losses. Protecting capital ($-121.06, -2.4%).",SELL: Stop loss 2.3% >= 2.0%,86827.55071835323,,,177.8699951171875,173.72000122070312,4980.35986328125,4859.295874145508,-121.0639891357423,-2.4308281421250704,663.4789194946288,1704.1554400329578
2025-08-04 00:00:00-04:00,AAPL,BUY,24,203.11949157714844,4879.7426656494135,Strong upward momentum detected. Algorithm confidence: 60%. Good entry point for potential gains.,BUY: Momentum entry Q=0.603 >= 0.35,81947.80805270383,24.0,203.11949157714844,,,,,,,,1704.1554400329578
2025-08-04 00:00:00-04:00,MSFT,SELL,9,,,"End of trading session - closing all positions ($98.79, 2.1%).",FORCED EXIT: Held for 72.0 hours (max: 48),86755.8435320129,,,523.2498168945312,534.7609252929688,4709.248352050781,4808.035479309082,98.78712725830064,2.097726003668523,691.4923436889649,1802.9425672912585
2025-08-04 00:00:00-04:00,GOOGL,SELL,26,,,"End of trading session - closing all positions ($148.46, 3.0%).",FORCED EXIT: Held for 72.0 hours (max: 48),91817.28541595455,,,188.96099853515625,194.86570739746094,4912.9859619140625,5061.44188394165,148.4559220275878,3.0217045841049073,392.2406622772205,1951.3984893188463
2025-08-04 00:00:00-04:00,TSLA,SELL,16,,,"End of trading session - closing all positions ($101.13, 2.1%).",FORCED EXIT: Held for 72.0 hours (max: 48),96760.49741204831,,,302.6300048828125,309.260009765625,4842.080078125,4943.21199609375,101.1319179687498,2.088604821420284,350.31074368286045,2052.530407287596
2025-08-04 00:00:00-04:00,NVDA,BUY,27,180.0,4864.86,Strong upward momentum detected. Algorithm confidence: 56%. Good entry point for potential gains.,BUY: Momentum entry Q=0.561 >= 0.35,91895.63741204831,27.0,180.0,,,,,,,,2052.530407287596
2025-08-05 00:00:00-04:00,AAPL,SELL,24,,,"Algorithm confidence dropped. Exiting position to preserve capital ($-15.17, -0.3%).",SELL: Conviction lost Q=0.277 <= 0.3,96755.33181304928,,,203.11949157714844,202.68995666503906,4874.8677978515625,4859.6944010009765,-15.17339685058596,-0.3112576069708626,-60.165658706664544,2037.35701043701
2025-08-05 00:00:00-04:00,MSFT,BUY,9,526.8838500976562,4746.696605529784,Strong upward momentum detected. Algorithm confidence: 63%. Good entry point for potential gains.,BUY: Momentum entry Q=0.631 >= 0.35,92008.6352075195,9.0,526.8838500976562,,,,,,,,2037.35701043701
2025-08-05 00:00:00-04:00,GOOGL,BUY,25,194.4960479736328,4867.263600540161,Strong upward momentum detected. Algorithm confidence: 61%. Good entry point for potential gains.,BUY: Momentum entry Q=0.606 >= 0.35,87141.37160697934,25.0,194.4960479736328,,,,,,,,2037.35701043701
2025-08-05 00:00:00-04:00,TSLA,BUY,16,308.7200012207031,4944.45953955078,Strong upward momentum detected. Algorithm confidence: 45%. Good entry point for potential gains.,BUY: Momentum entry Q=0.447 >= 0.35,82196.91206742857,16.0,308.7200012207031,,,,,,,,2037.35701043701
2025-08-06 00:00:00-04:00,AAPL,BUY,23,213.0082550048828,4904.089054977417,Strong upward momentum detected. Algorithm confidence: 64%. Good entry point for potential gains.,BUY: Momentum entry Q=0.643 >= 0.35,77292.82301245115,23.0,213.0082550048828,,,,,,,,2037.35701043701
2025-08-06 00:00:00-04:00,GOOGL,SELL,25,,,"AI model detects potential price peak. Taking profits ($30.57, 0.6%).","SELL: ML profit peak ML=0.589, P&L=$35.47",82185.79425344846,,,194.4960479736328,195.91476440429688,4862.40119934082,4892.971240997314,30.57004165649414,0.6287025772500718,422.81070393371465,2067.9270520935042
2025-08-06 00:00:00-04:00,TSLA,SELL,16,,,"Exit signal triggered. Closing position with profit ($173.92, 3.5%).",SELL: Swing trade profit 3.6% >= 2.0% (24.0h),87299.23575198362,,,308.7200012207031,319.9100036621094,4939.52001953125,5113.441498535156,173.92147900390592,3.5210198220921614,524.2322226867664,2241.84853109741
2025-08-06 00:00:00-04:00,NVDA,SELL,27,,,"End of trading session - closing all positions ($-20.50, -0.4%).",FORCED EXIT: Held for 48.0 hours (max: 48),92138.73136259458,,,180.0,179.4199981689453,4860.0,4839.495610610962,-20.504389389037897,-0.42190101623534765,642.9745301055909,2221.3441417083723
2025-08-07 00:00:00-04:00,AAPL,SELL,23,,,"Exit signal triggered. Closing position with profit ($150.71, 3.1%).",SELL: Swing trade profit 3.2% >= 2.0% (24.0h),97188.62936679074,,,213.0082550048828,219.7805633544922,4899.189865112305,5049.898004196167,150.70813908386208,3.0761849047139833,90.54248037719753,2372.0522807922343
2025-08-07 00:00:00-04:00,MSFT,SELL,9,,,"End of trading session - closing all positions ($-66.77, -1.4%).",FORCED EXIT: Held for 48.0 hours (max: 48),101863.81656515501,,,526.8838500976562,519.9852294921875,4741.954650878906,4675.187198364258,-66.76745251464854,-1.4080154162223673,624.7248911743163,2305.284828277586
2025-08-07 00:00:00-04:00,GOOGL,BUY,25,196.34439086914062,4913.518381500244,Strong upward momentum detected. Algorithm confidence: 63%. Good entry point for potential gains.,BUY: Momentum entry Q=0.632 >= 0.35,96950.29818365477,25.0,196.34439086914062,,,,,,,,2305.284828277586
2025-08-07 00:00:00-04:00,TSLA,BUY,15,322.2699890136719,4838.883885040283,Strong upward momentum detected. Algorithm confidence: 39%. Good entry point for potential gains.,BUY: Momentum entry Q=0.390 >= 0.35,92111.41429861449,15.0,322.2699890136719,,,,,,,,2305.284828277586
2025-08-07 00:00:00-04:00,NVDA,BUY,27,180.77000427246094,4885.670905471801,Strong upward momentum detected. Algorithm confidence: 56%. Good entry point for potential gains.,BUY: Momentum entry Q=0.562 >= 0.35,87225.74339314268,27.0,180.77000427246094,,,,,,,,2305.284828277586
2025-08-08 00:00:00-04:00,AAPL,BUY,21,229.0900115966797,4815.701133773803,Strong upward momentum detected. Algorithm confidence: 47%. Good entry point for potential gains.,BUY: Momentum entry Q=0.470 >= 0.35,82410.04225936887,21.0,229.0900115966797,,,,,,,,2305.284828277586
2025-08-08 00:00:00-04:00,MSFT,BUY,9,521.1832275390625,4695.339696899414,Strong upward momentum detected. Algorithm confidence: 55%. Good entry point for potential gains.,BUY: Momentum entry Q=0.549 >= 0.35,77714.70256246945,9.0,521.1832275390625,,,,,,,,2305.284828277586
2025-08-08 00:00:00-04:00,GOOGL,SELL,25,,,"Exit signal triggered. Closing position with profit ($117.36, 2.4%).",SELL: Swing trade profit 2.5% >= 2.0% (24.0h),82740.67169966122,,,196.34439086914062,201.24000549316406,4908.609771728516,5025.9691371917725,117.35936546325684,2.390888070573391,540.1700693969715,2422.6441937408426
2025-08-08 00:00:00-04:00,TSLA,SELL,15,,,"Exit signal triggered. Closing position with profit ($105.76, 2.2%).",SELL: Swing trade profit 2.3% >= 2.0% (24.0h),87680.47685820004,,,322.2699890136719,329.6499938964844,4834.049835205078,4939.805158538818,105.75532333374031,2.1877168614099274,629.9875460205067,2528.399517074583
2025-08-08 00:00:00-04:00,NVDA,SELL,27,,,"AI model detects potential price peak. Taking profits ($47.18, 1.0%).","SELL: ML profit peak ML=0.638, P&L=$52.11",92608.44387588497,,,180.77000427246094,182.6999969482422,4880.790115356445,4927.967017684937,47.17690232849145,0.9665833033889045,690.1514324340824,2575.5764194030744
2025-08-11 00:00:00-04:00,AAPL,SELL,21,,,"End of trading session - closing all positions ($-44.88, -0.9%).",FORCED EXIT: Held for 72.0 hours (max: 48),97374.45294223019,,,229.0900115966797,227.17999267578125,4810.890243530273,4766.009066345215,-44.88117718505873,-0.9329079424627349,45.6613031921388,2530.6952422180157
2025-08-11 00:00:00-04:00,MSFT,SELL,9,,,"End of trading session - closing all positions ($-7.11, -0.2%).",FORCED EXIT: Held for 72.0 hours (max: 48),102057.98798556515,,,521.1832275390625,520.9136962890625,4690.6490478515625,4683.535043334961,-7.114004516601199,-0.1516635425935265,617.6108866577151,2523.5812377014145
2025-08-11 00:00:00-04:00,GOOGL,BUY,24,200.8203887939453,4824.509020385742,Strong upward momentum detected. Algorithm confidence: 54%. Good entry point for potential gains.,BUY: Momentum entry Q=0.540 >= 0.35,97233.47896517941,24.0,200.8203887939453,,,,,,,,2523.5812377014145
2025-08-11 00:00:00-04:00,TSLA,BUY,14,339.0299987792969,4751.166402893066,Strong upward momentum detected. Algorithm confidence: 63%. Good entry point for potential gains.,BUY: Momentum entry Q=0.629 >= 0.35,92482.31256228634,14.0,339.0299987792969,,,,,,,,2523.5812377014145
2025-08-11 00:00:00-04:00,NVDA,BUY,27,182.05999755859375,4920.535554016113,Strong upward momentum detected. Algorithm confidence: 35%. Good entry point for potential gains.,BUY: Momentum entry Q=0.351 >= 0.35,87561.77700827023,27.0,182.05999755859375,,,,,,,,2523.5812377014145
2025-08-12 00:00:00-04:00,AAPL,BUY,21,229.64999389648438,4827.472521697998,Strong upward momentum detected. Algorithm confidence: 65%. Good entry point for potential gains.,BUY: Momentum entry Q=0.652 >= 0.35,82734.30448657223,21.0,229.64999389648438,,,,,,,,2523.5812377014145
2025-08-12 00:00:00-04:00,MSFT,BUY,9,528.3713989257812,4760.097932922363,Strong upward momentum detected. Algorithm confidence: 68%. Good entry point for potential gains.,BUY: Momentum entry Q=0.680 >= 0.35,77974.20655364987,9.0,528.3713989257812,,,,,,,,2523.5812377014145
2025-08-12 00:00:00-04:00,GOOGL,SELL,24,,,"AI model detects potential price peak. Taking profits ($51.23, 1.1%).","SELL: ML profit peak ML=0.464, P&L=$56.11",82845.12982684323,,,200.8203887939453,203.15829467773438,4819.6893310546875,4870.92327319336,51.23394213867232,1.0630133732594929,591.4040115356438,2574.815179840087
2025-08-12 00:00:00-04:00,TSLA,SELL,14,,,"AI model detects potential price peak. Taking profits ($20.57, 0.4%).","SELL: ML profit peak ML=0.378, P&L=$25.34",87612.11801562496,,,339.0299987792969,340.8399963378906,4746.419982910156,4766.988188781738,20.568205871581995,0.4333414646331208,650.5557518920887,2595.383385711669
2025-08-12 00:00:00-04:00,NVDA,SELL,27,,,"AI model detects potential price peak. Taking profits ($24.75, 0.5%).","SELL: ML profit peak ML=0.525, P&L=$29.70",92552.49279440304,,,182.05999755859375,183.16000366210938,4915.619934082031,4940.374778778076,24.75484469604453,0.5035955795607574,714.9062771301269,2620.1382304077133
2025-08-13 00:00:00-04:00,AAPL,SELL,21,,,"AI model detects potential price peak. Taking profits ($72.38, 1.5%).","SELL: ML profit peak ML=0.404, P&L=$77.28",97447.52290281674,,,229.64999389648438,233.3300018310547,4822.649871826172,4895.030108413696,72.38023658752445,1.500839549028189,118.04153977966325,2692.5184669952378
2025-08-13 00:00:00-04:00,GOOGL,BUY,24,201.779541015625,4847.551693359374,Strong upward momentum detected. Algorithm confidence: 60%. Good entry point for potential gains.,BUY: Momentum entry Q=0.598 >= 0.35,92599.97120945736,24.0,201.779541015625,,,,,,,,2692.5184669952378
2025-08-13 00:00:00-04:00,TSLA,BUY,14,339.3800048828125,4756.071388427734,Strong upward momentum detected. Algorithm confidence: 41%. Good entry point for potential gains.,BUY: Momentum entry Q=0.411 >= 0.35,87843.89982102963,14.0,339.3800048828125,,,,,,,,2692.5184669952378
2025-08-13 00:00:00-04:00,NVDA,BUY,27,181.58999633789062,4907.8328310241695,Strong upward momentum detected. Algorithm confidence: 59%. Good entry point for potential gains.,BUY: Momentum entry Q=0.593 >= 0.35,82936.06699000546,27.0,181.58999633789062,,,,,,,,2692.5184669952378
2025-08-14 00:00:00-04:00,AAPL,BUY,21,232.77999877929688,4893.268354339599,Strong upward momentum detected. Algorithm confidence: 58%. Good entry point for potential gains.,BUY: Momentum entry Q=0.585 >= 0.35,78042.79863566587,21.0,232.77999877929688,,,,,,,,2692.5184669952378
2025-08-14 00:00:00-04:00,MSFT,SELL,9,,,"End of trading session - closing all positions ($-65.43, -1.4%).",FORCED EXIT: Held for 48.0 hours (max: 48),82732.70651121518,,,528.3713989257812,521.6224975585938,4755.342590332031,4689.9078755493165,-65.43471478271476,-1.3760252503310373,552.1761718750004,2627.083752212523
2025-08-14 00:00:00-04:00,GOOGL,SELL,24,,,"AI model detects potential price peak. Taking profits ($18.63, 0.4%).","SELL: ML profit peak ML=0.623, P&L=$23.50",87594.04794517513,,,201.779541015625,202.75865173339844,4842.708984375,4861.341433959961,18.63244958496125,0.38475261769969754,610.036461120605,2645.7162017974842
2025-08-14 00:00:00-04:00,NVDA,SELL,27,,,"AI model detects potential price peak. Taking profits ($6.70, 0.1%).","SELL: ML profit peak ML=0.673, P&L=$11.61",92503.67352041623,,,181.58999633789062,182.02000427246094,4902.929901123047,4909.625575241089,6.695674118042007,0.13656475317969202,721.6019512481689,2652.4118759155263
2025-08-15 00:00:00-04:00,MSFT,BUY,9,519.3162841796875,4678.520404174804,Strong upward momentum detected. Algorithm confidence: 64%. Good entry point for potential gains.,BUY: Momentum entry Q=0.638 >= 0.35,87825.15311624142,9.0,519.3162841796875,,,,,,,,2652.4118759155263
2025-08-15 00:00:00-04:00,GOOGL,BUY,24,203.71778869628906,4894.116155639648,Strong upward momentum detected. Algorithm confidence: 60%. Good entry point for potential gains.,BUY: Momentum entry Q=0.599 >= 0.35,82931.03696060176,24.0,203.71778869628906,,,,,,,,2652.4118759155263
2025-08-15 00:00:00-04:00,TSLA,SELL,14,,,"End of trading session - closing all positions ($-128.11, -2.7%).",FORCED EXIT: Held for 48.0 hours (max: 48),87554.24908645626,,,339.3800048828125,330.55999755859375,4751.320068359375,4623.212125854492,-128.10794250488289,-2.6962600006258555,522.4478093872058,2524.3039334106434
2025-08-15 00:00:00-04:00,NVDA,BUY,27,180.4499969482422,4877.022067520141,Strong upward momentum detected. Algorithm confidence: 57%. Good entry point for potential gains.,BUY: Momentum entry Q=0.568 >= 0.35,82677.22701893612,27.0,180.4499969482422,,,,,,,,2524.3039334106434
2025-08-18 00:00:00-04:00,AAPL,SELL,21,,,"End of trading session - closing all positions ($-44.54, -0.9%).",FORCED EXIT: Held for 96.0 hours (max: 48),87521.06831613155,,,232.77999877929688,230.88999938964844,4888.379974365234,4843.841297195435,-44.538677169799485,-0.911113240037829,73.50286260986377,2479.765256240844
2025-08-18 00:00:00-04:00,MSFT,SELL,9,,,"End of trading session - closing all positions ($-32.23, -0.7%).",FORCED EXIT: Held for 72.0 hours (max: 48),92162.68359024044,,,519.3162841796875,516.2512817382812,4673.8465576171875,4641.615274108886,-32.2312835083012,-0.6896093637428548,519.9448883666992,2447.5339727325427
2025-08-18 00:00:00-04:00,GOOGL,SELL,24,,,"End of trading session - closing all positions ($-14.47, -0.3%).",FORCED EXIT: Held for 72.0 hours (max: 48),97037.439818634,,,203.71778869628906,203.3181610107422,4889.2269287109375,4874.756228393555,-14.47070031738258,-0.29597113262234753,595.5657608032225,2433.06327241516
2025-08-18 00:00:00-04:00,TSLA,BUY,14,335.1600036621094,4696.932291320801,Strong upward momentum detected. Algorithm confidence: 55%. Good entry point for potential gains.,BUY: Momentum entry Q=0.552 >= 0.35,92340.5075273132,14.0,335.1600036621094,,,,,,,,2433.06327241516
2025-08-18 00:00:00-04:00,NVDA,SELL,27,,,"End of trading session - closing all positions ($37.21, 0.8%).",FORCED EXIT: Held for 72.0 hours (max: 48),97249.86310914608,,,180.4499969482422,182.00999450683594,4872.149917602539,4909.355581832886,37.20566423034688,0.7636395607599621,758.8076154785158,2470.268936645507
2025-08-19 00:00:00-04:00,AAPL,BUY,21,230.55999755859375,4846.601708679199,Strong upward momentum detected. Algorithm confidence: 48%. Good entry point for potential gains.,BUY: Momentum entry Q=0.475 >= 0.35,92403.26140046689,21.0,230.55999755859375,,,,,,,,2470.268936645507
2025-08-19 00:00:00-04:00,MSFT,BUY,9,508.933349609375,4584.980546630859,Strong upward momentum detected. Algorithm confidence: 61%. Good entry point for potential gains.,BUY: Momentum entry Q=0.609 >= 0.35,87818.28085383603,9.0,508.933349609375,,,,,,,,2470.268936645507
2025-08-19 00:00:00-04:00,GOOGL,BUY,24,201.389892578125,4838.190779296874,Strong upward momentum detected. Algorithm confidence: 67%. Good entry point for potential gains.,BUY: Momentum entry Q=0.674 >= 0.35,82980.09007453916,24.0,201.389892578125,,,,,,,,2470.268936645507
2025-08-19 00:00:00-04:00,NVDA,BUY,28,175.63999938964844,4922.837902893066,Strong upward momentum detected. Algorithm confidence: 71%. Good entry point for potential gains.,BUY: Momentum entry Q=0.711 >= 0.35,78057.25217164609,28.0,175.63999938964844,,,,,,,,2470.268936645507
2025-08-20 00:00:00-04:00,TSLA,SELL,14,,,"End of trading session - closing all positions ($-162.17, -3.5%).",FORCED EXIT: Held for 48.0 hours (max: 48),82587.31748628232,,,335.1600036621094,323.8999938964844,4692.240051269531,4530.06531463623,-162.1747366333011,-3.456232734500085,360.27307275390467,2308.094200012206
2025-08-21 00:00:00-04:00,AAPL,SELL,21,,,"End of trading session - closing all positions ($-123.58, -2.6%).",FORCED EXIT: Held for 48.0 hours (max: 48),87305.49445823667,,,230.55999755859375,224.89999389648438,4841.759948730469,4718.176971954345,-123.58297677612336,-2.5524391561074267,-50.08011416625959,2184.5112232360825
2025-08-21 00:00:00-04:00,MSFT,SELL,9,,,"End of trading session - closing all positions ($-46.78, -1.0%).",FORCED EXIT: Held for 48.0 hours (max: 48),91839.11621043395,,,508.933349609375,504.239990234375,4580.400146484375,4533.621752197266,-46.77839428710922,-1.021273093858696,473.16649407958994,2137.7328289489733
2025-08-21 00:00:00-04:00,GOOGL,SELL,24,,,"End of trading session - closing all positions ($-48.43, -1.0%).",FORCED EXIT: Held for 48.0 hours (max: 48),96624.04255882262,,,201.389892578125,199.57150268554688,4833.357421875,4784.926348388672,-48.43107348632839,-1.0020172161722847,547.1346873168941,2089.301755462645
2025-08-21 00:00:00-04:00,TSLA,BUY,15,320.1099853515625,4806.45143005371,Strong upward momentum detected. Algorithm confidence: 62%. Good entry point for potential gains.,BUY: Momentum entry Q=0.620 >= 0.35,91817.59112876891,15.0,320.1099853515625,,,,,,,,2089.301755462645
2025-08-21 00:00:00-04:00,NVDA,SELL,28,,,"End of trading session - closing all positions ($-23.38, -0.5%).",FORCED EXIT: Held for 48.0 hours (max: 48),96712.13156925963,,,175.63999938964844,174.97999572753906,4917.919982910156,4894.540440490723,-23.379542419433164,-0.47539493323757637,735.4280730590826,2065.9222130432117
2025-08-22 00:00:00-04:00,AAPL,BUY,21,227.75999450683594,4787.742844528198,Strong upward momentum detected. Algorithm confidence: 41%. Good entry point for potential gains.,BUY: Momentum entry Q=0.414 >= 0.35,91924.38872473143,21.0,227.75999450683594,,,,,,,,2065.9222130432117
2025-08-22 00:00:00-04:00,MSFT,BUY,9,507.2300109863281,4569.635168975829,Strong upward momentum detected. Algorithm confidence: 79%. Good entry point for potential gains.,BUY: Momentum entry Q=0.792 >= 0.35,87354.7535557556,9.0,507.2300109863281,,,,,,,,2065.9222130432117
2025-08-22 00:00:00-04:00,GOOGL,BUY,24,205.9058380126953,4946.681852416991,Strong upward momentum detected. Algorithm confidence: 36%. Good entry point for potential gains.,BUY: Momentum entry Q=0.365 >= 0.35,82408.0717033386,24.0,205.9058380126953,,,,,,,,2065.9222130432117
2025-08-22 00:00:00-04:00,TSLA,SELL,15,,,"Exit signal triggered. Closing position with profit ($293.40, 6.1%).",SELL: Swing trade profit 6.2% >= 2.0% (24.0h),87503.1216996765,,,320.1099853515625,340.010009765625,4801.6497802734375,5095.049996337891,293.40021606445316,6.110404329566598,653.6732888183578,2359.322429107665
2025-08-22 00:00:00-04:00,NVDA,BUY,28,177.99000549316406,4988.703873962402,Strong upward momentum detected. Algorithm confidence: 53%. Good entry point for potential gains.,BUY: Momentum entry Q=0.534 >= 0.35,82514.4178257141,28.0,177.99000549316406,,,,,,,,2359.322429107665
2025-08-25 00:00:00-04:00,AAPL,SELL,21,,,"End of trading session - closing all positions ($-17.37, -0.4%).",FORCED EXIT: Held for 72.0 hours (max: 48),87280.0075425415,,,227.75999450683594,227.16000366210938,4782.959884643555,4765.589716827392,-17.370167816162393,-0.36316775041187466,-67.45028198242198,2341.9522612915025
2025-08-25 00:00:00-04:00,MSFT,SELL,9,,,"End of trading session - closing all positions ($-31.27, -0.7%).",FORCED EXIT: Held for 72.0 hours (max: 48),91813.80929034423,,,507.2300109863281,504.260009765625,4565.070098876953,4533.801747802734,-31.268351074219026,-0.6849478846318551,441.8981430053709,2310.6839102172835
2025-08-25 00:00:00-04:00,GOOGL,SELL,24,,,"End of trading session - closing all positions ($52.55, 1.1%).",FORCED EXIT: Held for 72.0 hours (max: 48),96808.098697937,,,205.9058380126953,208.30369567871094,4941.7401123046875,4994.289407592773,52.54929528808589,1.0633763430262297,599.68398260498,2363.2332055053694
2025-08-25 00:00:00-04:00,TSLA,BUY,14,346.6000061035156,4857.252485534667,Strong upward momentum detected. Algorithm confidence: 45%. Good entry point for potential gains.,BUY: Momentum entry Q=0.450 >= 0.35,91950.84621240234,14.0,346.6000061035156,,,,,,,,2363.2332055053694
2025-08-25 00:00:00-04:00,NVDA,SELL,28,,,"End of trading session - closing all positions ($45.93, 0.9%).",FORCED EXIT: Held for 72.0 hours (max: 48),96980.49146411131,,,177.99000549316406,179.80999755859375,4983.720153808594,5029.645251708985,45.92509790039094,0.9215023412840438,781.3531709594736,2409.1583034057603
2025-08-26 00:00:00-04:00,AAPL,BUY,21,229.30999755859375,4820.325458679199,Strong upward momentum detected. Algorithm confidence: 43%. Good entry point for potential gains.,BUY: Momentum entry Q=0.427 >= 0.35,92160.16600543211,21.0,229.30999755859375,,,,,,,,2409.1583034057603
2025-08-26 00:00:00-04:00,MSFT,BUY,9,502.0400085449219,4522.878436981201,Strong upward momentum detected. Algorithm confidence: 57%. Good entry point for potential gains.,BUY: Momentum entry Q=0.574 >= 0.35,87637.2875684509,9.0,502.0400085449219,,,,,,,,2409.1583034057603
2025-08-26 00:00:00-04:00,GOOGL,BUY,24,206.95489501953125,4971.8843979492185,Strong upward momentum detected. Algorithm confidence: 44%. Good entry point for potential gains.,BUY: Momentum entry Q=0.445 >= 0.35,82665.40317050168,24.0,206.95489501953125,,,,,,,,2409.1583034057603
2025-08-26 00:00:00-04:00,TSLA,SELL,14,,,"AI model detects potential price peak. Taking profits ($66.06, 1.4%).","SELL: ML profit peak ML=0.627, P&L=$70.98",87583.85997830197,,,346.6000061035156,351.6700134277344,4852.400085449219,4918.456807800293,66.05672235107431,1.3613206081080802,719.7300111694321,2475.2150257568346
2025-08-26 00:00:00-04:00,NVDA,BUY,27,181.77000427246094,4912.697905471801,Strong upward momentum detected. Algorithm confidence: 62%. Good entry point for potential gains.,BUY: Momentum entry Q=0.624 >= 0.35,82671.16207283018,27.0,181.77000427246094,,,,,,,,2475.2150257568346
2025-08-27 00:00:00-04:00,AAPL,SELL,21,,,"AI model detects potential price peak. Taking profits ($19.94, 0.4%).","SELL: ML profit peak ML=0.708, P&L=$24.78",87506.61189807126,,,229.30999755859375,230.49000549316406,4815.509948730469,4835.449825241089,19.939876510619797,0.4140761149476313,-47.51040547180219,2495.1549022674544
2025-08-27 00:00:00-04:00,MSFT,SELL,9,,,"AI model detects potential price peak. Taking profits ($37.74, 0.8%).","SELL: ML profit peak ML=0.721, P&L=$42.30",92062.71115026853,,,502.0400085449219,506.739990234375,4518.360076904297,4556.099252197266,37.739175292968866,0.8352405441494922,479.6373182983398,2532.8940775604233
2025-08-27 00:00:00-04:00,GOOGL,SELL,24,,,"AI model detects potential price peak. Taking profits ($3.18, 0.1%).","SELL: ML profit peak ML=0.618, P&L=$8.15",97032.80614855954,,,206.95489501953125,207.29458618164062,4966.91748046875,4970.094998291016,3.1775178222660543,0.06397363827285042,602.861500427246,2536.0715953826893
2025-08-27 00:00:00-04:00,TSLA,BUY,14,349.6000061035156,4899.294485534668,Strong upward momentum detected. Algorithm confidence: 65%. Good entry point for potential gains.,BUY: Momentum entry Q=0.647 >= 0.35,92133.51166302487,14.0,349.6000061035156,,,,,,,,2536.0715953826893
2025-08-28 00:00:00-04:00,AAPL,BUY,21,232.55999755859375,4888.643708679198,Strong upward momentum detected. Algorithm confidence: 60%. Good entry point for potential gains.,BUY: Momentum entry Q=0.602 >= 0.35,87244.86795434567,21.0,232.55999755859375,,,,,,,,2536.0715953826893
2025-08-28 00:00:00-04:00,MSFT,BUY,9,509.6400146484375,4591.3468919677725,Strong upward momentum detected. Algorithm confidence: 40%. Good entry point for potential gains.,BUY: Momentum entry Q=0.400 >= 0.35,82653.5210623779,9.0,509.6400146484375,,,,,,,,2536.0715953826893
2025-08-28 00:00:00-04:00,GOOGL,BUY,23,211.4508819580078,4868.2336553192135,Strong upward momentum detected. Algorithm confidence: 53%. Good entry point for potential gains.,BUY: Momentum entry Q=0.527 >= 0.35,77785.28740705868,23.0,211.4508819580078,,,,,,,,2536.0715953826893
2025-08-28 00:00:00-04:00,NVDA,SELL,27,,,"End of trading session - closing all positions ($-48.06, -1.0%).",FORCED EXIT: Held for 48.0 hours (max: 48),82645.01276766964,,,181.77000427246094,180.1699981689453,4907.790115356445,4859.725360610962,-48.0647547454837,-0.9793563623491024,733.2884162139899,2488.0068406372056
2025-08-29 00:00:00-04:00,GOOGL,SELL,23,,,"AI model detects potential price peak. Taking profits ($24.29, 0.5%).","SELL: ML profit peak ML=0.593, P&L=$29.18",87532.6742754974,,,211.4508819580078,212.71974182128906,4863.37028503418,4887.661507827759,24.291222793579436,0.49947302734339744,627.1527232208255,2512.298063430785
2025-08-29 00:00:00-04:00,TSLA,SELL,14,,,"End of trading session - closing all positions ($-224.89, -4.6%).",FORCED EXIT: Held for 48.0 hours (max: 48),92202.18002720638,,,349.6000061035156,333.8699951171875,4894.400085449219,4669.5057517089845,-224.8943337402343,-4.594931550627272,494.83567742919786,2287.403729690551
2025-08-29 00:00:00-04:00,NVDA,BUY,28,174.17999267578125,4881.916834716796,Strong upward momentum detected. Algorithm confidence: 62%. Good entry point for potential gains.,BUY: Momentum entry Q=0.617 >= 0.35,87320.26319248958,28.0,174.17999267578125,,,,,,,,2287.403729690551
2025-09-02 00:00:00-04:00,AAPL,SELL,21,,,"End of trading session - closing all positions ($-64.46, -1.3%).",FORCED EXIT: Held for 120.0 hours (max: 48),92139.55909809872,,,232.55999755859375,229.72000122070312,4883.759948730469,4819.295905609131,-64.46404312133745,-1.319967479935103,-111.97444859313964,2222.9396865692133
2025-09-02 00:00:00-04:00,MSFT,SELL,9,,,"End of trading session - closing all positions ($-45.23, -1.0%).",FORCED EXIT: Held for 120.0 hours (max: 48),96681.09297419735,,,509.6400146484375,505.1199951171875,4586.7601318359375,4541.533876098632,-45.22625573730511,-0.9860174597620052,434.41106256103467,2177.713430831908
2025-09-02 00:00:00-04:00,GOOGL,BUY,23,211.16114807128906,4861.563112045287,Strong upward momentum detected. Algorithm confidence: 54%. Good entry point for potential gains.,BUY: Momentum entry Q=0.544 >= 0.35,91819.52986215206,23.0,211.16114807128906,,,,,,,,2177.713430831908
2025-09-02 00:00:00-04:00,TSLA,BUY,15,329.3599853515625,4945.34018005371,Strong upward momentum detected. Algorithm confidence: 55%. Good entry point for potential gains.,BUY: Momentum entry Q=0.551 >= 0.35,86874.18968209835,15.0,329.3599853515625,,,,,,,,2177.713430831908
2025-09-02 00:00:00-04:00,NVDA,SELL,28,,,"End of trading session - closing all positions ($-99.98, -2.1%).",FORCED EXIT: Held for 96.0 hours (max: 48),91651.24780795285,,,174.17999267578125,170.77999877929688,4877.039794921875,4777.058125854493,-99.98166906738243,-2.0500482520459733,633.3067471466074,2077.731761764526
2025-09-03 00:00:00-04:00,AAPL,BUY,20,238.47000122070312,4774.169424438476,Strong upward momentum detected. Algorithm confidence: 64%. Good entry point for potential gains.,BUY: Momentum entry Q=0.643 >= 0.35,86877.07838351438,20.0,238.47000122070312,,,,,,,,2077.731761764526
2025-09-03 00:00:00-04:00,GOOGL,SELL,23,,,"Exit signal triggered. Closing position with profit ($438.43, 9.0%).",SELL: Swing trade profit 9.1% >= 2.0% (24.0h),92172.2173666992,,,211.16114807128906,230.45388793945312,4856.706405639648,5295.138983184815,438.43257754516617,9.027364244955276,1065.5853007659916,2516.164339309692
2025-09-03 00:00:00-04:00,TSLA,SELL,15,,,"AI model detects potential price peak. Taking profits ($65.94, 1.3%).","SELL: ML profit peak ML=0.510, P&L=$70.95",97178.5559618225,,,329.3599853515625,334.0899963378906,4940.3997802734375,5006.338595123291,65.93881484985377,1.3346858105115582,560.7744922790516,2582.1031541595457
2025-09-03 00:00:00-04:00,NVDA,BUY,29,170.6199951171875,4952.9278382568355,Strong upward momentum detected. Algorithm confidence: 57%. Good entry point for potential gains.,BUY: Momentum entry Q=0.566 >= 0.35,92225.62812356566,29.0,170.6199951171875,,,,,,,,2582.1031541595457
2025-09-04 00:00:00-04:00,AAPL,SELL,20,,,"AI model detects potential price peak. Taking profits ($21.40, 0.4%).","SELL: ML profit peak ML=0.646, P&L=$26.20",97016.43249917602,,,238.47000122070312,239.77999877929688,4769.4000244140625,4790.804375610352,21.4043511962891,0.4487849852543811,-90.57009739685054,2603.507505355835
2025-09-04 00:00:00-04:00,GOOGL,BUY,21,232.09242248535156,4878.814813064575,Strong upward momentum detected. Algorithm confidence: 42%. Good entry point for potential gains.,BUY: Momentum entry Q=0.423 >= 0.35,92137.61768611145,21.0,232.09242248535156,,,,,,,,2603.507505355835
2025-09-04 00:00:00-04:00,TSLA,BUY,14,338.5299987792969,4744.159402893066,Strong upward momentum detected. Algorithm confidence: 58%. Good entry point for potential gains.,BUY: Momentum entry Q=0.576 >= 0.35,87393.45828321838,14.0,338.5299987792969,,,,,,,,2603.507505355835
2025-09-04 00:00:00-04:00,NVDA,SELL,29,,,"AI model detects potential price peak. Taking profits ($25.18, 0.5%).","SELL: ML profit peak ML=0.857, P&L=$30.16",92366.62024931335,,,170.6199951171875,171.66000366210938,4947.9798583984375,4973.161966094971,25.18210769653342,0.5089371504572852,658.4888548431409,2628.6896130523683
2025-09-05 00:00:00-04:00,AAPL,BUY,20,239.69000244140625,4798.5938488769525,Strong upward momentum detected. Algorithm confidence: 66%. Good entry point for potential gains.,BUY: Momentum entry Q=0.660 >= 0.35,87568.0264004364,20.0,239.69000244140625,,,,,,,,2628.6896130523683
2025-09-05 00:00:00-04:00,MSFT,BUY,10,495.0,4954.95,Strong upward momentum detected. Algorithm confidence: 59%. Good entry point for potential gains.,BUY: Momentum entry Q=0.588 >= 0.35,82613.0764004364,10.0,495.0,,,,,,,,2628.6896130523683
2025-09-05 00:00:00-04:00,GOOGL,SELL,21,,,"AI model detects potential price peak. Taking profits ($51.72, 1.1%).","SELL: ML profit peak ML=0.764, P&L=$56.65",87538.73598970032,,,232.09242248535156,234.79000854492188,4873.940872192383,4925.659589263916,51.71871707153332,1.0611272977603716,1117.304017837525,2680.4083301239016
2025-09-05 00:00:00-04:00,TSLA,SELL,14,,,"Exit signal triggered. Closing position with profit ($167.43, 3.5%).",SELL: Swing trade profit 3.6% >= 2.0% (24.0h),92445.58417848205,,,338.5299987792969,350.8399963378906,4739.419982910156,4906.848188781738,167.42820587158167,3.53267291093235,728.2026981506333,2847.8365359954832
2025-09-05 00:00:00-04:00,NVDA,BUY,29,167.02000427246094,4848.423704025268,Strong upward momentum detected. Algorithm confidence: 67%. Good entry point for potential gains.,BUY: Momentum entry Q=0.667 >= 0.35,87597.16047445679,29.0,167.02000427246094,,,,,,,,2847.8365359954832
2025-09-08 00:00:00-04:00,AAPL,SELL,20,,,"End of trading session - closing all positions ($-40.96, -0.9%).",FORCED EXIT: Held for 72.0 hours (max: 48),92350.00297201538,,,239.69000244140625,237.8800048828125,4793.800048828125,4752.842497558594,-40.957551269530995,-0.8543858912000999,-131.52764866638154,2806.8789847259523
2025-09-08 00:00:00-04:00,MSFT,SELL,10,,,"End of trading session - closing all positions ($27.02, 0.5%).",FORCED EXIT: Held for 72.0 hours (max: 48),97327.02109396363,,,495.0,498.20001220703125,4950.0,4977.018121948242,27.01812194824197,0.5458206454190296,461.42918450927664,2833.897106674194
2025-09-08 00:00:00-04:00,GOOGL,BUY,21,234.0399932861328,4919.754698867798,Strong upward momentum detected. Algorithm confidence: 41%. Good entry point for potential gains.,BUY: Momentum entry Q=0.412 >= 0.35,92407.26639509584,21.0,234.0399932861328,,,,,,,,2833.897106674194
2025-09-08 00:00:00-04:00,TSLA,BUY,14,346.3999938964844,4854.449514465331,Strong upward momentum detected. Algorithm confidence: 60%. Good entry point for potential gains.,BUY: Momentum entry Q=0.598 >= 0.35,87552.8168806305,14.0,346.3999938964844,,,,,,,,2833.897106674194
2025-09-08 00:00:00-04:00,NVDA,SELL,29,,,"End of trading session - closing all positions ($32.53, 0.7%).",FORCED EXIT: Held for 72.0 hours (max: 48),92428.92581990053,,,167.02000427246094,168.30999755859375,4843.580123901367,4876.10893927002,32.52881536865243,0.6715861931989965,691.0176702117933,2866.4259220428467
