date,symbol,action,shares,price,cost,reason,technical_reason,cash_after,total_position,avg_price,buy_price,sell_price,cost_basis,proceeds,pnl,pnl_pct,cumulative_pnl,running_total_pnl
2025-06-09 00:00:00-04:00,AAPL,BUY,24,201.2216339111328,4834.148533081054,Strong upward momentum detected. Algorithm confidence: 33%. Good entry point for potential gains.,BUY: Momentum entry Q=0.333 >= 0.3,45165.851466918946,24.0,201.2216339111328,,,,,,,,0.0
2025-06-09 00:00:00-04:00,MSFT,BUY,10,471.97412109375,4724.460952148437,Strong upward momentum detected. Algorithm confidence: 41%. Good entry point for potential gains.,BUY: Momentum entry Q=0.406 >= 0.3,40441.39051477051,10.0,471.97412109375,,,,,,,,0.0
2025-06-09 00:00:00-04:00,GOOGL,BUY,28,176.08999633789062,4935.450417358398,Strong upward momentum detected. Algorithm confidence: 38%. Good entry point for potential gains.,BUY: Momentum entry Q=0.383 >= 0.3,35505.94009741211,28.0,176.08999633789062,,,,,,,,0.0
2025-06-09 00:00:00-04:00,TSLA,BUY,16,308.5799865722656,4942.217064941406,Strong upward momentum detected. Algorithm confidence: 40%. Good entry point for potential gains.,BUY: Momentum entry Q=0.398 >= 0.3,30563.723032470705,16.0,308.5799865722656,,,,,,,,0.0
2025-06-09 00:00:00-04:00,NVDA,BUY,35,142.62010192871094,4996.695271072387,Strong upward momentum detected. Algorithm confidence: 42%. Good entry point for potential gains.,BUY: Momentum entry Q=0.418 >= 0.3,25567.02776139832,35.0,142.62010192871094,,,,,,,,0.0
2025-06-10 00:00:00-04:00,AAPL,SELL,24,,,"AI model detects potential price peak. Taking profits ($24.39, 0.5%).","SELL: ML profit peak ML=0.402, P&L=$29.25",30420.7351134491,,,201.2216339111328,202.44024658203125,4829.3192138671875,4853.707352050781,24.388138183593583,0.505001576900613,24.388138183593583,24.388138183593583
2025-06-10 00:00:00-04:00,MSFT,SELL,10,,,"Algorithm confidence dropped. Exiting position to preserve capital ($-22.97, -0.5%).",SELL: Conviction lost Q=0.215 <= 0.35,35117.50489463806,,,471.97412109375,470.1471252441406,4719.7412109375,4696.769781188965,-22.97142974853523,-0.4867095190579809,-22.97142974853523,1.4167084350583536
2025-06-10 00:00:00-04:00,GOOGL,SELL,28,,,"AI model detects potential price peak. Taking profits ($65.28, 1.3%).","SELL: ML profit peak ML=0.451, P&L=$70.28",40113.3042653656,,,176.08999633789062,178.60000610351562,4930.5198974609375,4995.799370727539,65.2794732666016,1.3239876245143736,65.2794732666016,66.69618170165995
2025-06-10 00:00:00-04:00,TSLA,SELL,16,,,"Exit signal triggered. Closing position with profit ($274.94, 5.6%).",SELL: Swing trade profit 5.7% >= 1.5% (24.0h),45325.526766830444,,,308.5799865722656,326.0899963378906,4937.27978515625,5212.222501464844,274.94271630859384,5.568708444176062,274.94271630859384,341.6388980102538
2025-06-10 00:00:00-04:00,NVDA,SELL,35,,,"AI model detects potential price peak. Taking profits ($41.51, 0.8%).","SELL: ML profit peak ML=0.539, P&L=$46.55",50358.738943649296,,,142.62010192871094,143.95001220703125,4991.703567504883,5033.212176818848,41.50860931396528,0.8315519692350938,41.50860931396528,383.1475073242191
2025-06-11 00:00:00-04:00,AAPL,BUY,25,198.55465698242188,4968.830290985107,Strong upward momentum detected. Algorithm confidence: 42%. Good entry point for potential gains.,BUY: Momentum entry Q=0.425 >= 0.3,45389.90865266419,25.0,198.55465698242188,,,,,,,,383.1475073242191
2025-06-11 00:00:00-04:00,MSFT,BUY,10,471.8443298339844,4723.161741638183,Strong upward momentum detected. Algorithm confidence: 40%. Good entry point for potential gains.,BUY: Momentum entry Q=0.403 >= 0.3,40666.746911026006,10.0,471.8443298339844,,,,,,,,383.1475073242191
2025-06-11 00:00:00-04:00,GOOGL,BUY,28,177.35000610351562,4970.765971069335,Strong upward momentum detected. Algorithm confidence: 69%. Good entry point for potential gains.,BUY: Momentum entry Q=0.691 >= 0.3,35695.98093995667,28.0,177.35000610351562,,,,,,,,383.1475073242191
2025-06-11 00:00:00-04:00,TSLA,BUY,15,326.42999267578125,4901.346340026855,Strong upward momentum detected. Algorithm confidence: 54%. Good entry point for potential gains.,BUY: Momentum entry Q=0.539 >= 0.3,30794.634599929817,15.0,326.42999267578125,,,,,,,,383.1475073242191
2025-06-11 00:00:00-04:00,NVDA,BUY,35,142.8300018310547,5004.049114151,Strong upward momentum detected. Algorithm confidence: 60%. Good entry point for potential gains.,BUY: Momentum entry Q=0.600 >= 0.3,25790.585485778818,35.0,142.8300018310547,,,,,,,,383.1475073242191
2025-06-12 00:00:00-04:00,AAPL,SELL,25,,,"AI model detects potential price peak. Taking profits ($5.51, 0.1%).","SELL: ML profit peak ML=0.623, P&L=$10.49",30759.965684448252,,,198.55465698242188,198.97418212890625,4963.866424560547,4969.380198669433,5.513774108886537,0.11107821277391995,29.90191229248012,388.6612814331056
2025-06-12 00:00:00-04:00,MSFT,SELL,10,,,"AI model detects potential price peak. Taking profits ($57.62, 1.2%).","SELL: ML profit peak ML=0.648, P&L=$62.40",35536.02560296632,,,471.8443298339844,478.0840759277344,4718.443298339844,4776.059918518066,57.61662017822255,1.2210938340298507,34.64519042968732,446.27790161132816
2025-06-12 00:00:00-04:00,TSLA,SELL,15,,,"Stop loss triggered to limit losses. Protecting capital ($-114.59, -2.3%).",SELL: Stop loss 2.2% >= 2.0%,40317.888733459484,,,326.42999267578125,319.1099853515625,4896.449890136719,4781.863130493164,-114.58675964355461,-2.3402008029199934,160.35595666503923,331.69114196777355
2025-06-12 00:00:00-04:00,NVDA,SELL,35,,,"Exit signal triggered. Closing position with profit ($70.87, 1.4%).",SELL: Swing trade profit 1.5% >= 1.5% (24.0h),45387.81373345949,,,142.8300018310547,145.0,4999.050064086914,5069.925,70.87493591308612,1.4177680760240907,112.3835452270514,402.56607788085967
2025-06-13 00:00:00-04:00,AAPL,BUY,25,196.227294921875,4910.588055419921,Strong upward momentum detected. Algorithm confidence: 33%. Good entry point for potential gains.,BUY: Momentum entry Q=0.329 >= 0.3,40477.22567803957,25.0,196.227294921875,,,,,,,,402.56607788085967
2025-06-13 00:00:00-04:00,MSFT,BUY,10,474.18048095703125,4746.546614379882,Strong upward momentum detected. Algorithm confidence: 60%. Good entry point for potential gains.,BUY: Momentum entry Q=0.597 >= 0.3,35730.679063659685,10.0,474.18048095703125,,,,,,,,402.56607788085967
2025-06-13 00:00:00-04:00,GOOGL,SELL,28,,,"End of trading session - closing all positions ($-79.93, -1.6%).",FORCED EXIT: Held for 48.0 hours (max: 48),40616.548252441426,,,177.35000610351562,174.6699981689453,4965.8001708984375,4885.869188781739,-79.93098211669894,-1.6096294527743236,-14.651508850097343,322.6350957641607
2025-06-13 00:00:00-04:00,TSLA,BUY,15,325.30999755859375,4884.529613342284,Strong upward momentum detected. Algorithm confidence: 53%. Good entry point for potential gains.,BUY: Momentum entry Q=0.534 >= 0.3,35732.018639099144,15.0,325.30999755859375,,,,,,,,322.6350957641607
2025-06-13 00:00:00-04:00,NVDA,BUY,35,141.97000122070312,4973.918992767333,Strong upward momentum detected. Algorithm confidence: 60%. Good entry point for potential gains.,BUY: Momentum entry Q=0.601 >= 0.3,30758.09964633181,35.0,141.97000122070312,,,,,,,,322.6350957641607
2025-06-16 00:00:00-04:00,AAPL,SELL,25,,,"End of trading session - closing all positions ($44.24, 0.9%).",FORCED EXIT: Held for 72.0 hours (max: 48),35708.0214786072,,,196.227294921875,198.195068359375,4905.682373046875,4949.92183227539,44.23945922851544,0.90180031776168,74.14137152099556,366.87455499267617
2025-06-16 00:00:00-04:00,MSFT,SELL,10,,,"End of trading session - closing all positions ($36.95, 0.8%).",FORCED EXIT: Held for 72.0 hours (max: 48),40486.77431918337,,,474.18048095703125,478.3536376953125,4741.8048095703125,4778.752840576172,36.948031005859775,0.7791976365473359,71.5932214355471,403.82258599853594
2025-06-16 00:00:00-04:00,GOOGL,BUY,28,176.77000427246094,4954.509679748535,Strong upward momentum detected. Algorithm confidence: 71%. Good entry point for potential gains.,BUY: Momentum entry Q=0.714 >= 0.3,35532.26463943484,28.0,176.77000427246094,,,,,,,,403.82258599853594
2025-06-16 00:00:00-04:00,TSLA,SELL,15,,,"End of trading session - closing all positions ($52.36, 1.1%).",FORCED EXIT: Held for 72.0 hours (max: 48),40464.277762603786,,,325.30999755859375,329.1300048828125,4879.649963378906,4932.013123168946,52.36315979003939,1.0730925411252368,212.71911645507862,456.18574578857533
2025-06-16 00:00:00-04:00,NVDA,SELL,35,,,"End of trading session - closing all positions ($90.14, 1.8%).",FORCED EXIT: Held for 72.0 hours (max: 48),45523.36369796756,,,141.97000122070312,144.69000244140625,4968.950042724609,5059.08593536377,90.13589263916037,1.813982669661465,202.51943786621177,546.3216384277357
2025-06-17 00:00:00-04:00,AAPL,BUY,25,195.418212890625,4890.34077758789,Strong upward momentum detected. Algorithm confidence: 44%. Good entry point for potential gains.,BUY: Momentum entry Q=0.439 >= 0.3,40633.02292037967,25.0,195.418212890625,,,,,,,,546.3216384277357
2025-06-17 00:00:00-04:00,MSFT,BUY,10,477.25543212890625,4777.326875610351,Strong upward momentum detected. Algorithm confidence: 50%. Good entry point for potential gains.,BUY: Momentum entry Q=0.503 >= 0.3,35855.69604476932,10.0,477.25543212890625,,,,,,,,546.3216384277357
2025-06-17 00:00:00-04:00,TSLA,BUY,15,316.3500061035156,4749.995341644287,Strong upward momentum detected. Algorithm confidence: 49%. Good entry point for potential gains.,BUY: Momentum entry Q=0.491 >= 0.3,31105.700703125032,15.0,316.3500061035156,,,,,,,,546.3216384277357
2025-06-17 00:00:00-04:00,NVDA,BUY,34,144.1199951171875,4904.979913818359,Strong upward momentum detected. Algorithm confidence: 62%. Good entry point for potential gains.,BUY: Momentum entry Q=0.617 >= 0.3,26200.720789306673,34.0,144.1199951171875,,,,,,,,546.3216384277357
2025-06-18 00:00:00-04:00,AAPL,SELL,25,,,"AI model detects potential price peak. Taking profits ($18.56, 0.4%).","SELL: ML profit peak ML=0.612, P&L=$23.47",31104.740541046176,,,195.418212890625,196.35714721679688,4885.455322265625,4904.019751739502,18.56442947387677,0.37999384395695457,92.70580099487233,564.8860679016125
2025-06-18 00:00:00-04:00,MSFT,SELL,10,,,"AI model detects potential price peak. Taking profits ($17.17, 0.4%).","SELL: ML profit peak ML=0.629, P&L=$21.96",35894.46415036014,,,477.25543212890625,479.4518127441406,4772.5543212890625,4789.7236093139645,17.169288024902016,0.3597504998175612,88.76250946044911,582.0553559265145
2025-06-18 00:00:00-04:00,GOOGL,SELL,28,,,"End of trading session - closing all positions ($-101.45, -2.0%).",FORCED EXIT: Held for 48.0 hours (max: 48),40742.571395233186,,,176.77000427246094,173.32000732421875,4949.560119628906,4848.1072448730465,-101.45287475585974,-2.049735174516199,-116.10438360595708,480.60248117065476
2025-06-18 00:00:00-04:00,TSLA,SELL,15,,,"Exit signal triggered. Closing position with profit ($80.67, 1.7%).",SELL: Swing trade profit 1.8% >= 1.5% (24.0h),45568.49046231082,,,316.3500061035156,322.04998779296875,4745.250091552734,4825.919067077637,80.66897552490263,1.6999941829937617,293.38809197998125,561.2714566955574
2025-06-18 00:00:00-04:00,NVDA,SELL,34,,,"AI model detects potential price peak. Taking profits ($41.29, 0.8%).","SELL: ML profit peak ML=0.355, P&L=$46.24",50509.86399719241,,,144.1199951171875,145.47999572753906,4900.079833984375,4941.373534881592,41.293700897216695,0.842714859680965,243.81313876342847,602.5651575927741
2025-06-20 00:00:00-04:00,AAPL,BUY,24,200.7721405029297,4823.349903442382,Strong upward momentum detected. Algorithm confidence: 35%. Good entry point for potential gains.,BUY: Momentum entry Q=0.354 >= 0.3,45686.51409375003,24.0,200.7721405029297,,,,,,,,602.5651575927741
2025-06-20 00:00:00-04:00,MSFT,BUY,10,476.6164855957031,4770.931020812988,Strong upward momentum detected. Algorithm confidence: 65%. Good entry point for potential gains.,BUY: Momentum entry Q=0.647 >= 0.3,40915.58307293704,10.0,476.6164855957031,,,,,,,,602.5651575927741
2025-06-20 00:00:00-04:00,GOOGL,BUY,30,166.63999938964844,5004.1991816711425,Strong upward momentum detected. Algorithm confidence: 43%. Good entry point for potential gains.,BUY: Momentum entry Q=0.429 >= 0.3,35911.3838912659,30.0,166.63999938964844,,,,,,,,602.5651575927741
2025-06-20 00:00:00-04:00,TSLA,BUY,15,322.1600036621094,4837.232454986572,Strong upward momentum detected. Algorithm confidence: 60%. Good entry point for potential gains.,BUY: Momentum entry Q=0.598 >= 0.3,31074.151436279324,15.0,322.1600036621094,,,,,,,,602.5651575927741
2025-06-20 00:00:00-04:00,NVDA,BUY,34,143.85000610351562,4895.79110772705,Strong upward momentum detected. Algorithm confidence: 64%. Good entry point for potential gains.,BUY: Momentum entry Q=0.643 >= 0.3,26178.360328552273,34.0,143.85000610351562,,,,,,,,602.5651575927741
2025-06-23 00:00:00-04:00,AAPL,SELL,24,,,"End of trading session - closing all positions ($7.16, 0.1%).",FORCED EXIT: Held for 72.0 hours (max: 48),31004.047632995633,,,200.7721405029297,201.27157592773438,4818.5313720703125,4825.68730444336,7.155932373047108,0.1485085770018037,99.86173336791944,609.7210899658212
2025-06-23 00:00:00-04:00,MSFT,SELL,10,,,"End of trading session - closing all positions ($81.01, 1.7%).",FORCED EXIT: Held for 72.0 hours (max: 48),35851.219229980496,,,476.6164855957031,485.2023620605469,4766.164855957031,4847.171596984863,81.0067410278316,1.6996210470266182,169.7692504882807,690.7278309936528
2025-06-23 00:00:00-04:00,GOOGL,SELL,30,,,"End of trading session - closing all positions ($-48.46, -1.0%).",FORCED EXIT: Held for 72.0 hours (max: 48),40801.963603149445,,,166.63999938964844,165.19000244140625,4999.199981689453,4950.7443731689455,-48.45560852050767,-0.9692672567207914,-164.55999212646475,642.2722224731451
2025-06-23 00:00:00-04:00,TSLA,SELL,15,,,"End of trading session - closing all positions ($392.57, 8.1%).",FORCED EXIT: Held for 72.0 hours (max: 48),46026.933293396025,,,322.1600036621094,348.67999267578125,4832.400054931641,5224.969690246582,392.5696353149415,8.12369900779034,685.9577272949227,1034.8418577880866
2025-06-23 00:00:00-04:00,NVDA,SELL,34,,,"End of trading session - closing all positions ($5.98, 0.1%).",FORCED EXIT: Held for 72.0 hours (max: 48),50923.81145120242,,,143.85000610351562,144.1699981689453,4890.900207519531,4896.878157806396,5.9779502868650525,0.1222259713595103,249.79108905029352,1040.8198080749517
2025-06-24 00:00:00-04:00,AAPL,BUY,24,200.07293701171875,4806.552238769531,Strong upward momentum detected. Algorithm confidence: 50%. Good entry point for potential gains.,BUY: Momentum entry Q=0.501 >= 0.3,46117.25921243289,24.0,200.07293701171875,,,,,,,,1040.8198080749517
2025-06-24 00:00:00-04:00,MSFT,BUY,10,489.30560302734375,4897.949086303711,Strong upward momentum detected. Algorithm confidence: 57%. Good entry point for potential gains.,BUY: Momentum entry Q=0.571 >= 0.3,41219.310126129174,10.0,489.30560302734375,,,,,,,,1040.8198080749517
2025-06-24 00:00:00-04:00,GOOGL,BUY,29,166.77000427246094,4841.166454025268,Strong upward momentum detected. Algorithm confidence: 40%. Good entry point for potential gains.,BUY: Momentum entry Q=0.397 >= 0.3,36378.143672103906,29.0,166.77000427246094,,,,,,,,1040.8198080749517
2025-06-24 00:00:00-04:00,TSLA,BUY,14,340.4700012207031,4771.346597106933,Strong upward momentum detected. Algorithm confidence: 59%. Good entry point for potential gains.,BUY: Momentum entry Q=0.586 >= 0.3,31606.797074996975,14.0,340.4700012207031,,,,,,,,1040.8198080749517
2025-06-24 00:00:00-04:00,NVDA,BUY,33,147.89999389648438,4885.580498382567,Strong upward momentum detected. Algorithm confidence: 68%. Good entry point for potential gains.,BUY: Momentum entry Q=0.677 >= 0.3,26721.21657661441,33.0,147.89999389648438,,,,,,,,1040.8198080749517
2025-06-25 00:00:00-04:00,AAPL,SELL,24,,,"AI model detects potential price peak. Taking profits ($25.37, 0.5%).","SELL: ML profit peak ML=0.492, P&L=$30.21",31548.340919143706,,,200.07293701171875,201.33151245117188,4801.75048828125,4827.124342529297,25.373854248046882,0.5284292532477933,125.23558761596632,1066.1936623229985
2025-06-25 00:00:00-04:00,MSFT,SELL,10,,,"AI model detects potential price peak. Taking profits ($16.65, 0.3%).","SELL: ML profit peak ML=0.596, P&L=$21.56",36458.046964981106,,,489.30560302734375,491.4620666503906,4893.0560302734375,4909.706045837403,16.6500155639651,0.3402784570818546,186.4192660522458,1082.8436778869636
2025-06-25 00:00:00-04:00,GOOGL,SELL,29,,,"Exit signal triggered. Closing position with profit ($108.44, 2.2%).",SELL: Swing trade profit 2.3% >= 1.5% (24.0h),41402.817032791165,,,166.77000427246094,170.67999267578125,4836.330123901367,4944.770067810058,108.43994390869102,2.2421948281151405,-56.12004821777373,1191.2836217956547
2025-06-25 00:00:00-04:00,TSLA,SELL,14,,,"Stop loss triggered to limit losses. Protecting capital ($-185.47, -3.9%).",SELL: Stop loss 3.8% >= 2.0%,45983.93116206363,,,340.4700012207031,327.54998779296875,4766.580017089844,4581.114129272461,-185.4658878173832,-3.8909634822540187,500.49183947753954,1005.8177339782715
2025-06-25 00:00:00-04:00,NVDA,SELL,33,,,"Exit signal triggered. Closing position with profit ($206.44, 4.2%).",SELL: Swing trade profit 4.3% >= 1.5% (24.0h),51071.06885157779,,,147.89999389648438,154.30999755859375,4880.699798583984,5087.13768951416,206.43789093017585,4.229678108661155,456.2289799804694,1212.2556249084473
2025-06-26 00:00:00-04:00,AAPL,BUY,24,200.7721405029297,4823.349903442382,Strong upward momentum detected. Algorithm confidence: 37%. Good entry point for potential gains.,BUY: Momentum entry Q=0.374 >= 0.3,46247.71894813541,24.0,200.7721405029297,,,,,,,,1212.2556249084473
2025-06-26 00:00:00-04:00,MSFT,BUY,10,496.6335754394531,4971.302090148925,Strong upward momentum detected. Algorithm confidence: 56%. Good entry point for potential gains.,BUY: Momentum entry Q=0.556 >= 0.3,41276.41685798648,10.0,496.6335754394531,,,,,,,,1212.2556249084473
2025-06-26 00:00:00-04:00,GOOGL,BUY,28,173.5399932861328,4863.97893182373,Strong upward momentum detected. Algorithm confidence: 44%. Good entry point for potential gains.,BUY: Momentum entry Q=0.438 >= 0.3,36412.43792616275,28.0,173.5399932861328,,,,,,,,1212.2556249084473
2025-06-26 00:00:00-04:00,TSLA,BUY,15,325.7799987792969,4891.586681671142,Strong upward momentum detected. Algorithm confidence: 63%. Good entry point for potential gains.,BUY: Momentum entry Q=0.627 >= 0.3,31520.851244491605,15.0,325.7799987792969,,,,,,,,1212.2556249084473
2025-06-26 00:00:00-04:00,NVDA,BUY,32,155.02000427246094,4965.600776855468,Strong upward momentum detected. Algorithm confidence: 64%. Good entry point for potential gains.,BUY: Momentum entry Q=0.640 >= 0.3,26555.250467636135,32.0,155.02000427246094,,,,,,,,1212.2556249084473
2025-06-27 00:00:00-04:00,AAPL,SELL,24,,,"AI model detects potential price peak. Taking profits ($-2.90, -0.1%).","SELL: ML profit peak ML=0.384, P&L=$1.92",31370.879237167384,,,200.7721405029297,200.85205078125,4818.5313720703125,4815.62876953125,-2.9026025390621726,-0.060238323981588,122.33298507690415,1209.3530223693851
2025-06-27 00:00:00-04:00,MSFT,SELL,10,,,"Algorithm confidence dropped. Exiting position to preserve capital ($-20.03, -0.4%).",SELL: Conviction lost Q=0.199 <= 0.35,36317.18865763857,,,496.6335754394531,495.1260681152344,4966.335754394531,4946.3094204711915,-20.026333923339735,-0.4032416436125801,166.39293212890607,1189.3266884460454
2025-06-27 00:00:00-04:00,GOOGL,SELL,28,,,"Exit signal triggered. Closing position with profit ($134.72, 2.8%).",SELL: Swing trade profit 2.9% >= 1.5% (24.0h),41311.02978349307,,,173.5399932861328,178.52999877929688,4859.119812011719,4993.841125854492,134.72131384277327,2.772545626673845,78.60126562499954,1324.0480022888187
2025-06-27 00:00:00-04:00,NVDA,SELL,32,,,"Exit signal triggered. Closing position with profit ($82.31, 1.7%).",SELL: Swing trade profit 1.8% >= 1.5% (24.0h),46353.981783493065,,,155.02000427246094,157.75,4960.64013671875,5042.952,82.31186328125023,1.659299223742845,538.5408432617196,1406.359865570069
2025-06-30 00:00:00-04:00,AAPL,BUY,24,204.93740844726562,4923.416300537109,Strong upward momentum detected. Algorithm confidence: 64%. Good entry point for potential gains.,BUY: Momentum entry Q=0.645 >= 0.3,41430.56548295596,24.0,204.93740844726562,,,,,,,,1406.359865570069
2025-06-30 00:00:00-04:00,MSFT,BUY,10,496.5936584472656,4970.902521057128,Strong upward momentum detected. Algorithm confidence: 39%. Good entry point for potential gains.,BUY: Momentum entry Q=0.392 >= 0.3,36459.66296189883,10.0,496.5936584472656,,,,,,,,1406.359865570069
2025-06-30 00:00:00-04:00,GOOGL,BUY,28,176.22999572753906,4939.374320251464,Strong upward momentum detected. Algorithm confidence: 42%. Good entry point for potential gains.,BUY: Momentum entry Q=0.415 >= 0.3,31520.288641647367,28.0,176.22999572753906,,,,,,,,1406.359865570069
2025-06-30 00:00:00-04:00,TSLA,SELL,15,,,"End of trading session - closing all positions ($-126.56, -2.6%).",FORCED EXIT: Held for 96.0 hours (max: 48),36280.423796524075,,,325.7799987792969,317.6600036621094,4886.699981689453,4760.135154876709,-126.56482681274429,-2.5899856198863205,373.92701266479526,1279.7950387573246
2025-06-30 00:00:00-04:00,NVDA,BUY,31,157.99000549316406,4902.587860458373,Strong upward momentum detected. Algorithm confidence: 37%. Good entry point for potential gains.,BUY: Momentum entry Q=0.371 >= 0.3,31377.8359360657,31.0,157.99000549316406,,,,,,,,1279.7950387573246
2025-07-01 00:00:00-04:00,AAPL,SELL,24,,,"AI model detects potential price peak. Taking profits ($58.55, 1.2%).","SELL: ML profit peak ML=0.612, P&L=$63.53",36354.879789093044,,,204.93740844726562,207.58441162109375,4918.497802734375,4977.043853027344,58.546050292969085,1.1903238070050812,180.87903536987324,1338.3410890502937
2025-07-01 00:00:00-04:00,MSFT,SELL,10,,,"Algorithm confidence dropped. Exiting position to preserve capital ($-58.42, -1.2%).",SELL: Conviction lost Q=0.293 <= 0.35,41262.39168118289,,,496.5936584472656,491.242431640625,4965.936584472656,4907.511892089844,-58.42469238281228,-1.1765090308541772,107.96823974609379,1279.9163966674814
2025-07-01 00:00:00-04:00,GOOGL,SELL,28,,,"Algorithm confidence dropped. Exiting position to preserve capital ($-15.84, -0.3%).",SELL: Conviction lost Q=0.192 <= 0.35,46180.98805874636,,,176.22999572753906,175.83999633789062,4934.439880371094,4918.596377563476,-15.84350280761737,-0.3210800656553112,62.75776281738217,1264.072893859864
2025-07-01 00:00:00-04:00,TSLA,BUY,16,300.7099914550781,4816.171223144531,Strong upward momentum detected. Algorithm confidence: 65%. Good entry point for potential gains.,BUY: Momentum entry Q=0.646 >= 0.3,41364.81683560183,16.0,300.7099914550781,,,,,,,,1264.072893859864
2025-07-01 00:00:00-04:00,NVDA,SELL,31,,,"Stop loss triggered to limit losses. Protecting capital ($-150.14, -3.1%).",SELL: Stop loss 3.0% >= 2.0%,46112.36463011172,,,157.99000549316406,153.3000030517578,4897.690170288086,4747.547794509887,-150.14237577819858,-3.0655752111278836,388.398467483521,1113.9305180816655
2025-07-02 00:00:00-04:00,AAPL,BUY,23,212.1991729736328,4885.461559371947,Strong upward momentum detected. Algorithm confidence: 34%. Good entry point for potential gains.,BUY: Momentum entry Q=0.335 >= 0.3,41226.90307073977,23.0,212.1991729736328,,,,,,,,1113.9305180816655
2025-07-02 00:00:00-04:00,MSFT,BUY,10,490.2840270996094,4907.743111267089,Strong upward momentum detected. Algorithm confidence: 62%. Good entry point for potential gains.,BUY: Momentum entry Q=0.618 >= 0.3,36319.15995947268,10.0,490.2840270996094,,,,,,,,1113.9305180816655
2025-07-02 00:00:00-04:00,GOOGL,BUY,27,178.63999938964844,4828.103263504027,Strong upward momentum detected. Algorithm confidence: 43%. Good entry point for potential gains.,BUY: Momentum entry Q=0.429 >= 0.3,31491.05669596865,27.0,178.63999938964844,,,,,,,,1113.9305180816655
2025-07-02 00:00:00-04:00,TSLA,SELL,16,,,"Exit signal triggered. Closing position with profit ($233.99, 4.9%).",SELL: Swing trade profit 5.0% >= 1.5% (24.0h),36536.406198410055,,,300.7099914550781,315.6499938964844,4811.35986328125,5045.349502441406,233.989639160156,4.863274537951103,607.9166518249513,1347.9201572418215
2025-07-02 00:00:00-04:00,NVDA,BUY,31,157.25,4879.624749999999,Strong upward momentum detected. Algorithm confidence: 40%. Good entry point for potential gains.,BUY: Momentum entry Q=0.401 >= 0.3,31656.781448410056,31.0,157.25,,,,,,,,1347.9201572418215
2025-07-03 00:00:00-04:00,AAPL,SELL,23,,,"AI model detects potential price peak. Taking profits ($20.60, 0.4%).","SELL: ML profit peak ML=0.560, P&L=$25.50",36557.95758055117,,,212.1991729736328,213.30792236328125,4880.580978393555,4901.176132141113,20.59515374755847,0.4219816009350873,201.4741891174317,1368.51531098938
2025-07-03 00:00:00-04:00,MSFT,SELL,10,,,"Exit signal triggered. Closing position with profit ($72.39, 1.5%).",SELL: Swing trade profit 1.6% >= 1.5% (24.0h),41533.19038023379,,,490.2840270996094,498.02130126953125,4902.840270996094,4975.232799682617,72.39252868652329,1.4765426708836171,180.36076843261708,1440.9078396759032
2025-07-03 00:00:00-04:00,GOOGL,SELL,27,,,"AI model detects potential price peak. Taking profits ($19.18, 0.4%).","SELL: ML profit peak ML=0.462, P&L=$24.03",46375.65303730777,,,178.63999938964844,179.52999877929688,4823.279983520508,4842.462657073975,19.182673553466884,0.39771013955249324,81.94043637084906,1460.0905132293701
2025-07-03 00:00:00-04:00,TSLA,BUY,15,315.3500061035156,4734.980341644286,Strong upward momentum detected. Algorithm confidence: 66%. Good entry point for potential gains.,BUY: Momentum entry Q=0.665 >= 0.3,41640.67269566348,15.0,315.3500061035156,,,,,,,,1460.0905132293701
2025-07-03 00:00:00-04:00,NVDA,SELL,31,,,"AI model detects potential price peak. Taking profits ($59.85, 1.2%).","SELL: ML profit peak ML=0.514, P&L=$64.79",46575.27304225162,,,157.25,159.33999633789062,4874.75,4934.600346588135,59.850346588134926,1.2277623793658121,448.24881407165594,1519.940859817505
2025-07-07 00:00:00-04:00,AAPL,BUY,23,209.7119903564453,4828.199153976439,Strong upward momentum detected. Algorithm confidence: 45%. Good entry point for potential gains.,BUY: Momentum entry Q=0.454 >= 0.3,41747.073888275176,23.0,209.7119903564453,,,,,,,,1519.940859817505
2025-07-07 00:00:00-04:00,MSFT,BUY,10,496.90313720703125,4974.000403442382,Strong upward momentum detected. Algorithm confidence: 37%. Good entry point for potential gains.,BUY: Momentum entry Q=0.374 >= 0.3,36773.07348483279,10.0,496.90313720703125,,,,,,,,1519.940859817505
2025-07-07 00:00:00-04:00,GOOGL,BUY,28,176.7899932861328,4955.06993182373,Strong upward momentum detected. Algorithm confidence: 61%. Good entry point for potential gains.,BUY: Momentum entry Q=0.610 >= 0.3,31818.00355300906,28.0,176.7899932861328,,,,,,,,1519.940859817505
2025-07-07 00:00:00-04:00,TSLA,SELL,15,,,"End of trading session - closing all positions ($-325.56, -6.9%).",FORCED EXIT: Held for 96.0 hours (max: 48),36222.69448959353,,,315.3500061035156,293.94000244140625,4730.250091552734,4404.690936584473,-325.5591549682613,-6.8824934975350205,282.35749685669,1194.3817048492438
2025-07-07 00:00:00-04:00,NVDA,BUY,31,158.24000549316406,4910.345610458374,Strong upward momentum detected. Algorithm confidence: 39%. Good entry point for potential gains.,BUY: Momentum entry Q=0.393 >= 0.3,31312.348879135156,31.0,158.24000549316406,,,,,,,,1194.3817048492438
2025-07-08 00:00:00-04:00,AAPL,SELL,23,,,"AI model detects potential price peak. Taking profits ($-3.45, -0.1%).","SELL: ML profit peak ML=0.594, P&L=$1.38",36132.27844305422,,,209.7119903564453,209.7719268798828,4823.375778198242,4819.929563919068,-3.4462142791744554,-0.07144818147388422,198.02797483825725,1190.9354905700693
2025-07-08 00:00:00-04:00,TSLA,BUY,16,297.80999755859375,4769.724920898437,Strong upward momentum detected. Algorithm confidence: 44%. Good entry point for potential gains.,BUY: Momentum entry Q=0.437 >= 0.3,31362.553522155788,16.0,297.80999755859375,,,,,,,,1190.9354905700693
2025-07-08 00:00:00-04:00,NVDA,SELL,31,,,"AI model detects potential price peak. Taking profits ($49.60, 1.0%).","SELL: ML profit peak ML=0.270, P&L=$54.56",36317.59352215579,,,158.24000549316406,160.0,4905.440170288086,4955.04,49.599829711914026,1.0111188392906467,497.84864378356997,1240.5353202819833
2025-07-09 00:00:00-04:00,AAPL,BUY,23,210.90065002441406,4855.565665512085,Strong upward momentum detected. Algorithm confidence: 39%. Good entry point for potential gains.,BUY: Momentum entry Q=0.391 >= 0.3,31462.027856643705,23.0,210.90065002441406,,,,,,,,1240.5353202819833
2025-07-09 00:00:00-04:00,MSFT,SELL,10,,,"End of trading session - closing all positions ($52.78, 1.1%).",FORCED EXIT: Held for 48.0 hours (max: 48),36483.83756794741,,,496.90313720703125,502.68365478515625,4969.0313720703125,5021.809711303711,52.77833923339858,1.0621454219438518,233.13910766601566,1293.313659515382
2025-07-09 00:00:00-04:00,GOOGL,SELL,28,,,"End of trading session - closing all positions ($-9.71, -0.2%).",FORCED EXIT: Held for 48.0 hours (max: 48),41424.25207136538,,,176.7899932861328,176.6199951171875,4950.119812011719,4940.414503417969,-9.705308593749578,-0.1960620947032262,72.23512777709948,1283.6083509216323
2025-07-09 00:00:00-04:00,TSLA,SELL,16,,,"Algorithm confidence dropped. Exiting position to preserve capital ($-35.61, -0.7%).",SELL: Conviction lost Q=0.296 <= 0.35,46153.598069412255,,,297.80999755859375,295.8800048828125,4764.9599609375,4729.345998046875,-35.61396289062486,-0.7474136862131756,246.74353396606512,1247.9943880310075
2025-07-09 00:00:00-04:00,NVDA,BUY,30,162.8800048828125,4891.2865466308585,Strong upward momentum detected. Algorithm confidence: 45%. Good entry point for potential gains.,BUY: Momentum entry Q=0.448 >= 0.3,41262.3115227814,30.0,162.8800048828125,,,,,,,,1247.9943880310075
2025-07-10 00:00:00-04:00,AAPL,SELL,23,,,"AI model detects potential price peak. Taking profits ($24.30, 0.5%).","SELL: ML profit peak ML=0.427, P&L=$29.18",46137.323339447044,,,210.90065002441406,212.16920471191406,4850.714950561523,4875.011816665649,24.29686610412591,0.5008924736200647,222.32484094238316,1272.2912541351334
2025-07-10 00:00:00-04:00,GOOGL,BUY,28,177.6199951171875,4978.333223144531,Strong upward momentum detected. Algorithm confidence: 58%. Good entry point for potential gains.,BUY: Momentum entry Q=0.585 >= 0.3,41158.99011630251,28.0,177.6199951171875,,,,,,,,1272.2912541351334
2025-07-10 00:00:00-04:00,TSLA,BUY,16,309.8699951171875,4962.877841796874,Strong upward momentum detected. Algorithm confidence: 39%. Good entry point for potential gains.,BUY: Momentum entry Q=0.389 >= 0.3,36196.11227450564,16.0,309.8699951171875,,,,,,,,1272.2912541351334
2025-07-10 00:00:00-04:00,NVDA,SELL,30,,,"AI model detects potential price peak. Taking profits ($31.68, 0.6%).","SELL: ML profit peak ML=0.526, P&L=$36.60",41114.189457428,,,162.8800048828125,164.10000610351562,4886.400146484375,4918.077182922363,31.677036437988136,0.6482693903154627,529.5256802215581,1303.9682905731215
2025-07-11 00:00:00-04:00,AAPL,BUY,23,210.92062377929688,4856.025521270752,Strong upward momentum detected. Algorithm confidence: 42%. Good entry point for potential gains.,BUY: Momentum entry Q=0.421 >= 0.3,36258.16393615725,23.0,210.92062377929688,,,,,,,,1303.9682905731215
2025-07-11 00:00:00-04:00,MSFT,BUY,9,502.49395751953125,4526.968063293457,Strong upward momentum detected. Algorithm confidence: 45%. Good entry point for potential gains.,BUY: Momentum entry Q=0.450 >= 0.3,31731.195872863795,9.0,502.49395751953125,,,,,,,,1303.9682905731215
2025-07-11 00:00:00-04:00,GOOGL,SELL,28,,,"AI model detects potential price peak. Taking profits ($66.91, 1.3%).","SELL: ML profit peak ML=0.394, P&L=$71.96",36771.47062115481,,,177.6199951171875,180.19000244140625,4973.35986328125,5040.274748291015,66.91488500976538,1.3454663818679968,139.15001278686486,1370.883175582887
2025-07-11 00:00:00-04:00,TSLA,SELL,16,,,"AI model detects potential price peak. Taking profits ($53.22, 1.1%).","SELL: ML profit peak ML=0.446, P&L=$58.24",41782.61461724856,,,309.8699951171875,313.510009765625,4957.919921875,5011.14399609375,53.22407421874959,1.0735162136023602,299.9676081848147,1424.1072498016365
2025-07-11 00:00:00-04:00,NVDA,BUY,30,164.9199981689453,4952.547545013427,Strong upward momentum detected. Algorithm confidence: 37%. Good entry point for potential gains.,BUY: Momentum entry Q=0.373 >= 0.3,36830.067072235135,30.0,164.9199981689453,,,,,,,,1424.1072498016365
2025-07-14 00:00:00-04:00,AAPL,SELL,23,,,"End of trading session - closing all positions ($-63.15, -1.3%).",FORCED EXIT: Held for 72.0 hours (max: 48),41618.09473210147,,,210.92062377929688,208.3834991455078,4851.174346923828,4788.027659866333,-63.146687057495,-1.3016783677860777,159.17815388488816,1360.9605627441415
2025-07-14 00:00:00-04:00,MSFT,SELL,9,,,"End of trading session - closing all positions ($-7.22, -0.2%).",FORCED EXIT: Held for 72.0 hours (max: 48),46133.32482966616,,,502.49395751953125,502.1944274902344,4522.445617675781,4515.230097564698,-7.215520111083606,-0.15954907413108654,225.92358755493206,1353.745042633058
2025-07-14 00:00:00-04:00,GOOGL,BUY,27,181.55999755859375,4907.022054016113,Strong upward momentum detected. Algorithm confidence: 38%. Good entry point for potential gains.,BUY: Momentum entry Q=0.380 >= 0.3,41226.30277565005,27.0,181.55999755859375,,,,,,,,1353.745042633058
2025-07-14 00:00:00-04:00,TSLA,BUY,15,316.8999938964844,4758.253408355712,Strong upward momentum detected. Algorithm confidence: 47%. Good entry point for potential gains.,BUY: Momentum entry Q=0.469 >= 0.3,36468.04936729434,15.0,316.8999938964844,,,,,,,,1353.745042633058
2025-07-14 00:00:00-04:00,NVDA,SELL,30,,,"End of trading session - closing all positions ($-30.42, -0.6%).",FORCED EXIT: Held for 72.0 hours (max: 48),41385.227486801174,,,164.9199981689453,164.07000732421875,4947.599945068359,4917.178119506836,-30.421825561523292,-0.6148804652616868,499.1038546600348,1323.3232170715346
2025-07-15 00:00:00-04:00,AAPL,BUY,23,208.87295532226562,4808.882050384521,Strong upward momentum detected. Algorithm confidence: 60%. Good entry point for potential gains.,BUY: Momentum entry Q=0.597 >= 0.3,36576.345436416654,23.0,208.87295532226562,,,,,,,,1323.3232170715346
2025-07-15 00:00:00-04:00,MSFT,BUY,9,504.9898376464844,4549.4534473571775,Strong upward momentum detected. Algorithm confidence: 59%. Good entry point for potential gains.,BUY: Momentum entry Q=0.586 >= 0.3,32026.891989059477,9.0,504.9898376464844,,,,,,,,1323.3232170715346
2025-07-15 00:00:00-04:00,GOOGL,SELL,27,,,"AI model detects potential price peak. Taking profits ($6.97, 0.1%).","SELL: ML profit peak ML=0.506, P&L=$11.88",36935.97798905948,,,181.55999755859375,182.0,4902.119934082031,4909.086,6.96606591796899,0.1421031311277669,146.11607870483385,1330.2892829895036
2025-07-15 00:00:00-04:00,TSLA,SELL,15,,,"Algorithm confidence dropped. Exiting position to preserve capital ($-96.46, -2.0%).",SELL: Conviction lost Q=0.233 <= 0.35,41593.01627076724,,,316.8999938964844,310.7799987792969,4753.499908447266,4657.038281707763,-96.46162673950221,-2.0292758724594457,203.5059814453125,1233.8276562500014
2025-07-15 00:00:00-04:00,NVDA,BUY,29,170.6999969482422,4955.250211410522,Strong upward momentum detected. Algorithm confidence: 45%. Good entry point for potential gains.,BUY: Momentum entry Q=0.448 >= 0.3,36637.76605935672,29.0,170.6999969482422,,,,,,,,1233.8276562500014
2025-07-16 00:00:00-04:00,AAPL,SELL,23,,,"AI model detects potential price peak. Taking profits ($19.29, 0.4%).","SELL: ML profit peak ML=0.302, P&L=$24.12",41461.138527023344,,,208.87295532226562,209.92176818847656,4804.077972412109,4823.372467666626,19.294495254516733,0.40162743746702845,178.4726491394049,1253.1221515045181
2025-07-16 00:00:00-04:00,GOOGL,BUY,27,182.97000122070312,4945.130222991943,Strong upward momentum detected. Algorithm confidence: 40%. Good entry point for potential gains.,BUY: Momentum entry Q=0.404 >= 0.3,36516.0083040314,27.0,182.97000122070312,,,,,,,,1253.1221515045181
2025-07-16 00:00:00-04:00,TSLA,BUY,15,321.6700134277344,4829.875251617431,Strong upward momentum detected. Algorithm confidence: 42%. Good entry point for potential gains.,BUY: Momentum entry Q=0.415 >= 0.3,31686.133052413967,15.0,321.6700134277344,,,,,,,,1253.1221515045181
2025-07-16 00:00:00-04:00,NVDA,SELL,29,,,"AI model detects potential price peak. Taking profits ($14.46, 0.3%).","SELL: ML profit peak ML=0.749, P&L=$19.43",36650.89318095401,,,170.6999969482422,171.3699951171875,4950.299911499023,4964.760128540039,14.460217041015312,0.2921078985017808,513.5640717010501,1267.5823685455334
2025-07-17 00:00:00-04:00,AAPL,BUY,23,209.78192138671875,4829.809176086425,Strong upward momentum detected. Algorithm confidence: 59%. Good entry point for potential gains.,BUY: Momentum entry Q=0.590 >= 0.3,31821.084004867582,23.0,209.78192138671875,,,,,,,,1267.5823685455334
2025-07-17 00:00:00-04:00,MSFT,SELL,9,,,"End of trading session - closing all positions ($48.24, 1.1%).",FORCED EXIT: Held for 48.0 hours (max: 48),36414.228053848296,,,504.9898376464844,510.8601989746094,4544.908538818359,4593.144048980713,48.23551016235342,1.0613087095234324,274.1590977172855,1315.8178787078868
2025-07-17 00:00:00-04:00,GOOGL,SELL,27,,,"AI model detects potential price peak. Taking profits ($11.51, 0.2%).","SELL: ML profit peak ML=0.621, P&L=$16.47",41365.931443237336,,,182.97000122070312,183.5800018310547,4940.190032958984,4951.703389389038,11.513356430054046,0.2330549301391547,157.6294351348879,1327.331235137941
2025-07-17 00:00:00-04:00,TSLA,SELL,15,,,"Algorithm confidence dropped. Exiting position to preserve capital ($-38.69, -0.8%).",SELL: Conviction lost Q=0.210 <= 0.35,46152.290348114046,,,321.6700134277344,319.4100036621094,4825.050201416016,4786.358904876709,-38.69129653930668,-0.8018838131042011,164.81468490600582,1288.6399385986342
2025-07-17 00:00:00-04:00,NVDA,BUY,28,173.0,4848.843999999999,Strong upward momentum detected. Algorithm confidence: 42%. Good entry point for potential gains.,BUY: Momentum entry Q=0.420 >= 0.3,41303.44634811405,28.0,173.0,,,,,,,,1288.6399385986342
2025-07-18 00:00:00-04:00,AAPL,SELL,23,,,"AI model detects potential price peak. Taking profits ($21.80, 0.5%).","SELL: ML profit peak ML=0.615, P&L=$26.65",46150.22845765689,,,209.78192138671875,210.9405975341797,4824.984191894531,4846.782109542846,21.79791764831498,0.45177179409070817,200.27056678771987,1310.4378562469492
2025-07-18 00:00:00-04:00,MSFT,BUY,9,509.212890625,4587.4989316406245,Strong upward momentum detected. Algorithm confidence: 59%. Good entry point for potential gains.,BUY: Momentum entry Q=0.587 >= 0.3,41562.729526016265,9.0,509.212890625,,,,,,,,1310.4378562469492
2025-07-18 00:00:00-04:00,GOOGL,BUY,27,185.05999755859375,5001.616554016113,Strong upward momentum detected. Algorithm confidence: 55%. Good entry point for potential gains.,BUY: Momentum entry Q=0.547 >= 0.3,36561.11297200015,27.0,185.05999755859375,,,,,,,,1310.4378562469492
2025-07-18 00:00:00-04:00,TSLA,BUY,15,329.6499938964844,4949.694658355712,Strong upward momentum detected. Algorithm confidence: 61%. Good entry point for potential gains.,BUY: Momentum entry Q=0.606 >= 0.3,31611.418313644437,15.0,329.6499938964844,,,,,,,,1310.4378562469492
2025-07-18 00:00:00-04:00,NVDA,SELL,28,,,"Algorithm confidence dropped. Exiting position to preserve capital ($-21.35, -0.4%).",SELL: Conviction lost Q=0.245 <= 0.35,36434.07093608096,,,173.0,172.41000366210938,4844.0,4822.652622436523,-21.347377563476584,-0.44069730725591627,492.21669413757354,1289.0904786834726
2025-07-21 00:00:00-04:00,AAPL,BUY,23,212.23912048339844,4886.381270889282,Strong upward momentum detected. Algorithm confidence: 52%. Good entry point for potential gains.,BUY: Momentum entry Q=0.524 >= 0.3,31547.689665191683,23.0,212.23912048339844,,,,,,,,1289.0904786834726
2025-07-21 00:00:00-04:00,MSFT,SELL,9,,,"End of trading session - closing all positions ($-4.49, -0.1%).",FORCED EXIT: Held for 72.0 hours (max: 48),36126.11248822025,,,509.212890625,509.2228698730469,4582.916015625,4578.422823028564,-4.49319259643562,-0.09804221986867145,269.66590512084986,1284.597286087037
2025-07-21 00:00:00-04:00,GOOGL,SELL,27,,,"End of trading session - closing all positions ($130.95, 2.6%).",FORCED EXIT: Held for 72.0 hours (max: 48),41253.679952850376,,,185.05999755859375,190.10000610351562,4996.619934082031,5127.567464630127,130.94753054809553,2.620722253755987,288.5769656829834,1415.5448166351325
2025-07-21 00:00:00-04:00,TSLA,SELL,15,,,"End of trading session - closing all positions ($-22.33, -0.5%).",FORCED EXIT: Held for 72.0 hours (max: 48),46176.10245651248,,,329.6499938964844,328.489990234375,4944.749908447266,4922.422503662109,-22.327404785156432,-0.4515375943890277,142.4872801208494,1393.217411849976
2025-07-21 00:00:00-04:00,NVDA,BUY,29,171.3800048828125,4974.990161743163,Strong upward momentum detected. Algorithm confidence: 40%. Good entry point for potential gains.,BUY: Momentum entry Q=0.396 >= 0.3,41201.11229476932,29.0,171.3800048828125,,,,,,,,1393.217411849976
2025-07-22 00:00:00-04:00,AAPL,SELL,23,,,"AI model detects potential price peak. Taking profits ($39.18, 0.8%).","SELL: ML profit peak ML=0.498, P&L=$44.11",46121.79657867435,,,212.23912048339844,214.15695190429688,4881.499771118164,4920.68428390503,39.184512786865525,0.8027146291945817,239.4550795745854,1432.4019246368416
2025-07-22 00:00:00-04:00,MSFT,BUY,9,504.44073486328125,4544.5065803833,Strong upward momentum detected. Algorithm confidence: 60%. Good entry point for potential gains.,BUY: Momentum entry Q=0.602 >= 0.3,41577.28999829105,9.0,504.44073486328125,,,,,,,,1432.4019246368416
2025-07-22 00:00:00-04:00,GOOGL,BUY,26,191.33999633789062,4979.814744689941,Strong upward momentum detected. Algorithm confidence: 45%. Good entry point for potential gains.,BUY: Momentum entry Q=0.454 >= 0.3,36597.475253601115,26.0,191.33999633789062,,,,,,,,1432.4019246368416
2025-07-22 00:00:00-04:00,TSLA,BUY,15,332.1099853515625,4986.631430053711,Strong upward momentum detected. Algorithm confidence: 54%. Good entry point for potential gains.,BUY: Momentum entry Q=0.540 >= 0.3,31610.843823547402,15.0,332.1099853515625,,,,,,,,1432.4019246368416
2025-07-22 00:00:00-04:00,NVDA,SELL,29,,,"Stop loss triggered to limit losses. Protecting capital ($-130.99, -2.6%).",SELL: Stop loss 2.5% >= 2.0%,36449.86991818241,,,171.3800048828125,167.02999877929688,4970.0201416015625,4839.02609463501,-130.99404696655256,-2.6356844285210568,361.222647171021,1301.407877670289
2025-07-23 00:00:00-04:00,AAPL,BUY,23,213.9072265625,4924.786077148437,Strong upward momentum detected. Algorithm confidence: 59%. Good entry point for potential gains.,BUY: Momentum entry Q=0.589 >= 0.3,31525.083841033975,23.0,213.9072265625,,,,,,,,1301.407877670289
2025-07-23 00:00:00-04:00,MSFT,SELL,9,,,"AI model detects potential price peak. Taking profits ($0.85, 0.0%).","SELL: ML profit peak ML=0.561, P&L=$5.39",36065.896362793006,,,504.44073486328125,505.0397644042969,4539.966613769531,4540.812521759033,0.8459079895019386,0.018632471589908495,270.5118131103518,1302.253785659791
2025-07-23 00:00:00-04:00,GOOGL,SELL,26,,,"Algorithm confidence dropped. Exiting position to preserve capital ($-33.81, -0.7%).",SELL: Conviction lost Q=0.229 <= 0.35,41006.93027182011,,,191.33999633789062,190.22999572753906,4974.839904785156,4941.0339090271,-33.80599575805627,-0.6795393702124816,254.77096992492716,1268.4477899017347
2025-07-23 00:00:00-04:00,TSLA,SELL,15,,,"AI model detects potential price peak. Taking profits ($1.76, 0.0%).","SELL: ML profit peak ML=0.697, P&L=$6.75",45990.34183523564,,,332.1099853515625,332.55999755859375,4981.6497802734375,4983.411563415528,1.7617831420902803,0.03536545561806992,144.24906326293967,1270.209573043825
2025-07-23 00:00:00-04:00,NVDA,BUY,29,170.77999877929688,4957.572584564208,Strong upward momentum detected. Algorithm confidence: 44%. Good entry point for potential gains.,BUY: Momentum entry Q=0.435 >= 0.3,41032.76925067143,29.0,170.77999877929688,,,,,,,,1270.209573043825
2025-07-24 00:00:00-04:00,MSFT,BUY,9,510.0415344238281,4594.964183624267,Strong upward momentum detected. Algorithm confidence: 53%. Good entry point for potential gains.,BUY: Momentum entry Q=0.529 >= 0.3,36437.805067047164,9.0,510.0415344238281,,,,,,,,1270.209573043825
2025-07-24 00:00:00-04:00,GOOGL,BUY,26,192.1699981689453,5001.41637234497,Strong upward momentum detected. Algorithm confidence: 37%. Good entry point for potential gains.,BUY: Momentum entry Q=0.372 >= 0.3,31436.388694702193,26.0,192.1699981689453,,,,,,,,1270.209573043825
2025-07-24 00:00:00-04:00,TSLA,BUY,16,305.29998779296875,4889.684604492187,Strong upward momentum detected. Algorithm confidence: 69%. Good entry point for potential gains.,BUY: Momentum entry Q=0.693 >= 0.3,26546.704090210005,16.0,305.29998779296875,,,,,,,,1270.209573043825
2025-07-24 00:00:00-04:00,NVDA,SELL,29,,,"Exit signal triggered. Closing position with profit ($80.80, 1.6%).",SELL: Swing trade profit 1.7% >= 1.5% (24.0h),31580.12578935246,,,170.77999877929688,173.74000549316406,4952.619964599609,5033.421699142456,80.80173454284704,1.6314947466270893,442.024381713868,1351.011307586672
2025-07-25 00:00:00-04:00,AAPL,SELL,23,,,"End of trading session - closing all positions ($-11.12, -0.2%).",FORCED EXIT: Held for 48.0 hours (max: 48),36488.87560853581,,,213.9072265625,213.63754272460938,4919.8662109375,4908.749819183349,-11.116391754150754,-0.22594906604243783,228.33868782043464,1339.8949158325213
2025-07-25 00:00:00-04:00,MSFT,SELL,9,,,"AI model detects potential price peak. Taking profits ($20.81, 0.5%).","SELL: ML profit peak ML=0.587, P&L=$25.43",41100.06229627995,,,510.0415344238281,512.866943359375,4590.373809814453,4611.186687744141,20.812877929687602,0.453402681175738,291.3246910400394,1360.707793762209
2025-07-25 00:00:00-04:00,GOOGL,SELL,26,,,"AI model detects potential price peak. Taking profits ($21.24, 0.4%).","SELL: ML profit peak ML=0.629, P&L=$26.26",46117.7194260407,,,192.1699981689453,193.17999267578125,4996.419952392578,5017.6571297607425,21.23717736816434,0.4250478856965323,276.0081472930915,1381.9449711303732
2025-07-25 00:00:00-04:00,TSLA,SELL,16,,,"Exit signal triggered. Closing position with profit ($167.10, 3.4%).",SELL: Swing trade profit 3.5% >= 1.5% (24.0h),51169.62242701726,,,305.29998779296875,316.05999755859375,4884.7998046875,5051.903000976563,167.1031962890629,3.420881161367332,311.3522595520026,1549.0481674194361
2025-07-25 00:00:00-04:00,NVDA,BUY,28,173.5,4862.857999999999,Strong upward momentum detected. Algorithm confidence: 30%. Good entry point for potential gains.,BUY: Momentum entry Q=0.303 >= 0.3,46306.76442701726,28.0,173.5,,,,,,,,1549.0481674194361
2025-07-28 00:00:00-04:00,AAPL,BUY,23,213.80735778808594,4922.486798355102,Strong upward momentum detected. Algorithm confidence: 61%. Good entry point for potential gains.,BUY: Momentum entry Q=0.612 >= 0.3,41384.27762866216,23.0,213.80735778808594,,,,,,,,1549.0481674194361
2025-07-28 00:00:00-04:00,MSFT,BUY,9,511.65887451171875,4609.5348004760735,Strong upward momentum detected. Algorithm confidence: 42%. Good entry point for potential gains.,BUY: Momentum entry Q=0.424 >= 0.3,36774.742828186085,9.0,511.65887451171875,,,,,,,,1549.0481674194361
2025-07-28 00:00:00-04:00,GOOGL,BUY,25,192.5800018310547,4819.314545822143,Strong upward momentum detected. Algorithm confidence: 37%. Good entry point for potential gains.,BUY: Momentum entry Q=0.374 >= 0.3,31955.42828236394,25.0,192.5800018310547,,,,,,,,1549.0481674194361
2025-07-28 00:00:00-04:00,TSLA,BUY,15,325.5899963378906,4888.733795013427,Strong upward momentum detected. Algorithm confidence: 67%. Good entry point for potential gains.,BUY: Momentum entry Q=0.671 >= 0.3,27066.694487350513,15.0,325.5899963378906,,,,,,,,1549.0481674194361
2025-07-28 00:00:00-04:00,NVDA,SELL,28,,,"End of trading session - closing all positions ($86.05, 1.8%).",FORCED EXIT: Held for 72.0 hours (max: 48),32010.745487350512,,,173.5,176.75,4858.0,4944.051,86.05100000000039,1.7713256484149935,528.0753817138684,1635.0991674194365
2025-07-29 00:00:00-04:00,MSFT,SELL,9,,,"AI model detects potential price peak. Taking profits ($-3.98, -0.1%).","SELL: ML profit peak ML=0.578, P&L=$0.63",36611.69876640325,,,511.65887451171875,511.728759765625,4604.929870605469,4600.953279052735,-3.976591552734135,-0.0863550947456944,287.34809948730526,1631.1225758667024
2025-07-29 00:00:00-04:00,GOOGL,SELL,25,,,"Exit signal triggered. Closing position with profit ($74.36, 1.5%).",SELL: Swing trade profit 1.6% >= 1.5% (24.0h),41500.55501640325,,,192.5800018310547,195.75,4814.500045776367,4888.85625,74.35620422363263,1.5444221314082935,350.3643515167241,1705.478780090335
2025-07-29 00:00:00-04:00,NVDA,BUY,28,175.50999450683594,4919.194126037597,Strong upward momentum detected. Algorithm confidence: 37%. Good entry point for potential gains.,BUY: Momentum entry Q=0.367 >= 0.3,36581.36089036565,28.0,175.50999450683594,,,,,,,,1705.478780090335
2025-07-30 00:00:00-04:00,AAPL,SELL,23,,,"End of trading session - closing all positions ($-119.67, -2.4%).",FORCED EXIT: Held for 48.0 hours (max: 48),41379.25762330632,,,213.80735778808594,208.81301879882812,4917.569229125977,4797.896732940674,-119.6724961853024,-2.433570136166083,108.66619163513224,1585.8062839050326
2025-07-30 00:00:00-04:00,MSFT,BUY,9,512.3976440429688,4616.190375183105,Strong upward momentum detected. Algorithm confidence: 44%. Good entry point for potential gains.,BUY: Momentum entry Q=0.444 >= 0.3,36763.06724812322,9.0,512.3976440429688,,,,,,,,1585.8062839050326
2025-07-30 00:00:00-04:00,GOOGL,BUY,25,196.52999877929688,4918.163219451903,Strong upward momentum detected. Algorithm confidence: 34%. Good entry point for potential gains.,BUY: Momentum entry Q=0.345 >= 0.3,31844.904028671313,25.0,196.52999877929688,,,,,,,,1585.8062839050326
2025-07-30 00:00:00-04:00,TSLA,SELL,15,,,"End of trading session - closing all positions ($-103.04, -2.1%).",FORCED EXIT: Held for 48.0 hours (max: 48),36625.718556716965,,,325.5899963378906,319.0400085449219,4883.849945068359,4780.814528045655,-103.03541702270468,-2.109717091671671,208.3168425292979,1482.770866882328
2025-07-30 00:00:00-04:00,NVDA,SELL,28,,,"Exit signal triggered. Closing position with profit ($100.26, 2.0%).",SELL: Swing trade profit 2.1% >= 1.5% (24.0h),41640.25911622624,,,175.50999450683594,179.27000427246094,4914.279846191406,5014.540559509277,100.2607133178708,2.0401913699638694,628.3360950317392,1583.0315802001987
2025-07-31 00:00:00-04:00,AAPL,BUY,24,207.33470153808594,4981.008869750976,Strong upward momentum detected. Algorithm confidence: 58%. Good entry point for potential gains.,BUY: Momentum entry Q=0.582 >= 0.3,36659.25024647526,24.0,207.33470153808594,,,,,,,,1583.0315802001987
2025-07-31 00:00:00-04:00,MSFT,SELL,9,,,"Exit signal triggered. Closing position with profit ($177.25, 3.8%).",SELL: Swing trade profit 3.9% >= 1.5% (24.0h),41448.07613380437,,,512.3976440429688,532.6243896484375,4611.578796386719,4788.8258873291015,177.24709094238278,3.8435229835226945,464.59519042968805,1760.2786711425815
2025-07-31 00:00:00-04:00,GOOGL,SELL,25,,,"Stop loss triggered to limit losses. Protecting capital ($-120.55, -2.5%).",SELL: Stop loss 2.4% >= 2.0%,46240.77848136907,,,196.52999877929688,191.89999389648438,4913.249969482422,4792.702347564697,-120.54762191772443,-2.453521043433158,229.8167295989997,1639.731049224857
2025-07-31 00:00:00-04:00,TSLA,BUY,16,308.2699890136719,4937.252144042968,Strong upward momentum detected. Algorithm confidence: 60%. Good entry point for potential gains.,BUY: Momentum entry Q=0.599 >= 0.3,41303.5263373261,16.0,308.2699890136719,,,,,,,,1639.731049224857
2025-07-31 00:00:00-04:00,NVDA,BUY,28,177.8699951171875,4985.340223144531,Strong upward momentum detected. Algorithm confidence: 43%. Good entry point for potential gains.,BUY: Momentum entry Q=0.432 >= 0.3,36318.18611418157,28.0,177.8699951171875,,,,,,,,1639.731049224857
2025-08-01 00:00:00-04:00,AAPL,SELL,24,,,"Stop loss triggered to limit losses. Protecting capital ($-129.27, -2.6%).",SELL: Stop loss 2.5% >= 2.0%,41164.948635788016,,,207.33470153808594,202.1505889892578,4976.0328369140625,4846.762521606445,-129.27031530761724,-2.597858968064719,-20.604123672485002,1510.4607339172398
2025-08-01 00:00:00-04:00,MSFT,BUY,9,523.2498168945312,4713.957600402831,Strong upward momentum detected. Algorithm confidence: 69%. Good entry point for potential gains.,BUY: Momentum entry Q=0.687 >= 0.3,36450.99103538519,9.0,523.2498168945312,,,,,,,,1510.4607339172398
2025-08-01 00:00:00-04:00,GOOGL,BUY,26,189.1300048828125,4922.297507080078,Strong upward momentum detected. Algorithm confidence: 64%. Good entry point for potential gains.,BUY: Momentum entry Q=0.644 >= 0.3,31528.69352830511,26.0,189.1300048828125,,,,,,,,1510.4607339172398
2025-08-01 00:00:00-04:00,TSLA,SELL,16,,,"Algorithm confidence dropped. Exiting position to preserve capital ($-95.08, -1.9%).",SELL: Conviction lost Q=0.282 <= 0.35,36365.93152635198,,,308.2699890136719,302.6300048828125,4932.31982421875,4837.237998046875,-95.08182617187504,-1.9277303492162623,113.23501635742286,1415.3789077453648
2025-08-01 00:00:00-04:00,NVDA,SELL,28,,,"Stop loss triggered to limit losses. Protecting capital ($-121.06, -2.4%).",SELL: Stop loss 2.3% >= 2.0%,41225.22740049749,,,177.8699951171875,173.72000122070312,4980.35986328125,4859.295874145508,-121.0639891357423,-2.4308281421250704,507.2721058959969,1294.3149186096225
2025-08-04 00:00:00-04:00,AAPL,BUY,24,203.11949157714844,4879.7426656494135,Strong upward momentum detected. Algorithm confidence: 55%. Good entry point for potential gains.,BUY: Momentum entry Q=0.546 >= 0.3,36345.484734848076,24.0,203.11949157714844,,,,,,,,1294.3149186096225
2025-08-04 00:00:00-04:00,MSFT,SELL,9,,,"End of trading session - closing all positions ($98.79, 2.1%).",FORCED EXIT: Held for 72.0 hours (max: 48),41153.52021415716,,,523.2498168945312,534.7609252929688,4709.248352050781,4808.035479309082,98.78712725830064,2.097726003668523,563.3823176879887,1393.1020458679232
2025-08-04 00:00:00-04:00,GOOGL,SELL,26,,,"End of trading session - closing all positions ($148.59, 3.0%).",FORCED EXIT: Held for 72.0 hours (max: 48),46219.48899977117,,,189.1300048828125,195.0399932861328,4917.380126953125,5065.9687856140135,148.58865866088854,3.0217037289113557,378.40538825988824,1541.6907045288117
2025-08-04 00:00:00-04:00,TSLA,BUY,16,309.260009765625,4953.108316406249,Strong upward momentum detected. Algorithm confidence: 34%. Good entry point for potential gains.,BUY: Momentum entry Q=0.345 >= 0.3,41266.38068336492,16.0,309.260009765625,,,,,,,,1541.6907045288117
2025-08-04 00:00:00-04:00,NVDA,BUY,27,180.0,4864.86,Strong upward momentum detected. Algorithm confidence: 64%. Good entry point for potential gains.,BUY: Momentum entry Q=0.638 >= 0.3,36401.52068336492,27.0,180.0,,,,,,,,1541.6907045288117
2025-08-05 00:00:00-04:00,AAPL,SELL,24,,,"Algorithm confidence dropped. Exiting position to preserve capital ($-15.17, -0.3%).",SELL: Conviction lost Q=0.190 <= 0.35,41261.2150843659,,,203.11949157714844,202.68995666503906,4874.8677978515625,4859.6944010009765,-15.17339685058596,-0.3112576069708626,-35.77752052307096,1526.5173076782257
2025-08-05 00:00:00-04:00,MSFT,BUY,9,526.8838500976562,4746.696605529784,Strong upward momentum detected. Algorithm confidence: 58%. Good entry point for potential gains.,BUY: Momentum entry Q=0.577 >= 0.3,36514.518478836115,9.0,526.8838500976562,,,,,,,,1526.5173076782257
2025-08-05 00:00:00-04:00,GOOGL,BUY,25,194.6699981689453,4871.616704177856,Strong upward momentum detected. Algorithm confidence: 62%. Good entry point for potential gains.,BUY: Momentum entry Q=0.619 >= 0.3,31642.901774658258,25.0,194.6699981689453,,,,,,,,1526.5173076782257
2025-08-05 00:00:00-04:00,TSLA,SELL,16,,,"Algorithm confidence dropped. Exiting position to preserve capital ($-13.58, -0.3%).",SELL: Conviction lost Q=0.295 <= 0.35,36577.482274169975,,,309.260009765625,308.7200012207031,4948.16015625,4934.580499511719,-13.579656738281301,-0.2744385046051691,99.65535961914156,1512.9376509399444
2025-08-06 00:00:00-04:00,AAPL,BUY,23,213.0082550048828,4904.089054977417,Strong upward momentum detected. Algorithm confidence: 66%. Good entry point for potential gains.,BUY: Momentum entry Q=0.657 >= 0.3,31673.39321919256,23.0,213.0082550048828,,,,,,,,1512.9376509399444
2025-08-06 00:00:00-04:00,GOOGL,SELL,25,,,"AI model detects potential price peak. Taking profits ($30.60, 0.6%).","SELL: ML profit peak ML=0.413, P&L=$35.50",36570.740877731376,,,194.6699981689453,196.08999633789062,4866.749954223633,4897.347658538818,30.597704315185183,0.628709192027234,409.0030925750734,1543.5353552551296
2025-08-06 00:00:00-04:00,TSLA,BUY,15,319.9100036621094,4803.448704986572,Strong upward momentum detected. Algorithm confidence: 50%. Good entry point for potential gains.,BUY: Momentum entry Q=0.495 >= 0.3,31767.292172744805,15.0,319.9100036621094,,,,,,,,1543.5353552551296
2025-08-06 00:00:00-04:00,NVDA,SELL,27,,,"End of trading session - closing all positions ($-20.50, -0.4%).",FORCED EXIT: Held for 48.0 hours (max: 48),36606.787783355765,,,180.0,179.4199981689453,4860.0,4839.495610610962,-20.504389389037897,-0.42190101623534765,486.767716506959,1523.0309658660917
2025-08-07 00:00:00-04:00,AAPL,SELL,23,,,"Exit signal triggered. Closing position with profit ($150.71, 3.1%).",SELL: Swing trade profit 3.2% >= 1.5% (24.0h),41656.685787551934,,,213.0082550048828,219.7805633544922,4899.189865112305,5049.898004196167,150.70813908386208,3.0761849047139833,114.93061856079112,1673.7391049499538
2025-08-07 00:00:00-04:00,MSFT,SELL,9,,,"End of trading session - closing all positions ($-66.77, -1.4%).",FORCED EXIT: Held for 48.0 hours (max: 48),46331.87298591619,,,526.8838500976562,519.9852294921875,4741.954650878906,4675.187198364258,-66.76745251464854,-1.4080154162223673,496.61486517334015,1606.9716524353053
2025-08-07 00:00:00-04:00,GOOGL,BUY,25,196.52000427246094,4917.913106918334,Strong upward momentum detected. Algorithm confidence: 61%. Good entry point for potential gains.,BUY: Momentum entry Q=0.606 >= 0.3,41413.959878997855,25.0,196.52000427246094,,,,,,,,1606.9716524353053
2025-08-07 00:00:00-04:00,TSLA,SELL,15,,,"AI model detects potential price peak. Taking profits ($30.57, 0.6%).","SELL: ML profit peak ML=0.804, P&L=$35.40",46243.17566436773,,,319.9100036621094,322.2699890136719,4798.650054931641,4829.215785369873,30.565730438232094,0.6369651899666919,130.22109005737366,1637.5373828735374
2025-08-07 00:00:00-04:00,NVDA,BUY,27,180.77000427246094,4885.670905471801,Strong upward momentum detected. Algorithm confidence: 65%. Good entry point for potential gains.,BUY: Momentum entry Q=0.648 >= 0.3,41357.50475889593,27.0,180.77000427246094,,,,,,,,1637.5373828735374
2025-08-08 00:00:00-04:00,AAPL,BUY,21,229.0900115966797,4815.701133773803,Strong upward momentum detected. Algorithm confidence: 58%. Good entry point for potential gains.,BUY: Momentum entry Q=0.581 >= 0.3,36541.80362512213,21.0,229.0900115966797,,,,,,,,1637.5373828735374
2025-08-08 00:00:00-04:00,MSFT,BUY,9,521.1832275390625,4695.339696899414,Strong upward momentum detected. Algorithm confidence: 57%. Good entry point for potential gains.,BUY: Momentum entry Q=0.571 >= 0.3,31846.463928222714,9.0,521.1832275390625,,,,,,,,1637.5373828735374
2025-08-08 00:00:00-04:00,GOOGL,SELL,25,,,"Exit signal triggered. Closing position with profit ($117.46, 2.4%).",SELL: Swing trade profit 2.5% >= 1.5% (24.0h),36876.92838249212,,,196.52000427246094,201.4199981689453,4913.000106811523,5030.4644542694095,117.4643474578861,2.3908883554679794,526.4674400329595,1755.0017303314235
2025-08-08 00:00:00-04:00,TSLA,BUY,15,329.6499938964844,4949.694658355712,Strong upward momentum detected. Algorithm confidence: 62%. Good entry point for potential gains.,BUY: Momentum entry Q=0.620 >= 0.3,31927.23372413641,15.0,329.6499938964844,,,,,,,,1755.0017303314235
2025-08-08 00:00:00-04:00,NVDA,SELL,27,,,"AI model detects potential price peak. Taking profits ($47.18, 1.0%).","SELL: ML profit peak ML=0.612, P&L=$52.11",36855.20074182135,,,180.77000427246094,182.6999969482422,4880.790115356445,4927.967017684937,47.17690232849145,0.9665833033889045,533.9446188354505,1802.178632659915
2025-08-11 00:00:00-04:00,AAPL,SELL,21,,,"End of trading session - closing all positions ($-44.88, -0.9%).",FORCED EXIT: Held for 72.0 hours (max: 48),41621.20980816656,,,229.0900115966797,227.17999267578125,4810.890243530273,4766.009066345215,-44.88117718505873,-0.9329079424627349,70.04944137573239,1757.2974554748562
2025-08-11 00:00:00-04:00,MSFT,SELL,9,,,"End of trading session - closing all positions ($-7.11, -0.2%).",FORCED EXIT: Held for 72.0 hours (max: 48),46304.74485150152,,,521.1832275390625,520.9136962890625,4690.6490478515625,4683.535043334961,-7.114004516601199,-0.1516635425935265,489.50086065673895,1750.183450958255
2025-08-11 00:00:00-04:00,GOOGL,BUY,24,201.0,4828.824,Strong upward momentum detected. Algorithm confidence: 62%. Good entry point for potential gains.,BUY: Momentum entry Q=0.624 >= 0.3,41475.92085150152,24.0,201.0,,,,,,,,1750.183450958255
2025-08-11 00:00:00-04:00,TSLA,SELL,15,,,"End of trading session - closing all positions ($135.61, 2.7%).",FORCED EXIT: Held for 72.0 hours (max: 48),46556.28538320928,,,329.6499938964844,339.0299987792969,4944.749908447266,5080.3645317077635,135.61462326049786,2.7425982258237838,265.8357133178715,1885.7980742187528
2025-08-11 00:00:00-04:00,NVDA,BUY,27,182.05999755859375,4920.535554016113,Strong upward momentum detected. Algorithm confidence: 31%. Good entry point for potential gains.,BUY: Momentum entry Q=0.314 >= 0.3,41635.74982919317,27.0,182.05999755859375,,,,,,,,1885.7980742187528
2025-08-12 00:00:00-04:00,AAPL,BUY,21,229.64999389648438,4827.472521697998,Strong upward momentum detected. Algorithm confidence: 65%. Good entry point for potential gains.,BUY: Momentum entry Q=0.651 >= 0.3,36808.27730749517,21.0,229.64999389648438,,,,,,,,1885.7980742187528
2025-08-12 00:00:00-04:00,MSFT,BUY,9,528.3713989257812,4760.097932922363,Strong upward momentum detected. Algorithm confidence: 59%. Good entry point for potential gains.,BUY: Momentum entry Q=0.586 >= 0.3,32048.179374572806,9.0,528.3713989257812,,,,,,,,1885.7980742187528
2025-08-12 00:00:00-04:00,GOOGL,SELL,24,,,"AI model detects potential price peak. Taking profits ($51.28, 1.1%).","SELL: ML profit peak ML=0.625, P&L=$56.16",36923.459126770074,,,201.0,203.33999633789062,4824.0,4875.279752197265,51.279752197265225,1.0630131052501082,577.7471922302248,1937.077826416018
2025-08-12 00:00:00-04:00,TSLA,BUY,14,340.8399963378906,4776.531708679198,Strong upward momentum detected. Algorithm confidence: 50%. Good entry point for potential gains.,BUY: Momentum entry Q=0.500 >= 0.3,32146.927418090876,14.0,340.8399963378906,,,,,,,,1937.077826416018
2025-08-12 00:00:00-04:00,NVDA,SELL,27,,,"AI model detects potential price peak. Taking profits ($24.75, 0.5%).","SELL: ML profit peak ML=0.688, P&L=$29.70",37087.30219686895,,,182.05999755859375,183.16000366210938,4915.619934082031,4940.374778778076,24.75484469604453,0.5035955795607574,558.699463531495,1961.8326711120626
2025-08-13 00:00:00-04:00,AAPL,SELL,21,,,"Exit signal triggered. Closing position with profit ($72.38, 1.5%).",SELL: Swing trade profit 1.6% >= 1.5% (24.0h),41982.332305282645,,,229.64999389648438,233.3300018310547,4822.649871826172,4895.030108413696,72.38023658752445,1.500839549028189,142.42967796325684,2034.212907699587
2025-08-13 00:00:00-04:00,GOOGL,BUY,24,201.9600067138672,4851.887201293945,Strong upward momentum detected. Algorithm confidence: 61%. Good entry point for potential gains.,BUY: Momentum entry Q=0.607 >= 0.3,37130.4451039887,24.0,201.9600067138672,,,,,,,,2034.212907699587
2025-08-13 00:00:00-04:00,TSLA,SELL,14,,,"Algorithm confidence dropped. Exiting position to preserve capital ($-25.19, -0.5%).",SELL: Conviction lost Q=0.268 <= 0.35,41877.01385227971,,,340.8399963378906,339.3800048828125,4771.759948730469,4746.568748291015,-25.191200439453496,-0.527922626245179,240.64451287841803,2009.0217072601336
2025-08-13 00:00:00-04:00,NVDA,BUY,27,181.58999633789062,4907.8328310241695,Strong upward momentum detected. Algorithm confidence: 57%. Good entry point for potential gains.,BUY: Momentum entry Q=0.569 >= 0.3,36969.18102125554,27.0,181.58999633789062,,,,,,,,2009.0217072601336
2025-08-14 00:00:00-04:00,AAPL,BUY,21,232.77999877929688,4893.268354339599,Strong upward momentum detected. Algorithm confidence: 53%. Good entry point for potential gains.,BUY: Momentum entry Q=0.529 >= 0.3,32075.912666915945,21.0,232.77999877929688,,,,,,,,2009.0217072601336
2025-08-14 00:00:00-04:00,MSFT,SELL,9,,,"End of trading session - closing all positions ($-65.43, -1.4%).",FORCED EXIT: Held for 48.0 hours (max: 48),36765.82054246526,,,528.3713989257812,521.6224975585938,4755.342590332031,4689.9078755493165,-65.43471478271476,-1.3760252503310373,424.0661458740242,1943.5869924774188
2025-08-14 00:00:00-04:00,GOOGL,SELL,24,,,"AI model detects potential price peak. Taking profits ($18.65, 0.4%).","SELL: ML profit peak ML=0.546, P&L=$23.52",41631.510041000416,,,201.9600067138672,202.94000244140625,4847.0401611328125,4865.689498535156,18.649337402343917,0.3847572287906387,596.3965296325687,1962.2363298797627
2025-08-14 00:00:00-04:00,TSLA,BUY,14,335.5799865722656,4702.81793182373,Strong upward momentum detected. Algorithm confidence: 55%. Good entry point for potential gains.,BUY: Momentum entry Q=0.552 >= 0.3,36928.692109176685,14.0,335.5799865722656,,,,,,,,1962.2363298797627
2025-08-14 00:00:00-04:00,NVDA,SELL,27,,,"AI model detects potential price peak. Taking profits ($6.70, 0.1%).","SELL: ML profit peak ML=0.511, P&L=$11.61",41838.31768441777,,,181.58999633789062,182.02000427246094,4902.929901123047,4909.625575241089,6.695674118042007,0.13656475317969202,565.395137649537,1968.9320039978047
2025-08-15 00:00:00-04:00,MSFT,BUY,9,519.3162841796875,4678.520404174804,Strong upward momentum detected. Algorithm confidence: 64%. Good entry point for potential gains.,BUY: Momentum entry Q=0.639 >= 0.3,37159.79728024297,9.0,519.3162841796875,,,,,,,,1968.9320039978047
2025-08-15 00:00:00-04:00,GOOGL,BUY,24,203.89999389648438,4898.49345336914,Strong upward momentum detected. Algorithm confidence: 57%. Good entry point for potential gains.,BUY: Momentum entry Q=0.569 >= 0.3,32261.30382687383,24.0,203.89999389648438,,,,,,,,1968.9320039978047
2025-08-15 00:00:00-04:00,NVDA,BUY,27,180.4499969482422,4877.022067520141,Strong upward momentum detected. Algorithm confidence: 51%. Good entry point for potential gains.,BUY: Momentum entry Q=0.508 >= 0.3,27384.28175935369,27.0,180.4499969482422,,,,,,,,1968.9320039978047
2025-08-18 00:00:00-04:00,AAPL,SELL,21,,,"End of trading session - closing all positions ($-44.54, -0.9%).",FORCED EXIT: Held for 96.0 hours (max: 48),32228.123056549124,,,232.77999877929688,230.88999938964844,4888.379974365234,4843.841297195435,-44.538677169799485,-0.911113240037829,97.89100079345735,1924.3933268280052
2025-08-18 00:00:00-04:00,MSFT,SELL,9,,,"End of trading session - closing all positions ($-32.23, -0.7%).",FORCED EXIT: Held for 72.0 hours (max: 48),36869.73833065801,,,519.3162841796875,516.2512817382812,4673.8465576171875,4641.615274108886,-32.2312835083012,-0.6896093637428548,391.834862365723,1892.162043319704
2025-08-18 00:00:00-04:00,GOOGL,SELL,24,,,"End of trading session - closing all positions ($-14.48, -0.3%).",FORCED EXIT: Held for 72.0 hours (max: 48),41748.85433065801,,,203.89999389648438,203.5,4893.599853515625,4879.116,-14.483853515625015,-0.2959754362674265,581.9126761169437,1877.678189804079
2025-08-18 00:00:00-04:00,TSLA,SELL,14,,,"End of trading session - closing all positions ($-10.57, -0.2%).",FORCED EXIT: Held for 96.0 hours (max: 48),46436.40214187627,,,335.5799865722656,335.1600036621094,4698.119812011719,4687.547811218262,-10.572000793456937,-0.2250262065779468,230.0725120849611,1867.106189010622
2025-08-18 00:00:00-04:00,NVDA,SELL,27,,,"End of trading session - closing all positions ($37.21, 0.8%).",FORCED EXIT: Held for 72.0 hours (max: 48),51345.75772370916,,,180.4499969482422,182.00999450683594,4872.149917602539,4909.355581832886,37.20566423034688,0.7636395607599621,602.6008018798839,1904.311853240969
2025-08-19 00:00:00-04:00,AAPL,BUY,21,230.55999755859375,4846.601708679199,Strong upward momentum detected. Algorithm confidence: 42%. Good entry point for potential gains.,BUY: Momentum entry Q=0.418 >= 0.3,46499.15601502996,21.0,230.55999755859375,,,,,,,,1904.311853240969
2025-08-19 00:00:00-04:00,MSFT,BUY,9,508.933349609375,4584.980546630859,Strong upward momentum detected. Algorithm confidence: 54%. Good entry point for potential gains.,BUY: Momentum entry Q=0.535 >= 0.3,41914.1754683991,9.0,508.933349609375,,,,,,,,1904.311853240969
2025-08-19 00:00:00-04:00,GOOGL,BUY,24,201.57000732421875,4842.51785595703,Strong upward momentum detected. Algorithm confidence: 60%. Good entry point for potential gains.,BUY: Momentum entry Q=0.596 >= 0.3,37071.65761244207,24.0,201.57000732421875,,,,,,,,1904.311853240969
2025-08-19 00:00:00-04:00,TSLA,BUY,15,329.30999755859375,4944.589613342285,Strong upward momentum detected. Algorithm confidence: 55%. Good entry point for potential gains.,BUY: Momentum entry Q=0.548 >= 0.3,32127.06799909978,15.0,329.30999755859375,,,,,,,,1904.311853240969
2025-08-19 00:00:00-04:00,NVDA,BUY,28,175.63999938964844,4922.837902893066,Strong upward momentum detected. Algorithm confidence: 58%. Good entry point for potential gains.,BUY: Momentum entry Q=0.583 >= 0.3,27204.230096206717,28.0,175.63999938964844,,,,,,,,1904.311853240969
2025-08-21 00:00:00-04:00,AAPL,SELL,21,,,"End of trading session - closing all positions ($-123.58, -2.6%).",FORCED EXIT: Held for 48.0 hours (max: 48),31922.40706816106,,,230.55999755859375,224.89999389648438,4841.759948730469,4718.176971954345,-123.58297677612336,-2.5524391561074267,-25.69197598266601,1780.7288764648456
2025-08-21 00:00:00-04:00,MSFT,SELL,9,,,"End of trading session - closing all positions ($-46.78, -1.0%).",FORCED EXIT: Held for 48.0 hours (max: 48),36456.028820358326,,,508.933349609375,504.239990234375,4580.400146484375,4533.621752197266,-46.77839428710922,-1.021273093858696,345.05646807861376,1733.9504821777364
2025-08-21 00:00:00-04:00,GOOGL,SELL,24,,,"End of trading session - closing all positions ($-48.47, -1.0%).",FORCED EXIT: Held for 48.0 hours (max: 48),41245.234820358324,,,201.57000732421875,199.75,4837.68017578125,4789.206,-48.47417578124987,-1.0020128247403548,533.4385003356938,1685.4763063964865
2025-08-21 00:00:00-04:00,TSLA,SELL,15,,,"End of trading session - closing all positions ($-142.80, -2.9%).",FORCED EXIT: Held for 48.0 hours (max: 48),46042.08295085149,,,329.30999755859375,320.1099853515625,4939.649963378906,4796.848130493164,-142.80183288574244,-2.890930206480878,87.27067919921865,1542.674473510744
2025-08-21 00:00:00-04:00,NVDA,SELL,28,,,"End of trading session - closing all positions ($-23.38, -0.5%).",FORCED EXIT: Held for 48.0 hours (max: 48),50936.62339134221,,,175.63999938964844,174.97999572753906,4917.919982910156,4894.540440490723,-23.379542419433164,-0.47539493323757637,579.2212594604507,1519.294931091311
2025-08-22 00:00:00-04:00,AAPL,BUY,21,227.75999450683594,4787.742844528198,Strong upward momentum detected. Algorithm confidence: 46%. Good entry point for potential gains.,BUY: Momentum entry Q=0.457 >= 0.3,46148.88054681401,21.0,227.75999450683594,,,,,,,,1519.294931091311
2025-08-22 00:00:00-04:00,MSFT,BUY,9,507.2300109863281,4569.635168975829,Strong upward momentum detected. Algorithm confidence: 74%. Good entry point for potential gains.,BUY: Momentum entry Q=0.739 >= 0.3,41579.24537783818,9.0,507.2300109863281,,,,,,,,1519.294931091311
2025-08-22 00:00:00-04:00,GOOGL,BUY,24,206.08999633789062,4951.106072021484,Strong upward momentum detected. Algorithm confidence: 46%. Good entry point for potential gains.,BUY: Momentum entry Q=0.464 >= 0.3,36628.1393058167,24.0,206.08999633789062,,,,,,,,1519.294931091311
2025-08-22 00:00:00-04:00,TSLA,BUY,14,340.010009765625,4764.900276855468,Strong upward momentum detected. Algorithm confidence: 58%. Good entry point for potential gains.,BUY: Momentum entry Q=0.578 >= 0.3,31863.239028961234,14.0,340.010009765625,,,,,,,,1519.294931091311
2025-08-22 00:00:00-04:00,NVDA,BUY,28,177.99000549316406,4988.703873962402,Strong upward momentum detected. Algorithm confidence: 67%. Good entry point for potential gains.,BUY: Momentum entry Q=0.668 >= 0.3,26874.535154998834,28.0,177.99000549316406,,,,,,,,1519.294931091311
2025-08-25 00:00:00-04:00,AAPL,SELL,21,,,"End of trading session - closing all positions ($-17.37, -0.4%).",FORCED EXIT: Held for 72.0 hours (max: 48),31640.124871826225,,,227.75999450683594,227.16000366210938,4782.959884643555,4765.589716827392,-17.370167816162393,-0.36316775041187466,-43.0621437988284,1501.9247632751485
2025-08-25 00:00:00-04:00,MSFT,SELL,9,,,"End of trading session - closing all positions ($-31.27, -0.7%).",FORCED EXIT: Held for 72.0 hours (max: 48),36173.92661962896,,,507.2300109863281,504.260009765625,4565.070098876953,4533.801747802734,-31.268351074219026,-0.6849478846318551,313.78811700439473,1470.6564122009295
2025-08-25 00:00:00-04:00,GOOGL,SELL,24,,,"End of trading session - closing all positions ($52.60, 1.1%).",FORCED EXIT: Held for 72.0 hours (max: 48),41172.68299133306,,,206.08999633789062,208.49000549316406,4946.159912109375,4998.756371704101,52.596459594726184,1.0633796830134334,586.03495993042,1523.2528717956557
2025-08-25 00:00:00-04:00,TSLA,SELL,14,,,"End of trading session - closing all positions ($87.41, 1.8%).",FORCED EXIT: Held for 72.0 hours (max: 48),46020.230676696825,,,340.010009765625,346.6000061035156,4760.14013671875,4847.547685363769,87.40754864501923,1.8362389789908753,174.67822784423788,1610.660420440675
2025-08-25 00:00:00-04:00,NVDA,SELL,28,,,"End of trading session - closing all positions ($45.93, 0.9%).",FORCED EXIT: Held for 72.0 hours (max: 48),51049.87592840581,,,177.99000549316406,179.80999755859375,4983.720153808594,5029.645251708985,45.92509790039094,0.9215023412840438,625.1463573608416,1656.5855183410658
2025-08-26 00:00:00-04:00,AAPL,BUY,21,229.30999755859375,4820.325458679199,Strong upward momentum detected. Algorithm confidence: 32%. Good entry point for potential gains.,BUY: Momentum entry Q=0.323 >= 0.3,46229.550469726615,21.0,229.30999755859375,,,,,,,,1656.5855183410658
2025-08-26 00:00:00-04:00,MSFT,BUY,9,502.0400085449219,4522.878436981201,Strong upward momentum detected. Algorithm confidence: 60%. Good entry point for potential gains.,BUY: Momentum entry Q=0.596 >= 0.3,41706.67203274542,9.0,502.0400085449219,,,,,,,,1656.5855183410658
2025-08-26 00:00:00-04:00,GOOGL,BUY,24,207.13999938964844,4976.331345336914,Strong upward momentum detected. Algorithm confidence: 46%. Good entry point for potential gains.,BUY: Momentum entry Q=0.455 >= 0.3,36730.340687408505,24.0,207.13999938964844,,,,,,,,1656.5855183410658
2025-08-26 00:00:00-04:00,TSLA,BUY,14,351.6700134277344,4928.303568176269,Strong upward momentum detected. Algorithm confidence: 66%. Good entry point for potential gains.,BUY: Momentum entry Q=0.663 >= 0.3,31802.037119232235,14.0,351.6700134277344,,,,,,,,1656.5855183410658
2025-08-26 00:00:00-04:00,NVDA,BUY,27,181.77000427246094,4912.697905471801,Strong upward momentum detected. Algorithm confidence: 59%. Good entry point for potential gains.,BUY: Momentum entry Q=0.587 >= 0.3,26889.33921376043,27.0,181.77000427246094,,,,,,,,1656.5855183410658
2025-08-27 00:00:00-04:00,AAPL,SELL,21,,,"AI model detects potential price peak. Taking profits ($19.94, 0.4%).","SELL: ML profit peak ML=0.623, P&L=$24.78",31724.78903900152,,,229.30999755859375,230.49000549316406,4815.509948730469,4835.449825241089,19.939876510619797,0.4140761149476313,-23.122267288208604,1676.5253948516856
2025-08-27 00:00:00-04:00,MSFT,SELL,9,,,"AI model detects potential price peak. Taking profits ($37.74, 0.8%).","SELL: ML profit peak ML=0.727, P&L=$42.30",36280.88829119879,,,502.0400085449219,506.739990234375,4518.360076904297,4556.099252197266,37.739175292968866,0.8352405441494922,351.5272922973636,1714.2645701446545
2025-08-27 00:00:00-04:00,GOOGL,SELL,24,,,"AI model detects potential price peak. Taking profits ($3.18, 0.1%).","SELL: ML profit peak ML=0.544, P&L=$8.16",41255.428668762266,,,207.13999938964844,207.47999572753906,4971.3599853515625,4974.540377563477,3.1803922119142953,0.0639742891539846,589.2153521423343,1717.4449623565688
2025-08-28 00:00:00-04:00,AAPL,BUY,21,232.55999755859375,4888.643708679198,Strong upward momentum detected. Algorithm confidence: 58%. Good entry point for potential gains.,BUY: Momentum entry Q=0.580 >= 0.3,36366.78496008307,21.0,232.55999755859375,,,,,,,,1717.4449623565688
2025-08-28 00:00:00-04:00,MSFT,BUY,9,509.6400146484375,4591.3468919677725,Strong upward momentum detected. Algorithm confidence: 38%. Good entry point for potential gains.,BUY: Momentum entry Q=0.381 >= 0.3,31775.438068115294,9.0,509.6400146484375,,,,,,,,1717.4449623565688
2025-08-28 00:00:00-04:00,GOOGL,BUY,23,211.63999938964844,4872.587705947875,Strong upward momentum detected. Algorithm confidence: 63%. Good entry point for potential gains.,BUY: Momentum entry Q=0.631 >= 0.3,26902.850362167417,23.0,211.63999938964844,,,,,,,,1717.4449623565688
2025-08-28 00:00:00-04:00,TSLA,SELL,14,,,"End of trading session - closing all positions ($-84.50, -1.7%).",FORCED EXIT: Held for 48.0 hours (max: 48),31741.7267958222,,,351.6700134277344,345.9800109863281,4923.380187988281,4838.876433654785,-84.50375433349654,-1.7163767799135823,90.17447351074134,1632.9412080230722
2025-08-28 00:00:00-04:00,NVDA,SELL,27,,,"End of trading session - closing all positions ($-48.06, -1.0%).",FORCED EXIT: Held for 48.0 hours (max: 48),36601.45215643316,,,181.77000427246094,180.1699981689453,4907.790115356445,4859.725360610962,-48.0647547454837,-0.9793563623491024,577.081602615358,1584.8764532775886
2025-08-29 00:00:00-04:00,MSFT,SELL,9,,,"Algorithm confidence dropped. Exiting position to preserve capital ($-31.11, -0.7%).",SELL: Conviction lost Q=0.269 <= 0.35,41157.10196838384,,,509.6400146484375,506.69000244140625,4586.7601318359375,4555.649811950683,-31.110319885254285,-0.678263501710559,320.4169724121093,1553.7661333923343
2025-08-29 00:00:00-04:00,GOOGL,SELL,23,,,"AI model detects potential price peak. Taking profits ($24.31, 0.5%).","SELL: ML profit peak ML=0.612, P&L=$29.21",46049.135122528125,,,211.63999938964844,212.91000366210938,4867.719985961914,4892.033154144287,24.313168182373374,0.4994775429254448,613.5285203247076,1578.0793015747076
2025-08-29 00:00:00-04:00,TSLA,BUY,14,333.8699951171875,4678.8541115722655,Strong upward momentum detected. Algorithm confidence: 65%. Good entry point for potential gains.,BUY: Momentum entry Q=0.649 >= 0.3,41370.28101095586,14.0,333.8699951171875,,,,,,,,1578.0793015747076
2025-08-29 00:00:00-04:00,NVDA,BUY,28,174.17999267578125,4881.916834716796,Strong upward momentum detected. Algorithm confidence: 61%. Good entry point for potential gains.,BUY: Momentum entry Q=0.610 >= 0.3,36488.36417623907,28.0,174.17999267578125,,,,,,,,1578.0793015747076
2025-09-02 00:00:00-04:00,AAPL,SELL,21,,,"End of trading session - closing all positions ($-64.46, -1.3%).",FORCED EXIT: Held for 120.0 hours (max: 48),41307.6600818482,,,232.55999755859375,229.72000122070312,4883.759948730469,4819.295905609131,-64.46404312133745,-1.319967479935103,-87.58631040954606,1513.6152584533702
2025-09-02 00:00:00-04:00,MSFT,BUY,9,505.1199951171875,4550.626036010742,Strong upward momentum detected. Algorithm confidence: 57%. Good entry point for potential gains.,BUY: Momentum entry Q=0.570 >= 0.3,36757.034045837456,9.0,505.1199951171875,,,,,,,,1513.6152584533702
2025-09-02 00:00:00-04:00,GOOGL,BUY,23,211.35000610351562,4865.911190521239,Strong upward momentum detected. Algorithm confidence: 53%. Good entry point for potential gains.,BUY: Momentum entry Q=0.532 >= 0.3,31891.122855316215,23.0,211.35000610351562,,,,,,,,1513.6152584533702
2025-09-02 00:00:00-04:00,TSLA,SELL,14,,,"End of trading session - closing all positions ($-67.75, -1.4%).",FORCED EXIT: Held for 96.0 hours (max: 48),36497.551610443166,,,333.8699951171875,329.3599853515625,4674.179931640625,4606.428755126954,-67.75117651367145,-1.4494772880917095,22.423296997069883,1445.8640819396987
2025-09-02 00:00:00-04:00,NVDA,SELL,28,,,"End of trading session - closing all positions ($-99.98, -2.1%).",FORCED EXIT: Held for 96.0 hours (max: 48),41274.60973629766,,,174.17999267578125,170.77999877929688,4877.039794921875,4777.058125854493,-99.98166906738243,-2.0500482520459733,477.0999335479755,1345.8824128723163
2025-09-03 00:00:00-04:00,AAPL,BUY,20,238.47000122070312,4774.169424438476,Strong upward momentum detected. Algorithm confidence: 59%. Good entry point for potential gains.,BUY: Momentum entry Q=0.590 >= 0.3,36500.44031185918,20.0,238.47000122070312,,,,,,,,1345.8824128723163
2025-09-03 00:00:00-04:00,MSFT,SELL,9,,,"AI model detects potential price peak. Taking profits ($-2.48, -0.1%).","SELL: ML profit peak ML=0.581, P&L=$2.07",41044.04221673589,,,505.1199951171875,505.3500061035156,4546.0799560546875,4543.601904876709,-2.478051177978159,-0.054509625917990544,317.93892123413116,1343.4043616943381
2025-09-03 00:00:00-04:00,GOOGL,SELL,23,,,"Exit signal triggered. Closing position with profit ($438.82, 9.0%).",SELL: Swing trade profit 9.1% >= 1.5% (24.0h),46343.91712088018,,,211.35000610351562,230.66000366210938,4861.050140380859,5299.874904144287,438.82476376342765,9.027365509318653,1052.3532840881353,1782.2291254577658
2025-09-03 00:00:00-04:00,TSLA,BUY,14,334.0899963378906,4681.937208679199,Strong upward momentum detected. Algorithm confidence: 59%. Good entry point for potential gains.,BUY: Momentum entry Q=0.591 >= 0.3,41661.97991220098,14.0,334.0899963378906,,,,,,,,1782.2291254577658
2025-09-03 00:00:00-04:00,NVDA,BUY,29,170.6199951171875,4952.9278382568355,Strong upward momentum detected. Algorithm confidence: 60%. Good entry point for potential gains.,BUY: Momentum entry Q=0.597 >= 0.3,36709.05207394414,29.0,170.6199951171875,,,,,,,,1782.2291254577658
2025-09-04 00:00:00-04:00,AAPL,SELL,20,,,"AI model detects potential price peak. Taking profits ($21.40, 0.4%).","SELL: ML profit peak ML=0.569, P&L=$26.20",41499.85644955449,,,238.47000122070312,239.77999877929688,4769.4000244140625,4790.804375610352,21.4043511962891,0.4487849852543811,-66.18195921325696,1803.633476654055
2025-09-04 00:00:00-04:00,MSFT,BUY,9,507.9700012207031,4576.301740997314,Strong upward momentum detected. Algorithm confidence: 30%. Good entry point for potential gains.,BUY: Momentum entry Q=0.301 >= 0.3,36923.55470855718,9.0,507.9700012207031,,,,,,,,1803.633476654055
2025-09-04 00:00:00-04:00,GOOGL,BUY,21,232.3000030517578,4883.178364151,Strong upward momentum detected. Algorithm confidence: 35%. Good entry point for potential gains.,BUY: Momentum entry Q=0.349 >= 0.3,32040.37634440618,21.0,232.3000030517578,,,,,,,,1803.633476654055
2025-09-04 00:00:00-04:00,TSLA,SELL,14,,,"AI model detects potential price peak. Taking profits ($57.42, 1.2%).","SELL: ML profit peak ML=0.507, P&L=$62.16",36775.056907333426,,,334.0899963378906,338.5299987792969,4677.259948730469,4734.680562927246,57.420614196777024,1.2276549694947463,79.8439111938469,1861.054090850832
2025-09-04 00:00:00-04:00,NVDA,SELL,29,,,"AI model detects potential price peak. Taking profits ($25.18, 0.5%).","SELL: ML profit peak ML=0.791, P&L=$30.16",41748.2188734284,,,170.6199951171875,171.66000366210938,4947.9798583984375,4973.161966094971,25.18210769653342,0.5089371504572852,502.28204124450895,1886.2361985473653
2025-09-05 00:00:00-04:00,AAPL,BUY,20,239.69000244140625,4798.5938488769525,Strong upward momentum detected. Algorithm confidence: 69%. Good entry point for potential gains.,BUY: Momentum entry Q=0.689 >= 0.3,36949.625024551446,20.0,239.69000244140625,,,,,,,,1886.2361985473653
2025-09-05 00:00:00-04:00,MSFT,SELL,9,,,"Stop loss triggered to limit losses. Protecting capital ($-121.19, -2.7%).",SELL: Stop loss 2.6% >= 2.0%,41400.170024551444,,,507.9700012207031,495.0,4571.730010986328,4450.545,-121.18501098632805,-2.6507473253037306,196.7539102478031,1765.0511875610373
2025-09-05 00:00:00-04:00,GOOGL,SELL,21,,,"AI model detects potential price peak. Taking profits ($51.76, 1.1%).","SELL: ML profit peak ML=0.619, P&L=$56.70",46330.235024551446,,,232.3000030517578,235.0,4878.300064086914,4930.065,51.76493591308554,1.0611265242613677,1104.1182200012208,1816.8161234741228
2025-09-05 00:00:00-04:00,TSLA,BUY,14,350.8399963378906,4916.671708679199,Strong upward momentum detected. Algorithm confidence: 63%. Good entry point for potential gains.,BUY: Momentum entry Q=0.631 >= 0.3,41413.56331587225,14.0,350.8399963378906,,,,,,,,1816.8161234741228
2025-09-05 00:00:00-04:00,NVDA,BUY,29,167.02000427246094,4848.423704025268,Strong upward momentum detected. Algorithm confidence: 70%. Good entry point for potential gains.,BUY: Momentum entry Q=0.698 >= 0.3,36565.13961184698,29.0,167.02000427246094,,,,,,,,1816.8161234741228
