date,symbol,action,shares,price,cost,reason,technical_reason,cash_after,total_position,avg_price,buy_price,sell_price,cost_basis,proceeds,pnl,pnl_pct,cumulative_pnl,running_total_pnl
2025-06-11 00:00:00-04:00,AAPL,BUY,25,198.55465698242188,4968.830290985107,Strong upward momentum detected. Algorithm confidence: 38%. Good entry point for potential gains.,BUY: Momentum entry Q=0.379 >= 0.35,45031.169709014895,25.0,198.55465698242188,,,,,,,,0.0
2025-06-11 00:00:00-04:00,MSFT,BUY,10,471.8443298339844,4723.161741638183,Strong upward momentum detected. Algorithm confidence: 40%. Good entry point for potential gains.,BUY: Momentum entry Q=0.398 >= 0.35,40308.00796737671,10.0,471.8443298339844,,,,,,,,0.0
2025-06-11 00:00:00-04:00,GOOGL,BUY,28,177.1915283203125,4966.324155761718,Strong upward momentum detected. Algorithm confidence: 47%. Good entry point for potential gains.,BUY: Momentum entry Q=0.473 >= 0.35,35341.68381161499,28.0,177.1915283203125,,,,,,,,0.0
2025-06-11 00:00:00-04:00,TSLA,BUY,15,326.42999267578125,4901.346340026855,Strong upward momentum detected. Algorithm confidence: 36%. Good entry point for potential gains.,BUY: Momentum entry Q=0.363 >= 0.35,30440.337471588133,15.0,326.42999267578125,,,,,,,,0.0
2025-06-11 00:00:00-04:00,NVDA,BUY,35,142.8300018310547,5004.049114151,Strong upward momentum detected. Algorithm confidence: 41%. Good entry point for potential gains.,BUY: Momentum entry Q=0.411 >= 0.35,25436.288357437134,35.0,142.8300018310547,,,,,,,,0.0
2025-06-12 00:00:00-04:00,AAPL,SELL,25,,,"AI model detects potential price peak. Taking profits ($5.51, 0.1%).","SELL: ML profit peak ML=0.641, P&L=$10.49",30405.668556106568,,,198.55465698242188,198.97418212890625,4963.866424560547,4969.380198669433,5.513774108886537,0.11107821277391995,5.513774108886537,5.513774108886537
2025-06-12 00:00:00-04:00,MSFT,SELL,10,,,"AI model detects potential price peak. Taking profits ($57.62, 1.2%).","SELL: ML profit peak ML=0.726, P&L=$62.40",35181.72847462464,,,471.8443298339844,478.0840759277344,4718.443298339844,4776.059918518066,57.61662017822255,1.2210938340298507,57.61662017822255,63.130394287109084
2025-06-12 00:00:00-04:00,GOOGL,SELL,28,,,"Algorithm confidence dropped. Exiting position to preserve capital ($-51.07, -1.0%).",SELL: Conviction lost Q=0.285 <= 0.3,40092.01725013733,,,177.1915283203125,175.54299926757812,4961.36279296875,4910.288775512695,-51.07401745605512,-1.0294352496946462,-51.07401745605512,12.056376831053967
2025-06-12 00:00:00-04:00,TSLA,SELL,15,,,"Stop loss triggered to limit losses. Protecting capital ($-114.59, -2.3%).",SELL: Stop loss 2.2% >= 2.0%,44873.88038063049,,,326.42999267578125,319.1099853515625,4896.449890136719,4781.863130493164,-114.58675964355461,-2.3402008029199934,-114.58675964355461,-102.53038281250065
2025-06-12 00:00:00-04:00,NVDA,SELL,35,,,"AI model detects potential price peak. Taking profits ($70.87, 1.4%).","SELL: ML profit peak ML=0.777, P&L=$75.95",49943.805380630496,,,142.8300018310547,145.0,4999.050064086914,5069.925,70.87493591308612,1.4177680760240907,70.87493591308612,-31.655446899414528
2025-06-13 00:00:00-04:00,AAPL,BUY,25,196.227294921875,4910.588055419921,Strong upward momentum detected. Algorithm confidence: 38%. Good entry point for potential gains.,BUY: Momentum entry Q=0.382 >= 0.35,45033.21732521057,25.0,196.227294921875,,,,,,,,-31.655446899414528
2025-06-13 00:00:00-04:00,MSFT,BUY,10,474.18048095703125,4746.546614379882,Strong upward momentum detected. Algorithm confidence: 66%. Good entry point for potential gains.,BUY: Momentum entry Q=0.655 >= 0.35,40286.67071083069,10.0,474.18048095703125,,,,,,,,-31.655446899414528
2025-06-13 00:00:00-04:00,GOOGL,BUY,28,174.513916015625,4891.276038085937,Strong upward momentum detected. Algorithm confidence: 46%. Good entry point for potential gains.,BUY: Momentum entry Q=0.465 >= 0.35,35395.39467274475,28.0,174.513916015625,,,,,,,,-31.655446899414528
2025-06-13 00:00:00-04:00,TSLA,BUY,15,325.30999755859375,4884.529613342284,Strong upward momentum detected. Algorithm confidence: 42%. Good entry point for potential gains.,BUY: Momentum entry Q=0.424 >= 0.35,30510.865059402462,15.0,325.30999755859375,,,,,,,,-31.655446899414528
2025-06-13 00:00:00-04:00,NVDA,BUY,35,141.97000122070312,4973.918992767333,Strong upward momentum detected. Algorithm confidence: 53%. Good entry point for potential gains.,BUY: Momentum entry Q=0.526 >= 0.35,25536.94606663513,35.0,141.97000122070312,,,,,,,,-31.655446899414528
2025-06-16 00:00:00-04:00,AAPL,SELL,25,,,"End of trading session - closing all positions ($44.24, 0.9%).",FORCED EXIT: Held for 72.0 hours (max: 48),30486.86789891052,,,196.227294921875,198.195068359375,4905.682373046875,4949.92183227539,44.23945922851544,0.90180031776168,49.75323333740198,12.584012329100915
2025-06-16 00:00:00-04:00,MSFT,SELL,10,,,"End of trading session - closing all positions ($36.95, 0.8%).",FORCED EXIT: Held for 72.0 hours (max: 48),35265.620739486694,,,474.18048095703125,478.3536376953125,4741.8048095703125,4778.752840576172,36.948031005859775,0.7791976365473359,94.56465118408232,49.53204333496069
2025-06-16 00:00:00-04:00,GOOGL,SELL,28,,,"End of trading session - closing all positions ($53.80, 1.1%).",FORCED EXIT: Held for 72.0 hours (max: 48),40205.81287028504,,,174.513916015625,176.61204528808594,4886.3896484375,4940.19213079834,53.80248236084026,1.1010681961894802,2.7284649047851417,103.33452569580095
2025-06-16 00:00:00-04:00,TSLA,SELL,15,,,"End of trading session - closing all positions ($52.36, 1.1%).",FORCED EXIT: Held for 72.0 hours (max: 48),45137.82599345398,,,325.30999755859375,329.1300048828125,4879.649963378906,4932.013123168946,52.36315979003939,1.0730925411252368,-62.223599853515225,155.69768548584034
2025-06-16 00:00:00-04:00,NVDA,SELL,35,,,"End of trading session - closing all positions ($90.14, 1.8%).",FORCED EXIT: Held for 72.0 hours (max: 48),50196.91192881775,,,141.97000122070312,144.69000244140625,4968.950042724609,5059.08593536377,90.13589263916037,1.813982669661465,161.0108285522465,245.8335781250007
2025-06-17 00:00:00-04:00,AAPL,BUY,25,195.418212890625,4890.34077758789,Strong upward momentum detected. Algorithm confidence: 36%. Good entry point for potential gains.,BUY: Momentum entry Q=0.360 >= 0.35,45306.571151229866,25.0,195.418212890625,,,,,,,,245.8335781250007
2025-06-17 00:00:00-04:00,MSFT,BUY,10,477.25543212890625,4777.326875610351,Strong upward momentum detected. Algorithm confidence: 65%. Good entry point for potential gains.,BUY: Momentum entry Q=0.646 >= 0.35,40529.244275619516,10.0,477.25543212890625,,,,,,,,245.8335781250007
2025-06-17 00:00:00-04:00,GOOGL,BUY,28,175.7927703857422,4927.119768371582,Strong upward momentum detected. Algorithm confidence: 40%. Good entry point for potential gains.,BUY: Momentum entry Q=0.396 >= 0.35,35602.124507247936,28.0,175.7927703857422,,,,,,,,245.8335781250007
2025-06-17 00:00:00-04:00,TSLA,BUY,15,316.3500061035156,4749.995341644287,Strong upward momentum detected. Algorithm confidence: 41%. Good entry point for potential gains.,BUY: Momentum entry Q=0.414 >= 0.35,30852.12916560365,15.0,316.3500061035156,,,,,,,,245.8335781250007
2025-06-17 00:00:00-04:00,NVDA,BUY,34,144.1199951171875,4904.979913818359,Strong upward momentum detected. Algorithm confidence: 66%. Good entry point for potential gains.,BUY: Momentum entry Q=0.661 >= 0.35,25947.14925178529,34.0,144.1199951171875,,,,,,,,245.8335781250007
2025-06-18 00:00:00-04:00,AAPL,SELL,25,,,"AI model detects potential price peak. Taking profits ($18.56, 0.4%).","SELL: ML profit peak ML=0.429, P&L=$23.47",30851.169003524792,,,195.418212890625,196.35714721679688,4885.455322265625,4904.019751739502,18.56442947387677,0.37999384395695457,68.31766281127875,264.3980075988775
2025-06-18 00:00:00-04:00,MSFT,SELL,10,,,"AI model detects potential price peak. Taking profits ($17.17, 0.4%).","SELL: ML profit peak ML=0.591, P&L=$21.96",35640.892612838754,,,477.25543212890625,479.4518127441406,4772.5543212890625,4789.7236093139645,17.169288024902016,0.3597504998175612,111.73393920898434,281.5672956237795
2025-06-18 00:00:00-04:00,TSLA,SELL,15,,,"AI model detects potential price peak. Taking profits ($80.67, 1.7%).","SELL: ML profit peak ML=0.519, P&L=$85.50",40466.81167991639,,,316.3500061035156,322.04998779296875,4745.250091552734,4825.919067077637,80.66897552490263,1.6999941829937617,18.44537567138741,362.23627114868214
2025-06-18 00:00:00-04:00,NVDA,SELL,34,,,"AI model detects potential price peak. Taking profits ($41.29, 0.8%).","SELL: ML profit peak ML=0.450, P&L=$46.24",45408.18521479798,,,144.1199951171875,145.47999572753906,4900.079833984375,4941.373534881592,41.293700897216695,0.842714859680965,202.3045294494632,403.52997204589883
2025-06-20 00:00:00-04:00,AAPL,BUY,24,200.7721405029297,4823.349903442382,Strong upward momentum detected. Algorithm confidence: 42%. Good entry point for potential gains.,BUY: Momentum entry Q=0.420 >= 0.35,40584.8353113556,24.0,200.7721405029297,,,,,,,,403.52997204589883
2025-06-20 00:00:00-04:00,MSFT,BUY,10,476.6164855957031,4770.931020812988,Strong upward momentum detected. Algorithm confidence: 57%. Good entry point for potential gains.,BUY: Momentum entry Q=0.575 >= 0.35,35813.90429054261,10.0,476.6164855957031,,,,,,,,403.52997204589883
2025-06-20 00:00:00-04:00,GOOGL,SELL,28,,,"End of trading session - closing all positions ($-265.11, -5.4%).",FORCED EXIT: Held for 72.0 hours (max: 48),40470.99302833558,,,175.7927703857422,166.4910888671875,4922.197570800781,4657.0887377929685,-265.1088330078128,-5.385985206698699,-262.38036810302765,138.42113903808604
2025-06-20 00:00:00-04:00,NVDA,BUY,34,143.85000610351562,4895.79110772705,Strong upward momentum detected. Algorithm confidence: 54%. Good entry point for potential gains.,BUY: Momentum entry Q=0.542 >= 0.35,35575.20192060853,34.0,143.85000610351562,,,,,,,,138.42113903808604
2025-06-23 00:00:00-04:00,AAPL,SELL,24,,,"End of trading session - closing all positions ($7.16, 0.1%).",FORCED EXIT: Held for 72.0 hours (max: 48),40400.88922505189,,,200.7721405029297,201.27157592773438,4818.5313720703125,4825.68730444336,7.155932373047108,0.1485085770018037,75.47359518432586,145.57707141113315
2025-06-23 00:00:00-04:00,MSFT,SELL,10,,,"End of trading session - closing all positions ($81.01, 1.7%).",FORCED EXIT: Held for 72.0 hours (max: 48),45248.06082203676,,,476.6164855957031,485.2023620605469,4766.164855957031,4847.171596984863,81.0067410278316,1.6996210470266182,192.74068023681593,226.58381243896474
2025-06-23 00:00:00-04:00,GOOGL,BUY,30,165.04238891601562,4956.222939147949,Strong upward momentum detected. Algorithm confidence: 40%. Good entry point for potential gains.,BUY: Momentum entry Q=0.402 >= 0.35,40291.83788288881,30.0,165.04238891601562,,,,,,,,226.58381243896474
2025-06-23 00:00:00-04:00,TSLA,BUY,14,348.67999267578125,4886.401417358398,Strong upward momentum detected. Algorithm confidence: 57%. Good entry point for potential gains.,BUY: Momentum entry Q=0.566 >= 0.35,35405.43646553041,14.0,348.67999267578125,,,,,,,,226.58381243896474
2025-06-23 00:00:00-04:00,NVDA,SELL,34,,,"End of trading session - closing all positions ($5.98, 0.1%).",FORCED EXIT: Held for 72.0 hours (max: 48),40302.3146233368,,,143.85000610351562,144.1699981689453,4890.900207519531,4896.878157806396,5.9779502868650525,0.1222259713595103,208.28247973632824,232.5617627258298
2025-06-24 00:00:00-04:00,AAPL,BUY,24,200.07293701171875,4806.552238769531,Strong upward momentum detected. Algorithm confidence: 59%. Good entry point for potential gains.,BUY: Momentum entry Q=0.592 >= 0.35,35495.76238456727,24.0,200.07293701171875,,,,,,,,232.5617627258298
2025-06-24 00:00:00-04:00,MSFT,BUY,10,489.30560302734375,4897.949086303711,Strong upward momentum detected. Algorithm confidence: 63%. Good entry point for potential gains.,BUY: Momentum entry Q=0.634 >= 0.35,30597.81329826356,10.0,489.30560302734375,,,,,,,,232.5617627258298
2025-06-24 00:00:00-04:00,GOOGL,SELL,30,,,"AI model detects potential price peak. Taking profits ($42.36, 0.9%).","SELL: ML profit peak ML=0.409, P&L=$47.36",35591.44427680971,,,165.04238891601562,166.62098693847656,4951.271667480469,4993.630978546143,42.359311065673865,0.8555238716527356,-220.02105703735378,274.92107379150366
2025-06-24 00:00:00-04:00,TSLA,SELL,14,,,"Stop loss triggered to limit losses. Protecting capital ($-119.71, -2.5%).",SELL: Stop loss 2.4% >= 2.0%,40353.25771388246,,,348.67999267578125,340.4700012207031,4881.5198974609375,4761.813437072754,-119.70646038818359,-2.4522374773161824,-101.26108471679618,155.21461340332007
2025-06-24 00:00:00-04:00,NVDA,BUY,33,147.89999389648438,4885.580498382567,Strong upward momentum detected. Algorithm confidence: 60%. Good entry point for potential gains.,BUY: Momentum entry Q=0.597 >= 0.35,35467.6772154999,33.0,147.89999389648438,,,,,,,,155.21461340332007
2025-06-25 00:00:00-04:00,AAPL,SELL,24,,,"AI model detects potential price peak. Taking profits ($25.37, 0.5%).","SELL: ML profit peak ML=0.528, P&L=$30.21",40294.8015580292,,,200.07293701171875,201.33151245117188,4801.75048828125,4827.124342529297,25.373854248046882,0.5284292532477933,100.84744943237274,180.58846765136695
2025-06-25 00:00:00-04:00,MSFT,SELL,10,,,"AI model detects potential price peak. Taking profits ($16.65, 0.3%).","SELL: ML profit peak ML=0.577, P&L=$21.56",45204.5076038666,,,489.30560302734375,491.4620666503906,4893.0560302734375,4909.706045837403,16.6500155639651,0.3402784570818546,209.39069580078103,197.23848321533205
2025-06-25 00:00:00-04:00,GOOGL,BUY,29,170.52748107910156,4950.242248245238,Strong upward momentum detected. Algorithm confidence: 44%. Good entry point for potential gains.,BUY: Momentum entry Q=0.443 >= 0.35,40254.26535562136,29.0,170.52748107910156,,,,,,,,197.23848321533205
2025-06-25 00:00:00-04:00,TSLA,BUY,15,327.54998779296875,4918.163066711425,Strong upward momentum detected. Algorithm confidence: 63%. Good entry point for potential gains.,BUY: Momentum entry Q=0.634 >= 0.35,35336.10228890994,15.0,327.54998779296875,,,,,,,,197.23848321533205
2025-06-25 00:00:00-04:00,NVDA,SELL,33,,,"Exit signal triggered. Closing position with profit ($206.44, 4.2%).",SELL: Swing trade profit 4.3% >= 2.0% (24.0h),40423.2399784241,,,147.89999389648438,154.30999755859375,4880.699798583984,5087.13768951416,206.43789093017585,4.229678108661155,414.7203706665041,403.6763741455079
2025-06-26 00:00:00-04:00,AAPL,BUY,24,200.7721405029297,4823.349903442382,Strong upward momentum detected. Algorithm confidence: 61%. Good entry point for potential gains.,BUY: Momentum entry Q=0.613 >= 0.35,35599.89007498172,24.0,200.7721405029297,,,,,,,,403.6763741455079
2025-06-26 00:00:00-04:00,MSFT,BUY,10,496.6335754394531,4971.302090148925,Strong upward momentum detected. Algorithm confidence: 62%. Good entry point for potential gains.,BUY: Momentum entry Q=0.616 >= 0.35,30628.587984832793,10.0,496.6335754394531,,,,,,,,403.6763741455079
2025-06-26 00:00:00-04:00,GOOGL,SELL,29,,,"AI model detects potential price peak. Taking profits ($77.84, 1.6%).","SELL: ML profit peak ML=0.483, P&L=$82.87",35651.722450378446,,,170.52748107910156,173.38491821289062,4945.296951293945,5023.134465545654,77.83751425170885,1.573970481819955,-142.18354278564493,481.51388839721676
2025-06-26 00:00:00-04:00,NVDA,BUY,32,155.02000427246094,4965.600776855468,Strong upward momentum detected. Algorithm confidence: 56%. Good entry point for potential gains.,BUY: Momentum entry Q=0.565 >= 0.35,30686.121673522975,32.0,155.02000427246094,,,,,,,,481.51388839721676
2025-06-27 00:00:00-04:00,AAPL,SELL,24,,,"AI model detects potential price peak. Taking profits ($-2.90, -0.1%).","SELL: ML profit peak ML=0.552, P&L=$1.92",35501.750443054225,,,200.7721405029297,200.85205078125,4818.5313720703125,4815.62876953125,-2.9026025390621726,-0.060238323981588,97.94484689331057,478.6112858581546
2025-06-27 00:00:00-04:00,GOOGL,BUY,28,178.37046813964844,4999.3674810180655,Strong upward momentum detected. Algorithm confidence: 42%. Good entry point for potential gains.,BUY: Momentum entry Q=0.425 >= 0.35,30502.382962036158,28.0,178.37046813964844,,,,,,,,478.6112858581546
2025-06-27 00:00:00-04:00,TSLA,SELL,15,,,"End of trading session - closing all positions ($-63.65, -1.3%).",FORCED EXIT: Held for 48.0 hours (max: 48),35351.9785852051,,,327.54998779296875,323.6300048828125,4913.249816894531,4849.595623168945,-63.65419372558608,-1.2955619212910152,-164.91527844238226,414.9570921325685
2025-06-27 00:00:00-04:00,NVDA,SELL,32,,,"AI model detects potential price peak. Taking profits ($82.31, 1.7%).","SELL: ML profit peak ML=0.568, P&L=$87.36",40394.9305852051,,,155.02000427246094,157.75,4960.64013671875,5042.952,82.31186328125023,1.659299223742845,497.0322339477543,497.26895541381873
2025-06-30 00:00:00-04:00,AAPL,BUY,24,204.93740844726562,4923.416300537109,Strong upward momentum detected. Algorithm confidence: 57%. Good entry point for potential gains.,BUY: Momentum entry Q=0.569 >= 0.35,35471.51428466799,24.0,204.93740844726562,,,,,,,,497.26895541381873
2025-06-30 00:00:00-04:00,MSFT,SELL,10,,,"End of trading session - closing all positions ($-5.37, -0.1%).",FORCED EXIT: Held for 96.0 hours (max: 48),40432.48493255617,,,496.6335754394531,496.5936584472656,4966.335754394531,4960.9706478881835,-5.365106506347729,-0.10802947629145573,204.0255892944333,491.903848907471
2025-06-30 00:00:00-04:00,GOOGL,SELL,28,,,"End of trading session - closing all positions ($-69.27, -1.4%).",FORCED EXIT: Held for 72.0 hours (max: 48),45357.58560253908,,,178.37046813964844,176.07252502441406,4994.373107910156,4925.10066998291,-69.27243792724585,-1.3870096692922522,-211.45598071289078,422.63141098022516
2025-06-30 00:00:00-04:00,TSLA,BUY,15,317.6600036621094,4769.6649549865715,Strong upward momentum detected. Algorithm confidence: 43%. Good entry point for potential gains.,BUY: Momentum entry Q=0.431 >= 0.35,40587.92064755251,15.0,317.6600036621094,,,,,,,,422.63141098022516
2025-06-30 00:00:00-04:00,NVDA,BUY,31,157.99000549316406,4902.587860458373,Strong upward momentum detected. Algorithm confidence: 65%. Good entry point for potential gains.,BUY: Momentum entry Q=0.651 >= 0.35,35685.33278709414,31.0,157.99000549316406,,,,,,,,422.63141098022516
2025-07-01 00:00:00-04:00,MSFT,BUY,10,491.242431640625,4917.336740722656,Strong upward momentum detected. Algorithm confidence: 64%. Good entry point for potential gains.,BUY: Momentum entry Q=0.644 >= 0.35,30767.99604637149,10.0,491.242431640625,,,,,,,,422.63141098022516
2025-07-01 00:00:00-04:00,GOOGL,BUY,28,175.682861328125,4924.039237304687,Strong upward momentum detected. Algorithm confidence: 37%. Good entry point for potential gains.,BUY: Momentum entry Q=0.373 >= 0.35,25843.956809066804,28.0,175.682861328125,,,,,,,,422.63141098022516
2025-07-01 00:00:00-04:00,TSLA,SELL,15,,,"Stop loss triggered to limit losses. Protecting capital ($-258.76, -5.4%).",SELL: Stop loss 5.3% >= 2.0%,30350.09603102115,,,317.6600036621094,300.7099914550781,4764.900054931641,4506.139221954346,-258.76083297729474,-5.430561606627593,-423.676111419677,163.87057800293042
2025-07-01 00:00:00-04:00,NVDA,SELL,31,,,"Stop loss triggered to limit losses. Protecting capital ($-150.14, -3.1%).",SELL: Stop loss 3.0% >= 2.0%,35097.643825531035,,,157.99000549316406,153.3000030517578,4897.690170288086,4747.547794509887,-150.14237577819858,-3.0655752111278836,346.88985816955574,13.728202224731831
2025-07-02 00:00:00-04:00,AAPL,SELL,24,,,"End of trading session - closing all positions ($169.19, 3.4%).",FORCED EXIT: Held for 48.0 hours (max: 48),40185.331196746854,,,204.93740844726562,212.1991729736328,4918.497802734375,5087.68737121582,169.18956848144535,3.439862642357726,267.1344153747559,182.91777070617718
2025-07-02 00:00:00-04:00,GOOGL,SELL,28,,,"AI model detects potential price peak. Taking profits ($73.33, 1.5%).","SELL: ML profit peak ML=0.562, P&L=$78.33",45177.78388088992,,,175.682861328125,178.48036193847656,4919.1201171875,4992.452684143066,73.33256695556611,1.4907659339185622,-138.12341375732467,256.2503376617433
2025-07-02 00:00:00-04:00,TSLA,BUY,15,315.6499938964844,4739.484658355713,Strong upward momentum detected. Algorithm confidence: 43%. Good entry point for potential gains.,BUY: Momentum entry Q=0.432 >= 0.35,40438.2992225342,15.0,315.6499938964844,,,,,,,,256.2503376617433
2025-07-02 00:00:00-04:00,NVDA,BUY,31,157.25,4879.624749999999,Strong upward momentum detected. Algorithm confidence: 37%. Good entry point for potential gains.,BUY: Momentum entry Q=0.366 >= 0.35,35558.6744725342,31.0,157.25,,,,,,,,256.2503376617433
2025-07-03 00:00:00-04:00,AAPL,BUY,23,213.30792236328125,4910.988296569823,Strong upward momentum detected. Algorithm confidence: 38%. Good entry point for potential gains.,BUY: Momentum entry Q=0.380 >= 0.35,30647.686175964376,23.0,213.30792236328125,,,,,,,,256.2503376617433
2025-07-03 00:00:00-04:00,MSFT,SELL,10,,,"End of trading session - closing all positions ($62.81, 1.3%).",FORCED EXIT: Held for 48.0 hours (max: 48),35622.91897564699,,,491.242431640625,498.02130126953125,4912.42431640625,4975.232799682617,62.80848327636704,1.2785638868084472,266.83407257080034,319.05882093811033
2025-07-03 00:00:00-04:00,GOOGL,BUY,27,179.36956787109375,4847.82131085205,Strong upward momentum detected. Algorithm confidence: 68%. Good entry point for potential gains.,BUY: Momentum entry Q=0.680 >= 0.35,30775.097664794943,27.0,179.36956787109375,,,,,,,,319.05882093811033
2025-07-03 00:00:00-04:00,TSLA,SELL,15,,,"Algorithm confidence dropped. Exiting position to preserve capital ($-9.23, -0.2%).",SELL: Conviction lost Q=0.246 <= 0.3,35500.61750625612,,,315.6499938964844,315.3500061035156,4734.749908447266,4725.519841461181,-9.230066986084239,-0.19494307333143152,-432.90617840576124,309.8287539520261
2025-07-03 00:00:00-04:00,NVDA,SELL,31,,,"AI model detects potential price peak. Taking profits ($59.85, 1.2%).","SELL: ML profit peak ML=0.658, P&L=$64.79",40435.21785284426,,,157.25,159.33999633789062,4874.75,4934.600346588135,59.850346588134926,1.2277623793658121,406.74020475769066,369.679100540161
2025-07-07 00:00:00-04:00,AAPL,SELL,23,,,"End of trading session - closing all positions ($-87.53, -1.8%).",FORCED EXIT: Held for 96.0 hours (max: 48),45253.7702552643,,,213.30792236328125,209.7119903564453,4906.082214355469,4818.552402420044,-87.52981193542473,-1.7841081358014679,179.60460343933119,282.1492886047363
2025-07-07 00:00:00-04:00,MSFT,BUY,10,496.90313720703125,4974.000403442382,Strong upward momentum detected. Algorithm confidence: 36%. Good entry point for potential gains.,BUY: Momentum entry Q=0.359 >= 0.35,40279.76985182192,10.0,496.90313720703125,,,,,,,,282.1492886047363
2025-07-07 00:00:00-04:00,GOOGL,SELL,27,,,"End of trading session - closing all positions ($-78.68, -1.6%).",FORCED EXIT: Held for 96.0 hours (max: 48),45044.06530146791,,,179.36956787109375,176.63201904296875,4842.978332519531,4764.295449645996,-78.68288287353516,-1.6246796386677378,-216.80629663085983,203.46640573120112
2025-07-07 00:00:00-04:00,NVDA,BUY,31,158.24000549316406,4910.345610458374,Strong upward momentum detected. Algorithm confidence: 42%. Good entry point for potential gains.,BUY: Momentum entry Q=0.417 >= 0.35,40133.71969100954,31.0,158.24000549316406,,,,,,,,203.46640573120112
2025-07-08 00:00:00-04:00,AAPL,BUY,23,209.7719268798828,4829.579072555542,Strong upward momentum detected. Algorithm confidence: 36%. Good entry point for potential gains.,BUY: Momentum entry Q=0.359 >= 0.35,35304.140618453996,23.0,209.7719268798828,,,,,,,,203.46640573120112
2025-07-08 00:00:00-04:00,GOOGL,BUY,28,174.20419311523438,4882.595124633788,Strong upward momentum detected. Algorithm confidence: 64%. Good entry point for potential gains.,BUY: Momentum entry Q=0.637 >= 0.35,30421.54549382021,28.0,174.20419311523438,,,,,,,,203.46640573120112
2025-07-08 00:00:00-04:00,TSLA,BUY,16,297.80999755859375,4769.724920898437,Strong upward momentum detected. Algorithm confidence: 39%. Good entry point for potential gains.,BUY: Momentum entry Q=0.393 >= 0.35,25651.820572921773,16.0,297.80999755859375,,,,,,,,203.46640573120112
2025-07-08 00:00:00-04:00,NVDA,SELL,31,,,"AI model detects potential price peak. Taking profits ($49.60, 1.0%).","SELL: ML profit peak ML=0.656, P&L=$54.56",30606.860572921774,,,158.24000549316406,160.0,4905.440170288086,4955.04,49.599829711914026,1.0111188392906467,456.3400344696047,253.06623544311515
2025-07-09 00:00:00-04:00,AAPL,SELL,23,,,"AI model detects potential price peak. Taking profits ($21.11, 0.4%).","SELL: ML profit peak ML=0.515, P&L=$25.96",35452.72480853274,,,209.7719268798828,210.90065002441406,4824.754318237305,4845.864235610962,21.10991737365748,0.43753351945534635,200.71452081298867,274.1761528167726
2025-07-09 00:00:00-04:00,MSFT,SELL,10,,,"End of trading session - closing all positions ($52.78, 1.1%).",FORCED EXIT: Held for 48.0 hours (max: 48),40474.53451983645,,,496.90313720703125,502.68365478515625,4969.0313720703125,5021.809711303711,52.77833923339858,1.0621454219438518,319.6124118041989,326.9544920501712
2025-07-09 00:00:00-04:00,GOOGL,SELL,28,,,"AI model detects potential price peak. Taking profits ($58.28, 1.2%).","SELL: ML profit peak ML=0.542, P&L=$63.22",45410.53443591311,,,174.20419311523438,176.46217346191406,4877.7174072265625,4935.99991607666,58.282508850097656,1.194872600937263,-158.52378778076218,385.23700090026887
2025-07-09 00:00:00-04:00,TSLA,SELL,16,,,"Algorithm confidence dropped. Exiting position to preserve capital ($-35.61, -0.7%).",SELL: Conviction lost Q=0.209 <= 0.3,50139.88043395999,,,297.80999755859375,295.8800048828125,4764.9599609375,4729.345998046875,-35.61396289062486,-0.7474136862131756,-468.5201412963861,349.623038009644
2025-07-09 00:00:00-04:00,NVDA,BUY,30,162.8800048828125,4891.2865466308585,Strong upward momentum detected. Algorithm confidence: 38%. Good entry point for potential gains.,BUY: Momentum entry Q=0.378 >= 0.35,45248.59388732913,30.0,162.8800048828125,,,,,,,,349.623038009644
2025-07-10 00:00:00-04:00,AAPL,BUY,23,212.16920471191406,4884.771600082397,Strong upward momentum detected. Algorithm confidence: 51%. Good entry point for potential gains.,BUY: Momentum entry Q=0.508 >= 0.35,40363.82228724673,23.0,212.16920471191406,,,,,,,,349.623038009644
2025-07-10 00:00:00-04:00,MSFT,BUY,9,500.656982421875,4510.418754638671,Strong upward momentum detected. Algorithm confidence: 40%. Good entry point for potential gains.,BUY: Momentum entry Q=0.400 >= 0.35,35853.40353260806,9.0,500.656982421875,,,,,,,,349.623038009644
2025-07-10 00:00:00-04:00,GOOGL,BUY,28,177.46127319335938,4973.884565063476,Strong upward momentum detected. Algorithm confidence: 54%. Good entry point for potential gains.,BUY: Momentum entry Q=0.544 >= 0.35,30879.518967544587,28.0,177.46127319335938,,,,,,,,349.623038009644
2025-07-10 00:00:00-04:00,NVDA,SELL,30,,,"AI model detects potential price peak. Taking profits ($31.68, 0.6%).","SELL: ML profit peak ML=0.450, P&L=$36.60",35797.596150466954,,,162.8800048828125,164.10000610351562,4886.400146484375,4918.077182922363,31.677036437988136,0.6482693903154627,488.0170709075928,381.30007444763214
2025-07-11 00:00:00-04:00,MSFT,SELL,9,,,"AI model detects potential price peak. Taking profits ($12.01, 0.3%).","SELL: ML profit peak ML=0.575, P&L=$16.53",40315.51932252506,,,500.656982421875,502.49395751953125,4505.912841796875,4517.923172058106,12.010330261230592,0.2665459959594135,331.6227420654295,393.31040470886273
2025-07-11 00:00:00-04:00,GOOGL,SELL,28,,,"AI model detects potential price peak. Taking profits ($66.86, 1.3%).","SELL: ML profit peak ML=0.711, P&L=$71.90",45351.29027833561,,,177.46127319335938,180.02899169921875,4968.9156494140625,5035.770955810547,66.8553063964846,1.3454707447965677,-91.66848138427758,460.1657111053473
2025-07-11 00:00:00-04:00,TSLA,BUY,15,313.510009765625,4707.352796630859,Strong upward momentum detected. Algorithm confidence: 40%. Good entry point for potential gains.,BUY: Momentum entry Q=0.401 >= 0.35,40643.93748170475,15.0,313.510009765625,,,,,,,,460.1657111053473
2025-07-11 00:00:00-04:00,NVDA,BUY,30,164.9199981689453,4952.547545013427,Strong upward momentum detected. Algorithm confidence: 48%. Good entry point for potential gains.,BUY: Momentum entry Q=0.476 >= 0.35,35691.389936691325,30.0,164.9199981689453,,,,,,,,460.1657111053473
2025-07-14 00:00:00-04:00,AAPL,SELL,23,,,"End of trading session - closing all positions ($-91.86, -1.9%).",FORCED EXIT: Held for 96.0 hours (max: 48),40479.41759655766,,,212.16920471191406,208.3834991455078,4879.891708374023,4788.027659866333,-91.86404850769031,-1.8825017848254535,108.85047230529835,368.301662597657
2025-07-14 00:00:00-04:00,MSFT,BUY,9,502.1944274902344,4524.269597259521,Strong upward momentum detected. Algorithm confidence: 48%. Good entry point for potential gains.,BUY: Momentum entry Q=0.483 >= 0.35,35955.14799929813,9.0,502.1944274902344,,,,,,,,368.301662597657
2025-07-14 00:00:00-04:00,GOOGL,BUY,27,181.3977508544922,4902.637012344359,Strong upward momentum detected. Algorithm confidence: 41%. Good entry point for potential gains.,BUY: Momentum entry Q=0.413 >= 0.35,31052.510986953774,27.0,181.3977508544922,,,,,,,,368.301662597657
2025-07-14 00:00:00-04:00,TSLA,SELL,15,,,"End of trading session - closing all positions ($46.10, 1.0%).",FORCED EXIT: Held for 72.0 hours (max: 48),35801.25739549259,,,313.510009765625,316.8999938964844,4702.650146484375,4748.746408538818,46.09626205444329,0.9802188259508121,-422.4238792419428,414.3979246521003
2025-07-14 00:00:00-04:00,NVDA,SELL,30,,,"End of trading session - closing all positions ($-30.42, -0.6%).",FORCED EXIT: Held for 72.0 hours (max: 48),40718.43551499942,,,164.9199981689453,164.07000732421875,4947.599945068359,4917.178119506836,-30.421825561523292,-0.6148804652616868,457.59524534606953,383.976099090577
2025-07-15 00:00:00-04:00,AAPL,BUY,23,208.87295532226562,4808.882050384521,Strong upward momentum detected. Algorithm confidence: 50%. Good entry point for potential gains.,BUY: Momentum entry Q=0.500 >= 0.35,35909.5534646149,23.0,208.87295532226562,,,,,,,,383.976099090577
2025-07-15 00:00:00-04:00,MSFT,SELL,9,,,"AI model detects potential price peak. Taking profits ($20.61, 0.5%).","SELL: ML profit peak ML=0.505, P&L=$25.16",40449.917094894445,,,502.1944274902344,504.9898376464844,4519.749847412109,4540.363630279541,20.613782867431837,0.45608238427696945,352.23652493286136,404.58988195800885
2025-07-15 00:00:00-04:00,GOOGL,SELL,27,,,"AI model detects potential price peak. Taking profits ($6.96, 0.1%).","SELL: ML profit peak ML=0.527, P&L=$11.87",45354.61652516178,,,181.3977508544922,181.83737182617188,4897.739273071289,4904.699430267334,6.960157196044747,0.1421095899145352,-84.70832418823284,411.5500391540536
2025-07-15 00:00:00-04:00,TSLA,BUY,16,310.7799987792969,4977.452460449218,Strong upward momentum detected. Algorithm confidence: 38%. Good entry point for potential gains.,BUY: Momentum entry Q=0.385 >= 0.35,40377.16406471256,16.0,310.7799987792969,,,,,,,,411.5500391540536
2025-07-15 00:00:00-04:00,NVDA,BUY,29,170.6999969482422,4955.250211410522,Strong upward momentum detected. Algorithm confidence: 42%. Good entry point for potential gains.,BUY: Momentum entry Q=0.425 >= 0.35,35421.91385330204,29.0,170.6999969482422,,,,,,,,411.5500391540536
2025-07-16 00:00:00-04:00,AAPL,SELL,23,,,"AI model detects potential price peak. Taking profits ($19.29, 0.4%).","SELL: ML profit peak ML=0.481, P&L=$24.12",40245.28632096866,,,208.87295532226562,209.92176818847656,4804.077972412109,4823.372467666626,19.294495254516733,0.40162743746702845,128.1449675598151,430.8445344085703
2025-07-16 00:00:00-04:00,MSFT,BUY,9,504.7901611328125,4547.654561645507,Strong upward momentum detected. Algorithm confidence: 66%. Good entry point for potential gains.,BUY: Momentum entry Q=0.659 >= 0.35,35697.63175932316,9.0,504.7901611328125,,,,,,,,430.8445344085703
2025-07-16 00:00:00-04:00,GOOGL,BUY,27,182.80650329589844,4940.7113645782465,Strong upward momentum detected. Algorithm confidence: 45%. Good entry point for potential gains.,BUY: Momentum entry Q=0.449 >= 0.35,30756.920394744913,27.0,182.80650329589844,,,,,,,,430.8445344085703
2025-07-16 00:00:00-04:00,TSLA,SELL,16,,,"Exit signal triggered. Closing position with profit ($169.09, 3.4%).",SELL: Swing trade profit 3.5% >= 2.0% (24.0h),35898.49388937382,,,310.7799987792969,321.6700134277344,4972.47998046875,5141.573494628906,169.0935141601558,3.4005871280393882,-253.33036508178702,599.9380485687261
2025-07-16 00:00:00-04:00,NVDA,SELL,29,,,"AI model detects potential price peak. Taking profits ($14.46, 0.3%).","SELL: ML profit peak ML=0.530, P&L=$19.43",40863.25401791386,,,170.6999969482422,171.3699951171875,4950.299911499023,4964.760128540039,14.460217041015312,0.2921078985017808,472.05546238708484,614.3982656097414
2025-07-17 00:00:00-04:00,AAPL,BUY,23,209.78192138671875,4829.809176086425,Strong upward momentum detected. Algorithm confidence: 58%. Good entry point for potential gains.,BUY: Momentum entry Q=0.580 >= 0.35,36033.44484182743,23.0,209.78192138671875,,,,,,,,614.3982656097414
2025-07-17 00:00:00-04:00,MSFT,SELL,9,,,"AI model detects potential price peak. Taking profits ($50.03, 1.1%).","SELL: ML profit peak ML=0.604, P&L=$54.63",40626.58889080815,,,504.7901611328125,510.8601989746094,4543.1114501953125,4593.144048980713,50.032598785400296,1.1012848646548028,402.26912371826165,664.4308643951417
2025-07-17 00:00:00-04:00,GOOGL,SELL,27,,,"AI model detects potential price peak. Taking profits ($11.50, 0.2%).","SELL: ML profit peak ML=0.460, P&L=$16.46",45573.867433960004,,,182.80650329589844,183.41595458984375,4935.775588989258,4947.278543151855,11.502954162597234,0.2330526166598428,-73.2053700256356,675.933818557739
2025-07-17 00:00:00-04:00,TSLA,BUY,15,319.4100036621094,4795.941204986571,Strong upward momentum detected. Algorithm confidence: 55%. Good entry point for potential gains.,BUY: Momentum entry Q=0.548 >= 0.35,40777.92622897343,15.0,319.4100036621094,,,,,,,,675.933818557739
2025-07-17 00:00:00-04:00,NVDA,BUY,28,173.0,4848.843999999999,Strong upward momentum detected. Algorithm confidence: 43%. Good entry point for potential gains.,BUY: Momentum entry Q=0.426 >= 0.35,35929.082228973435,28.0,173.0,,,,,,,,675.933818557739
2025-07-18 00:00:00-04:00,AAPL,SELL,23,,,"AI model detects potential price peak. Taking profits ($21.80, 0.5%).","SELL: ML profit peak ML=0.529, P&L=$26.65",40775.86433851628,,,209.78192138671875,210.9405975341797,4824.984191894531,4846.782109542846,21.79791764831498,0.45177179409070817,149.94288520813006,697.7317362060539
2025-07-18 00:00:00-04:00,MSFT,BUY,9,509.212890625,4587.4989316406245,Strong upward momentum detected. Algorithm confidence: 58%. Good entry point for potential gains.,BUY: Momentum entry Q=0.580 >= 0.35,36188.36540687566,9.0,509.212890625,,,,,,,,697.7317362060539
2025-07-18 00:00:00-04:00,GOOGL,BUY,27,184.89462280273438,4997.146970489502,Strong upward momentum detected. Algorithm confidence: 66%. Good entry point for potential gains.,BUY: Momentum entry Q=0.665 >= 0.35,31191.218436386156,27.0,184.89462280273438,,,,,,,,697.7317362060539
2025-07-18 00:00:00-04:00,TSLA,SELL,15,,,"Exit signal triggered. Closing position with profit ($148.66, 3.1%).",SELL: Swing trade profit 3.2% >= 2.0% (24.0h),36131.023594924976,,,319.4100036621094,329.6499938964844,4791.150054931641,4939.805158538818,148.6551036071778,3.1027018962631674,-104.67526147460921,846.3868398132317
2025-07-21 00:00:00-04:00,AAPL,BUY,23,212.23912048339844,4886.381270889282,Strong upward momentum detected. Algorithm confidence: 62%. Good entry point for potential gains.,BUY: Momentum entry Q=0.615 >= 0.35,31244.642324035696,23.0,212.23912048339844,,,,,,,,846.3868398132317
2025-07-21 00:00:00-04:00,MSFT,SELL,9,,,"End of trading session - closing all positions ($-4.49, -0.1%).",FORCED EXIT: Held for 72.0 hours (max: 48),35823.06514706426,,,509.212890625,509.2228698730469,4582.916015625,4578.422823028564,-4.49319259643562,-0.09804221986867145,397.77593112182603,841.8936472167961
2025-07-21 00:00:00-04:00,GOOGL,SELL,27,,,"End of trading session - closing all positions ($130.83, 2.6%).",FORCED EXIT: Held for 72.0 hours (max: 48),40946.05054368597,,,184.89462280273438,189.9301300048828,4992.154815673828,5122.985396621704,130.83058094787611,2.6207236309480706,57.62521092224051,972.7242281646722
2025-07-21 00:00:00-04:00,TSLA,BUY,15,328.489990234375,4932.27720336914,Strong upward momentum detected. Algorithm confidence: 38%. Good entry point for potential gains.,BUY: Momentum entry Q=0.384 >= 0.35,36013.773340316824,15.0,328.489990234375,,,,,,,,972.7242281646722
2025-07-21 00:00:00-04:00,NVDA,SELL,28,,,"End of trading session - closing all positions ($-50.16, -1.0%).",FORCED EXIT: Held for 96.0 hours (max: 48),40807.61483689886,,,173.0,171.3800048828125,4844.0,4793.841496582031,-50.15850341796886,-1.0354769491735933,421.896958969116,922.5657247467034
2025-07-22 00:00:00-04:00,AAPL,SELL,23,,,"AI model detects potential price peak. Taking profits ($39.18, 0.8%).","SELL: ML profit peak ML=0.681, P&L=$44.11",45728.29912080389,,,212.23912048339844,214.15695190429688,4881.499771118164,4920.68428390503,39.184512786865525,0.8027146291945817,189.1273979949956,961.7502375335689
2025-07-22 00:00:00-04:00,MSFT,BUY,9,504.44073486328125,4544.5065803833,Strong upward momentum detected. Algorithm confidence: 65%. Good entry point for potential gains.,BUY: Momentum entry Q=0.647 >= 0.35,41183.79254042059,9.0,504.44073486328125,,,,,,,,961.7502375335689
2025-07-22 00:00:00-04:00,GOOGL,BUY,26,191.1690216064453,4975.364956329345,Strong upward momentum detected. Algorithm confidence: 39%. Good entry point for potential gains.,BUY: Momentum entry Q=0.391 >= 0.35,36208.427584091245,26.0,191.1690216064453,,,,,,,,961.7502375335689
2025-07-22 00:00:00-04:00,TSLA,SELL,15,,,"AI model detects potential price peak. Taking profits ($49.32, 1.0%).","SELL: ML profit peak ML=0.567, P&L=$54.30",41185.09571458441,,,328.489990234375,332.1099853515625,4927.349853515625,4976.668130493164,49.318276977539426,1.0009087733510789,-55.35698449706979,1011.0685145111083
2025-07-22 00:00:00-04:00,NVDA,BUY,29,167.02999877929688,4848.713834564209,Strong upward momentum detected. Algorithm confidence: 41%. Good entry point for potential gains.,BUY: Momentum entry Q=0.413 >= 0.35,36336.3818800202,29.0,167.02999877929688,,,,,,,,1011.0685145111083
2025-07-23 00:00:00-04:00,AAPL,BUY,23,213.9072265625,4924.786077148437,Strong upward momentum detected. Algorithm confidence: 55%. Good entry point for potential gains.,BUY: Momentum entry Q=0.552 >= 0.35,31411.59580287176,23.0,213.9072265625,,,,,,,,1011.0685145111083
2025-07-23 00:00:00-04:00,MSFT,SELL,9,,,"AI model detects potential price peak. Taking profits ($0.85, 0.0%).","SELL: ML profit peak ML=0.659, P&L=$5.39",35952.40832463079,,,504.44073486328125,505.0397644042969,4539.966613769531,4540.812521759033,0.8459079895019386,0.018632471589908495,398.621839111328,1011.9144225006103
2025-07-23 00:00:00-04:00,GOOGL,SELL,26,,,"Algorithm confidence dropped. Exiting position to preserve capital ($-33.78, -0.7%).",SELL: Conviction lost Q=0.274 <= 0.3,40889.02709754949,,,191.1690216064453,190.0600128173828,4970.394561767578,4936.618772918701,-33.7757888488768,-0.6795393892605863,23.849422073363712,978.1386336517335
2025-07-23 00:00:00-04:00,TSLA,BUY,15,332.55999755859375,4993.388363342285,Strong upward momentum detected. Algorithm confidence: 64%. Good entry point for potential gains.,BUY: Momentum entry Q=0.644 >= 0.35,35895.63873420721,15.0,332.55999755859375,,,,,,,,978.1386336517335
2025-07-23 00:00:00-04:00,NVDA,SELL,29,,,"Exit signal triggered. Closing position with profit ($103.80, 2.1%).",SELL: Swing trade profit 2.2% >= 2.0% (24.0h),40843.30607884222,,,167.02999877929688,170.77999877929688,4843.869964599609,4947.66734463501,103.79738003540024,2.142860580362009,525.6943390045162,1081.9360136871337
2025-07-24 00:00:00-04:00,MSFT,BUY,9,510.0415344238281,4594.964183624267,Strong upward momentum detected. Algorithm confidence: 59%. Good entry point for potential gains.,BUY: Momentum entry Q=0.588 >= 0.35,36248.341895217956,9.0,510.0415344238281,,,,,,,,1081.9360136871337
2025-07-24 00:00:00-04:00,GOOGL,BUY,26,191.99827575683594,4996.947124847412,Strong upward momentum detected. Algorithm confidence: 35%. Good entry point for potential gains.,BUY: Momentum entry Q=0.354 >= 0.35,31251.394770370545,26.0,191.99827575683594,,,,,,,,1081.9360136871337
2025-07-24 00:00:00-04:00,TSLA,SELL,15,,,"Stop loss triggered to limit losses. Protecting capital ($-413.48, -8.3%).",SELL: Stop loss 8.2% >= 2.0%,35826.31508744818,,,332.55999755859375,305.29998779296875,4988.399963378906,4574.920317077636,-413.4796463012699,-8.288823056224993,-468.8366307983397,668.4563673858638
2025-07-24 00:00:00-04:00,NVDA,BUY,28,173.74000549316406,4869.584873962402,Strong upward momentum detected. Algorithm confidence: 37%. Good entry point for potential gains.,BUY: Momentum entry Q=0.366 >= 0.35,30956.73021348578,28.0,173.74000549316406,,,,,,,,668.4563673858638
2025-07-25 00:00:00-04:00,AAPL,SELL,23,,,"End of trading session - closing all positions ($-11.12, -0.2%).",FORCED EXIT: Held for 48.0 hours (max: 48),35865.480032669126,,,213.9072265625,213.63754272460938,4919.8662109375,4908.749819183349,-11.116391754150754,-0.22594906604243783,178.01100624084484,657.3399756317131
2025-07-25 00:00:00-04:00,MSFT,SELL,9,,,"AI model detects potential price peak. Taking profits ($20.81, 0.5%).","SELL: ML profit peak ML=0.634, P&L=$25.43",40476.66672041327,,,510.0415344238281,512.866943359375,4590.373809814453,4611.186687744141,20.812877929687602,0.453402681175738,419.4347170410156,678.1528535614007
2025-07-25 00:00:00-04:00,GOOGL,SELL,26,,,"AI model detects potential price peak. Taking profits ($21.22, 0.4%).","SELL: ML profit peak ML=0.586, P&L=$26.24",45489.840148666444,,,191.99827575683594,193.0073699951172,4991.955169677734,5013.173428253173,21.218258575438995,0.42504906102369466,45.06768064880271,699.3711121368397
2025-07-25 00:00:00-04:00,TSLA,BUY,15,316.05999755859375,4745.640863342284,Strong upward momentum detected. Algorithm confidence: 39%. Good entry point for potential gains.,BUY: Momentum entry Q=0.393 >= 0.35,40744.19928532416,15.0,316.05999755859375,,,,,,,,699.3711121368397
2025-07-25 00:00:00-04:00,NVDA,SELL,28,,,"Algorithm confidence dropped. Exiting position to preserve capital ($-11.58, -0.2%).",SELL: Conviction lost Q=0.284 <= 0.3,45597.34128532416,,,173.74000549316406,173.5,4864.720153808594,4853.142,-11.578153808593925,-0.2380024635030522,514.1161851959223,687.7929583282457
2025-07-28 00:00:00-04:00,AAPL,BUY,23,213.80735778808594,4922.486798355102,Strong upward momentum detected. Algorithm confidence: 56%. Good entry point for potential gains.,BUY: Momentum entry Q=0.557 >= 0.35,40674.85448696906,23.0,213.80735778808594,,,,,,,,687.7929583282457
2025-07-28 00:00:00-04:00,MSFT,BUY,9,511.65887451171875,4609.5348004760735,Strong upward momentum detected. Algorithm confidence: 44%. Good entry point for potential gains.,BUY: Momentum entry Q=0.435 >= 0.35,36065.319686492985,9.0,511.65887451171875,,,,,,,,687.7929583282457
2025-07-28 00:00:00-04:00,GOOGL,BUY,25,192.4079132080078,4815.008028030395,Strong upward momentum detected. Algorithm confidence: 40%. Good entry point for potential gains.,BUY: Momentum entry Q=0.398 >= 0.35,31250.31165846259,25.0,192.4079132080078,,,,,,,,687.7929583282457
2025-07-28 00:00:00-04:00,TSLA,SELL,15,,,"End of trading session - closing all positions ($138.07, 2.9%).",FORCED EXIT: Held for 72.0 hours (max: 48),36129.27775358588,,,316.05999755859375,325.5899963378906,4740.899963378906,4878.966095123291,138.06613174438462,2.9122346560964543,-330.77049905395506,825.8590900726304
2025-07-28 00:00:00-04:00,NVDA,BUY,28,176.75,4953.949,Strong upward momentum detected. Algorithm confidence: 46%. Good entry point for potential gains.,BUY: Momentum entry Q=0.456 >= 0.35,31175.328753585876,28.0,176.75,,,,,,,,825.8590900726304
2025-07-29 00:00:00-04:00,MSFT,SELL,9,,,"AI model detects potential price peak. Taking profits ($-3.98, -0.1%).","SELL: ML profit peak ML=0.492, P&L=$0.63",35776.28203263861,,,511.65887451171875,511.728759765625,4604.929870605469,4600.953279052735,-3.976591552734135,-0.0863550947456944,415.45812548828144,821.8824985198962
2025-07-29 00:00:00-04:00,GOOGL,SELL,25,,,"AI model detects potential price peak. Taking profits ($74.29, 1.5%).","SELL: ML profit peak ML=0.459, P&L=$79.18",40660.76948686225,,,192.4079132080078,195.5750732421875,4810.197830200195,4884.487454223633,74.28962402343768,1.544419307601447,119.35730467224039,896.1721225433339
2025-07-29 00:00:00-04:00,TSLA,BUY,15,321.20001220703125,4822.818183288574,Strong upward momentum detected. Algorithm confidence: 61%. Good entry point for potential gains.,BUY: Momentum entry Q=0.614 >= 0.35,35837.951303573675,15.0,321.20001220703125,,,,,,,,896.1721225433339
2025-07-29 00:00:00-04:00,NVDA,SELL,28,,,"Algorithm confidence dropped. Exiting position to preserve capital ($-39.63, -0.8%).",SELL: Conviction lost Q=0.205 <= 0.3,40747.31686991889,,,176.75,175.50999450683594,4949.0,4909.365566345215,-39.634433654785425,-0.8008574187671332,474.4817515411369,856.5376888885485
2025-07-30 00:00:00-04:00,AAPL,SELL,23,,,"End of trading session - closing all positions ($-119.67, -2.4%).",FORCED EXIT: Held for 48.0 hours (max: 48),45545.21360285956,,,213.80735778808594,208.81301879882812,4917.569229125977,4797.896732940674,-119.6724961853024,-2.433570136166083,58.33851005554243,736.8651927032461
2025-07-30 00:00:00-04:00,MSFT,BUY,9,512.3976440429688,4616.190375183105,Strong upward momentum detected. Algorithm confidence: 43%. Good entry point for potential gains.,BUY: Momentum entry Q=0.433 >= 0.35,40929.02322767646,9.0,512.3976440429688,,,,,,,,736.8651927032461
2025-07-30 00:00:00-04:00,GOOGL,BUY,25,196.35438537597656,4913.768494033813,Strong upward momentum detected. Algorithm confidence: 44%. Good entry point for potential gains.,BUY: Momentum entry Q=0.442 >= 0.35,36015.25473364264,25.0,196.35438537597656,,,,,,,,736.8651927032461
2025-07-31 00:00:00-04:00,AAPL,BUY,24,207.33470153808594,4981.008869750976,Strong upward momentum detected. Algorithm confidence: 60%. Good entry point for potential gains.,BUY: Momentum entry Q=0.603 >= 0.35,31034.245863891665,24.0,207.33470153808594,,,,,,,,736.8651927032461
2025-07-31 00:00:00-04:00,MSFT,SELL,9,,,"Exit signal triggered. Closing position with profit ($177.25, 3.8%).",SELL: Swing trade profit 3.9% >= 2.0% (24.0h),35823.07175122076,,,512.3976440429688,532.6243896484375,4611.578796386719,4788.8258873291015,177.24709094238278,3.8435229835226945,592.7052164306642,914.1122836456288
2025-07-31 00:00:00-04:00,GOOGL,SELL,25,,,"Stop loss triggered to limit losses. Protecting capital ($-120.44, -2.5%).",SELL: Stop loss 2.4% >= 2.0%,40611.49142895514,,,196.35438537597656,191.728515625,4908.859634399414,4788.419677734375,-120.43995666503906,-2.4535221137928214,-1.0826519927986737,793.6723269805898
2025-07-31 00:00:00-04:00,TSLA,SELL,15,,,"End of trading session - closing all positions ($-198.57, -4.1%).",FORCED EXIT: Held for 48.0 hours (max: 48),45230.91721432501,,,321.20001220703125,308.2699890136719,4818.000183105469,4619.425785369873,-198.574397735596,-4.1215107967804965,-529.3448967895511,595.0979292449938
2025-07-31 00:00:00-04:00,NVDA,BUY,28,177.8699951171875,4985.340223144531,Strong upward momentum detected. Algorithm confidence: 45%. Good entry point for potential gains.,BUY: Momentum entry Q=0.451 >= 0.35,40245.57699118048,28.0,177.8699951171875,,,,,,,,595.0979292449938
2025-08-01 00:00:00-04:00,AAPL,SELL,24,,,"Stop loss triggered to limit losses. Protecting capital ($-129.27, -2.6%).",SELL: Stop loss 2.5% >= 2.0%,45092.33951278693,,,207.33470153808594,202.1505889892578,4976.0328369140625,4846.762521606445,-129.27031530761724,-2.597858968064719,-70.93180525207481,465.82761393737655
2025-08-01 00:00:00-04:00,MSFT,BUY,9,523.2498168945312,4713.957600402831,Strong upward momentum detected. Algorithm confidence: 62%. Good entry point for potential gains.,BUY: Momentum entry Q=0.623 >= 0.35,40378.381912384095,9.0,523.2498168945312,,,,,,,,465.82761393737655
2025-08-01 00:00:00-04:00,GOOGL,BUY,26,188.96099853515625,4917.898947875976,Strong upward momentum detected. Algorithm confidence: 55%. Good entry point for potential gains.,BUY: Momentum entry Q=0.548 >= 0.35,35460.48296450812,26.0,188.96099853515625,,,,,,,,465.82761393737655
2025-08-01 00:00:00-04:00,TSLA,BUY,16,302.6300048828125,4846.922158203124,Strong upward momentum detected. Algorithm confidence: 37%. Good entry point for potential gains.,BUY: Momentum entry Q=0.374 >= 0.35,30613.560806304995,16.0,302.6300048828125,,,,,,,,465.82761393737655
2025-08-01 00:00:00-04:00,NVDA,SELL,28,,,"Stop loss triggered to limit losses. Protecting capital ($-121.06, -2.4%).",SELL: Stop loss 2.3% >= 2.0%,35472.8566804505,,,177.8699951171875,173.72000122070312,4980.35986328125,4859.295874145508,-121.0639891357423,-2.4308281421250704,353.41776240539457,344.76362480163425
2025-08-04 00:00:00-04:00,AAPL,BUY,24,203.11949157714844,4879.7426656494135,Strong upward momentum detected. Algorithm confidence: 58%. Good entry point for potential gains.,BUY: Momentum entry Q=0.581 >= 0.35,30593.11401480109,24.0,203.11949157714844,,,,,,,,344.76362480163425
2025-08-04 00:00:00-04:00,MSFT,SELL,9,,,"End of trading session - closing all positions ($98.79, 2.1%).",FORCED EXIT: Held for 72.0 hours (max: 48),35401.14949411017,,,523.2498168945312,534.7609252929688,4709.248352050781,4808.035479309082,98.78712725830064,2.097726003668523,691.4923436889649,443.5507520599349
2025-08-04 00:00:00-04:00,GOOGL,SELL,26,,,"End of trading session - closing all positions ($148.46, 3.0%).",FORCED EXIT: Held for 72.0 hours (max: 48),40462.59137805182,,,188.96099853515625,194.86570739746094,4912.9859619140625,5061.44188394165,148.4559220275878,3.0217045841049073,147.37327003478913,592.0066740875227
2025-08-04 00:00:00-04:00,TSLA,SELL,16,,,"End of trading session - closing all positions ($101.13, 2.1%).",FORCED EXIT: Held for 72.0 hours (max: 48),45405.803374145566,,,302.6300048828125,309.260009765625,4842.080078125,4943.21199609375,101.1319179687498,2.088604821420284,-428.21297882080125,693.1385920562725
2025-08-04 00:00:00-04:00,NVDA,BUY,27,180.0,4864.86,Strong upward momentum detected. Algorithm confidence: 58%. Good entry point for potential gains.,BUY: Momentum entry Q=0.577 >= 0.35,40540.943374145565,27.0,180.0,,,,,,,,693.1385920562725
2025-08-05 00:00:00-04:00,AAPL,SELL,24,,,"Algorithm confidence dropped. Exiting position to preserve capital ($-15.17, -0.3%).",SELL: Conviction lost Q=0.281 <= 0.3,45400.63777514654,,,203.11949157714844,202.68995666503906,4874.8677978515625,4859.6944010009765,-15.17339685058596,-0.3112576069708626,-86.10520210266077,677.9651952056865
2025-08-05 00:00:00-04:00,MSFT,BUY,9,526.8838500976562,4746.696605529784,Strong upward momentum detected. Algorithm confidence: 65%. Good entry point for potential gains.,BUY: Momentum entry Q=0.649 >= 0.35,40653.94116961676,9.0,526.8838500976562,,,,,,,,677.9651952056865
2025-08-05 00:00:00-04:00,GOOGL,BUY,25,194.4960479736328,4867.263600540161,Strong upward momentum detected. Algorithm confidence: 57%. Good entry point for potential gains.,BUY: Momentum entry Q=0.574 >= 0.35,35786.6775690766,25.0,194.4960479736328,,,,,,,,677.9651952056865
2025-08-05 00:00:00-04:00,TSLA,BUY,16,308.7200012207031,4944.45953955078,Strong upward momentum detected. Algorithm confidence: 38%. Good entry point for potential gains.,BUY: Momentum entry Q=0.378 >= 0.35,30842.218029525822,16.0,308.7200012207031,,,,,,,,677.9651952056865
2025-08-06 00:00:00-04:00,AAPL,BUY,23,213.0082550048828,4904.089054977417,Strong upward momentum detected. Algorithm confidence: 61%. Good entry point for potential gains.,BUY: Momentum entry Q=0.613 >= 0.35,25938.128974548406,23.0,213.0082550048828,,,,,,,,677.9651952056865
2025-08-06 00:00:00-04:00,GOOGL,SELL,25,,,"AI model detects potential price peak. Taking profits ($30.57, 0.6%).","SELL: ML profit peak ML=0.674, P&L=$35.47",30831.10021554572,,,194.4960479736328,195.91476440429688,4862.40119934082,4892.971240997314,30.57004165649414,0.6287025772500718,177.94331169128327,708.5352368621807
2025-08-06 00:00:00-04:00,TSLA,SELL,16,,,"Exit signal triggered. Closing position with profit ($173.92, 3.5%).",SELL: Swing trade profit 3.6% >= 2.0% (24.0h),35944.54171408088,,,308.7200012207031,319.9100036621094,4939.52001953125,5113.441498535156,173.92147900390592,3.5210198220921614,-254.29149981689534,882.4567158660866
2025-08-06 00:00:00-04:00,NVDA,SELL,27,,,"End of trading session - closing all positions ($-20.50, -0.4%).",FORCED EXIT: Held for 48.0 hours (max: 48),40784.03732469184,,,180.0,179.4199981689453,4860.0,4839.495610610962,-20.504389389037897,-0.42190101623534765,332.9133730163567,861.9523264770487
2025-08-07 00:00:00-04:00,AAPL,SELL,23,,,"Exit signal triggered. Closing position with profit ($150.71, 3.1%).",SELL: Swing trade profit 3.2% >= 2.0% (24.0h),45833.93532888801,,,213.0082550048828,219.7805633544922,4899.189865112305,5049.898004196167,150.70813908386208,3.0761849047139833,64.60293698120131,1012.6604655609108
2025-08-07 00:00:00-04:00,MSFT,SELL,9,,,"End of trading session - closing all positions ($-66.77, -1.4%).",FORCED EXIT: Held for 48.0 hours (max: 48),50509.122527252264,,,526.8838500976562,519.9852294921875,4741.954650878906,4675.187198364258,-66.76745251464854,-1.4080154162223673,624.7248911743163,945.8930130462622
2025-08-07 00:00:00-04:00,GOOGL,BUY,25,196.34439086914062,4913.518381500244,Strong upward momentum detected. Algorithm confidence: 59%. Good entry point for potential gains.,BUY: Momentum entry Q=0.591 >= 0.35,45595.60414575202,25.0,196.34439086914062,,,,,,,,945.8930130462622
2025-08-07 00:00:00-04:00,TSLA,BUY,15,322.2699890136719,4838.883885040283,Strong upward momentum detected. Algorithm confidence: 40%. Good entry point for potential gains.,BUY: Momentum entry Q=0.400 >= 0.35,40756.720260711736,15.0,322.2699890136719,,,,,,,,945.8930130462622
2025-08-07 00:00:00-04:00,NVDA,BUY,27,180.77000427246094,4885.670905471801,Strong upward momentum detected. Algorithm confidence: 60%. Good entry point for potential gains.,BUY: Momentum entry Q=0.597 >= 0.35,35871.049355239935,27.0,180.77000427246094,,,,,,,,945.8930130462622
2025-08-08 00:00:00-04:00,AAPL,BUY,21,229.0900115966797,4815.701133773803,Strong upward momentum detected. Algorithm confidence: 56%. Good entry point for potential gains.,BUY: Momentum entry Q=0.563 >= 0.35,31055.34822146613,21.0,229.0900115966797,,,,,,,,945.8930130462622
2025-08-08 00:00:00-04:00,MSFT,BUY,9,521.1832275390625,4695.339696899414,Strong upward momentum detected. Algorithm confidence: 52%. Good entry point for potential gains.,BUY: Momentum entry Q=0.520 >= 0.35,26360.008524566718,9.0,521.1832275390625,,,,,,,,945.8930130462622
2025-08-08 00:00:00-04:00,GOOGL,SELL,25,,,"Exit signal triggered. Closing position with profit ($117.36, 2.4%).",SELL: Swing trade profit 2.5% >= 2.0% (24.0h),31385.97766175849,,,196.34439086914062,201.24000549316406,4908.609771728516,5025.9691371917725,117.35936546325684,2.390888070573391,295.3026771545401,1063.252378509519
2025-08-08 00:00:00-04:00,TSLA,SELL,15,,,"Exit signal triggered. Closing position with profit ($105.76, 2.2%).",SELL: Swing trade profit 2.3% >= 2.0% (24.0h),36325.78282029731,,,322.2699890136719,329.6499938964844,4834.049835205078,4939.805158538818,105.75532333374031,2.1877168614099274,-148.53617648315503,1169.0077018432594
2025-08-08 00:00:00-04:00,NVDA,SELL,27,,,"AI model detects potential price peak. Taking profits ($47.18, 1.0%).","SELL: ML profit peak ML=0.523, P&L=$52.11",41253.74983798225,,,180.77000427246094,182.6999969482422,4880.790115356445,4927.967017684937,47.17690232849145,0.9665833033889045,380.0902753448481,1216.1846041717508
2025-08-11 00:00:00-04:00,AAPL,SELL,21,,,"End of trading session - closing all positions ($-44.88, -0.9%).",FORCED EXIT: Held for 72.0 hours (max: 48),46019.758904327464,,,229.0900115966797,227.17999267578125,4810.890243530273,4766.009066345215,-44.88117718505873,-0.9329079424627349,19.721759796142578,1171.303426986692
2025-08-11 00:00:00-04:00,MSFT,SELL,9,,,"End of trading session - closing all positions ($-7.11, -0.2%).",FORCED EXIT: Held for 72.0 hours (max: 48),50703.29394766242,,,521.1832275390625,520.9136962890625,4690.6490478515625,4683.535043334961,-7.114004516601199,-0.1516635425935265,617.6108866577151,1164.189422470091
2025-08-11 00:00:00-04:00,GOOGL,BUY,24,200.8203887939453,4824.509020385742,Strong upward momentum detected. Algorithm confidence: 62%. Good entry point for potential gains.,BUY: Momentum entry Q=0.622 >= 0.35,45878.78492727668,24.0,200.8203887939453,,,,,,,,1164.189422470091
2025-08-11 00:00:00-04:00,TSLA,BUY,14,339.0299987792969,4751.166402893066,Strong upward momentum detected. Algorithm confidence: 56%. Good entry point for potential gains.,BUY: Momentum entry Q=0.562 >= 0.35,41127.618524383615,14.0,339.0299987792969,,,,,,,,1164.189422470091
2025-08-11 00:00:00-04:00,NVDA,BUY,27,182.05999755859375,4920.535554016113,Strong upward momentum detected. Algorithm confidence: 40%. Good entry point for potential gains.,BUY: Momentum entry Q=0.400 >= 0.35,36207.082970367504,27.0,182.05999755859375,,,,,,,,1164.189422470091
2025-08-12 00:00:00-04:00,AAPL,BUY,21,229.64999389648438,4827.472521697998,Strong upward momentum detected. Algorithm confidence: 65%. Good entry point for potential gains.,BUY: Momentum entry Q=0.649 >= 0.35,31379.610448669508,21.0,229.64999389648438,,,,,,,,1164.189422470091
2025-08-12 00:00:00-04:00,MSFT,BUY,9,528.3713989257812,4760.097932922363,Strong upward momentum detected. Algorithm confidence: 64%. Good entry point for potential gains.,BUY: Momentum entry Q=0.639 >= 0.35,26619.512515747145,9.0,528.3713989257812,,,,,,,,1164.189422470091
2025-08-12 00:00:00-04:00,GOOGL,SELL,24,,,"AI model detects potential price peak. Taking profits ($51.23, 1.1%).","SELL: ML profit peak ML=0.488, P&L=$56.11",31490.435788940504,,,200.8203887939453,203.15829467773438,4819.6893310546875,4870.92327319336,51.23394213867232,1.0630133732594929,346.5366192932124,1215.4233646087632
2025-08-12 00:00:00-04:00,TSLA,SELL,14,,,"AI model detects potential price peak. Taking profits ($20.57, 0.4%).","SELL: ML profit peak ML=0.691, P&L=$25.34",36257.42397772224,,,339.0299987792969,340.8399963378906,4746.419982910156,4766.988188781738,20.568205871581995,0.4333414646331208,-127.96797061157304,1235.9915704803452
2025-08-12 00:00:00-04:00,NVDA,SELL,27,,,"AI model detects potential price peak. Taking profits ($24.75, 0.5%).","SELL: ML profit peak ML=0.630, P&L=$29.70",41197.79875650031,,,182.05999755859375,183.16000366210938,4915.619934082031,4940.374778778076,24.75484469604453,0.5035955795607574,404.84512004089265,1260.7464151763897
2025-08-13 00:00:00-04:00,AAPL,SELL,21,,,"AI model detects potential price peak. Taking profits ($72.38, 1.5%).","SELL: ML profit peak ML=0.530, P&L=$77.28",46092.82886491401,,,229.64999389648438,233.3300018310547,4822.649871826172,4895.030108413696,72.38023658752445,1.500839549028189,92.10199638366703,1333.1266517639142
2025-08-13 00:00:00-04:00,GOOGL,BUY,24,201.779541015625,4847.551693359374,Strong upward momentum detected. Algorithm confidence: 55%. Good entry point for potential gains.,BUY: Momentum entry Q=0.549 >= 0.35,41245.27717155463,24.0,201.779541015625,,,,,,,,1333.1266517639142
2025-08-13 00:00:00-04:00,NVDA,BUY,27,181.58999633789062,4907.8328310241695,Strong upward momentum detected. Algorithm confidence: 61%. Good entry point for potential gains.,BUY: Momentum entry Q=0.606 >= 0.35,36337.44434053046,27.0,181.58999633789062,,,,,,,,1333.1266517639142
2025-08-14 00:00:00-04:00,AAPL,BUY,21,232.77999877929688,4893.268354339599,Strong upward momentum detected. Algorithm confidence: 59%. Good entry point for potential gains.,BUY: Momentum entry Q=0.586 >= 0.35,31444.175986190865,21.0,232.77999877929688,,,,,,,,1333.1266517639142
2025-08-14 00:00:00-04:00,MSFT,SELL,9,,,"End of trading session - closing all positions ($-65.43, -1.4%).",FORCED EXIT: Held for 48.0 hours (max: 48),36134.08386174018,,,528.3713989257812,521.6224975585938,4755.342590332031,4689.9078755493165,-65.43471478271476,-1.3760252503310373,552.1761718750004,1267.6919369811994
2025-08-14 00:00:00-04:00,GOOGL,SELL,24,,,"AI model detects potential price peak. Taking profits ($18.63, 0.4%).","SELL: ML profit peak ML=0.520, P&L=$23.50",40995.425295700144,,,201.779541015625,202.75865173339844,4842.708984375,4861.341433959961,18.63244958496125,0.38475261769969754,365.1690688781737,1286.3243865661607
2025-08-14 00:00:00-04:00,TSLA,BUY,14,335.5799865722656,4702.81793182373,Strong upward momentum detected. Algorithm confidence: 61%. Good entry point for potential gains.,BUY: Momentum entry Q=0.609 >= 0.35,36292.607363876414,14.0,335.5799865722656,,,,,,,,1286.3243865661607
2025-08-14 00:00:00-04:00,NVDA,SELL,27,,,"AI model detects potential price peak. Taking profits ($6.70, 0.1%).","SELL: ML profit peak ML=0.591, P&L=$11.61",41202.2329391175,,,181.58999633789062,182.02000427246094,4902.929901123047,4909.625575241089,6.695674118042007,0.13656475317969202,411.54079415893466,1293.0200606842027
2025-08-15 00:00:00-04:00,MSFT,BUY,9,519.3162841796875,4678.520404174804,Strong upward momentum detected. Algorithm confidence: 58%. Good entry point for potential gains.,BUY: Momentum entry Q=0.580 >= 0.35,36523.71253494269,9.0,519.3162841796875,,,,,,,,1293.0200606842027
2025-08-15 00:00:00-04:00,GOOGL,BUY,24,203.71778869628906,4894.116155639648,Strong upward momentum detected. Algorithm confidence: 59%. Good entry point for potential gains.,BUY: Momentum entry Q=0.592 >= 0.35,31629.596379303046,24.0,203.71778869628906,,,,,,,,1293.0200606842027
2025-08-15 00:00:00-04:00,NVDA,BUY,27,180.4499969482422,4877.022067520141,Strong upward momentum detected. Algorithm confidence: 58%. Good entry point for potential gains.,BUY: Momentum entry Q=0.584 >= 0.35,26752.574311782904,27.0,180.4499969482422,,,,,,,,1293.0200606842027
2025-08-18 00:00:00-04:00,AAPL,SELL,21,,,"End of trading session - closing all positions ($-44.54, -0.9%).",FORCED EXIT: Held for 96.0 hours (max: 48),31596.41560897834,,,232.77999877929688,230.88999938964844,4888.379974365234,4843.841297195435,-44.538677169799485,-0.911113240037829,47.563319213867544,1248.4813835144032
2025-08-18 00:00:00-04:00,MSFT,SELL,9,,,"End of trading session - closing all positions ($-32.23, -0.7%).",FORCED EXIT: Held for 72.0 hours (max: 48),36238.03088308722,,,519.3162841796875,516.2512817382812,4673.8465576171875,4641.615274108886,-32.2312835083012,-0.6896093637428548,519.9448883666992,1216.250100006102
2025-08-18 00:00:00-04:00,GOOGL,SELL,24,,,"End of trading session - closing all positions ($-14.47, -0.3%).",FORCED EXIT: Held for 72.0 hours (max: 48),41112.78711148078,,,203.71778869628906,203.3181610107422,4889.2269287109375,4874.756228393555,-14.47070031738258,-0.29597113262234753,350.6983685607911,1201.7793996887194
2025-08-18 00:00:00-04:00,TSLA,SELL,14,,,"End of trading session - closing all positions ($-10.57, -0.2%).",FORCED EXIT: Held for 96.0 hours (max: 48),45800.33492269904,,,335.5799865722656,335.1600036621094,4698.119812011719,4687.547811218262,-10.572000793456937,-0.2250262065779468,-138.53997140502997,1191.2073988952625
2025-08-18 00:00:00-04:00,NVDA,SELL,27,,,"End of trading session - closing all positions ($37.21, 0.8%).",FORCED EXIT: Held for 72.0 hours (max: 48),50709.69050453193,,,180.4499969482422,182.00999450683594,4872.149917602539,4909.355581832886,37.20566423034688,0.7636395607599621,448.74645838928154,1228.4130631256094
2025-08-19 00:00:00-04:00,AAPL,BUY,21,230.55999755859375,4846.601708679199,Strong upward momentum detected. Algorithm confidence: 38%. Good entry point for potential gains.,BUY: Momentum entry Q=0.377 >= 0.35,45863.08879585273,21.0,230.55999755859375,,,,,,,,1228.4130631256094
2025-08-19 00:00:00-04:00,MSFT,BUY,9,508.933349609375,4584.980546630859,Strong upward momentum detected. Algorithm confidence: 62%. Good entry point for potential gains.,BUY: Momentum entry Q=0.625 >= 0.35,41278.10824922187,9.0,508.933349609375,,,,,,,,1228.4130631256094
2025-08-19 00:00:00-04:00,GOOGL,BUY,24,201.389892578125,4838.190779296874,Strong upward momentum detected. Algorithm confidence: 64%. Good entry point for potential gains.,BUY: Momentum entry Q=0.641 >= 0.35,36439.917469925,24.0,201.389892578125,,,,,,,,1228.4130631256094
2025-08-19 00:00:00-04:00,TSLA,BUY,15,329.30999755859375,4944.589613342285,Strong upward momentum detected. Algorithm confidence: 63%. Good entry point for potential gains.,BUY: Momentum entry Q=0.627 >= 0.35,31495.327856582713,15.0,329.30999755859375,,,,,,,,1228.4130631256094
2025-08-19 00:00:00-04:00,NVDA,BUY,28,175.63999938964844,4922.837902893066,Strong upward momentum detected. Algorithm confidence: 55%. Good entry point for potential gains.,BUY: Momentum entry Q=0.553 >= 0.35,26572.48995368965,28.0,175.63999938964844,,,,,,,,1228.4130631256094
2025-08-21 00:00:00-04:00,AAPL,SELL,21,,,"End of trading session - closing all positions ($-123.58, -2.6%).",FORCED EXIT: Held for 48.0 hours (max: 48),31290.666925643993,,,230.55999755859375,224.89999389648438,4841.759948730469,4718.176971954345,-123.58297677612336,-2.5524391561074267,-76.01965756225582,1104.830086349486
2025-08-21 00:00:00-04:00,MSFT,SELL,9,,,"End of trading session - closing all positions ($-46.78, -1.0%).",FORCED EXIT: Held for 48.0 hours (max: 48),35824.28867784126,,,508.933349609375,504.239990234375,4580.400146484375,4533.621752197266,-46.77839428710922,-1.021273093858696,473.16649407958994,1058.0516920623768
2025-08-21 00:00:00-04:00,GOOGL,SELL,24,,,"End of trading session - closing all positions ($-48.43, -1.0%).",FORCED EXIT: Held for 48.0 hours (max: 48),40609.215026229926,,,201.389892578125,199.57150268554688,4833.357421875,4784.926348388672,-48.43107348632839,-1.0020172161722847,302.2672950744627,1009.6206185760484
2025-08-21 00:00:00-04:00,TSLA,SELL,15,,,"End of trading session - closing all positions ($-142.80, -2.9%).",FORCED EXIT: Held for 48.0 hours (max: 48),45406.06315672309,,,329.30999755859375,320.1099853515625,4939.649963378906,4796.848130493164,-142.80183288574244,-2.890930206480878,-281.3418042907724,866.818785690306
2025-08-21 00:00:00-04:00,NVDA,SELL,28,,,"End of trading session - closing all positions ($-23.38, -0.5%).",FORCED EXIT: Held for 48.0 hours (max: 48),50300.60359721381,,,175.63999938964844,174.97999572753906,4917.919982910156,4894.540440490723,-23.379542419433164,-0.47539493323757637,425.3669159698484,843.4392432708728
2025-08-22 00:00:00-04:00,AAPL,BUY,21,227.75999450683594,4787.742844528198,Strong upward momentum detected. Algorithm confidence: 46%. Good entry point for potential gains.,BUY: Momentum entry Q=0.462 >= 0.35,45512.860752685614,21.0,227.75999450683594,,,,,,,,843.4392432708728
2025-08-22 00:00:00-04:00,MSFT,BUY,9,507.2300109863281,4569.635168975829,Strong upward momentum detected. Algorithm confidence: 87%. Good entry point for potential gains.,BUY: Momentum entry Q=0.872 >= 0.35,40943.225583709784,9.0,507.2300109863281,,,,,,,,843.4392432708728
2025-08-22 00:00:00-04:00,GOOGL,BUY,24,205.9058380126953,4946.681852416991,Strong upward momentum detected. Algorithm confidence: 39%. Good entry point for potential gains.,BUY: Momentum entry Q=0.391 >= 0.35,35996.54373129279,24.0,205.9058380126953,,,,,,,,843.4392432708728
2025-08-22 00:00:00-04:00,TSLA,BUY,14,340.010009765625,4764.900276855468,Strong upward momentum detected. Algorithm confidence: 66%. Good entry point for potential gains.,BUY: Momentum entry Q=0.655 >= 0.35,31231.643454437322,14.0,340.010009765625,,,,,,,,843.4392432708728
2025-08-22 00:00:00-04:00,NVDA,BUY,28,177.99000549316406,4988.703873962402,Strong upward momentum detected. Algorithm confidence: 66%. Good entry point for potential gains.,BUY: Momentum entry Q=0.658 >= 0.35,26242.939580474922,28.0,177.99000549316406,,,,,,,,843.4392432708728
2025-08-25 00:00:00-04:00,AAPL,SELL,21,,,"End of trading session - closing all positions ($-17.37, -0.4%).",FORCED EXIT: Held for 72.0 hours (max: 48),31008.529297302313,,,227.75999450683594,227.16000366210938,4782.959884643555,4765.589716827392,-17.370167816162393,-0.36316775041187466,-93.38982537841821,826.0690754547104
2025-08-25 00:00:00-04:00,MSFT,SELL,9,,,"End of trading session - closing all positions ($-31.27, -0.7%).",FORCED EXIT: Held for 72.0 hours (max: 48),35542.33104510505,,,507.2300109863281,504.260009765625,4565.070098876953,4533.801747802734,-31.268351074219026,-0.6849478846318551,441.8981430053709,794.8007243804914
2025-08-25 00:00:00-04:00,GOOGL,SELL,24,,,"End of trading session - closing all positions ($52.55, 1.1%).",FORCED EXIT: Held for 72.0 hours (max: 48),40536.620452697825,,,205.9058380126953,208.30369567871094,4941.7401123046875,4994.289407592773,52.54929528808589,1.0633763430262297,354.8165903625486,847.3500196685773
2025-08-25 00:00:00-04:00,TSLA,SELL,14,,,"End of trading session - closing all positions ($87.41, 1.8%).",FORCED EXIT: Held for 72.0 hours (max: 48),45384.16813806159,,,340.010009765625,346.6000061035156,4760.14013671875,4847.547685363769,87.40754864501923,1.8362389789908753,-193.93425564575318,934.7575683135965
2025-08-25 00:00:00-04:00,NVDA,SELL,28,,,"End of trading session - closing all positions ($45.93, 0.9%).",FORCED EXIT: Held for 72.0 hours (max: 48),50413.81338977058,,,177.99000549316406,179.80999755859375,4983.720153808594,5029.645251708985,45.92509790039094,0.9215023412840438,471.2920138702393,980.6826662139874
2025-08-26 00:00:00-04:00,AAPL,BUY,21,229.30999755859375,4820.325458679199,Strong upward momentum detected. Algorithm confidence: 36%. Good entry point for potential gains.,BUY: Momentum entry Q=0.360 >= 0.35,45593.48793109138,21.0,229.30999755859375,,,,,,,,980.6826662139874
2025-08-26 00:00:00-04:00,MSFT,BUY,9,502.0400085449219,4522.878436981201,Strong upward momentum detected. Algorithm confidence: 55%. Good entry point for potential gains.,BUY: Momentum entry Q=0.547 >= 0.35,41070.609494110184,9.0,502.0400085449219,,,,,,,,980.6826662139874
2025-08-26 00:00:00-04:00,GOOGL,BUY,24,206.95489501953125,4971.8843979492185,Strong upward momentum detected. Algorithm confidence: 36%. Good entry point for potential gains.,BUY: Momentum entry Q=0.356 >= 0.35,36098.72509616097,24.0,206.95489501953125,,,,,,,,980.6826662139874
2025-08-26 00:00:00-04:00,TSLA,BUY,14,351.6700134277344,4928.303568176269,Strong upward momentum detected. Algorithm confidence: 58%. Good entry point for potential gains.,BUY: Momentum entry Q=0.585 >= 0.35,31170.421527984698,14.0,351.6700134277344,,,,,,,,980.6826662139874
2025-08-26 00:00:00-04:00,NVDA,BUY,27,181.77000427246094,4912.697905471801,Strong upward momentum detected. Algorithm confidence: 58%. Good entry point for potential gains.,BUY: Momentum entry Q=0.578 >= 0.35,26257.723622512895,27.0,181.77000427246094,,,,,,,,980.6826662139874
2025-08-27 00:00:00-04:00,AAPL,SELL,21,,,"AI model detects potential price peak. Taking profits ($19.94, 0.4%).","SELL: ML profit peak ML=0.652, P&L=$24.78",31093.173447753983,,,229.30999755859375,230.49000549316406,4815.509948730469,4835.449825241089,19.939876510619797,0.4140761149476313,-73.44994886779841,1000.6225427246072
2025-08-27 00:00:00-04:00,MSFT,SELL,9,,,"AI model detects potential price peak. Taking profits ($37.74, 0.8%).","SELL: ML profit peak ML=0.549, P&L=$42.30",35649.27269995125,,,502.0400085449219,506.739990234375,4518.360076904297,4556.099252197266,37.739175292968866,0.8352405441494922,479.6373182983398,1038.361718017576
2025-08-27 00:00:00-04:00,GOOGL,SELL,24,,,"AI model detects potential price peak. Taking profits ($3.18, 0.1%).","SELL: ML profit peak ML=0.764, P&L=$8.15",40619.36769824227,,,206.95489501953125,207.29458618164062,4966.91748046875,4970.094998291016,3.1775178222660543,0.06397363827285042,357.99410818481465,1041.5392358398421
2025-08-28 00:00:00-04:00,AAPL,BUY,21,232.55999755859375,4888.643708679198,Strong upward momentum detected. Algorithm confidence: 54%. Good entry point for potential gains.,BUY: Momentum entry Q=0.537 >= 0.35,35730.72398956307,21.0,232.55999755859375,,,,,,,,1041.5392358398421
2025-08-28 00:00:00-04:00,GOOGL,BUY,23,211.4508819580078,4868.2336553192135,Strong upward momentum detected. Algorithm confidence: 63%. Good entry point for potential gains.,BUY: Momentum entry Q=0.631 >= 0.35,30862.490334243856,23.0,211.4508819580078,,,,,,,,1041.5392358398421
2025-08-28 00:00:00-04:00,TSLA,SELL,14,,,"End of trading session - closing all positions ($-84.50, -1.7%).",FORCED EXIT: Held for 48.0 hours (max: 48),35701.36676789864,,,351.6700134277344,345.9800109863281,4923.380187988281,4838.876433654785,-84.50375433349654,-1.7163767799135823,-278.4380099792497,957.0354815063456
2025-08-28 00:00:00-04:00,NVDA,SELL,27,,,"End of trading session - closing all positions ($-48.06, -1.0%).",FORCED EXIT: Held for 48.0 hours (max: 48),40561.0921285096,,,181.77000427246094,180.1699981689453,4907.790115356445,4859.725360610962,-48.0647547454837,-0.9793563623491024,423.2272591247556,908.9707267608619
2025-08-29 00:00:00-04:00,MSFT,BUY,9,506.69000244140625,4564.770231994628,Strong upward momentum detected. Algorithm confidence: 42%. Good entry point for potential gains.,BUY: Momentum entry Q=0.420 >= 0.35,35996.32189651497,9.0,506.69000244140625,,,,,,,,908.9707267608619
2025-08-29 00:00:00-04:00,GOOGL,SELL,23,,,"AI model detects potential price peak. Taking profits ($24.29, 0.5%).","SELL: ML profit peak ML=0.598, P&L=$29.18",40883.98340434273,,,211.4508819580078,212.71974182128906,4863.37028503418,4887.661507827759,24.291222793579436,0.49947302734339744,382.2853309783941,933.2619495544413
2025-08-29 00:00:00-04:00,TSLA,BUY,14,333.8699951171875,4678.8541115722655,Strong upward momentum detected. Algorithm confidence: 70%. Good entry point for potential gains.,BUY: Momentum entry Q=0.701 >= 0.35,36205.12929277046,14.0,333.8699951171875,,,,,,,,933.2619495544413
2025-08-29 00:00:00-04:00,NVDA,BUY,28,174.17999267578125,4881.916834716796,Strong upward momentum detected. Algorithm confidence: 58%. Good entry point for potential gains.,BUY: Momentum entry Q=0.576 >= 0.35,31323.21245805367,28.0,174.17999267578125,,,,,,,,933.2619495544413
2025-09-02 00:00:00-04:00,AAPL,SELL,21,,,"End of trading session - closing all positions ($-64.46, -1.3%).",FORCED EXIT: Held for 120.0 hours (max: 48),36142.5083636628,,,232.55999755859375,229.72000122070312,4883.759948730469,4819.295905609131,-64.46404312133745,-1.319967479935103,-137.91399198913587,868.7979064331039
2025-09-02 00:00:00-04:00,MSFT,SELL,9,,,"End of trading session - closing all positions ($-18.68, -0.4%).",FORCED EXIT: Held for 96.0 hours (max: 48),40684.04223976143,,,506.69000244140625,505.1199951171875,4560.210021972656,4541.533876098632,-18.67614587402386,-0.40954573986802756,460.9611724243159,850.12176055908
2025-09-02 00:00:00-04:00,GOOGL,BUY,23,211.16114807128906,4861.563112045287,Strong upward momentum detected. Algorithm confidence: 51%. Good entry point for potential gains.,BUY: Momentum entry Q=0.508 >= 0.35,35822.47912771614,23.0,211.16114807128906,,,,,,,,850.12176055908
2025-09-02 00:00:00-04:00,TSLA,SELL,14,,,"End of trading session - closing all positions ($-67.75, -1.4%).",FORCED EXIT: Held for 96.0 hours (max: 48),40428.907882843094,,,333.8699951171875,329.3599853515625,4674.179931640625,4606.428755126954,-67.75117651367145,-1.4494772880917095,-346.1891864929212,782.3705840454086
2025-09-02 00:00:00-04:00,NVDA,SELL,28,,,"End of trading session - closing all positions ($-99.98, -2.1%).",FORCED EXIT: Held for 96.0 hours (max: 48),45205.966008697585,,,174.17999267578125,170.77999877929688,4877.039794921875,4777.058125854493,-99.98166906738243,-2.0500482520459733,323.2455900573732,682.3889149780262
2025-09-03 00:00:00-04:00,AAPL,BUY,20,238.47000122070312,4774.169424438476,Strong upward momentum detected. Algorithm confidence: 63%. Good entry point for potential gains.,BUY: Momentum entry Q=0.628 >= 0.35,40431.79658425911,20.0,238.47000122070312,,,,,,,,682.3889149780262
2025-09-03 00:00:00-04:00,MSFT,BUY,9,505.3500061035156,4552.698204986572,Strong upward momentum detected. Algorithm confidence: 44%. Good entry point for potential gains.,BUY: Momentum entry Q=0.445 >= 0.35,35879.09837927254,9.0,505.3500061035156,,,,,,,,682.3889149780262
2025-09-03 00:00:00-04:00,GOOGL,SELL,23,,,"Exit signal triggered. Closing position with profit ($438.43, 9.0%).",SELL: Swing trade profit 9.1% >= 2.0% (24.0h),41174.23736245735,,,211.16114807128906,230.45388793945312,4856.706405639648,5295.138983184815,438.43257754516617,9.027364244955276,820.7179085235603,1120.8214925231923
2025-09-03 00:00:00-04:00,TSLA,BUY,14,334.0899963378906,4681.937208679199,Strong upward momentum detected. Algorithm confidence: 67%. Good entry point for potential gains.,BUY: Momentum entry Q=0.672 >= 0.35,36492.30015377815,14.0,334.0899963378906,,,,,,,,1120.8214925231923
2025-09-03 00:00:00-04:00,NVDA,BUY,29,170.6199951171875,4952.9278382568355,Strong upward momentum detected. Algorithm confidence: 68%. Good entry point for potential gains.,BUY: Momentum entry Q=0.676 >= 0.35,31539.372315521316,29.0,170.6199951171875,,,,,,,,1120.8214925231923
2025-09-04 00:00:00-04:00,AAPL,SELL,20,,,"AI model detects potential price peak. Taking profits ($21.40, 0.4%).","SELL: ML profit peak ML=0.673, P&L=$26.20",36330.176691131666,,,238.47000122070312,239.77999877929688,4769.4000244140625,4790.804375610352,21.4043511962891,0.4487849852543811,-116.50964079284677,1142.2258437194814
2025-09-04 00:00:00-04:00,MSFT,SELL,9,,,"AI model detects potential price peak. Taking profits ($19.01, 0.4%).","SELL: ML profit peak ML=0.677, P&L=$23.58",40897.33497210701,,,505.3500061035156,507.9700012207031,4548.150054931641,4567.158280975342,19.008226043701143,0.417933133562517,479.96939846801706,1161.2340697631826
2025-09-04 00:00:00-04:00,TSLA,SELL,14,,,"AI model detects potential price peak. Taking profits ($57.42, 1.2%).","SELL: ML profit peak ML=0.619, P&L=$62.16",45632.015535034254,,,334.0899963378906,338.5299987792969,4677.259948730469,4734.680562927246,57.420614196777024,1.2276549694947463,-288.76857229614416,1218.6546839599596
2025-09-04 00:00:00-04:00,NVDA,SELL,29,,,"AI model detects potential price peak. Taking profits ($25.18, 0.5%).","SELL: ML profit peak ML=0.898, P&L=$30.16",50605.17750112923,,,170.6199951171875,171.66000366210938,4947.9798583984375,4973.161966094971,25.18210769653342,0.5089371504572852,348.4276977539066,1243.836791656493
2025-09-05 00:00:00-04:00,AAPL,BUY,20,239.69000244140625,4798.5938488769525,Strong upward momentum detected. Algorithm confidence: 56%. Good entry point for potential gains.,BUY: Momentum entry Q=0.559 >= 0.35,45806.58365225227,20.0,239.69000244140625,,,,,,,,1243.836791656493
2025-09-05 00:00:00-04:00,MSFT,BUY,10,495.0,4954.95,Strong upward momentum detected. Algorithm confidence: 81%. Good entry point for potential gains.,BUY: Momentum entry Q=0.812 >= 0.35,40851.633652252276,10.0,495.0,,,,,,,,1243.836791656493
2025-09-05 00:00:00-04:00,GOOGL,BUY,21,234.79000854492188,4935.520769622803,Strong upward momentum detected. Algorithm confidence: 43%. Good entry point for potential gains.,BUY: Momentum entry Q=0.432 >= 0.35,35916.11288262947,21.0,234.79000854492188,,,,,,,,1243.836791656493
2025-09-05 00:00:00-04:00,TSLA,BUY,14,350.8399963378906,4916.671708679199,Strong upward momentum detected. Algorithm confidence: 57%. Good entry point for potential gains.,BUY: Momentum entry Q=0.574 >= 0.35,30999.441173950276,14.0,350.8399963378906,,,,,,,,1243.836791656493
2025-09-05 00:00:00-04:00,NVDA,BUY,29,167.02000427246094,4848.423704025268,Strong upward momentum detected. Algorithm confidence: 52%. Good entry point for potential gains.,BUY: Momentum entry Q=0.520 >= 0.35,26151.017469925006,29.0,167.02000427246094,,,,,,,,1243.836791656493
2025-09-08 00:00:00-04:00,AAPL,SELL,20,,,"End of trading session - closing all positions ($-40.96, -0.9%).",FORCED EXIT: Held for 72.0 hours (max: 48),30903.8599674836,,,239.69000244140625,237.8800048828125,4793.800048828125,4752.842497558594,-40.957551269530995,-0.8543858912000999,-157.46719206237776,1202.879240386962
2025-09-08 00:00:00-04:00,MSFT,SELL,10,,,"End of trading session - closing all positions ($27.02, 0.5%).",FORCED EXIT: Held for 72.0 hours (max: 48),35880.87808943184,,,495.0,498.20001220703125,4950.0,4977.018121948242,27.01812194824197,0.5458206454190296,506.98752041625903,1229.897362335204
2025-09-08 00:00:00-04:00,GOOGL,SELL,21,,,"End of trading session - closing all positions ($-20.67, -0.4%).",FORCED EXIT: Held for 72.0 hours (max: 48),40790.80310858162,,,234.79000854492188,234.0399932861328,4930.590179443359,4909.92501914978,-20.665160293578992,-0.4191214345847741,800.0527482299813,1209.232202041625
2025-09-08 00:00:00-04:00,TSLA,SELL,14,,,"End of trading session - closing all positions ($-67.01, -1.4%).",FORCED EXIT: Held for 72.0 hours (max: 48),45635.55342321785,,,350.8399963378906,346.3999938964844,4911.759948730469,4844.7503146362305,-67.00963409423821,-1.3642693208481826,-355.77820639038237,1142.2225679473868
2025-09-08 00:00:00-04:00,NVDA,SELL,29,,,"End of trading session - closing all positions ($32.53, 0.7%).",FORCED EXIT: Held for 72.0 hours (max: 48),50511.66236248787,,,167.02000427246094,168.30999755859375,4843.580123901367,4876.10893927002,32.52881536865243,0.6715861931989965,380.95651312255904,1174.7513833160392
