date,symbol,action,shares,price,cost,reason,technical_reason,cash_after,total_position,avg_price,buy_price,sell_price,cost_basis,proceeds,pnl,pnl_pct,cumulative_pnl,running_total_pnl
2025-06-11 00:00:00-04:00,TSLA,BUY,15,326.42999267578125,4901.346340026855,Strong upward momentum detected. Algorithm confidence: 37%. Good entry point for potential gains.,BUY: Momentum entry Q=0.372 >= 0.35,95098.65365997315,15.0,326.42999267578125,,,,,,,,0.0
2025-06-11 00:00:00-04:00,NVDA,BUY,35,142.8300018310547,5004.049114151,Strong upward momentum detected. Algorithm confidence: 35%. Good entry point for potential gains.,BUY: Momentum entry Q=0.354 >= 0.35,90094.60454582215,35.0,142.8300018310547,,,,,,,,0.0
2025-06-11 00:00:00-04:00,GOOGL,BUY,28,177.1915283203125,4966.324155761718,Strong upward momentum detected. Algorithm confidence: 36%. Good entry point for potential gains.,BUY: Momentum entry Q=0.357 >= 0.35,85128.28039006043,28.0,177.1915283203125,,,,,,,,0.0
2025-06-11 00:00:00-04:00,META,BUY,7,693.6063232421875,4860.099506958008,Strong upward momentum detected. Algorithm confidence: 38%. Good entry point for potential gains.,BUY: Momentum entry Q=0.383 >= 0.35,80268.18088310242,7.0,693.6063232421875,,,,,,,,0.0
2025-06-12 00:00:00-04:00,TSLA,SELL,15,,,"Stop loss triggered to limit losses. Protecting capital ($-114.59, -2.3%).",SELL: Stop loss 2.2% >= 2.0%,85050.04401359559,,,326.42999267578125,319.1099853515625,4896.449890136719,4781.863130493164,-114.58675964355461,-2.3402008029199934,-114.58675964355461,-114.58675964355461
2025-06-12 00:00:00-04:00,NVDA,SELL,35,,,"AI model detects potential price peak. Taking profits ($70.87, 1.4%).","SELL: ML profit peak ML=0.393, P&L=$75.95",90119.96901359559,,,142.8300018310547,145.0,4999.050064086914,5069.925,70.87493591308612,1.4177680760240907,70.87493591308612,-43.711823730468495
2025-06-12 00:00:00-04:00,GOOGL,SELL,28,,,"Algorithm confidence dropped. Exiting position to preserve capital ($-51.07, -1.0%).",SELL: Conviction lost Q=0.256 <= 0.3,95030.25778910829,,,177.1915283203125,175.54299926757812,4961.36279296875,4910.288775512695,-51.07401745605512,-1.0294352496946462,-51.07401745605512,-94.78584118652361
2025-06-12 00:00:00-04:00,SPY,BUY,8,601.9703979492188,4820.578946777343,Strong upward momentum detected. Algorithm confidence: 55%. Good entry point for potential gains.,BUY: Momentum entry Q=0.551 >= 0.35,90209.67884233095,8.0,601.9703979492188,,,,,,,,-94.78584118652361
2025-06-12 00:00:00-04:00,META,SELL,7,,,"Algorithm confidence dropped. Exiting position to preserve capital ($-10.31, -0.2%).",SELL: Conviction lost Q=0.279 <= 0.3,95054.617384079,,,693.6063232421875,692.826904296875,4855.2442626953125,4844.938541748047,-10.3057209472654,-0.21225957726675404,-10.3057209472654,-105.09156213378901
2025-06-13 00:00:00-04:00,NVDA,BUY,35,141.97000122070312,4973.918992767333,Strong upward momentum detected. Algorithm confidence: 57%. Good entry point for potential gains.,BUY: Momentum entry Q=0.567 >= 0.35,90080.69839131167,35.0,141.97000122070312,,,,,,,,-105.09156213378901
2025-06-13 00:00:00-04:00,SPY,SELL,8,,,"Algorithm confidence dropped. Exiting position to preserve capital ($-58.60, -1.2%).",SELL: Conviction lost Q=0.216 <= 0.3,94837.85883222964,,,601.9703979492188,595.2402954101562,4815.76318359375,4757.160440917969,-58.60274267578097,-1.2168941960316422,-58.60274267578097,-163.69430480956999
2025-06-13 00:00:00-04:00,META,BUY,7,682.344970703125,4781.191209716796,Strong upward momentum detected. Algorithm confidence: 41%. Good entry point for potential gains.,BUY: Momentum entry Q=0.406 >= 0.35,90056.66762251285,7.0,682.344970703125,,,,,,,,-163.69430480956999
2025-06-16 00:00:00-04:00,TSLA,BUY,15,329.1300048828125,4941.887023315429,Strong upward momentum detected. Algorithm confidence: 46%. Good entry point for potential gains.,BUY: Momentum entry Q=0.462 >= 0.35,85114.78059919742,15.0,329.1300048828125,,,,,,,,-163.69430480956999
2025-06-16 00:00:00-04:00,NVDA,SELL,35,,,"End of trading session - closing all positions ($90.14, 1.8%).",FORCED EXIT: Held for 72.0 hours (max: 48),90173.86653456118,,,141.97000122070312,144.69000244140625,4968.950042724609,5059.08593536377,90.13589263916037,1.813982669661465,161.0108285522465,-73.55841217040961
2025-06-16 00:00:00-04:00,GOOGL,BUY,28,176.61204528808594,4950.082405334472,Strong upward momentum detected. Algorithm confidence: 39%. Good entry point for potential gains.,BUY: Momentum entry Q=0.391 >= 0.35,85223.78412922671,28.0,176.61204528808594,,,,,,,,-73.55841217040961
2025-06-16 00:00:00-04:00,SPY,BUY,8,600.903564453125,4812.035744140624,Strong upward momentum detected. Algorithm confidence: 45%. Good entry point for potential gains.,BUY: Momentum entry Q=0.447 >= 0.35,80411.74838508609,8.0,600.903564453125,,,,,,,,-73.55841217040961
2025-06-16 00:00:00-04:00,META,SELL,7,,,"End of trading session - closing all positions ($133.51, 2.8%).",FORCED EXIT: Held for 72.0 hours (max: 48),85321.67351094059,,,682.344970703125,702.1199951171875,4776.414794921875,4909.925125854492,133.51033093261685,2.795199677267573,123.20460998535145,59.95191876220724
2025-06-17 00:00:00-04:00,TSLA,SELL,15,,,"Stop loss triggered to limit losses. Protecting capital ($-196.45, -4.0%).",SELL: Stop loss 3.9% >= 2.0%,90062.17835240177,,,329.1300048828125,316.3500061035156,4936.9500732421875,4740.504841461182,-196.44523178100553,-3.9790807860448196,-311.03199142456015,-136.4933130187983
2025-06-17 00:00:00-04:00,NVDA,BUY,34,144.1199951171875,4904.979913818359,Strong upward momentum detected. Algorithm confidence: 66%. Good entry point for potential gains.,BUY: Momentum entry Q=0.660 >= 0.35,85157.19843858341,34.0,144.1199951171875,,,,,,,,-136.4933130187983
2025-06-17 00:00:00-04:00,GOOGL,SELL,28,,,"Algorithm confidence dropped. Exiting position to preserve capital ($-27.86, -0.6%).",SELL: Conviction lost Q=0.167 <= 0.3,90074.47381181338,,,176.61204528808594,175.7927703857422,4945.137268066406,4917.275373229981,-27.861894836425563,-0.5634200493552693,-78.93591229248068,-164.35520785522385
2025-06-17 00:00:00-04:00,SPY,SELL,8,,,"Algorithm confidence dropped. Exiting position to preserve capital ($-45.84, -1.0%).",SELL: Conviction lost Q=0.224 <= 0.3,94835.85805204776,,,600.903564453125,595.768798828125,4807.228515625,4761.384240234375,-45.844275390624716,-0.9536529258306827,-104.44701806640569,-210.19948324584857
2025-06-17 00:00:00-04:00,META,BUY,7,697.22998046875,4885.49047314453,Strong upward momentum detected. Algorithm confidence: 59%. Good entry point for potential gains.,BUY: Momentum entry Q=0.590 >= 0.35,89950.36757890323,7.0,697.22998046875,,,,,,,,-210.19948324584857
2025-06-18 00:00:00-04:00,NVDA,SELL,34,,,"AI model detects potential price peak. Taking profits ($41.29, 0.8%).","SELL: ML profit peak ML=0.556, P&L=$46.24",94891.74111378482,,,144.1199951171875,145.47999572753906,4900.079833984375,4941.373534881592,41.293700897216695,0.842714859680965,202.3045294494632,-168.90578234863187
2025-06-18 00:00:00-04:00,GOOGL,BUY,28,173.16513061523438,4853.472280883789,Strong upward momentum detected. Algorithm confidence: 41%. Good entry point for potential gains.,BUY: Momentum entry Q=0.406 >= 0.35,90038.26883290104,28.0,173.16513061523438,,,,,,,,-168.90578234863187
2025-06-20 00:00:00-04:00,TSLA,BUY,15,322.1600036621094,4837.232454986572,Strong upward momentum detected. Algorithm confidence: 40%. Good entry point for potential gains.,BUY: Momentum entry Q=0.403 >= 0.35,85201.03637791447,15.0,322.1600036621094,,,,,,,,-168.90578234863187
2025-06-20 00:00:00-04:00,NVDA,BUY,34,143.85000610351562,4895.79110772705,Strong upward momentum detected. Algorithm confidence: 61%. Good entry point for potential gains.,BUY: Momentum entry Q=0.609 >= 0.35,80305.24527018741,34.0,143.85000610351562,,,,,,,,-168.90578234863187
2025-06-20 00:00:00-04:00,GOOGL,SELL,28,,,"End of trading session - closing all positions ($-191.53, -4.0%).",FORCED EXIT: Held for 48.0 hours (max: 48),84962.33400798039,,,173.16513061523438,166.4910888671875,4848.6236572265625,4657.0887377929685,-191.53491943359404,-3.9502946191363715,-270.4708317260747,-360.4407017822259
2025-06-20 00:00:00-04:00,SPY,BUY,8,594.280029296875,4758.994474609374,Strong upward momentum detected. Algorithm confidence: 43%. Good entry point for potential gains.,BUY: Momentum entry Q=0.430 >= 0.35,80203.33953337102,8.0,594.280029296875,,,,,,,,-360.4407017822259
2025-06-20 00:00:00-04:00,META,SELL,7,,,"End of trading session - closing all positions ($-108.94, -2.2%).",FORCED EXIT: Held for 72.0 hours (max: 48),84975.01291264348,,,697.22998046875,682.3499755859375,4880.60986328125,4771.673379272461,-108.9364840087892,-2.232026059455423,14.26812597656226,-469.3771857910151
2025-06-23 00:00:00-04:00,TSLA,SELL,15,,,"End of trading session - closing all positions ($392.57, 8.1%).",FORCED EXIT: Held for 72.0 hours (max: 48),90199.98260289006,,,322.1600036621094,348.67999267578125,4832.400054931641,5224.969690246582,392.5696353149415,8.12369900779034,81.53764389038133,-76.80755047607363
2025-06-23 00:00:00-04:00,NVDA,SELL,34,,,"End of trading session - closing all positions ($5.98, 0.1%).",FORCED EXIT: Held for 72.0 hours (max: 48),95096.86076069645,,,143.85000610351562,144.1699981689453,4890.900207519531,4896.878157806396,5.9779502868650525,0.1222259713595103,208.28247973632824,-70.82960018920858
2025-06-23 00:00:00-04:00,GOOGL,BUY,30,165.04238891601562,4956.222939147949,Strong upward momentum detected. Algorithm confidence: 44%. Good entry point for potential gains.,BUY: Momentum entry Q=0.441 >= 0.35,90140.6378215485,30.0,165.04238891601562,,,,,,,,-70.82960018920858
2025-06-23 00:00:00-04:00,SPY,SELL,8,,,"End of trading session - closing all positions ($42.16, 0.9%).",FORCED EXIT: Held for 72.0 hours (max: 48),94937.03681666568,,,594.280029296875,600.1500244140625,4754.240234375,4796.398995117187,42.15876074218704,0.8867612628693615,-62.28825732421865,-28.670839447021535
2025-06-23 00:00:00-04:00,META,BUY,7,698.530029296875,4894.599915283203,Strong upward momentum detected. Algorithm confidence: 44%. Good entry point for potential gains.,BUY: Momentum entry Q=0.439 >= 0.35,90042.43690138248,7.0,698.530029296875,,,,,,,,-28.670839447021535
2025-06-24 00:00:00-04:00,TSLA,BUY,14,340.4700012207031,4771.346597106933,Strong upward momentum detected. Algorithm confidence: 63%. Good entry point for potential gains.,BUY: Momentum entry Q=0.631 >= 0.35,85271.09030427554,14.0,340.4700012207031,,,,,,,,-28.670839447021535
2025-06-24 00:00:00-04:00,NVDA,BUY,33,147.89999389648438,4885.580498382567,Strong upward momentum detected. Algorithm confidence: 65%. Good entry point for potential gains.,BUY: Momentum entry Q=0.650 >= 0.35,80385.50980589297,33.0,147.89999389648438,,,,,,,,-28.670839447021535
2025-06-24 00:00:00-04:00,GOOGL,SELL,30,,,"AI model detects potential price peak. Taking profits ($42.36, 0.9%).","SELL: ML profit peak ML=0.606, P&L=$47.36",85379.14078443912,,,165.04238891601562,166.62098693847656,4951.271667480469,4993.630978546143,42.359311065673865,0.8555238716527356,-228.11152066040086,13.68847161865233
2025-06-24 00:00:00-04:00,SPY,BUY,8,606.780029296875,4859.094474609375,Strong upward momentum detected. Algorithm confidence: 59%. Good entry point for potential gains.,BUY: Momentum entry Q=0.592 >= 0.35,80520.04630982975,8.0,606.780029296875,,,,,,,,13.68847161865233
2025-06-24 00:00:00-04:00,META,SELL,7,,,"AI model detects potential price peak. Taking profits ($90.70, 1.9%).","SELL: ML profit peak ML=0.542, P&L=$95.69",85500.46099519351,,,698.530029296875,712.2000122070312,4889.710205078125,4980.414685363769,90.70448028564442,1.8550072802156012,104.97260626220668,104.39295190429675
2025-06-25 00:00:00-04:00,TSLA,SELL,14,,,"Stop loss triggered to limit losses. Protecting capital ($-185.47, -3.9%).",SELL: Stop loss 3.8% >= 2.0%,90081.57512446598,,,340.4700012207031,327.54998779296875,4766.580017089844,4581.114129272461,-185.4658878173832,-3.8909634822540187,-103.92824392700186,-81.07293591308644
2025-06-25 00:00:00-04:00,NVDA,SELL,33,,,"Exit signal triggered. Closing position with profit ($206.44, 4.2%).",SELL: Swing trade profit 4.3% >= 2.0% (24.0h),95168.71281398014,,,147.89999389648438,154.30999755859375,4880.699798583984,5087.13768951416,206.43789093017585,4.229678108661155,414.7203706665041,125.36495501708941
2025-06-25 00:00:00-04:00,GOOGL,BUY,29,170.52748107910156,4950.242248245238,Strong upward momentum detected. Algorithm confidence: 38%. Good entry point for potential gains.,BUY: Momentum entry Q=0.380 >= 0.35,90218.4705657349,29.0,170.52748107910156,,,,,,,,125.36495501708941
2025-06-25 00:00:00-04:00,SPY,SELL,8,,,"AI model detects potential price peak. Taking profits ($-2.14, -0.0%).","SELL: ML profit peak ML=0.619, P&L=$2.72",95070.57356671146,,,606.780029296875,607.1199951171875,4854.240234375,4852.103000976563,-2.1372333984372744,-0.0440281752704077,-64.42549072265592,123.22772161865214
2025-06-25 00:00:00-04:00,META,BUY,7,708.6799926757812,4965.720708679199,Strong upward momentum detected. Algorithm confidence: 58%. Good entry point for potential gains.,BUY: Momentum entry Q=0.585 >= 0.35,90104.85285803226,7.0,708.6799926757812,,,,,,,,123.22772161865214
2025-06-26 00:00:00-04:00,TSLA,BUY,15,325.7799987792969,4891.586681671142,Strong upward momentum detected. Algorithm confidence: 66%. Good entry point for potential gains.,BUY: Momentum entry Q=0.662 >= 0.35,85213.26617636112,15.0,325.7799987792969,,,,,,,,123.22772161865214
2025-06-26 00:00:00-04:00,NVDA,BUY,32,155.02000427246094,4965.600776855468,Strong upward momentum detected. Algorithm confidence: 60%. Good entry point for potential gains.,BUY: Momentum entry Q=0.605 >= 0.35,80247.66539950565,32.0,155.02000427246094,,,,,,,,123.22772161865214
2025-06-26 00:00:00-04:00,GOOGL,SELL,29,,,"Algorithm confidence dropped. Exiting position to preserve capital ($77.84, 1.6%).",SELL: Conviction lost Q=0.139 <= 0.3,85270.7998650513,,,170.52748107910156,173.38491821289062,4945.296951293945,5023.134465545654,77.83751425170885,1.573970481819955,-150.274006408692,201.065235870361
2025-06-26 00:00:00-04:00,SPY,BUY,8,611.8699951171875,4899.854920898437,Strong upward momentum detected. Algorithm confidence: 56%. Good entry point for potential gains.,BUY: Momentum entry Q=0.563 >= 0.35,80370.94494415287,8.0,611.8699951171875,,,,,,,,201.065235870361
2025-06-26 00:00:00-04:00,META,SELL,7,,,"Exit signal triggered. Closing position with profit ($116.79, 2.4%).",SELL: Swing trade profit 2.5% >= 2.0% (24.0h),85448.49250195317,,,708.6799926757812,726.0900268554688,4960.759948730469,5077.547557800293,116.78760906982461,2.354228188358767,221.7602153320313,317.8528449401856
2025-06-27 00:00:00-04:00,GOOGL,BUY,28,178.37046813964844,4999.3674810180655,Strong upward momentum detected. Algorithm confidence: 45%. Good entry point for potential gains.,BUY: Momentum entry Q=0.449 >= 0.35,80449.1250209351,28.0,178.37046813964844,,,,,,,,317.8528449401856
2025-06-27 00:00:00-04:00,META,BUY,6,733.6300048828125,4406.181809326172,Strong upward momentum detected. Algorithm confidence: 68%. Good entry point for potential gains.,BUY: Momentum entry Q=0.680 >= 0.35,76042.94321160893,6.0,733.6300048828125,,,,,,,,317.8528449401856
2025-06-30 00:00:00-04:00,TSLA,SELL,15,,,"End of trading session - closing all positions ($-126.56, -2.6%).",FORCED EXIT: Held for 96.0 hours (max: 48),80803.07836648564,,,325.7799987792969,317.6600036621094,4886.699981689453,4760.135154876709,-126.56482681274429,-2.5899856198863205,-230.49307073974614,191.28801812744132
2025-06-30 00:00:00-04:00,NVDA,SELL,32,,,"End of trading session - closing all positions ($89.98, 1.8%).",FORCED EXIT: Held for 96.0 hours (max: 48),85853.70286209112,,,155.02000427246094,157.99000549316406,4960.64013671875,5050.624495605469,89.98435888671884,1.8139666737897988,504.70472955322293,281.27237701416016
2025-06-30 00:00:00-04:00,GOOGL,SELL,28,,,"End of trading session - closing all positions ($-69.27, -1.4%).",FORCED EXIT: Held for 72.0 hours (max: 48),90778.80353207403,,,178.37046813964844,176.07252502441406,4994.373107910156,4925.10066998291,-69.27243792724585,-1.3870096692922522,-219.54644433593785,211.9999390869143
2025-06-30 00:00:00-04:00,SPY,SELL,8,,,"End of trading session - closing all positions ($42.90, 0.9%).",FORCED EXIT: Held for 96.0 hours (max: 48),95716.66053695684,,,611.8699951171875,617.8499755859375,4894.9599609375,4937.857004882812,42.89704394531236,0.8763512733022758,-21.52844677734356,254.89698303222667
2025-06-30 00:00:00-04:00,META,SELL,6,,,"End of trading session - closing all positions ($22.33, 0.5%).",FORCED EXIT: Held for 72.0 hours (max: 48),100140.77215792853,,,733.6300048828125,738.0900268554688,4401.780029296875,4424.111620971679,22.331591674804258,0.5073309326266227,244.09180700683555,277.22857470703093
2025-07-01 00:00:00-04:00,TSLA,BUY,16,300.7099914550781,4816.171223144531,Strong upward momentum detected. Algorithm confidence: 40%. Good entry point for potential gains.,BUY: Momentum entry Q=0.403 >= 0.35,95324.600934784,16.0,300.7099914550781,,,,,,,,277.22857470703093
2025-07-01 00:00:00-04:00,NVDA,BUY,32,153.3000030517578,4910.505697753906,Strong upward momentum detected. Algorithm confidence: 58%. Good entry point for potential gains.,BUY: Momentum entry Q=0.577 >= 0.35,90414.0952370301,32.0,153.3000030517578,,,,,,,,277.22857470703093
2025-07-01 00:00:00-04:00,GOOGL,BUY,28,175.682861328125,4924.039237304687,Strong upward momentum detected. Algorithm confidence: 45%. Good entry point for potential gains.,BUY: Momentum entry Q=0.451 >= 0.35,85490.0559997254,28.0,175.682861328125,,,,,,,,277.22857470703093
2025-07-01 00:00:00-04:00,SPY,BUY,8,617.6500244140625,4946.141395507812,Strong upward momentum detected. Algorithm confidence: 70%. Good entry point for potential gains.,BUY: Momentum entry Q=0.695 >= 0.35,80543.91460421759,8.0,617.6500244140625,,,,,,,,277.22857470703093
2025-07-01 00:00:00-04:00,META,BUY,6,719.219970703125,4319.635144042968,Strong upward momentum detected. Algorithm confidence: 53%. Good entry point for potential gains.,BUY: Momentum entry Q=0.527 >= 0.35,76224.27946017461,6.0,719.219970703125,,,,,,,,277.22857470703093
2025-07-02 00:00:00-04:00,TSLA,SELL,16,,,"Exit signal triggered. Closing position with profit ($233.99, 4.9%).",SELL: Swing trade profit 5.0% >= 2.0% (24.0h),81269.62896261601,,,300.7099914550781,315.6499938964844,4811.35986328125,5045.349502441406,233.989639160156,4.863274537951103,3.496568420409858,511.21821386718693
2025-07-02 00:00:00-04:00,NVDA,SELL,32,,,"Exit signal triggered. Closing position with profit ($121.37, 2.5%).",SELL: Swing trade profit 2.6% >= 2.0% (24.0h),86296.59696261601,,,153.3000030517578,157.25,4905.60009765625,5026.968,121.36790234374985,2.47406841013673,626.0726318969728,632.5861162109368
2025-07-02 00:00:00-04:00,GOOGL,SELL,28,,,"AI model detects potential price peak. Taking profits ($73.33, 1.5%).","SELL: ML profit peak ML=0.567, P&L=$78.33",91289.04964675907,,,175.682861328125,178.48036193847656,4919.1201171875,4992.452684143066,73.33256695556611,1.4907659339185622,-146.21387738037174,705.9186831665029
2025-07-02 00:00:00-04:00,SPY,SELL,8,,,"AI model detects potential price peak. Taking profits ($17.44, 0.4%).","SELL: ML profit peak ML=0.544, P&L=$22.40",96247.68614431766,,,617.6500244140625,620.4500122070312,4941.2001953125,4958.636497558594,17.436302246093874,0.3528758511471551,-4.092144531249687,723.3549854125968
2025-07-03 00:00:00-04:00,TSLA,BUY,15,315.3500061035156,4734.980341644286,Strong upward momentum detected. Algorithm confidence: 39%. Good entry point for potential gains.,BUY: Momentum entry Q=0.386 >= 0.35,91512.70580267337,15.0,315.3500061035156,,,,,,,,723.3549854125968
2025-07-03 00:00:00-04:00,NVDA,BUY,31,159.33999633789062,4944.479426361084,Strong upward momentum detected. Algorithm confidence: 42%. Good entry point for potential gains.,BUY: Momentum entry Q=0.424 >= 0.35,86568.22637631229,31.0,159.33999633789062,,,,,,,,723.3549854125968
2025-07-03 00:00:00-04:00,GOOGL,BUY,27,179.36956787109375,4847.82131085205,Strong upward momentum detected. Algorithm confidence: 52%. Good entry point for potential gains.,BUY: Momentum entry Q=0.515 >= 0.35,81720.40506546025,27.0,179.36956787109375,,,,,,,,723.3549854125968
2025-07-03 00:00:00-04:00,SPY,BUY,7,625.3400268554688,4381.757568176269,Strong upward momentum detected. Algorithm confidence: 42%. Good entry point for potential gains.,BUY: Momentum entry Q=0.422 >= 0.35,77338.64749728398,7.0,625.3400268554688,,,,,,,,723.3549854125968
2025-07-03 00:00:00-04:00,META,SELL,6,,,"End of trading session - closing all positions ($-5.57, -0.1%).",FORCED EXIT: Held for 48.0 hours (max: 48),81648.39349581914,,,719.219970703125,719.010009765625,4315.31982421875,4309.745998535156,-5.5738256835938955,-0.1291636752463182,238.51798132324166,717.7811597290029
2025-07-07 00:00:00-04:00,TSLA,SELL,15,,,"End of trading session - closing all positions ($-325.56, -6.9%).",FORCED EXIT: Held for 96.0 hours (max: 48),86053.08443240362,,,315.3500061035156,293.94000244140625,4730.250091552734,4404.690936584473,-325.5591549682613,-6.8824934975350205,-322.0625865478514,392.2220047607416
2025-07-07 00:00:00-04:00,NVDA,SELL,31,,,"End of trading session - closing all positions ($-39.01, -0.8%).",FORCED EXIT: Held for 96.0 hours (max: 48),90953.61916252141,,,159.33999633789062,158.24000549316406,4939.539886474609,4900.534730117798,-39.00515635681131,-0.7896516123620092,587.0674755401615,353.21684840393027
2025-07-07 00:00:00-04:00,GOOGL,SELL,27,,,"End of trading session - closing all positions ($-78.68, -1.6%).",FORCED EXIT: Held for 96.0 hours (max: 48),95717.91461216741,,,179.36956787109375,176.63201904296875,4842.978332519531,4764.295449645996,-78.68288287353516,-1.6246796386677378,-224.8967602539069,274.5339655303951
2025-07-07 00:00:00-04:00,SPY,SELL,7,,,"End of trading session - closing all positions ($-36.96, -0.8%).",FORCED EXIT: Held for 96.0 hours (max: 48),100058.32980094916,,,625.3400268554688,620.6799926757812,4377.380187988281,4340.415188781738,-36.964999206543325,-0.8444548478557304,-41.05714373779301,237.56896632385178
2025-07-07 00:00:00-04:00,META,BUY,6,718.3499755859375,4314.409953369141,Strong upward momentum detected. Algorithm confidence: 69%. Good entry point for potential gains.,BUY: Momentum entry Q=0.694 >= 0.35,95743.91984758002,6.0,718.3499755859375,,,,,,,,237.56896632385178
2025-07-08 00:00:00-04:00,NVDA,BUY,31,160.0,4964.959999999999,Strong upward momentum detected. Algorithm confidence: 45%. Good entry point for potential gains.,BUY: Momentum entry Q=0.450 >= 0.35,90778.95984758003,31.0,160.0,,,,,,,,237.56896632385178
2025-07-08 00:00:00-04:00,GOOGL,BUY,28,174.20419311523438,4882.595124633788,Strong upward momentum detected. Algorithm confidence: 60%. Good entry point for potential gains.,BUY: Momentum entry Q=0.600 >= 0.35,85896.36472294624,28.0,174.20419311523438,,,,,,,,237.56896632385178
2025-07-08 00:00:00-04:00,META,SELL,6,,,"AI model detects potential price peak. Taking profits ($9.60, 0.2%).","SELL: ML profit peak ML=0.586, P&L=$13.92",90216.0606005097,,,718.3499755859375,720.6699829101562,4310.099853515625,4319.695877563477,9.596024047851643,0.2226404114518238,248.1140053710933,247.16499037170342
2025-07-09 00:00:00-04:00,TSLA,BUY,16,295.8800048828125,4738.814158203125,Strong upward momentum detected. Algorithm confidence: 42%. Good entry point for potential gains.,BUY: Momentum entry Q=0.425 >= 0.35,85477.24644230658,16.0,295.8800048828125,,,,,,,,247.16499037170342
2025-07-09 00:00:00-04:00,NVDA,SELL,31,,,"AI model detects potential price peak. Taking profits ($84.23, 1.7%).","SELL: ML profit peak ML=0.473, P&L=$89.28",90521.47731352241,,,160.0,162.8800048828125,4960.0,5044.23087121582,84.23087121582012,1.6982030487060509,671.2983467559816,331.39586158752354
2025-07-09 00:00:00-04:00,GOOGL,SELL,28,,,"AI model detects potential price peak. Taking profits ($58.28, 1.2%).","SELL: ML profit peak ML=0.603, P&L=$63.22",95457.47722959907,,,174.20419311523438,176.46217346191406,4877.7174072265625,4935.99991607666,58.282508850097656,1.194872600937263,-166.61425140380925,389.6783704376212
2025-07-09 00:00:00-04:00,SPY,BUY,8,624.0599975585938,4997.4724604492185,Strong upward momentum detected. Algorithm confidence: 47%. Good entry point for potential gains.,BUY: Momentum entry Q=0.474 >= 0.35,90460.00476914985,8.0,624.0599975585938,,,,,,,,389.6783704376212
2025-07-09 00:00:00-04:00,META,BUY,6,732.780029296875,4401.076855957031,Strong upward momentum detected. Algorithm confidence: 62%. Good entry point for potential gains.,BUY: Momentum entry Q=0.623 >= 0.35,86058.92791319282,6.0,732.780029296875,,,,,,,,389.6783704376212
2025-07-10 00:00:00-04:00,TSLA,SELL,16,,,"Exit signal triggered. Closing position with profit ($218.88, 4.6%).",SELL: Swing trade profit 4.7% >= 2.0% (24.0h),91011.88991514595,,,295.8800048828125,309.8699951171875,4734.080078125,4952.962001953125,218.88192382812485,4.623536573441659,-103.18066271972657,608.560294265746
2025-07-10 00:00:00-04:00,NVDA,BUY,30,164.10000610351562,4927.9231832885735,Strong upward momentum detected. Algorithm confidence: 38%. Good entry point for potential gains.,BUY: Momentum entry Q=0.384 >= 0.35,86083.96673185738,30.0,164.10000610351562,,,,,,,,608.560294265746
2025-07-10 00:00:00-04:00,GOOGL,BUY,28,177.46127319335938,4973.884565063476,Strong upward momentum detected. Algorithm confidence: 59%. Good entry point for potential gains.,BUY: Momentum entry Q=0.587 >= 0.35,81110.0821667939,28.0,177.46127319335938,,,,,,,,608.560294265746
2025-07-10 00:00:00-04:00,SPY,SELL,8,,,"AI model detects potential price peak. Taking profits ($9.07, 0.2%).","SELL: ML profit peak ML=0.440, P&L=$14.08",86111.63566532906,,,624.0599975585938,625.8200073242188,4992.47998046875,5001.553498535156,9.073518066405995,0.18174370456972913,-31.983625671387017,617.633812332152
2025-07-11 00:00:00-04:00,TSLA,BUY,15,313.510009765625,4707.352796630859,Strong upward momentum detected. Algorithm confidence: 42%. Good entry point for potential gains.,BUY: Momentum entry Q=0.420 >= 0.35,81404.2828686982,15.0,313.510009765625,,,,,,,,617.633812332152
2025-07-11 00:00:00-04:00,NVDA,SELL,30,,,"AI model detects potential price peak. Taking profits ($19.65, 0.4%).","SELL: ML profit peak ML=0.715, P&L=$24.60",86346.93521382149,,,164.10000610351562,164.9199981689453,4923.000183105469,4942.652345123291,19.652162017821865,0.39919076349546506,690.9505087738034,637.2859743499739
2025-07-11 00:00:00-04:00,GOOGL,SELL,28,,,"AI model detects potential price peak. Taking profits ($66.86, 1.3%).","SELL: ML profit peak ML=0.375, P&L=$71.90",91382.70616963203,,,177.46127319335938,180.02899169921875,4968.9156494140625,5035.770955810547,66.8553063964846,1.3454707447965677,-99.75894500732466,704.1412807464585
2025-07-11 00:00:00-04:00,SPY,BUY,8,623.6199951171875,4993.948920898437,Strong upward momentum detected. Algorithm confidence: 41%. Good entry point for potential gains.,BUY: Momentum entry Q=0.410 >= 0.35,86388.7572487336,8.0,623.6199951171875,,,,,,,,704.1412807464585
2025-07-11 00:00:00-04:00,META,SELL,6,,,"End of trading session - closing all positions ($-95.93, -2.2%).",FORCED EXIT: Held for 48.0 hours (max: 48),90689.51224726875,,,732.780029296875,717.510009765625,4396.68017578125,4300.754998535156,-95.92517724609388,-2.1817638174932488,152.18882812499942,608.2161035003646
2025-07-14 00:00:00-04:00,TSLA,SELL,15,,,"End of trading session - closing all positions ($46.10, 1.0%).",FORCED EXIT: Held for 72.0 hours (max: 48),95438.25865580757,,,313.510009765625,316.8999938964844,4702.650146484375,4748.746408538818,46.09626205444329,0.9802188259508121,-57.08440066528328,654.3123655548079
2025-07-14 00:00:00-04:00,NVDA,BUY,30,164.07000732421875,4927.022319946289,Strong upward momentum detected. Algorithm confidence: 39%. Good entry point for potential gains.,BUY: Momentum entry Q=0.394 >= 0.35,90511.23633586128,30.0,164.07000732421875,,,,,,,,654.3123655548079
2025-07-14 00:00:00-04:00,SPY,SELL,8,,,"End of trading session - closing all positions ($4.52, 0.1%).",FORCED EXIT: Held for 72.0 hours (max: 48),95504.71783634956,,,623.6199951171875,624.8099975585938,4988.9599609375,4993.481500488281,4.521539550781199,0.09063090476139107,-27.462086120605818,658.8339051055891
2025-07-14 00:00:00-04:00,META,BUY,6,720.9199829101562,4329.845417358398,Strong upward momentum detected. Algorithm confidence: 64%. Good entry point for potential gains.,BUY: Momentum entry Q=0.636 >= 0.35,91174.87241899116,6.0,720.9199829101562,,,,,,,,658.8339051055891
2025-07-15 00:00:00-04:00,TSLA,BUY,16,310.7799987792969,4977.452460449218,Strong upward momentum detected. Algorithm confidence: 44%. Good entry point for potential gains.,BUY: Momentum entry Q=0.442 >= 0.35,86197.41995854194,16.0,310.7799987792969,,,,,,,,658.8339051055891
2025-07-15 00:00:00-04:00,NVDA,SELL,30,,,"Exit signal triggered. Closing position with profit ($193.78, 3.9%).",SELL: Swing trade profit 4.0% >= 2.0% (24.0h),91313.29886708075,,,164.07000732421875,170.6999969482422,4922.1002197265625,5115.878908538818,193.7786888122555,3.936910671498283,884.729197586059,852.6125939178446
2025-07-15 00:00:00-04:00,SPY,BUY,8,622.1400146484375,4982.097237304687,Strong upward momentum detected. Algorithm confidence: 43%. Good entry point for potential gains.,BUY: Momentum entry Q=0.428 >= 0.35,86331.20162977607,8.0,622.1400146484375,,,,,,,,852.6125939178446
2025-07-16 00:00:00-04:00,TSLA,SELL,16,,,"Exit signal triggered. Closing position with profit ($169.09, 3.4%).",SELL: Swing trade profit 3.5% >= 2.0% (24.0h),91472.77512440497,,,310.7799987792969,321.6700134277344,4972.47998046875,5141.573494628906,169.0935141601558,3.4005871280393882,112.00911349487251,1021.7061080780004
2025-07-16 00:00:00-04:00,NVDA,BUY,29,171.3699951171875,4974.699588256835,Strong upward momentum detected. Algorithm confidence: 42%. Good entry point for potential gains.,BUY: Momentum entry Q=0.424 >= 0.35,86498.07553614814,29.0,171.3699951171875,,,,,,,,1021.7061080780004
2025-07-16 00:00:00-04:00,GOOGL,BUY,27,182.80650329589844,4940.7113645782465,Strong upward momentum detected. Algorithm confidence: 38%. Good entry point for potential gains.,BUY: Momentum entry Q=0.377 >= 0.35,81557.36417156989,27.0,182.80650329589844,,,,,,,,1021.7061080780004
2025-07-16 00:00:00-04:00,SPY,SELL,8,,,"AI model detects potential price peak. Taking profits ($11.65, 0.2%).","SELL: ML profit peak ML=0.426, P&L=$16.64",86546.13017742927,,,622.1400146484375,624.219970703125,4977.1201171875,4988.766005859375,11.645888671874673,0.23398849932630517,-15.816197448731145,1033.351996749875
2025-07-16 00:00:00-04:00,META,SELL,6,,,"End of trading session - closing all positions ($-112.28, -2.6%).",FORCED EXIT: Held for 48.0 hours (max: 48),90759.37255645759,,,720.9199829101562,702.9099731445312,4325.5198974609375,4213.24237902832,-112.2775184326174,-2.595699964263807,39.91130969238202,921.0744783172577
2025-07-17 00:00:00-04:00,TSLA,BUY,15,319.4100036621094,4795.941204986571,Strong upward momentum detected. Algorithm confidence: 39%. Good entry point for potential gains.,BUY: Momentum entry Q=0.389 >= 0.35,85963.43135147102,15.0,319.4100036621094,,,,,,,,921.0744783172577
2025-07-17 00:00:00-04:00,NVDA,SELL,29,,,"AI model detects potential price peak. Taking profits ($42.25, 0.9%).","SELL: ML profit peak ML=0.760, P&L=$47.27",90975.41435147103,,,171.3699951171875,173.0,4969.7298583984375,5011.983,42.253141601562675,0.8502100276166584,926.9823391876216,963.3276199188203
2025-07-17 00:00:00-04:00,GOOGL,SELL,27,,,"AI model detects potential price peak. Taking profits ($11.50, 0.2%).","SELL: ML profit peak ML=0.464, P&L=$16.46",95922.69289462289,,,182.80650329589844,183.41595458984375,4935.775588989258,4947.278543151855,11.502954162597234,0.2330526166598428,-88.25599084472742,974.8305740814176
2025-07-17 00:00:00-04:00,SPY,BUY,7,628.0399780273438,4400.676126037597,Strong upward momentum detected. Algorithm confidence: 37%. Good entry point for potential gains.,BUY: Momentum entry Q=0.367 >= 0.35,91522.0167685853,7.0,628.0399780273438,,,,,,,,974.8305740814176
2025-07-17 00:00:00-04:00,META,BUY,7,701.4099731445312,4914.77968182373,Strong upward momentum detected. Algorithm confidence: 65%. Good entry point for potential gains.,BUY: Momentum entry Q=0.652 >= 0.35,86607.23708676157,7.0,701.4099731445312,,,,,,,,974.8305740814176
2025-07-18 00:00:00-04:00,TSLA,SELL,15,,,"Exit signal triggered. Closing position with profit ($148.66, 3.1%).",SELL: Swing trade profit 3.2% >= 2.0% (24.0h),91547.04224530038,,,319.4100036621094,329.6499938964844,4791.150054931641,4939.805158538818,148.6551036071778,3.1027018962631674,260.6642171020503,1123.4856776885954
2025-07-18 00:00:00-04:00,NVDA,BUY,29,172.41000366210938,5004.889996307373,Strong upward momentum detected. Algorithm confidence: 42%. Good entry point for potential gains.,BUY: Momentum entry Q=0.418 >= 0.35,86542.152248993,29.0,172.41000366210938,,,,,,,,1123.4856776885954
2025-07-18 00:00:00-04:00,GOOGL,BUY,27,184.89462280273438,4997.146970489502,Strong upward momentum detected. Algorithm confidence: 53%. Good entry point for potential gains.,BUY: Momentum entry Q=0.533 >= 0.35,81545.00527850351,27.0,184.89462280273438,,,,,,,,1123.4856776885954
2025-07-18 00:00:00-04:00,META,SELL,7,,,"AI model detects potential price peak. Taking profits ($15.16, 0.3%).","SELL: ML profit peak ML=0.683, P&L=$20.09",86470.03552337656,,,701.4099731445312,704.280029296875,4909.869812011719,4925.030244873047,15.160432861328445,0.3087746405055243,55.071742553710465,1138.6461105499238
2025-07-21 00:00:00-04:00,TSLA,BUY,15,328.489990234375,4932.27720336914,Strong upward momentum detected. Algorithm confidence: 38%. Good entry point for potential gains.,BUY: Momentum entry Q=0.379 >= 0.35,81537.75832000742,15.0,328.489990234375,,,,,,,,1138.6461105499238
2025-07-21 00:00:00-04:00,NVDA,SELL,29,,,"End of trading session - closing all positions ($-34.84, -0.7%).",FORCED EXIT: Held for 72.0 hours (max: 48),86502.80844146738,,,172.41000366210938,171.3800048828125,4999.890106201172,4965.050121459961,-34.83998474121108,-0.6968150099539265,892.1423544464105,1103.8061258087127
2025-07-21 00:00:00-04:00,GOOGL,SELL,27,,,"End of trading session - closing all positions ($130.83, 2.6%).",FORCED EXIT: Held for 72.0 hours (max: 48),91625.79383808908,,,184.89462280273438,189.9301300048828,4992.154815673828,5122.985396621704,130.83058094787611,2.6207236309480706,42.574590103148694,1234.6367067565889
2025-07-21 00:00:00-04:00,SPY,SELL,7,,,"End of trading session - closing all positions ($0.71, 0.0%).",FORCED EXIT: Held for 96.0 hours (max: 48),96022.78258467112,,,628.0399780273438,628.77001953125,4396.279846191406,4396.988746582031,0.7089003906248763,0.016125006037525393,-15.107297058106269,1235.3456071472137
2025-07-21 00:00:00-04:00,META,BUY,7,712.969970703125,4995.7805847167965,Strong upward momentum detected. Algorithm confidence: 57%. Good entry point for potential gains.,BUY: Momentum entry Q=0.568 >= 0.35,91027.00199995433,7.0,712.969970703125,,,,,,,,1235.3456071472137
2025-07-22 00:00:00-04:00,TSLA,SELL,15,,,"AI model detects potential price peak. Taking profits ($49.32, 1.0%).","SELL: ML profit peak ML=0.665, P&L=$54.30",96003.6701304475,,,328.489990234375,332.1099853515625,4927.349853515625,4976.668130493164,49.318276977539426,1.0009087733510789,309.98249407958974,1284.6638841247532
2025-07-22 00:00:00-04:00,NVDA,BUY,29,167.02999877929688,4848.713834564209,Strong upward momentum detected. Algorithm confidence: 38%. Good entry point for potential gains.,BUY: Momentum entry Q=0.378 >= 0.35,91154.95629588328,29.0,167.02999877929688,,,,,,,,1284.6638841247532
2025-07-22 00:00:00-04:00,GOOGL,BUY,26,191.1690216064453,4975.364956329345,Strong upward momentum detected. Algorithm confidence: 39%. Good entry point for potential gains.,BUY: Momentum entry Q=0.387 >= 0.35,86179.59133955394,26.0,191.1690216064453,,,,,,,,1284.6638841247532
2025-07-22 00:00:00-04:00,SPY,BUY,7,628.8599853515625,4406.421917358398,Strong upward momentum detected. Algorithm confidence: 66%. Good entry point for potential gains.,BUY: Momentum entry Q=0.658 >= 0.35,81773.16942219554,7.0,628.8599853515625,,,,,,,,1284.6638841247532
2025-07-23 00:00:00-04:00,TSLA,BUY,15,332.55999755859375,4993.388363342285,Strong upward momentum detected. Algorithm confidence: 59%. Good entry point for potential gains.,BUY: Momentum entry Q=0.589 >= 0.35,76779.78105885326,15.0,332.55999755859375,,,,,,,,1284.6638841247532
2025-07-23 00:00:00-04:00,NVDA,SELL,29,,,"Exit signal triggered. Closing position with profit ($103.80, 2.1%).",SELL: Swing trade profit 2.2% >= 2.0% (24.0h),81727.44840348826,,,167.02999877929688,170.77999877929688,4843.869964599609,4947.66734463501,103.79738003540024,2.142860580362009,995.9397344818108,1388.4612641601534
2025-07-23 00:00:00-04:00,SPY,SELL,7,,,"AI model detects potential price peak. Taking profits ($33.01, 0.7%).","SELL: ML profit peak ML=0.382, P&L=$37.45",86162.47908714305,,,628.8599853515625,634.2100219726562,4402.0198974609375,4435.030683654785,33.01078619384771,0.749900885565923,17.903489135741438,1421.472050354001
2025-07-23 00:00:00-04:00,META,SELL,7,,,"End of trading session - closing all positions ($-0.72, -0.0%).",FORCED EXIT: Held for 48.0 hours (max: 48),91152.54414665232,,,712.969970703125,713.5800170898438,4990.789794921875,4990.0650595092775,-0.7247354125975107,-0.014521457372036157,54.347007141112954,1420.7473149414036
2025-07-24 00:00:00-04:00,TSLA,SELL,15,,,"Stop loss triggered to limit losses. Protecting capital ($-413.48, -8.3%).",SELL: Stop loss 8.2% >= 2.0%,95727.46446372995,,,332.55999755859375,305.29998779296875,4988.399963378906,4574.920317077636,-413.4796463012699,-8.288823056224993,-103.49715222168015,1007.2676686401337
2025-07-24 00:00:00-04:00,NVDA,BUY,28,173.74000549316406,4869.584873962402,Strong upward momentum detected. Algorithm confidence: 42%. Good entry point for potential gains.,BUY: Momentum entry Q=0.418 >= 0.35,90857.87958976754,28.0,173.74000549316406,,,,,,,,1007.2676686401337
2025-07-24 00:00:00-04:00,GOOGL,SELL,26,,,"End of trading session - closing all positions ($16.57, 0.3%).",FORCED EXIT: Held for 48.0 hours (max: 48),95844.8428042756,,,191.1690216064453,191.99827575683594,4970.394561767578,4986.963214508057,16.568652740478683,0.33334683061029496,59.14324284362738,1023.8363213806124
2025-07-24 00:00:00-04:00,SPY,BUY,7,634.4199829101562,4445.380820251465,Strong upward momentum detected. Algorithm confidence: 58%. Good entry point for potential gains.,BUY: Momentum entry Q=0.576 >= 0.35,91399.46198402414,7.0,634.4199829101562,,,,,,,,1023.8363213806124
2025-07-24 00:00:00-04:00,META,BUY,6,714.7999877929688,4293.08872668457,Strong upward momentum detected. Algorithm confidence: 58%. Good entry point for potential gains.,BUY: Momentum entry Q=0.576 >= 0.35,87106.37325733957,6.0,714.7999877929688,,,,,,,,1023.8363213806124
2025-07-25 00:00:00-04:00,TSLA,BUY,15,316.05999755859375,4745.640863342284,Strong upward momentum detected. Algorithm confidence: 44%. Good entry point for potential gains.,BUY: Momentum entry Q=0.443 >= 0.35,82360.73239399728,15.0,316.05999755859375,,,,,,,,1023.8363213806124
2025-07-25 00:00:00-04:00,NVDA,SELL,28,,,"Algorithm confidence dropped. Exiting position to preserve capital ($-11.58, -0.2%).",SELL: Conviction lost Q=0.231 <= 0.3,87213.87439399728,,,173.74000549316406,173.5,4864.720153808594,4853.142,-11.578153808593925,-0.2380024635030522,984.3615806732168,1012.2581675720185
2025-07-25 00:00:00-04:00,GOOGL,BUY,25,193.0073699951172,4830.009434127807,Strong upward momentum detected. Algorithm confidence: 35%. Good entry point for potential gains.,BUY: Momentum entry Q=0.352 >= 0.35,82383.86495986948,25.0,193.0073699951172,,,,,,,,1012.2581675720185
2025-07-25 00:00:00-04:00,SPY,SELL,7,,,"AI model detects potential price peak. Taking profits ($14.30, 0.3%).","SELL: ML profit peak ML=0.529, P&L=$18.76",86839.10508914193,,,634.4199829101562,637.0999755859375,4440.939880371094,4455.240129272461,14.300248901367013,0.32200951344948303,32.20373803710845,1026.5584164733855
2025-07-28 00:00:00-04:00,TSLA,SELL,15,,,"End of trading session - closing all positions ($138.07, 2.9%).",FORCED EXIT: Held for 72.0 hours (max: 48),91718.07118426522,,,316.05999755859375,325.5899963378906,4740.899963378906,4878.966095123291,138.06613174438462,2.9122346560964543,34.56897952270447,1164.62454821777
2025-07-28 00:00:00-04:00,NVDA,BUY,28,176.75,4953.949,Strong upward momentum detected. Algorithm confidence: 49%. Good entry point for potential gains.,BUY: Momentum entry Q=0.487 >= 0.35,86764.12218426523,28.0,176.75,,,,,,,,1164.62454821777
2025-07-28 00:00:00-04:00,GOOGL,SELL,25,,,"End of trading session - closing all positions ($-19.80, -0.4%).",FORCED EXIT: Held for 72.0 hours (max: 48),91569.50981663523,,,193.0073699951172,192.4079132080078,4825.18424987793,4805.387632369995,-19.79661750793457,-0.4102769237969596,39.346625335692806,1144.8279307098355
2025-07-28 00:00:00-04:00,SPY,BUY,7,636.9400024414062,4463.038597106933,Strong upward momentum detected. Algorithm confidence: 40%. Good entry point for potential gains.,BUY: Momentum entry Q=0.401 >= 0.35,87106.47121952829,7.0,636.9400024414062,,,,,,,,1144.8279307098355
2025-07-28 00:00:00-04:00,META,SELL,6,,,"End of trading session - closing all positions ($12.67, 0.3%).",FORCED EXIT: Held for 96.0 hours (max: 48),91407.94546879586,,,714.7999877929688,717.6300048828125,4288.7999267578125,4301.474249267578,12.674322509765261,0.29552142152144223,67.02132965087822,1157.5022532196008
2025-07-29 00:00:00-04:00,TSLA,BUY,15,321.20001220703125,4822.818183288574,Strong upward momentum detected. Algorithm confidence: 56%. Good entry point for potential gains.,BUY: Momentum entry Q=0.559 >= 0.35,86585.12728550729,15.0,321.20001220703125,,,,,,,,1157.5022532196008
2025-07-29 00:00:00-04:00,SPY,SELL,7,,,"Algorithm confidence dropped. Exiting position to preserve capital ($-16.21, -0.4%).",SELL: Conviction lost Q=0.244 <= 0.3,91027.5005337983,,,636.9400024414062,635.260009765625,4458.580017089844,4442.373248291015,-16.206768798828307,-0.36349619692160673,15.996969238280144,1141.2954844207725
2025-07-29 00:00:00-04:00,META,BUY,7,700.0,4904.9,Strong upward momentum detected. Algorithm confidence: 56%. Good entry point for potential gains.,BUY: Momentum entry Q=0.557 >= 0.35,86122.60053379831,7.0,700.0,,,,,,,,1141.2954844207725
2025-07-30 00:00:00-04:00,NVDA,SELL,28,,,"End of trading session - closing all positions ($65.54, 1.3%).",FORCED EXIT: Held for 48.0 hours (max: 48),91137.14109330758,,,176.75,179.27000427246094,4949.0,5014.540559509277,65.54055950927705,1.3243192464998392,1049.902140182494,1206.8360439300495
2025-07-30 00:00:00-04:00,GOOGL,BUY,25,196.35438537597656,4913.768494033813,Strong upward momentum detected. Algorithm confidence: 37%. Good entry point for potential gains.,BUY: Momentum entry Q=0.371 >= 0.35,86223.37259927377,25.0,196.35438537597656,,,,,,,,1206.8360439300495
2025-07-30 00:00:00-04:00,SPY,BUY,7,634.4600219726562,4445.661373962402,Strong upward momentum detected. Algorithm confidence: 55%. Good entry point for potential gains.,BUY: Momentum entry Q=0.553 >= 0.35,81777.71122531137,7.0,634.4600219726562,,,,,,,,1206.8360439300495
2025-07-30 00:00:00-04:00,META,SELL,7,,,"Algorithm confidence dropped. Exiting position to preserve capital ($-38.40, -0.8%).",SELL: Conviction lost Q=0.290 <= 0.3,86639.31490896616,,,700.0,695.2100219726562,4900.0,4861.6036836547855,-38.39631634521447,-0.7835982927594791,28.625013305663742,1168.439727584835
2025-07-31 00:00:00-04:00,TSLA,SELL,15,,,"End of trading session - closing all positions ($-198.57, -4.1%).",FORCED EXIT: Held for 48.0 hours (max: 48),91258.74069433604,,,321.20001220703125,308.2699890136719,4818.000183105469,4619.425785369873,-198.574397735596,-4.1215107967804965,-164.00541821289153,969.8653298492391
2025-07-31 00:00:00-04:00,NVDA,BUY,28,177.8699951171875,4985.340223144531,Strong upward momentum detected. Algorithm confidence: 40%. Good entry point for potential gains.,BUY: Momentum entry Q=0.405 >= 0.35,86273.4004711915,28.0,177.8699951171875,,,,,,,,969.8653298492391
2025-07-31 00:00:00-04:00,GOOGL,SELL,25,,,"Stop loss triggered to limit losses. Protecting capital ($-120.44, -2.5%).",SELL: Stop loss 2.4% >= 2.0%,91061.82014892588,,,196.35438537597656,191.728515625,4908.859634399414,4788.419677734375,-120.43995666503906,-2.4535221137928214,-81.09333132934626,849.4253731842
2025-07-31 00:00:00-04:00,META,BUY,6,773.4400024414062,4645.280654663085,Strong upward momentum detected. Algorithm confidence: 66%. Good entry point for potential gains.,BUY: Momentum entry Q=0.656 >= 0.35,86416.53949426279,6.0,773.4400024414062,,,,,,,,849.4253731842
2025-08-01 00:00:00-04:00,NVDA,SELL,28,,,"Stop loss triggered to limit losses. Protecting capital ($-121.06, -2.4%).",SELL: Stop loss 2.3% >= 2.0%,91275.8353684083,,,177.8699951171875,173.72000122070312,4980.35986328125,4859.295874145508,-121.0639891357423,-2.4308281421250704,928.8381510467516,728.3613840484577
2025-08-01 00:00:00-04:00,GOOGL,BUY,26,188.96099853515625,4917.898947875976,Strong upward momentum detected. Algorithm confidence: 53%. Good entry point for potential gains.,BUY: Momentum entry Q=0.534 >= 0.35,86357.93642053232,26.0,188.96099853515625,,,,,,,,728.3613840484577
2025-08-01 00:00:00-04:00,SPY,SELL,7,,,"End of trading session - closing all positions ($-93.53, -2.1%).",FORCED EXIT: Held for 48.0 hours (max: 48),90705.62417565928,,,634.4600219726562,621.719970703125,4441.220153808594,4347.687755126954,-93.53239868164019,-2.1060068053917784,-77.53542944336004,634.8289853668175
2025-08-01 00:00:00-04:00,META,SELL,6,,,"Stop loss triggered to limit losses. Protecting capital ($-145.08, -3.1%).",SELL: Stop loss 3.0% >= 2.0%,95201.18417419444,,,773.4400024414062,750.010009765625,4640.6400146484375,4495.559998535156,-145.0800161132811,-3.1262932624665556,-116.45500280761735,489.7489692535364
2025-08-04 00:00:00-04:00,NVDA,BUY,27,180.0,4864.86,Strong upward momentum detected. Algorithm confidence: 59%. Good entry point for potential gains.,BUY: Momentum entry Q=0.589 >= 0.35,90336.32417419444,27.0,180.0,,,,,,,,489.7489692535364
2025-08-04 00:00:00-04:00,GOOGL,SELL,26,,,"End of trading session - closing all positions ($148.46, 3.0%).",FORCED EXIT: Held for 72.0 hours (max: 48),95397.76605813608,,,188.96099853515625,194.86570739746094,4912.9859619140625,5061.44188394165,148.4559220275878,3.0217045841049073,67.36259069824155,638.2048912811242
2025-08-04 00:00:00-04:00,SPY,BUY,7,631.1699829101562,4422.608070251465,Strong upward momentum detected. Algorithm confidence: 51%. Good entry point for potential gains.,BUY: Momentum entry Q=0.514 >= 0.35,90975.15798788462,7.0,631.1699829101562,,,,,,,,638.2048912811242
2025-08-04 00:00:00-04:00,META,BUY,6,776.3699951171875,4662.878190673828,Strong upward momentum detected. Algorithm confidence: 61%. Good entry point for potential gains.,BUY: Momentum entry Q=0.613 >= 0.35,86312.2797972108,6.0,776.3699951171875,,,,,,,,638.2048912811242
2025-08-05 00:00:00-04:00,TSLA,BUY,16,308.7200012207031,4944.45953955078,Strong upward momentum detected. Algorithm confidence: 37%. Good entry point for potential gains.,BUY: Momentum entry Q=0.373 >= 0.35,81367.82025766002,16.0,308.7200012207031,,,,,,,,638.2048912811242
2025-08-05 00:00:00-04:00,GOOGL,BUY,25,194.4960479736328,4867.263600540161,Strong upward momentum detected. Algorithm confidence: 56%. Good entry point for potential gains.,BUY: Momentum entry Q=0.560 >= 0.35,76500.55665711986,25.0,194.4960479736328,,,,,,,,638.2048912811242
2025-08-06 00:00:00-04:00,TSLA,SELL,16,,,"Exit signal triggered. Closing position with profit ($173.92, 3.5%).",SELL: Swing trade profit 3.6% >= 2.0% (24.0h),81613.99815565502,,,308.7200012207031,319.9100036621094,4939.52001953125,5113.441498535156,173.92147900390592,3.5210198220921614,9.916060791014388,812.1263702850301
2025-08-06 00:00:00-04:00,NVDA,SELL,27,,,"End of trading session - closing all positions ($-20.50, -0.4%).",FORCED EXIT: Held for 48.0 hours (max: 48),86453.49376626598,,,180.0,179.4199981689453,4860.0,4839.495610610962,-20.504389389037897,-0.42190101623534765,908.3337616577137,791.6219808959922
2025-08-06 00:00:00-04:00,GOOGL,SELL,25,,,"AI model detects potential price peak. Taking profits ($30.57, 0.6%).","SELL: ML profit peak ML=0.848, P&L=$35.47",91346.4650072633,,,194.4960479736328,195.91476440429688,4862.40119934082,4892.971240997314,30.57004165649414,0.6287025772500718,97.93263235473569,822.1920225524864
2025-08-06 00:00:00-04:00,SPY,SELL,7,,,"End of trading session - closing all positions ($6.84, 0.2%).",FORCED EXIT: Held for 48.0 hours (max: 48),95771.49575213634,,,631.1699829101562,632.780029296875,4418.189880371094,4425.030744873047,6.840864501953547,0.15483409919401125,-70.6945649414065,829.0328870544399
2025-08-06 00:00:00-04:00,META,SELL,6,,,"End of trading session - closing all positions ($-30.91, -0.7%).",FORCED EXIT: Held for 48.0 hours (max: 48),100398.80375360118,,,776.3699951171875,771.989990234375,4658.219970703125,4627.308001464844,-30.911969238281017,-0.6636004618222242,-147.36697204589836,798.1209178161589
2025-08-07 00:00:00-04:00,TSLA,BUY,15,322.2699890136719,4838.883885040283,Strong upward momentum detected. Algorithm confidence: 36%. Good entry point for potential gains.,BUY: Momentum entry Q=0.365 >= 0.35,95559.9198685609,15.0,322.2699890136719,,,,,,,,798.1209178161589
2025-08-07 00:00:00-04:00,NVDA,BUY,27,180.77000427246094,4885.670905471801,Strong upward momentum detected. Algorithm confidence: 59%. Good entry point for potential gains.,BUY: Momentum entry Q=0.589 >= 0.35,90674.2489630891,27.0,180.77000427246094,,,,,,,,798.1209178161589
2025-08-07 00:00:00-04:00,GOOGL,BUY,25,196.34439086914062,4913.518381500244,Strong upward momentum detected. Algorithm confidence: 61%. Good entry point for potential gains.,BUY: Momentum entry Q=0.614 >= 0.35,85760.73058158887,25.0,196.34439086914062,,,,,,,,798.1209178161589
2025-08-07 00:00:00-04:00,SPY,BUY,7,632.25,4430.175749999999,Strong upward momentum detected. Algorithm confidence: 62%. Good entry point for potential gains.,BUY: Momentum entry Q=0.618 >= 0.35,81330.55483158887,7.0,632.25,,,,,,,,798.1209178161589
2025-08-07 00:00:00-04:00,META,BUY,6,761.8300170898438,4575.551082641601,Strong upward momentum detected. Algorithm confidence: 65%. Good entry point for potential gains.,BUY: Momentum entry Q=0.646 >= 0.35,76755.00374894727,6.0,761.8300170898438,,,,,,,,798.1209178161589
2025-08-08 00:00:00-04:00,TSLA,SELL,15,,,"Exit signal triggered. Closing position with profit ($105.76, 2.2%).",SELL: Swing trade profit 2.3% >= 2.0% (24.0h),81694.80890748609,,,322.2699890136719,329.6499938964844,4834.049835205078,4939.805158538818,105.75532333374031,2.1877168614099274,115.6713841247547,903.8762411498992
2025-08-08 00:00:00-04:00,NVDA,SELL,27,,,"AI model detects potential price peak. Taking profits ($47.18, 1.0%).","SELL: ML profit peak ML=0.544, P&L=$52.11",86622.77592517102,,,180.77000427246094,182.6999969482422,4880.790115356445,4927.967017684937,47.17690232849145,0.9665833033889045,955.5106639862051,951.0531434783907
2025-08-08 00:00:00-04:00,GOOGL,SELL,25,,,"Exit signal triggered. Closing position with profit ($117.36, 2.4%).",SELL: Swing trade profit 2.5% >= 2.0% (24.0h),91648.7450623628,,,196.34439086914062,201.24000549316406,4908.609771728516,5025.9691371917725,117.35936546325684,2.390888070573391,215.29199781799252,1068.4125089416475
2025-08-08 00:00:00-04:00,SPY,SELL,7,,,"AI model detects potential price peak. Taking profits ($30.05, 0.7%).","SELL: ML profit peak ML=0.682, P&L=$34.51",96104.54475114454,,,632.25,637.1799926757812,4425.75,4455.799688781738,30.04968878173804,0.6789739316892739,-40.644876159668456,1098.4621977233855
2025-08-11 00:00:00-04:00,TSLA,BUY,14,339.0299987792969,4751.166402893066,Strong upward momentum detected. Algorithm confidence: 62%. Good entry point for potential gains.,BUY: Momentum entry Q=0.623 >= 0.35,91353.37834825147,14.0,339.0299987792969,,,,,,,,1098.4621977233855
2025-08-11 00:00:00-04:00,NVDA,BUY,27,182.05999755859375,4920.535554016113,Strong upward momentum detected. Algorithm confidence: 37%. Good entry point for potential gains.,BUY: Momentum entry Q=0.374 >= 0.35,86432.84279423536,27.0,182.05999755859375,,,,,,,,1098.4621977233855
2025-08-11 00:00:00-04:00,GOOGL,BUY,24,200.8203887939453,4824.509020385742,Strong upward momentum detected. Algorithm confidence: 57%. Good entry point for potential gains.,BUY: Momentum entry Q=0.573 >= 0.35,81608.33377384962,24.0,200.8203887939453,,,,,,,,1098.4621977233855
2025-08-11 00:00:00-04:00,SPY,BUY,7,635.9199829101562,4455.891320251464,Strong upward momentum detected. Algorithm confidence: 61%. Good entry point for potential gains.,BUY: Momentum entry Q=0.606 >= 0.35,77152.44245359815,7.0,635.9199829101562,,,,,,,,1098.4621977233855
2025-08-11 00:00:00-04:00,META,SELL,6,,,"End of trading session - closing all positions ($19.64, 0.4%).",FORCED EXIT: Held for 96.0 hours (max: 48),81743.06720433057,,,761.8300170898438,765.8699951171875,4570.9801025390625,4590.6247507324215,19.64464819335899,0.42976884065732185,-127.72232385253938,1118.1068459167445
2025-08-12 00:00:00-04:00,TSLA,SELL,14,,,"AI model detects potential price peak. Taking profits ($20.57, 0.4%).","SELL: ML profit peak ML=0.517, P&L=$25.34",86510.0553931123,,,339.0299987792969,340.8399963378906,4746.419982910156,4766.988188781738,20.568205871581995,0.4333414646331208,136.2395899963367,1138.6750517883265
2025-08-12 00:00:00-04:00,NVDA,SELL,27,,,"AI model detects potential price peak. Taking profits ($24.75, 0.5%).","SELL: ML profit peak ML=0.522, P&L=$29.70",91450.43017189037,,,182.05999755859375,183.16000366210938,4915.619934082031,4940.374778778076,24.75484469604453,0.5035955795607574,980.2655086822497,1163.429896484371
2025-08-12 00:00:00-04:00,GOOGL,SELL,24,,,"AI model detects potential price peak. Taking profits ($51.23, 1.1%).","SELL: ML profit peak ML=0.446, P&L=$56.11",96321.35344508373,,,200.8203887939453,203.15829467773438,4819.6893310546875,4870.92327319336,51.23394213867232,1.0630133732594929,266.52593995666484,1214.6638386230434
2025-08-12 00:00:00-04:00,SPY,SELL,7,,,"AI model detects potential price peak. Taking profits ($42.89, 1.0%).","SELL: ML profit peak ML=0.533, P&L=$47.39",100815.68463215648,,,635.9199829101562,642.6900024414062,4451.439880371094,4494.331187072754,42.89130670166014,0.9635378181965812,2.2464305419916855,1257.5551453247035
2025-08-12 00:00:00-04:00,META,BUY,6,790.0,4744.74,Strong upward momentum detected. Algorithm confidence: 60%. Good entry point for potential gains.,BUY: Momentum entry Q=0.599 >= 0.35,96070.94463215648,6.0,790.0,,,,,,,,1257.5551453247035
2025-08-13 00:00:00-04:00,TSLA,BUY,14,339.3800048828125,4756.071388427734,Strong upward momentum detected. Algorithm confidence: 40%. Good entry point for potential gains.,BUY: Momentum entry Q=0.395 >= 0.35,91314.87324372874,14.0,339.3800048828125,,,,,,,,1257.5551453247035
2025-08-13 00:00:00-04:00,NVDA,BUY,27,181.58999633789062,4907.8328310241695,Strong upward momentum detected. Algorithm confidence: 58%. Good entry point for potential gains.,BUY: Momentum entry Q=0.578 >= 0.35,86407.04041270458,27.0,181.58999633789062,,,,,,,,1257.5551453247035
2025-08-13 00:00:00-04:00,GOOGL,BUY,24,201.779541015625,4847.551693359374,Strong upward momentum detected. Algorithm confidence: 48%. Good entry point for potential gains.,BUY: Momentum entry Q=0.484 >= 0.35,81559.4887193452,24.0,201.779541015625,,,,,,,,1257.5551453247035
2025-08-13 00:00:00-04:00,SPY,BUY,7,644.8900146484375,4518.744332641601,Strong upward momentum detected. Algorithm confidence: 56%. Good entry point for potential gains.,BUY: Momentum entry Q=0.562 >= 0.35,77040.7443867036,7.0,644.8900146484375,,,,,,,,1257.5551453247035
2025-08-14 00:00:00-04:00,NVDA,SELL,27,,,"AI model detects potential price peak. Taking profits ($6.70, 0.1%).","SELL: ML profit peak ML=0.386, P&L=$11.61",81950.3699619447,,,181.58999633789062,182.02000427246094,4902.929901123047,4909.625575241089,6.695674118042007,0.13656475317969202,986.9611828002917,1264.2508194427455
2025-08-14 00:00:00-04:00,GOOGL,SELL,24,,,"AI model detects potential price peak. Taking profits ($18.63, 0.4%).","SELL: ML profit peak ML=0.472, P&L=$23.50",86811.71139590465,,,201.779541015625,202.75865173339844,4842.708984375,4861.341433959961,18.63244958496125,0.38475261769969754,285.1583895416261,1282.8832690277068
2025-08-14 00:00:00-04:00,SPY,SELL,7,,,"AI model detects potential price peak. Taking profits ($-4.09, -0.1%).","SELL: ML profit peak ML=0.470, P&L=$0.42",91321.84683126843,,,644.8900146484375,644.9500122070312,4514.2301025390625,4510.13543536377,-4.09466717529267,-0.0907057700268667,-1.848236633300985,1278.788601852414
2025-08-14 00:00:00-04:00,META,SELL,6,,,"End of trading session - closing all positions ($-51.91, -1.1%).",FORCED EXIT: Held for 48.0 hours (max: 48),96009.93408053601,,,790.0,782.1300048828125,4740.0,4688.087249267578,-51.912750732421955,-1.0952057116544716,-179.63507458496133,1226.8758511199921
2025-08-15 00:00:00-04:00,TSLA,SELL,14,,,"End of trading session - closing all positions ($-128.11, -2.7%).",FORCED EXIT: Held for 48.0 hours (max: 48),100633.1462063905,,,339.3800048828125,330.55999755859375,4751.320068359375,4623.212125854492,-128.10794250488289,-2.6962600006258555,8.131647491453805,1098.7679086151093
2025-08-15 00:00:00-04:00,NVDA,BUY,27,180.4499969482422,4877.022067520141,Strong upward momentum detected. Algorithm confidence: 57%. Good entry point for potential gains.,BUY: Momentum entry Q=0.568 >= 0.35,95756.12413887036,27.0,180.4499969482422,,,,,,,,1098.7679086151093
2025-08-15 00:00:00-04:00,GOOGL,BUY,24,203.71778869628906,4894.116155639648,Strong upward momentum detected. Algorithm confidence: 62%. Good entry point for potential gains.,BUY: Momentum entry Q=0.615 >= 0.35,90862.00798323071,24.0,203.71778869628906,,,,,,,,1098.7679086151093
2025-08-15 00:00:00-04:00,SPY,BUY,7,643.4400024414062,4508.584097106933,Strong upward momentum detected. Algorithm confidence: 56%. Good entry point for potential gains.,BUY: Momentum entry Q=0.564 >= 0.35,86353.42388612378,7.0,643.4400024414062,,,,,,,,1098.7679086151093
2025-08-15 00:00:00-04:00,META,BUY,6,785.22998046875,4716.091262695312,Strong upward momentum detected. Algorithm confidence: 54%. Good entry point for potential gains.,BUY: Momentum entry Q=0.539 >= 0.35,81637.33262342848,6.0,785.22998046875,,,,,,,,1098.7679086151093
2025-08-18 00:00:00-04:00,TSLA,BUY,14,335.1600036621094,4696.932291320801,Strong upward momentum detected. Algorithm confidence: 59%. Good entry point for potential gains.,BUY: Momentum entry Q=0.586 >= 0.35,76940.40033210767,14.0,335.1600036621094,,,,,,,,1098.7679086151093
2025-08-18 00:00:00-04:00,NVDA,SELL,27,,,"End of trading session - closing all positions ($37.21, 0.8%).",FORCED EXIT: Held for 72.0 hours (max: 48),81849.75591394056,,,180.4499969482422,182.00999450683594,4872.149917602539,4909.355581832886,37.20566423034688,0.7636395607599621,1024.1668470306386,1135.9735728454561
2025-08-18 00:00:00-04:00,GOOGL,SELL,24,,,"End of trading session - closing all positions ($-14.47, -0.3%).",FORCED EXIT: Held for 72.0 hours (max: 48),86724.51214233412,,,203.71778869628906,203.3181610107422,4889.2269287109375,4874.756228393555,-14.47070031738258,-0.29597113262234753,270.6876892242435,1121.5028725280736
2025-08-18 00:00:00-04:00,SPY,SELL,7,,,"End of trading session - closing all positions ($-5.48, -0.1%).",FORCED EXIT: Held for 72.0 hours (max: 48),91223.10895697035,,,643.4400024414062,643.2999877929688,4504.080017089844,4498.59681463623,-5.483202453613558,-0.1217385666508727,-7.331439086914543,1116.01967007446
2025-08-18 00:00:00-04:00,META,SELL,6,,,"End of trading session - closing all positions ($-111.76, -2.4%).",FORCED EXIT: Held for 72.0 hours (max: 48),95822.72470770277,,,785.22998046875,767.3699951171875,4711.3798828125,4599.6157507324215,-111.76413208007853,-2.3722165238214656,-291.39920666503986,1004.2555379943815
2025-08-19 00:00:00-04:00,NVDA,BUY,28,175.63999938964844,4922.837902893066,Strong upward momentum detected. Algorithm confidence: 58%. Good entry point for potential gains.,BUY: Momentum entry Q=0.579 >= 0.35,90899.8868048097,28.0,175.63999938964844,,,,,,,,1004.2555379943815
2025-08-19 00:00:00-04:00,GOOGL,BUY,24,201.389892578125,4838.190779296874,Strong upward momentum detected. Algorithm confidence: 67%. Good entry point for potential gains.,BUY: Momentum entry Q=0.673 >= 0.35,86061.69602551284,24.0,201.389892578125,,,,,,,,1004.2555379943815
2025-08-19 00:00:00-04:00,SPY,BUY,7,639.8099975585938,4483.148652893066,Strong upward momentum detected. Algorithm confidence: 59%. Good entry point for potential gains.,BUY: Momentum entry Q=0.591 >= 0.35,81578.54737261977,7.0,639.8099975585938,,,,,,,,1004.2555379943815
2025-08-19 00:00:00-04:00,META,BUY,6,751.47998046875,4513.388762695312,Strong upward momentum detected. Algorithm confidence: 63%. Good entry point for potential gains.,BUY: Momentum entry Q=0.628 >= 0.35,77065.15860992446,6.0,751.47998046875,,,,,,,,1004.2555379943815
2025-08-20 00:00:00-04:00,TSLA,SELL,14,,,"End of trading session - closing all positions ($-162.17, -3.5%).",FORCED EXIT: Held for 48.0 hours (max: 48),81595.22392456069,,,335.1600036621094,323.8999938964844,4692.240051269531,4530.06531463623,-162.1747366333011,-3.456232734500085,-154.0430891418473,842.0808013610804
2025-08-21 00:00:00-04:00,TSLA,BUY,15,320.1099853515625,4806.45143005371,Strong upward momentum detected. Algorithm confidence: 58%. Good entry point for potential gains.,BUY: Momentum entry Q=0.579 >= 0.35,76788.77249450698,15.0,320.1099853515625,,,,,,,,842.0808013610804
2025-08-21 00:00:00-04:00,NVDA,SELL,28,,,"End of trading session - closing all positions ($-23.38, -0.5%).",FORCED EXIT: Held for 48.0 hours (max: 48),81683.3129349977,,,175.63999938964844,174.97999572753906,4917.919982910156,4894.540440490723,-23.379542419433164,-0.47539493323757637,1000.7873046112054,818.7012589416472
2025-08-21 00:00:00-04:00,GOOGL,SELL,24,,,"End of trading session - closing all positions ($-48.43, -1.0%).",FORCED EXIT: Held for 48.0 hours (max: 48),86468.23928338637,,,201.389892578125,199.57150268554688,4833.357421875,4784.926348388672,-48.43107348632839,-1.0020172161722847,222.25661573791513,770.2701854553188
2025-08-21 00:00:00-04:00,SPY,SELL,7,,,"End of trading session - closing all positions ($-34.27, -0.8%).",FORCED EXIT: Held for 48.0 hours (max: 48),90912.6403480226,,,639.8099975585938,635.5499877929688,4478.669982910156,4444.40106463623,-34.26891827392592,-0.765158370781734,-41.60035736084046,736.0012671813929
2025-08-21 00:00:00-04:00,META,SELL,6,,,"End of trading session - closing all positions ($-78.71, -1.7%).",FORCED EXIT: Held for 48.0 hours (max: 48),95342.80560168471,,,751.47998046875,739.0999755859375,4508.8798828125,4430.1652536621095,-78.71462915039046,-1.745769042338975,-370.1138358154303,657.2866380310024
2025-08-22 00:00:00-04:00,TSLA,SELL,15,,,"Exit signal triggered. Closing position with profit ($293.40, 6.1%).",SELL: Swing trade profit 6.2% >= 2.0% (24.0h),100437.85559802261,,,320.1099853515625,340.010009765625,4801.6497802734375,5095.049996337891,293.40021606445316,6.110404329566598,139.35712692260586,950.6868540954556
2025-08-22 00:00:00-04:00,NVDA,BUY,28,177.99000549316406,4988.703873962402,Strong upward momentum detected. Algorithm confidence: 61%. Good entry point for potential gains.,BUY: Momentum entry Q=0.607 >= 0.35,95449.15172406021,28.0,177.99000549316406,,,,,,,,950.6868540954556
2025-08-22 00:00:00-04:00,GOOGL,BUY,24,205.9058380126953,4946.681852416991,Strong upward momentum detected. Algorithm confidence: 45%. Good entry point for potential gains.,BUY: Momentum entry Q=0.454 >= 0.35,90502.46987164322,24.0,205.9058380126953,,,,,,,,950.6868540954556
2025-08-22 00:00:00-04:00,SPY,BUY,7,645.3099975585938,4521.687152893066,Strong upward momentum detected. Algorithm confidence: 63%. Good entry point for potential gains.,BUY: Momentum entry Q=0.629 >= 0.35,85980.78271875015,7.0,645.3099975585938,,,,,,,,950.6868540954556
2025-08-22 00:00:00-04:00,META,BUY,6,754.7899780273438,4533.268608032226,Strong upward momentum detected. Algorithm confidence: 52%. Good entry point for potential gains.,BUY: Momentum entry Q=0.525 >= 0.35,81447.51411071792,6.0,754.7899780273438,,,,,,,,950.6868540954556
2025-08-25 00:00:00-04:00,TSLA,BUY,14,346.6000061035156,4857.252485534667,Strong upward momentum detected. Algorithm confidence: 45%. Good entry point for potential gains.,BUY: Momentum entry Q=0.448 >= 0.35,76590.26162518325,14.0,346.6000061035156,,,,,,,,950.6868540954556
2025-08-25 00:00:00-04:00,NVDA,SELL,28,,,"End of trading session - closing all positions ($45.93, 0.9%).",FORCED EXIT: Held for 72.0 hours (max: 48),81619.90687689223,,,177.99000549316406,179.80999755859375,4983.720153808594,5029.645251708985,45.92509790039094,0.9215023412840438,1046.7124025115963,996.6119519958465
2025-08-25 00:00:00-04:00,GOOGL,SELL,24,,,"End of trading session - closing all positions ($52.55, 1.1%).",FORCED EXIT: Held for 72.0 hours (max: 48),86614.196284485,,,205.9058380126953,208.30369567871094,4941.7401123046875,4994.289407592773,52.54929528808589,1.0633763430262297,274.805911026001,1049.1612472839324
2025-08-25 00:00:00-04:00,SPY,SELL,7,,,"End of trading session - closing all positions ($-24.38, -0.5%).",FORCED EXIT: Held for 72.0 hours (max: 48),91106.98878961196,,,645.3099975585938,642.469970703125,4517.169982910156,4492.792505126953,-24.377477783203176,-0.5396626178654041,-65.97783514404364,1024.7837695007292
2025-08-25 00:00:00-04:00,META,SELL,6,,,"End of trading session - closing all positions ($-13.46, -0.3%).",FORCED EXIT: Held for 72.0 hours (max: 48),95622.26891644302,,,754.7899780273438,753.2999877929688,4528.7398681640625,4515.280126831055,-13.459741333007514,-0.2972072082926691,-383.57357714843783,1011.3240281677217
2025-08-26 00:00:00-04:00,TSLA,SELL,14,,,"AI model detects potential price peak. Taking profits ($66.06, 1.4%).","SELL: ML profit peak ML=0.526, P&L=$70.98",100540.72572424331,,,346.6000061035156,351.6700134277344,4852.400085449219,4918.456807800293,66.05672235107431,1.3613206081080802,205.41384927368017,1077.380750518796
2025-08-26 00:00:00-04:00,NVDA,BUY,27,181.77000427246094,4912.697905471801,Strong upward momentum detected. Algorithm confidence: 62%. Good entry point for potential gains.,BUY: Momentum entry Q=0.618 >= 0.35,95628.02781877152,27.0,181.77000427246094,,,,,,,,1077.380750518796
2025-08-26 00:00:00-04:00,GOOGL,BUY,24,206.95489501953125,4971.8843979492185,Strong upward momentum detected. Algorithm confidence: 42%. Good entry point for potential gains.,BUY: Momentum entry Q=0.417 >= 0.35,90656.14342082229,24.0,206.95489501953125,,,,,,,,1077.380750518796
2025-08-26 00:00:00-04:00,SPY,BUY,7,645.1599731445312,4520.63593182373,Strong upward momentum detected. Algorithm confidence: 62%. Good entry point for potential gains.,BUY: Momentum entry Q=0.622 >= 0.35,86135.50748899856,7.0,645.1599731445312,,,,,,,,1077.380750518796
2025-08-26 00:00:00-04:00,META,BUY,6,754.0999755859375,4529.12445336914,Strong upward momentum detected. Algorithm confidence: 56%. Good entry point for potential gains.,BUY: Momentum entry Q=0.560 >= 0.35,81606.38303562942,6.0,754.0999755859375,,,,,,,,1077.380750518796
2025-08-27 00:00:00-04:00,TSLA,BUY,14,349.6000061035156,4899.294485534668,Strong upward momentum detected. Algorithm confidence: 57%. Good entry point for potential gains.,BUY: Momentum entry Q=0.569 >= 0.35,76707.08855009475,14.0,349.6000061035156,,,,,,,,1077.380750518796
2025-08-27 00:00:00-04:00,GOOGL,SELL,24,,,"AI model detects potential price peak. Taking profits ($3.18, 0.1%).","SELL: ML profit peak ML=0.553, P&L=$8.15",81677.18354838576,,,206.95489501953125,207.29458618164062,4966.91748046875,4970.094998291016,3.1775178222660543,0.06397363827285042,277.98342884826707,1080.558268341062
2025-08-27 00:00:00-04:00,SPY,SELL,7,,,"AI model detects potential price peak. Taking profits ($5.76, 0.1%).","SELL: ML profit peak ML=0.627, P&L=$10.29",86199.06717253127,,,645.1599731445312,646.6300048828125,4516.119812011719,4521.883624145507,5.763812133788633,0.12762752924442733,-60.214023010255005,1086.3220804748507
2025-08-28 00:00:00-04:00,NVDA,SELL,27,,,"End of trading session - closing all positions ($-48.06, -1.0%).",FORCED EXIT: Held for 48.0 hours (max: 48),91058.79253314223,,,181.77000427246094,180.1699981689453,4907.790115356445,4859.725360610962,-48.0647547454837,-0.9793563623491024,998.6476477661126,1038.257325729367
2025-08-28 00:00:00-04:00,GOOGL,BUY,23,211.4508819580078,4868.2336553192135,Strong upward momentum detected. Algorithm confidence: 51%. Good entry point for potential gains.,BUY: Momentum entry Q=0.507 >= 0.35,86190.55887782302,23.0,211.4508819580078,,,,,,,,1038.257325729367
2025-08-28 00:00:00-04:00,SPY,BUY,7,648.9199829101562,4546.982320251464,Strong upward momentum detected. Algorithm confidence: 66%. Good entry point for potential gains.,BUY: Momentum entry Q=0.658 >= 0.35,81643.57655757155,7.0,648.9199829101562,,,,,,,,1038.257325729367
2025-08-28 00:00:00-04:00,META,SELL,6,,,"End of trading session - closing all positions ($-22.45, -0.5%).",FORCED EXIT: Held for 48.0 hours (max: 48),86145.72980976882,,,754.0999755859375,751.1099853515625,4524.599853515625,4502.153252197266,-22.44660131835917,-0.49610135802214883,-406.020178466797,1015.8107244110079
2025-08-29 00:00:00-04:00,TSLA,SELL,14,,,"End of trading session - closing all positions ($-224.89, -4.6%).",FORCED EXIT: Held for 48.0 hours (max: 48),90815.2355614778,,,349.6000061035156,333.8699951171875,4894.400085449219,4669.5057517089845,-224.8943337402343,-4.594931550627272,-19.480484466554117,790.9163906707736
2025-08-29 00:00:00-04:00,NVDA,BUY,28,174.17999267578125,4881.916834716796,Strong upward momentum detected. Algorithm confidence: 68%. Good entry point for potential gains.,BUY: Momentum entry Q=0.682 >= 0.35,85933.318726761,28.0,174.17999267578125,,,,,,,,790.9163906707736
2025-08-29 00:00:00-04:00,GOOGL,SELL,23,,,"AI model detects potential price peak. Taking profits ($24.29, 0.5%).","SELL: ML profit peak ML=0.507, P&L=$29.18",90820.98023458876,,,211.4508819580078,212.71974182128906,4863.37028503418,4887.661507827759,24.291222793579436,0.49947302734339744,302.2746516418465,815.207613464353
2025-08-29 00:00:00-04:00,META,BUY,6,738.7000122070312,4436.632273315429,Strong upward momentum detected. Algorithm confidence: 54%. Good entry point for potential gains.,BUY: Momentum entry Q=0.535 >= 0.35,86384.34796127334,6.0,738.7000122070312,,,,,,,,815.207613464353
2025-09-02 00:00:00-04:00,TSLA,BUY,15,329.3599853515625,4945.34018005371,Strong upward momentum detected. Algorithm confidence: 62%. Good entry point for potential gains.,BUY: Momentum entry Q=0.624 >= 0.35,81439.00778121963,15.0,329.3599853515625,,,,,,,,815.207613464353
2025-09-02 00:00:00-04:00,NVDA,SELL,28,,,"End of trading session - closing all positions ($-99.98, -2.1%).",FORCED EXIT: Held for 96.0 hours (max: 48),86216.06590707412,,,174.17999267578125,170.77999877929688,4877.039794921875,4777.058125854493,-99.98166906738243,-2.0500482520459733,898.6659786987302,715.2259443969706
2025-09-02 00:00:00-04:00,GOOGL,BUY,23,211.16114807128906,4861.563112045287,Strong upward momentum detected. Algorithm confidence: 66%. Good entry point for potential gains.,BUY: Momentum entry Q=0.657 >= 0.35,81354.50279502883,23.0,211.16114807128906,,,,,,,,715.2259443969706
2025-09-02 00:00:00-04:00,SPY,SELL,7,,,"End of trading session - closing all positions ($-65.03, -1.4%).",FORCED EXIT: Held for 120.0 hours (max: 48),85831.91104161086,,,648.9199829101562,640.27001953125,4542.439880371094,4477.408246582031,-65.03163378906265,-1.4316454482992498,-125.24565679931766,650.1943106079079
2025-09-02 00:00:00-04:00,META,SELL,6,,,"End of trading session - closing all positions ($-25.95, -0.6%).",FORCED EXIT: Held for 96.0 hours (max: 48),90238.16029380812,,,738.7000122070312,735.1099853515625,4432.2000732421875,4406.249252197265,-25.950821044922122,-0.5855065343640704,-431.9709995117191,624.2434895629858
2025-09-03 00:00:00-04:00,TSLA,SELL,15,,,"AI model detects potential price peak. Taking profits ($65.94, 1.3%).","SELL: ML profit peak ML=0.626, P&L=$70.95",95244.49888893141,,,329.3599853515625,334.0899963378906,4940.3997802734375,5006.338595123291,65.93881484985377,1.3346858105115582,46.45833038329965,690.1823044128396
2025-09-03 00:00:00-04:00,NVDA,BUY,29,170.6199951171875,4952.9278382568355,Strong upward momentum detected. Algorithm confidence: 64%. Good entry point for potential gains.,BUY: Momentum entry Q=0.643 >= 0.35,90291.57105067458,29.0,170.6199951171875,,,,,,,,690.1823044128396
2025-09-03 00:00:00-04:00,GOOGL,SELL,23,,,"Exit signal triggered. Closing position with profit ($438.43, 9.0%).",SELL: Swing trade profit 9.1% >= 2.0% (24.0h),95586.7100338594,,,211.16114807128906,230.45388793945312,4856.706405639648,5295.138983184815,438.43257754516617,9.027364244955276,740.7072291870127,1128.6148819580058
2025-09-03 00:00:00-04:00,SPY,BUY,7,643.739990234375,4510.686111572265,Strong upward momentum detected. Algorithm confidence: 57%. Good entry point for potential gains.,BUY: Momentum entry Q=0.566 >= 0.35,91076.02392228713,7.0,643.739990234375,,,,,,,,1128.6148819580058
2025-09-03 00:00:00-04:00,META,BUY,6,737.0499877929688,4426.72222668457,Strong upward momentum detected. Algorithm confidence: 82%. Good entry point for potential gains.,BUY: Momentum entry Q=0.820 >= 0.35,86649.30169560257,6.0,737.0499877929688,,,,,,,,1128.6148819580058
2025-09-04 00:00:00-04:00,TSLA,BUY,14,338.5299987792969,4744.159402893066,Strong upward momentum detected. Algorithm confidence: 63%. Good entry point for potential gains.,BUY: Momentum entry Q=0.630 >= 0.35,81905.1422927095,14.0,338.5299987792969,,,,,,,,1128.6148819580058
2025-09-04 00:00:00-04:00,NVDA,SELL,29,,,"AI model detects potential price peak. Taking profits ($25.18, 0.5%).","SELL: ML profit peak ML=0.963, P&L=$30.16",86878.30425880446,,,170.6199951171875,171.66000366210938,4947.9798583984375,4973.161966094971,25.18210769653342,0.5089371504572852,923.8480863952636,1153.7969896545392
2025-09-04 00:00:00-04:00,GOOGL,BUY,21,232.09242248535156,4878.814813064575,Strong upward momentum detected. Algorithm confidence: 42%. Good entry point for potential gains.,BUY: Momentum entry Q=0.420 >= 0.35,81999.48944573989,21.0,232.09242248535156,,,,,,,,1153.7969896545392
2025-09-04 00:00:00-04:00,SPY,SELL,7,,,"AI model detects potential price peak. Taking profits ($33.12, 0.7%).","SELL: ML profit peak ML=0.493, P&L=$37.66",86538.78557159439,,,643.739990234375,649.1199951171875,4506.179931640625,4539.296125854492,33.11619421386695,0.7349061670027431,-92.12946258545071,1186.9131838684061
2025-09-04 00:00:00-04:00,META,SELL,6,,,"AI model detects potential price peak. Taking profits ($65.11, 1.5%).","SELL: ML profit peak ML=0.821, P&L=$69.60",91026.19381793228,,,737.0499877929688,748.6500244140625,4422.2999267578125,4487.408246337891,65.10831958007839,1.472272814110377,-366.86267993164074,1252.0215034484845
2025-09-05 00:00:00-04:00,TSLA,SELL,14,,,"Exit signal triggered. Closing position with profit ($167.43, 3.5%).",SELL: Swing trade profit 3.6% >= 2.0% (24.0h),95933.04200671401,,,338.5299987792969,350.8399963378906,4739.419982910156,4906.848188781738,167.42820587158167,3.53267291093235,213.88653625488132,1419.4497093200662
2025-09-05 00:00:00-04:00,NVDA,BUY,29,167.02000427246094,4848.423704025268,Strong upward momentum detected. Algorithm confidence: 64%. Good entry point for potential gains.,BUY: Momentum entry Q=0.641 >= 0.35,91084.61830268874,29.0,167.02000427246094,,,,,,,,1419.4497093200662
2025-09-05 00:00:00-04:00,GOOGL,SELL,21,,,"AI model detects potential price peak. Taking profits ($51.72, 1.1%).","SELL: ML profit peak ML=0.718, P&L=$56.65",96010.27789195266,,,232.09242248535156,234.79000854492188,4873.940872192383,4925.659589263916,51.71871707153332,1.0611272977603716,792.425946258546,1471.1684263915995
2025-09-05 00:00:00-04:00,SPY,BUY,7,647.239990234375,4535.210611572265,Strong upward momentum detected. Algorithm confidence: 62%. Good entry point for potential gains.,BUY: Momentum entry Q=0.625 >= 0.35,91475.06728038039,7.0,647.239990234375,,,,,,,,1471.1684263915995
2025-09-05 00:00:00-04:00,META,BUY,6,752.4500122070312,4519.214773315429,Strong upward momentum detected. Algorithm confidence: 57%. Good entry point for potential gains.,BUY: Momentum entry Q=0.574 >= 0.35,86955.85250706496,6.0,752.4500122070312,,,,,,,,1471.1684263915995
2025-09-08 00:00:00-04:00,TSLA,BUY,14,346.3999938964844,4854.449514465331,Strong upward momentum detected. Algorithm confidence: 55%. Good entry point for potential gains.,BUY: Momentum entry Q=0.545 >= 0.35,82101.40299259963,14.0,346.3999938964844,,,,,,,,1471.1684263915995
2025-09-08 00:00:00-04:00,NVDA,SELL,29,,,"End of trading session - closing all positions ($32.53, 0.7%).",FORCED EXIT: Held for 72.0 hours (max: 48),86977.51193186965,,,167.02000427246094,168.30999755859375,4843.580123901367,4876.10893927002,32.52881536865243,0.6715861931989965,956.3769017639161,1503.697241760252
2025-09-08 00:00:00-04:00,GOOGL,BUY,21,234.0399932861328,4919.754698867798,Strong upward momentum detected. Algorithm confidence: 47%. Good entry point for potential gains.,BUY: Momentum entry Q=0.474 >= 0.35,82057.75723300186,21.0,234.0399932861328,,,,,,,,1503.697241760252
2025-09-08 00:00:00-04:00,SPY,SELL,7,,,"End of trading session - closing all positions ($6.59, 0.1%).",FORCED EXIT: Held for 72.0 hours (max: 48),86595.02554251114,,,647.239990234375,648.8300170898438,4530.679931640625,4537.268309509277,6.58837786865206,0.14541697864466696,-85.54108471679865,1510.285619628904
2025-09-08 00:00:00-04:00,META,SELL,6,,,"End of trading session - closing all positions ($-5.41, -0.1%).",FORCED EXIT: Held for 72.0 hours (max: 48),91104.31166934219,,,752.4500122070312,752.2999877929688,4514.7000732421875,4509.286126831054,-5.413946411133111,-0.11991818555612574,-372.27662634277385,1504.8716732177709
