date,symbol,action,shares,price,cost,reason,technical_reason,cash_after,total_position,avg_price,buy_price,sell_price,cost_basis,proceeds,pnl,pnl_pct,cumulative_pnl,running_total_pnl
2025-06-11 00:00:00-04:00,AAPL,BUY,25,198.55465698242188,4968.830290985107,Strong upward momentum detected. Algorithm confidence: 37%. Good entry point for potential gains.,BUY: Momentum entry Q=0.367 >= 0.35,45031.169709014895,25.0,198.55465698242188,,,,,,,,0.0
2025-06-11 00:00:00-04:00,MSFT,BUY,10,471.8443298339844,4723.161741638183,Strong upward momentum detected. Algorithm confidence: 48%. Good entry point for potential gains.,BUY: Momentum entry Q=0.481 >= 0.35,40308.00796737671,10.0,471.8443298339844,,,,,,,,0.0
2025-06-11 00:00:00-04:00,GOOGL,BUY,28,177.1915283203125,4966.324155761718,Strong upward momentum detected. Algorithm confidence: 42%. Good entry point for potential gains.,BUY: Momentum entry Q=0.415 >= 0.35,35341.68381161499,28.0,177.1915283203125,,,,,,,,0.0
2025-06-11 00:00:00-04:00,TSLA,BUY,15,326.42999267578125,4901.346340026855,Strong upward momentum detected. Algorithm confidence: 39%. Good entry point for potential gains.,BUY: Momentum entry Q=0.390 >= 0.35,30440.337471588133,15.0,326.42999267578125,,,,,,,,0.0
2025-06-11 00:00:00-04:00,NVDA,BUY,35,142.8300018310547,5004.049114151,Strong upward momentum detected. Algorithm confidence: 46%. Good entry point for potential gains.,BUY: Momentum entry Q=0.456 >= 0.35,25436.288357437134,35.0,142.8300018310547,,,,,,,,0.0
2025-06-12 00:00:00-04:00,AAPL,SELL,25,,,"AI model detects potential price peak. Taking profits ($5.51, 0.1%).","SELL: ML profit peak ML=0.504, P&L=$10.49",30405.668556106568,,,198.55465698242188,198.97418212890625,4963.866424560547,4969.380198669433,5.513774108886537,0.11107821277391995,5.513774108886537,5.513774108886537
2025-06-12 00:00:00-04:00,MSFT,SELL,10,,,"AI model detects potential price peak. Taking profits ($57.62, 1.2%).","SELL: ML profit peak ML=0.613, P&L=$62.40",35181.72847462464,,,471.8443298339844,478.0840759277344,4718.443298339844,4776.059918518066,57.61662017822255,1.2210938340298507,57.61662017822255,63.130394287109084
2025-06-12 00:00:00-04:00,GOOGL,SELL,28,,,"Algorithm confidence dropped. Exiting position to preserve capital ($-51.07, -1.0%).",SELL: Conviction lost Q=0.263 <= 0.3,40092.01725013733,,,177.1915283203125,175.54299926757812,4961.36279296875,4910.288775512695,-51.07401745605512,-1.0294352496946462,-51.07401745605512,12.056376831053967
2025-06-12 00:00:00-04:00,TSLA,SELL,15,,,"Stop loss triggered to limit losses. Protecting capital ($-114.59, -2.3%).",SELL: Stop loss 2.2% >= 2.0%,44873.88038063049,,,326.42999267578125,319.1099853515625,4896.449890136719,4781.863130493164,-114.58675964355461,-2.3402008029199934,-114.58675964355461,-102.53038281250065
2025-06-12 00:00:00-04:00,NVDA,SELL,35,,,"AI model detects potential price peak. Taking profits ($70.87, 1.4%).","SELL: ML profit peak ML=0.506, P&L=$75.95",49943.805380630496,,,142.8300018310547,145.0,4999.050064086914,5069.925,70.87493591308612,1.4177680760240907,70.87493591308612,-31.655446899414528
2025-06-13 00:00:00-04:00,MSFT,BUY,10,474.18048095703125,4746.546614379882,Strong upward momentum detected. Algorithm confidence: 62%. Good entry point for potential gains.,BUY: Momentum entry Q=0.622 >= 0.35,45197.25876625061,10.0,474.18048095703125,,,,,,,,-31.655446899414528
2025-06-13 00:00:00-04:00,TSLA,BUY,15,325.30999755859375,4884.529613342284,Strong upward momentum detected. Algorithm confidence: 41%. Good entry point for potential gains.,BUY: Momentum entry Q=0.410 >= 0.35,40312.72915290833,15.0,325.30999755859375,,,,,,,,-31.655446899414528
2025-06-13 00:00:00-04:00,NVDA,BUY,35,141.97000122070312,4973.918992767333,Strong upward momentum detected. Algorithm confidence: 55%. Good entry point for potential gains.,BUY: Momentum entry Q=0.545 >= 0.35,35338.810160140994,35.0,141.97000122070312,,,,,,,,-31.655446899414528
2025-06-16 00:00:00-04:00,AAPL,BUY,25,198.195068359375,4959.831585693359,Strong upward momentum detected. Algorithm confidence: 38%. Good entry point for potential gains.,BUY: Momentum entry Q=0.378 >= 0.35,30378.978574447636,25.0,198.195068359375,,,,,,,,-31.655446899414528
2025-06-16 00:00:00-04:00,MSFT,SELL,10,,,"End of trading session - closing all positions ($36.95, 0.8%).",FORCED EXIT: Held for 72.0 hours (max: 48),35157.73141502381,,,474.18048095703125,478.3536376953125,4741.8048095703125,4778.752840576172,36.948031005859775,0.7791976365473359,94.56465118408232,5.292584106445247
2025-06-16 00:00:00-04:00,GOOGL,BUY,28,176.61204528808594,4950.082405334472,Strong upward momentum detected. Algorithm confidence: 43%. Good entry point for potential gains.,BUY: Momentum entry Q=0.434 >= 0.35,30207.649009689336,28.0,176.61204528808594,,,,,,,,5.292584106445247
2025-06-16 00:00:00-04:00,TSLA,SELL,15,,,"End of trading session - closing all positions ($52.36, 1.1%).",FORCED EXIT: Held for 72.0 hours (max: 48),35139.662132858284,,,325.30999755859375,329.1300048828125,4879.649963378906,4932.013123168946,52.36315979003939,1.0730925411252368,-62.223599853515225,57.65574389648464
2025-06-16 00:00:00-04:00,NVDA,SELL,35,,,"End of trading session - closing all positions ($90.14, 1.8%).",FORCED EXIT: Held for 72.0 hours (max: 48),40198.748068222056,,,141.97000122070312,144.69000244140625,4968.950042724609,5059.08593536377,90.13589263916037,1.813982669661465,161.0108285522465,147.791636535645
2025-06-17 00:00:00-04:00,AAPL,SELL,25,,,"Algorithm confidence dropped. Exiting position to preserve capital ($-74.31, -1.5%).",SELL: Conviction lost Q=0.298 <= 0.3,45079.31793516542,,,198.195068359375,195.418212890625,4954.876708984375,4880.56986694336,-74.30684204101544,-1.4996708577284958,-68.7930679321289,73.48479449462957
2025-06-17 00:00:00-04:00,MSFT,BUY,10,477.25543212890625,4777.326875610351,Strong upward momentum detected. Algorithm confidence: 58%. Good entry point for potential gains.,BUY: Momentum entry Q=0.577 >= 0.35,40301.99105955507,10.0,477.25543212890625,,,,,,,,73.48479449462957
2025-06-17 00:00:00-04:00,NVDA,BUY,34,144.1199951171875,4904.979913818359,Strong upward momentum detected. Algorithm confidence: 51%. Good entry point for potential gains.,BUY: Momentum entry Q=0.507 >= 0.35,35397.01114573671,34.0,144.1199951171875,,,,,,,,73.48479449462957
2025-06-18 00:00:00-04:00,MSFT,SELL,10,,,"AI model detects potential price peak. Taking profits ($17.17, 0.4%).","SELL: ML profit peak ML=0.682, P&L=$21.96",40186.734755050675,,,477.25543212890625,479.4518127441406,4772.5543212890625,4789.7236093139645,17.169288024902016,0.3597504998175612,111.73393920898434,90.65408251953158
2025-06-18 00:00:00-04:00,GOOGL,SELL,28,,,"End of trading session - closing all positions ($-101.36, -2.0%).",FORCED EXIT: Held for 48.0 hours (max: 48),45030.50978862001,,,176.61204528808594,173.16513061523438,4945.137268066406,4843.775033569336,-101.36223449706995,-2.0497355078821404,-152.43625195312507,-10.708151977538364
2025-06-18 00:00:00-04:00,NVDA,SELL,34,,,"AI model detects potential price peak. Taking profits ($41.29, 0.8%).","SELL: ML profit peak ML=0.658, P&L=$46.24",49971.8833235016,,,144.1199951171875,145.47999572753906,4900.079833984375,4941.373534881592,41.293700897216695,0.842714859680965,202.3045294494632,30.58554891967833
2025-06-20 00:00:00-04:00,AAPL,BUY,24,200.7721405029297,4823.349903442382,Strong upward momentum detected. Algorithm confidence: 38%. Good entry point for potential gains.,BUY: Momentum entry Q=0.378 >= 0.35,45148.53342005922,24.0,200.7721405029297,,,,,,,,30.58554891967833
2025-06-20 00:00:00-04:00,MSFT,BUY,10,476.6164855957031,4770.931020812988,Strong upward momentum detected. Algorithm confidence: 55%. Good entry point for potential gains.,BUY: Momentum entry Q=0.549 >= 0.35,40377.60239924623,10.0,476.6164855957031,,,,,,,,30.58554891967833
2025-06-20 00:00:00-04:00,GOOGL,BUY,30,166.4910888671875,4999.72739868164,Strong upward momentum detected. Algorithm confidence: 48%. Good entry point for potential gains.,BUY: Momentum entry Q=0.481 >= 0.35,35377.875000564585,30.0,166.4910888671875,,,,,,,,30.58554891967833
2025-06-20 00:00:00-04:00,NVDA,BUY,34,143.85000610351562,4895.79110772705,Strong upward momentum detected. Algorithm confidence: 62%. Good entry point for potential gains.,BUY: Momentum entry Q=0.624 >= 0.35,30482.083892837534,34.0,143.85000610351562,,,,,,,,30.58554891967833
2025-06-23 00:00:00-04:00,AAPL,SELL,24,,,"End of trading session - closing all positions ($7.16, 0.1%).",FORCED EXIT: Held for 72.0 hours (max: 48),35307.77119728089,,,200.7721405029297,201.27157592773438,4818.5313720703125,4825.68730444336,7.155932373047108,0.1485085770018037,-61.6371355590818,37.74148129272544
2025-06-23 00:00:00-04:00,MSFT,SELL,10,,,"End of trading session - closing all positions ($81.01, 1.7%).",FORCED EXIT: Held for 72.0 hours (max: 48),40154.94279426575,,,476.6164855957031,485.2023620605469,4766.164855957031,4847.171596984863,81.0067410278316,1.6996210470266182,192.74068023681593,118.74822232055703
2025-06-23 00:00:00-04:00,GOOGL,SELL,30,,,"End of trading session - closing all positions ($-48.41, -1.0%).",FORCED EXIT: Held for 72.0 hours (max: 48),45101.26319007874,,,166.4910888671875,165.04238891601562,4994.732666015625,4946.320395812988,-48.412270202637046,-0.9692664941216215,-200.8485221557621,70.33595211791999
2025-06-23 00:00:00-04:00,TSLA,BUY,14,348.67999267578125,4886.401417358398,Strong upward momentum detected. Algorithm confidence: 64%. Good entry point for potential gains.,BUY: Momentum entry Q=0.643 >= 0.35,40214.86177272034,14.0,348.67999267578125,,,,,,,,70.33595211791999
2025-06-23 00:00:00-04:00,NVDA,SELL,34,,,"End of trading session - closing all positions ($5.98, 0.1%).",FORCED EXIT: Held for 72.0 hours (max: 48),45111.73993052673,,,143.85000610351562,144.1699981689453,4890.900207519531,4896.878157806396,5.9779502868650525,0.1222259713595103,208.28247973632824,76.31390240478504
2025-06-24 00:00:00-04:00,AAPL,BUY,24,200.07293701171875,4806.552238769531,Strong upward momentum detected. Algorithm confidence: 55%. Good entry point for potential gains.,BUY: Momentum entry Q=0.545 >= 0.35,40305.1876917572,24.0,200.07293701171875,,,,,,,,76.31390240478504
2025-06-24 00:00:00-04:00,MSFT,BUY,10,489.30560302734375,4897.949086303711,Strong upward momentum detected. Algorithm confidence: 56%. Good entry point for potential gains.,BUY: Momentum entry Q=0.565 >= 0.35,35407.23860545349,10.0,489.30560302734375,,,,,,,,76.31390240478504
2025-06-24 00:00:00-04:00,GOOGL,BUY,30,166.62098693847656,5003.62823776245,Strong upward momentum detected. Algorithm confidence: 44%. Good entry point for potential gains.,BUY: Momentum entry Q=0.438 >= 0.35,30403.610367691035,30.0,166.62098693847656,,,,,,,,76.31390240478504
2025-06-24 00:00:00-04:00,TSLA,SELL,14,,,"Stop loss triggered to limit losses. Protecting capital ($-119.71, -2.5%).",SELL: Stop loss 2.4% >= 2.0%,35165.42380476379,,,348.67999267578125,340.4700012207031,4881.5198974609375,4761.813437072754,-119.70646038818359,-2.4522374773161824,-181.9300602416988,-43.39255798339855
2025-06-24 00:00:00-04:00,NVDA,BUY,33,147.89999389648438,4885.580498382567,Strong upward momentum detected. Algorithm confidence: 66%. Good entry point for potential gains.,BUY: Momentum entry Q=0.665 >= 0.35,30279.843306381226,33.0,147.89999389648438,,,,,,,,-43.39255798339855
2025-06-25 00:00:00-04:00,AAPL,SELL,24,,,"AI model detects potential price peak. Taking profits ($25.37, 0.5%).","SELL: ML profit peak ML=0.551, P&L=$30.21",35106.967648910526,,,200.07293701171875,201.33151245117188,4801.75048828125,4827.124342529297,25.373854248046882,0.5284292532477933,-36.263281311034916,-18.018703735351664
2025-06-25 00:00:00-04:00,MSFT,SELL,10,,,"AI model detects potential price peak. Taking profits ($16.65, 0.3%).","SELL: ML profit peak ML=0.691, P&L=$21.56",40016.67369474793,,,489.30560302734375,491.4620666503906,4893.0560302734375,4909.706045837403,16.6500155639651,0.3402784570818546,209.39069580078103,-1.368688171386566
2025-06-25 00:00:00-04:00,GOOGL,SELL,30,,,"Exit signal triggered. Closing position with profit ($112.08, 2.2%).",SELL: Swing trade profit 2.3% >= 2.0% (24.0h),45127.3823026886,,,166.62098693847656,170.52748107910156,4998.629608154297,5110.708607940674,112.0789997863767,2.242194532748366,-88.76952236938541,110.71031161499013
2025-06-25 00:00:00-04:00,TSLA,BUY,15,327.54998779296875,4918.163066711425,Strong upward momentum detected. Algorithm confidence: 65%. Good entry point for potential gains.,BUY: Momentum entry Q=0.650 >= 0.35,40209.21923597718,15.0,327.54998779296875,,,,,,,,110.71031161499013
2025-06-25 00:00:00-04:00,NVDA,SELL,33,,,"Exit signal triggered. Closing position with profit ($206.44, 4.2%).",SELL: Swing trade profit 4.3% >= 2.0% (24.0h),45296.35692549134,,,147.89999389648438,154.30999755859375,4880.699798583984,5087.13768951416,206.43789093017585,4.229678108661155,414.7203706665041,317.148202545166
2025-06-26 00:00:00-04:00,AAPL,BUY,24,200.7721405029297,4823.349903442382,Strong upward momentum detected. Algorithm confidence: 57%. Good entry point for potential gains.,BUY: Momentum entry Q=0.568 >= 0.35,40473.00702204896,24.0,200.7721405029297,,,,,,,,317.148202545166
2025-06-26 00:00:00-04:00,MSFT,BUY,10,496.6335754394531,4971.302090148925,Strong upward momentum detected. Algorithm confidence: 64%. Good entry point for potential gains.,BUY: Momentum entry Q=0.638 >= 0.35,35501.704931900036,10.0,496.6335754394531,,,,,,,,317.148202545166
2025-06-26 00:00:00-04:00,GOOGL,BUY,28,173.38491821289062,4859.632487670898,Strong upward momentum detected. Algorithm confidence: 38%. Good entry point for potential gains.,BUY: Momentum entry Q=0.376 >= 0.35,30642.07244422914,28.0,173.38491821289062,,,,,,,,317.148202545166
2025-06-26 00:00:00-04:00,NVDA,BUY,32,155.02000427246094,4965.600776855468,Strong upward momentum detected. Algorithm confidence: 66%. Good entry point for potential gains.,BUY: Momentum entry Q=0.659 >= 0.35,25676.47166737367,32.0,155.02000427246094,,,,,,,,317.148202545166
2025-06-27 00:00:00-04:00,AAPL,SELL,24,,,"AI model detects potential price peak. Taking profits ($-2.90, -0.1%).","SELL: ML profit peak ML=0.466, P&L=$1.92",30492.10043690492,,,200.7721405029297,200.85205078125,4818.5313720703125,4815.62876953125,-2.9026025390621726,-0.060238323981588,-39.16588385009709,314.2456000061038
2025-06-27 00:00:00-04:00,GOOGL,SELL,28,,,"Exit signal triggered. Closing position with profit ($134.60, 2.8%).",SELL: Swing trade profit 2.9% >= 2.0% (24.0h),35481.479171707164,,,173.38491821289062,178.37046813964844,4854.7777099609375,4989.378734802246,134.60102484130857,2.7725476403407066,45.83150247192316,448.8466248474124
2025-06-27 00:00:00-04:00,TSLA,SELL,15,,,"End of trading session - closing all positions ($-63.65, -1.3%).",FORCED EXIT: Held for 48.0 hours (max: 48),40331.07479487611,,,327.54998779296875,323.6300048828125,4913.249816894531,4849.595623168945,-63.65419372558608,-1.2955619212910152,-245.5842539672849,385.1924311218263
2025-06-27 00:00:00-04:00,NVDA,SELL,32,,,"AI model detects potential price peak. Taking profits ($82.31, 1.7%).","SELL: ML profit peak ML=0.546, P&L=$87.36",45374.02679487611,,,155.02000427246094,157.75,4960.64013671875,5042.952,82.31186328125023,1.659299223742845,497.0322339477543,467.5042944030765
2025-06-30 00:00:00-04:00,AAPL,BUY,24,204.93740844726562,4923.416300537109,Strong upward momentum detected. Algorithm confidence: 56%. Good entry point for potential gains.,BUY: Momentum entry Q=0.558 >= 0.35,40450.610494339,24.0,204.93740844726562,,,,,,,,467.5042944030765
2025-06-30 00:00:00-04:00,MSFT,SELL,10,,,"End of trading session - closing all positions ($-5.37, -0.1%).",FORCED EXIT: Held for 96.0 hours (max: 48),45411.58114222719,,,496.6335754394531,496.5936584472656,4966.335754394531,4960.9706478881835,-5.365106506347729,-0.10802947629145573,204.0255892944333,462.1391878967288
2025-06-30 00:00:00-04:00,GOOGL,BUY,28,176.07252502441406,4934.960731384277,Strong upward momentum detected. Algorithm confidence: 43%. Good entry point for potential gains.,BUY: Momentum entry Q=0.429 >= 0.35,40476.62041084291,28.0,176.07252502441406,,,,,,,,462.1391878967288
2025-06-30 00:00:00-04:00,TSLA,BUY,15,317.6600036621094,4769.6649549865715,Strong upward momentum detected. Algorithm confidence: 37%. Good entry point for potential gains.,BUY: Momentum entry Q=0.370 >= 0.35,35706.95545585634,15.0,317.6600036621094,,,,,,,,462.1391878967288
2025-06-30 00:00:00-04:00,NVDA,BUY,31,157.99000549316406,4902.587860458373,Strong upward momentum detected. Algorithm confidence: 62%. Good entry point for potential gains.,BUY: Momentum entry Q=0.625 >= 0.35,30804.367595397965,31.0,157.99000549316406,,,,,,,,462.1391878967288
2025-07-01 00:00:00-04:00,AAPL,SELL,24,,,"AI model detects potential price peak. Taking profits ($58.55, 1.2%).","SELL: ML profit peak ML=0.813, P&L=$63.53",35781.41144842531,,,204.93740844726562,207.58441162109375,4918.497802734375,4977.043853027344,58.546050292969085,1.1903238070050812,19.380166442871996,520.6852381896979
2025-07-01 00:00:00-04:00,MSFT,BUY,10,491.242431640625,4917.336740722656,Strong upward momentum detected. Algorithm confidence: 63%. Good entry point for potential gains.,BUY: Momentum entry Q=0.626 >= 0.35,30864.074707702654,10.0,491.242431640625,,,,,,,,520.6852381896979
2025-07-01 00:00:00-04:00,GOOGL,SELL,28,,,"Algorithm confidence dropped. Exiting position to preserve capital ($-15.83, -0.3%).",SELL: Conviction lost Q=0.146 <= 0.3,35778.27570477297,,,176.07252502441406,175.682861328125,4930.030700683594,4914.200997070312,-15.829703613281708,-0.3210873232713698,30.00179885864145,504.8555345764162
2025-07-01 00:00:00-04:00,TSLA,SELL,15,,,"Stop loss triggered to limit losses. Protecting capital ($-258.76, -5.4%).",SELL: Stop loss 5.3% >= 2.0%,40284.41492672732,,,317.6600036621094,300.7099914550781,4764.900054931641,4506.139221954346,-258.76083297729474,-5.430561606627593,-504.34508694457963,246.09470159912144
2025-07-01 00:00:00-04:00,NVDA,SELL,31,,,"Stop loss triggered to limit losses. Protecting capital ($-150.14, -3.1%).",SELL: Stop loss 3.0% >= 2.0%,45031.96272123721,,,157.99000549316406,153.3000030517578,4897.690170288086,4747.547794509887,-150.14237577819858,-3.0655752111278836,346.88985816955574,95.95232582092285
2025-07-02 00:00:00-04:00,AAPL,BUY,23,212.1991729736328,4885.461559371947,Strong upward momentum detected. Algorithm confidence: 42%. Good entry point for potential gains.,BUY: Momentum entry Q=0.422 >= 0.35,40146.50116186526,23.0,212.1991729736328,,,,,,,,95.95232582092285
2025-07-02 00:00:00-04:00,GOOGL,BUY,28,178.48036193847656,5002.4475844116205,Strong upward momentum detected. Algorithm confidence: 40%. Good entry point for potential gains.,BUY: Momentum entry Q=0.399 >= 0.35,35144.05357745364,28.0,178.48036193847656,,,,,,,,95.95232582092285
2025-07-02 00:00:00-04:00,TSLA,BUY,15,315.6499938964844,4739.484658355713,Strong upward momentum detected. Algorithm confidence: 41%. Good entry point for potential gains.,BUY: Momentum entry Q=0.406 >= 0.35,30404.56891909793,15.0,315.6499938964844,,,,,,,,95.95232582092285
2025-07-02 00:00:00-04:00,NVDA,BUY,31,157.25,4879.624749999999,Strong upward momentum detected. Algorithm confidence: 36%. Good entry point for potential gains.,BUY: Momentum entry Q=0.365 >= 0.35,25524.94416909793,31.0,157.25,,,,,,,,95.95232582092285
2025-07-03 00:00:00-04:00,AAPL,SELL,23,,,"AI model detects potential price peak. Taking profits ($20.60, 0.4%).","SELL: ML profit peak ML=0.406, P&L=$25.50",30426.120301239043,,,212.1991729736328,213.30792236328125,4880.580978393555,4901.176132141113,20.59515374755847,0.4219816009350873,39.975320190430466,116.54747956848132
2025-07-03 00:00:00-04:00,MSFT,SELL,10,,,"End of trading session - closing all positions ($62.81, 1.3%).",FORCED EXIT: Held for 48.0 hours (max: 48),35401.35310092166,,,491.242431640625,498.02130126953125,4912.42431640625,4975.232799682617,62.80848327636704,1.2785638868084472,266.83407257080034,179.35596284484836
2025-07-03 00:00:00-04:00,GOOGL,SELL,28,,,"AI model detects potential price peak. Taking profits ($19.88, 0.4%).","SELL: ML profit peak ML=0.548, P&L=$24.90",40418.678653411895,,,178.48036193847656,179.36956787109375,4997.450134277344,5017.325552490234,19.87541821289051,0.39771118628209373,49.87721707153196,199.23138105773887
2025-07-03 00:00:00-04:00,NVDA,SELL,31,,,"AI model detects potential price peak. Taking profits ($59.85, 1.2%).","SELL: ML profit peak ML=0.606, P&L=$64.79",45353.27900000003,,,157.25,159.33999633789062,4874.75,4934.600346588135,59.850346588134926,1.2277623793658121,406.74020475769066,259.0817276458738
2025-07-07 00:00:00-04:00,MSFT,BUY,10,496.90313720703125,4974.000403442382,Strong upward momentum detected. Algorithm confidence: 43%. Good entry point for potential gains.,BUY: Momentum entry Q=0.434 >= 0.35,40379.27859655765,10.0,496.90313720703125,,,,,,,,259.0817276458738
2025-07-07 00:00:00-04:00,GOOGL,BUY,28,176.63201904296875,4950.642229736328,Strong upward momentum detected. Algorithm confidence: 65%. Good entry point for potential gains.,BUY: Momentum entry Q=0.650 >= 0.35,35428.636366821316,28.0,176.63201904296875,,,,,,,,259.0817276458738
2025-07-07 00:00:00-04:00,TSLA,SELL,15,,,"End of trading session - closing all positions ($-330.06, -7.0%).",FORCED EXIT: Held for 120.0 hours (max: 48),39833.32730340579,,,315.6499938964844,293.94000244140625,4734.749908447266,4404.690936584473,-330.05897186279253,-6.970990617137654,-834.4040588073722,-70.97724421691873
2025-07-08 00:00:00-04:00,AAPL,BUY,23,209.7719268798828,4829.579072555542,Strong upward momentum detected. Algorithm confidence: 40%. Good entry point for potential gains.,BUY: Momentum entry Q=0.400 >= 0.35,35003.74823085025,23.0,209.7719268798828,,,,,,,,-70.97724421691873
2025-07-08 00:00:00-04:00,TSLA,BUY,16,297.80999755859375,4769.724920898437,Strong upward momentum detected. Algorithm confidence: 48%. Good entry point for potential gains.,BUY: Momentum entry Q=0.481 >= 0.35,30234.023309951815,16.0,297.80999755859375,,,,,,,,-70.97724421691873
2025-07-09 00:00:00-04:00,AAPL,SELL,23,,,"AI model detects potential price peak. Taking profits ($21.11, 0.4%).","SELL: ML profit peak ML=0.491, P&L=$25.96",35079.88754556278,,,209.7719268798828,210.90065002441406,4824.754318237305,4845.864235610962,21.10991737365748,0.43753351945534635,61.08523756408795,-49.86732684326125
2025-07-09 00:00:00-04:00,MSFT,SELL,10,,,"End of trading session - closing all positions ($52.78, 1.1%).",FORCED EXIT: Held for 48.0 hours (max: 48),40101.69725686649,,,496.90313720703125,502.68365478515625,4969.0313720703125,5021.809711303711,52.77833923339858,1.0621454219438518,319.6124118041989,2.91101239013733
2025-07-09 00:00:00-04:00,GOOGL,SELL,28,,,"End of trading session - closing all positions ($-9.70, -0.2%).",FORCED EXIT: Held for 48.0 hours (max: 48),45037.69717294315,,,176.63201904296875,176.46217346191406,4945.696533203125,4935.99991607666,-9.696617126464844,-0.19606170862620118,40.180599945067115,-6.785604736327514
2025-07-09 00:00:00-04:00,TSLA,SELL,16,,,"Algorithm confidence dropped. Exiting position to preserve capital ($-35.61, -0.7%).",SELL: Conviction lost Q=0.263 <= 0.3,49767.04317099003,,,297.80999755859375,295.8800048828125,4764.9599609375,4729.345998046875,-35.61396289062486,-0.7474136862131756,-870.018021697997,-42.399567626952376
2025-07-09 00:00:00-04:00,NVDA,BUY,30,162.8800048828125,4891.2865466308585,Strong upward momentum detected. Algorithm confidence: 39%. Good entry point for potential gains.,BUY: Momentum entry Q=0.392 >= 0.35,44875.75662435917,30.0,162.8800048828125,,,,,,,,-42.399567626952376
2025-07-10 00:00:00-04:00,AAPL,BUY,23,212.16920471191406,4884.771600082397,Strong upward momentum detected. Algorithm confidence: 42%. Good entry point for potential gains.,BUY: Momentum entry Q=0.425 >= 0.35,39990.98502427677,23.0,212.16920471191406,,,,,,,,-42.399567626952376
2025-07-10 00:00:00-04:00,GOOGL,BUY,28,177.46127319335938,4973.884565063476,Strong upward momentum detected. Algorithm confidence: 49%. Good entry point for potential gains.,BUY: Momentum entry Q=0.491 >= 0.35,35017.100459213296,28.0,177.46127319335938,,,,,,,,-42.399567626952376
2025-07-10 00:00:00-04:00,TSLA,BUY,16,309.8699951171875,4962.877841796874,Strong upward momentum detected. Algorithm confidence: 37%. Good entry point for potential gains.,BUY: Momentum entry Q=0.366 >= 0.35,30054.22261741642,16.0,309.8699951171875,,,,,,,,-42.399567626952376
2025-07-10 00:00:00-04:00,NVDA,SELL,30,,,"AI model detects potential price peak. Taking profits ($31.68, 0.6%).","SELL: ML profit peak ML=0.596, P&L=$36.60",34972.299800338784,,,162.8800048828125,164.10000610351562,4886.400146484375,4918.077182922363,31.677036437988136,0.6482693903154627,438.4172411956788,-10.72253118896424
2025-07-11 00:00:00-04:00,AAPL,SELL,23,,,"Algorithm confidence dropped. Exiting position to preserve capital ($-33.57, -0.7%).",SELL: Conviction lost Q=0.240 <= 0.3,39818.62297291569,,,212.16920471191406,210.92062377929688,4879.891708374023,4846.323172576905,-33.568535797118784,-0.6878950969242675,27.516701766969163,-44.291066986083024
2025-07-11 00:00:00-04:00,MSFT,BUY,9,502.49395751953125,4526.968063293457,Strong upward momentum detected. Algorithm confidence: 46%. Good entry point for potential gains.,BUY: Momentum entry Q=0.464 >= 0.35,35291.65490962224,9.0,502.49395751953125,,,,,,,,-44.291066986083024
2025-07-11 00:00:00-04:00,GOOGL,SELL,28,,,"AI model detects potential price peak. Taking profits ($66.86, 1.3%).","SELL: ML profit peak ML=0.736, P&L=$71.90",40327.425865432786,,,177.46127319335938,180.02899169921875,4968.9156494140625,5035.770955810547,66.8553063964846,1.3454707447965677,107.03590634155171,22.56423941040157
2025-07-11 00:00:00-04:00,TSLA,SELL,16,,,"AI model detects potential price peak. Taking profits ($53.22, 1.1%).","SELL: ML profit peak ML=0.600, P&L=$58.24",45338.569861526536,,,309.8699951171875,313.510009765625,4957.919921875,5011.14399609375,53.22407421874959,1.0735162136023602,-816.7939474792474,75.78831362915116
2025-07-11 00:00:00-04:00,NVDA,BUY,30,164.9199981689453,4952.547545013427,Strong upward momentum detected. Algorithm confidence: 41%. Good entry point for potential gains.,BUY: Momentum entry Q=0.414 >= 0.35,40386.02231651311,30.0,164.9199981689453,,,,,,,,75.78831362915116
2025-07-14 00:00:00-04:00,AAPL,BUY,23,208.3834991455078,4797.613300827026,Strong upward momentum detected. Algorithm confidence: 64%. Good entry point for potential gains.,BUY: Momentum entry Q=0.641 >= 0.35,35588.409015686084,23.0,208.3834991455078,,,,,,,,75.78831362915116
2025-07-14 00:00:00-04:00,MSFT,SELL,9,,,"End of trading session - closing all positions ($-7.22, -0.2%).",FORCED EXIT: Held for 72.0 hours (max: 48),40103.639113250785,,,502.49395751953125,502.1944274902344,4522.445617675781,4515.230097564698,-7.215520111083606,-0.15954907413108654,312.3968916931153,68.57279351806756
2025-07-14 00:00:00-04:00,GOOGL,BUY,27,181.3977508544922,4902.637012344359,Strong upward momentum detected. Algorithm confidence: 39%. Good entry point for potential gains.,BUY: Momentum entry Q=0.390 >= 0.35,35201.00210090642,27.0,181.3977508544922,,,,,,,,68.57279351806756
2025-07-14 00:00:00-04:00,TSLA,BUY,15,316.8999938964844,4758.253408355712,Strong upward momentum detected. Algorithm confidence: 41%. Good entry point for potential gains.,BUY: Momentum entry Q=0.413 >= 0.35,30442.74869255071,15.0,316.8999938964844,,,,,,,,68.57279351806756
2025-07-14 00:00:00-04:00,NVDA,SELL,30,,,"End of trading session - closing all positions ($-30.42, -0.6%).",FORCED EXIT: Held for 72.0 hours (max: 48),35359.92681205754,,,164.9199981689453,164.07000732421875,4947.599945068359,4917.178119506836,-30.421825561523292,-0.6148804652616868,407.9954156341555,38.150967956544264
2025-07-15 00:00:00-04:00,AAPL,SELL,23,,,"AI model detects potential price peak. Taking profits ($6.45, 0.1%).","SELL: ML profit peak ML=0.509, P&L=$11.26",40159.20070649724,,,208.3834991455078,208.87295532226562,4792.82048034668,4799.273894439697,6.4534140930172725,0.13464752371761016,33.970115859986436,44.604382049561536
2025-07-15 00:00:00-04:00,MSFT,BUY,9,504.9898376464844,4549.4534473571775,Strong upward momentum detected. Algorithm confidence: 56%. Good entry point for potential gains.,BUY: Momentum entry Q=0.563 >= 0.35,35609.747259140066,9.0,504.9898376464844,,,,,,,,44.604382049561536
2025-07-15 00:00:00-04:00,GOOGL,SELL,27,,,"AI model detects potential price peak. Taking profits ($6.96, 0.1%).","SELL: ML profit peak ML=0.628, P&L=$11.87",40514.4466894074,,,181.3977508544922,181.83737182617188,4897.739273071289,4904.699430267334,6.960157196044747,0.1421095899145352,113.99606353759646,51.564539245606284
2025-07-15 00:00:00-04:00,TSLA,SELL,15,,,"Algorithm confidence dropped. Exiting position to preserve capital ($-96.46, -2.0%).",SELL: Conviction lost Q=0.288 <= 0.3,45171.48497111516,,,316.8999938964844,310.7799987792969,4753.499908447266,4657.038281707763,-96.46162673950221,-2.0292758724594457,-913.2555742187496,-44.897087493895924
2025-07-15 00:00:00-04:00,NVDA,BUY,29,170.6999969482422,4955.250211410522,Strong upward momentum detected. Algorithm confidence: 43%. Good entry point for potential gains.,BUY: Momentum entry Q=0.432 >= 0.35,40216.23475970464,29.0,170.6999969482422,,,,,,,,-44.897087493895924
2025-07-16 00:00:00-04:00,AAPL,BUY,23,209.92176818847656,4833.028869003296,Strong upward momentum detected. Algorithm confidence: 60%. Good entry point for potential gains.,BUY: Momentum entry Q=0.599 >= 0.35,35383.20589070134,23.0,209.92176818847656,,,,,,,,-44.897087493895924
2025-07-16 00:00:00-04:00,TSLA,BUY,15,321.6700134277344,4829.875251617431,Strong upward momentum detected. Algorithm confidence: 42%. Good entry point for potential gains.,BUY: Momentum entry Q=0.423 >= 0.35,30553.33063908391,15.0,321.6700134277344,,,,,,,,-44.897087493895924
2025-07-16 00:00:00-04:00,NVDA,SELL,29,,,"AI model detects potential price peak. Taking profits ($14.46, 0.3%).","SELL: ML profit peak ML=0.652, P&L=$19.43",35518.09076762395,,,170.6999969482422,171.3699951171875,4950.299911499023,4964.760128540039,14.460217041015312,0.2921078985017808,422.4556326751708,-30.436870452880612
2025-07-17 00:00:00-04:00,MSFT,SELL,9,,,"End of trading session - closing all positions ($48.24, 1.1%).",FORCED EXIT: Held for 48.0 hours (max: 48),40111.234816604665,,,504.9898376464844,510.8601989746094,4544.908538818359,4593.144048980713,48.23551016235342,1.0613087095234324,360.63240185546874,17.79863970947281
2025-07-17 00:00:00-04:00,GOOGL,BUY,27,183.41595458984375,4957.1830046997065,Strong upward momentum detected. Algorithm confidence: 54%. Good entry point for potential gains.,BUY: Momentum entry Q=0.538 >= 0.35,35154.05181190496,27.0,183.41595458984375,,,,,,,,17.79863970947281
2025-07-17 00:00:00-04:00,TSLA,SELL,15,,,"Algorithm confidence dropped. Exiting position to preserve capital ($-38.69, -0.8%).",SELL: Conviction lost Q=0.191 <= 0.3,39940.41071678167,,,321.6700134277344,319.4100036621094,4825.050201416016,4786.358904876709,-38.69129653930668,-0.8018838131042011,-951.9468707580563,-20.892656829833868
2025-07-18 00:00:00-04:00,AAPL,SELL,23,,,"End of trading session - closing all positions ($18.58, 0.4%).",FORCED EXIT: Held for 48.0 hours (max: 48),44787.19282632451,,,209.92176818847656,210.9405975341797,4828.200668334961,4846.782109542846,18.58144120788529,0.38485229766337015,52.55155706787173,-2.311215621948577
2025-07-18 00:00:00-04:00,MSFT,BUY,9,509.212890625,4587.4989316406245,Strong upward momentum detected. Algorithm confidence: 60%. Good entry point for potential gains.,BUY: Momentum entry Q=0.602 >= 0.35,40199.69389468389,9.0,509.212890625,,,,,,,,-2.311215621948577
2025-07-18 00:00:00-04:00,GOOGL,SELL,27,,,"AI model detects potential price peak. Taking profits ($34.93, 0.7%).","SELL: ML profit peak ML=0.456, P&L=$39.92",45186.85655554205,,,183.41595458984375,184.89462280273438,4952.230773925781,4987.162660858155,34.931886932373345,0.7053767994071447,148.9279504699698,32.62067131042477
2025-07-18 00:00:00-04:00,TSLA,BUY,15,329.6499938964844,4949.694658355712,Strong upward momentum detected. Algorithm confidence: 45%. Good entry point for potential gains.,BUY: Momentum entry Q=0.449 >= 0.35,40237.161897186335,15.0,329.6499938964844,,,,,,,,32.62067131042477
2025-07-18 00:00:00-04:00,NVDA,BUY,29,172.41000366210938,5004.889996307373,Strong upward momentum detected. Algorithm confidence: 38%. Good entry point for potential gains.,BUY: Momentum entry Q=0.383 >= 0.35,35232.271900878965,29.0,172.41000366210938,,,,,,,,32.62067131042477
2025-07-21 00:00:00-04:00,AAPL,BUY,23,212.23912048339844,4886.381270889282,Strong upward momentum detected. Algorithm confidence: 56%. Good entry point for potential gains.,BUY: Momentum entry Q=0.562 >= 0.35,30345.890629989684,23.0,212.23912048339844,,,,,,,,32.62067131042477
2025-07-21 00:00:00-04:00,MSFT,SELL,9,,,"End of trading session - closing all positions ($-4.49, -0.1%).",FORCED EXIT: Held for 72.0 hours (max: 48),34924.31345301825,,,509.212890625,509.2228698730469,4582.916015625,4578.422823028564,-4.49319259643562,-0.09804221986867145,356.1392092590331,28.12747871398915
2025-07-21 00:00:00-04:00,GOOGL,BUY,26,189.9301300048828,4943.121563507079,Strong upward momentum detected. Algorithm confidence: 40%. Good entry point for potential gains.,BUY: Momentum entry Q=0.401 >= 0.35,29981.19188951117,26.0,189.9301300048828,,,,,,,,28.12747871398915
2025-07-21 00:00:00-04:00,TSLA,SELL,15,,,"End of trading session - closing all positions ($-22.33, -0.5%).",FORCED EXIT: Held for 72.0 hours (max: 48),34903.61439317328,,,329.6499938964844,328.489990234375,4944.749908447266,4922.422503662109,-22.327404785156432,-0.4515375943890277,-974.2742755432128,5.800073928832717
2025-07-21 00:00:00-04:00,NVDA,SELL,29,,,"End of trading session - closing all positions ($-34.84, -0.7%).",FORCED EXIT: Held for 72.0 hours (max: 48),39868.664514633245,,,172.41000366210938,171.3800048828125,4999.890106201172,4965.050121459961,-34.83998474121108,-0.6968150099539265,387.61564793395974,-29.039910812378366
2025-07-22 00:00:00-04:00,AAPL,SELL,23,,,"AI model detects potential price peak. Taking profits ($39.18, 0.8%).","SELL: ML profit peak ML=0.755, P&L=$44.11",44789.348798538274,,,212.23912048339844,214.15695190429688,4881.499771118164,4920.68428390503,39.184512786865525,0.8027146291945817,91.73606985473725,10.14460197448716
2025-07-22 00:00:00-04:00,MSFT,BUY,9,504.44073486328125,4544.5065803833,Strong upward momentum detected. Algorithm confidence: 61%. Good entry point for potential gains.,BUY: Momentum entry Q=0.607 >= 0.35,40244.842218154976,9.0,504.44073486328125,,,,,,,,10.14460197448716
2025-07-22 00:00:00-04:00,GOOGL,SELL,26,,,"AI model detects potential price peak. Taking profits ($27.24, 0.6%).","SELL: ML profit peak ML=0.589, P&L=$32.21",45210.26638536079,,,189.9301300048828,191.1690216064453,4938.183380126953,4965.424167205811,27.240787078857466,0.5516357936095347,176.16873754882727,37.385389053344625
2025-07-22 00:00:00-04:00,TSLA,BUY,15,332.1099853515625,4986.631430053711,Strong upward momentum detected. Algorithm confidence: 62%. Good entry point for potential gains.,BUY: Momentum entry Q=0.624 >= 0.35,40223.634955307076,15.0,332.1099853515625,,,,,,,,37.385389053344625
2025-07-22 00:00:00-04:00,NVDA,BUY,29,167.02999877929688,4848.713834564209,Strong upward momentum detected. Algorithm confidence: 43%. Good entry point for potential gains.,BUY: Momentum entry Q=0.431 >= 0.35,35374.92112074287,29.0,167.02999877929688,,,,,,,,37.385389053344625
2025-07-23 00:00:00-04:00,AAPL,BUY,23,213.9072265625,4924.786077148437,Strong upward momentum detected. Algorithm confidence: 67%. Good entry point for potential gains.,BUY: Momentum entry Q=0.671 >= 0.35,30450.13504359443,23.0,213.9072265625,,,,,,,,37.385389053344625
2025-07-23 00:00:00-04:00,MSFT,SELL,9,,,"AI model detects potential price peak. Taking profits ($0.85, 0.0%).","SELL: ML profit peak ML=0.466, P&L=$5.39",34990.94756535346,,,504.44073486328125,505.0397644042969,4539.966613769531,4540.812521759033,0.8459079895019386,0.018632471589908495,356.98511724853506,38.23129704284656
2025-07-23 00:00:00-04:00,GOOGL,BUY,26,190.0600128173828,4946.501893585205,Strong upward momentum detected. Algorithm confidence: 42%. Good entry point for potential gains.,BUY: Momentum entry Q=0.415 >= 0.35,30044.445671768255,26.0,190.0600128173828,,,,,,,,38.23129704284656
2025-07-23 00:00:00-04:00,TSLA,SELL,15,,,"AI model detects potential price peak. Taking profits ($1.76, 0.0%).","SELL: ML profit peak ML=0.520, P&L=$6.75",35027.85723518378,,,332.1099853515625,332.55999755859375,4981.6497802734375,4983.411563415528,1.7617831420902803,0.03536545561806992,-972.5124924011225,39.993080184936844
2025-07-23 00:00:00-04:00,NVDA,SELL,29,,,"Exit signal triggered. Closing position with profit ($103.80, 2.1%).",SELL: Swing trade profit 2.2% >= 2.0% (24.0h),39975.52457981879,,,167.02999877929688,170.77999877929688,4843.869964599609,4947.66734463501,103.79738003540024,2.142860580362009,491.41302796936,143.79046022033708
2025-07-24 00:00:00-04:00,MSFT,BUY,9,510.0415344238281,4594.964183624267,Strong upward momentum detected. Algorithm confidence: 69%. Good entry point for potential gains.,BUY: Momentum entry Q=0.689 >= 0.35,35380.56039619452,9.0,510.0415344238281,,,,,,,,143.79046022033708
2025-07-24 00:00:00-04:00,GOOGL,SELL,26,,,"AI model detects potential price peak. Taking profits ($45.40, 0.9%).","SELL: ML profit peak ML=0.619, P&L=$50.39",40367.52361070258,,,190.0600128173828,191.99827575683594,4941.560333251953,4986.963214508057,45.40288125610368,0.9187964568718491,221.57161880493095,189.19334147644076
2025-07-24 00:00:00-04:00,TSLA,BUY,16,305.29998779296875,4889.684604492187,Strong upward momentum detected. Algorithm confidence: 60%. Good entry point for potential gains.,BUY: Momentum entry Q=0.599 >= 0.35,35477.83900621039,16.0,305.29998779296875,,,,,,,,189.19334147644076
2025-07-24 00:00:00-04:00,NVDA,BUY,28,173.74000549316406,4869.584873962402,Strong upward momentum detected. Algorithm confidence: 39%. Good entry point for potential gains.,BUY: Momentum entry Q=0.389 >= 0.35,30608.254132247992,28.0,173.74000549316406,,,,,,,,189.19334147644076
2025-07-25 00:00:00-04:00,AAPL,SELL,23,,,"End of trading session - closing all positions ($-11.12, -0.2%).",FORCED EXIT: Held for 48.0 hours (max: 48),35517.00395143134,,,213.9072265625,213.63754272460938,4919.8662109375,4908.749819183349,-11.116391754150754,-0.22594906604243783,80.6196781005865,178.07694972229
2025-07-25 00:00:00-04:00,MSFT,SELL,9,,,"AI model detects potential price peak. Taking profits ($20.81, 0.5%).","SELL: ML profit peak ML=0.474, P&L=$25.43",40128.19063917548,,,510.0415344238281,512.866943359375,4590.373809814453,4611.186687744141,20.812877929687602,0.453402681175738,377.79799517822266,198.8898276519776
2025-07-25 00:00:00-04:00,GOOGL,BUY,25,193.0073699951172,4830.009434127807,Strong upward momentum detected. Algorithm confidence: 42%. Good entry point for potential gains.,BUY: Momentum entry Q=0.422 >= 0.35,35298.18120504767,25.0,193.0073699951172,,,,,,,,198.8898276519776
2025-07-25 00:00:00-04:00,TSLA,SELL,16,,,"Exit signal triggered. Closing position with profit ($167.10, 3.4%).",SELL: Swing trade profit 3.5% >= 2.0% (24.0h),40350.084206024236,,,305.29998779296875,316.05999755859375,4884.7998046875,5051.903000976563,167.1031962890629,3.420881161367332,-805.4092961120596,365.9930239410405
2025-07-25 00:00:00-04:00,NVDA,SELL,28,,,"Algorithm confidence dropped. Exiting position to preserve capital ($-11.58, -0.2%).",SELL: Conviction lost Q=0.267 <= 0.3,45203.226206024236,,,173.74000549316406,173.5,4864.720153808594,4853.142,-11.578153808593925,-0.2380024635030522,479.83487416076605,354.4148701324466
2025-07-28 00:00:00-04:00,AAPL,BUY,23,213.80735778808594,4922.486798355102,Strong upward momentum detected. Algorithm confidence: 61%. Good entry point for potential gains.,BUY: Momentum entry Q=0.606 >= 0.35,40280.739407669134,23.0,213.80735778808594,,,,,,,,354.4148701324466
2025-07-28 00:00:00-04:00,GOOGL,SELL,25,,,"End of trading session - closing all positions ($-19.80, -0.4%).",FORCED EXIT: Held for 72.0 hours (max: 48),45086.12704003913,,,193.0073699951172,192.4079132080078,4825.18424987793,4805.387632369995,-19.79661750793457,-0.4102769237969596,201.77500129699638,334.618252624512
2025-07-28 00:00:00-04:00,TSLA,BUY,15,325.5899963378906,4888.733795013427,Strong upward momentum detected. Algorithm confidence: 63%. Good entry point for potential gains.,BUY: Momentum entry Q=0.634 >= 0.35,40197.393245025705,15.0,325.5899963378906,,,,,,,,334.618252624512
2025-07-28 00:00:00-04:00,NVDA,BUY,28,176.75,4953.949,Strong upward momentum detected. Algorithm confidence: 37%. Good entry point for potential gains.,BUY: Momentum entry Q=0.374 >= 0.35,35243.444245025705,28.0,176.75,,,,,,,,334.618252624512
2025-07-29 00:00:00-04:00,MSFT,BUY,9,511.728759765625,4610.164396728515,Strong upward momentum detected. Algorithm confidence: 59%. Good entry point for potential gains.,BUY: Momentum entry Q=0.588 >= 0.35,30633.27984829719,9.0,511.728759765625,,,,,,,,334.618252624512
2025-07-29 00:00:00-04:00,GOOGL,BUY,25,195.5750732421875,4894.266207885742,Strong upward momentum detected. Algorithm confidence: 40%. Good entry point for potential gains.,BUY: Momentum entry Q=0.396 >= 0.35,25739.013640411446,25.0,195.5750732421875,,,,,,,,334.618252624512
2025-07-29 00:00:00-04:00,NVDA,SELL,28,,,"Algorithm confidence dropped. Exiting position to preserve capital ($-39.63, -0.8%).",SELL: Conviction lost Q=0.156 <= 0.3,30648.37920675666,,,176.75,175.50999450683594,4949.0,4909.365566345215,-39.634433654785425,-0.8008574187671332,440.2004405059806,294.9838189697266
2025-07-30 00:00:00-04:00,AAPL,SELL,23,,,"End of trading session - closing all positions ($-119.67, -2.4%).",FORCED EXIT: Held for 48.0 hours (max: 48),35446.275939697334,,,213.80735778808594,208.81301879882812,4917.569229125977,4797.896732940674,-119.6724961853024,-2.433570136166083,-39.05281808471591,175.3113227844242
2025-07-30 00:00:00-04:00,MSFT,SELL,9,,,"AI model detects potential price peak. Taking profits ($1.41, 0.0%).","SELL: ML profit peak ML=0.546, P&L=$6.02",40053.24315728767,,,511.728759765625,512.3976440429688,4605.558837890625,4606.967217590332,1.4083796997074387,0.03057999581115949,379.2063748779301,176.71970248413163
2025-07-30 00:00:00-04:00,GOOGL,SELL,25,,,"AI model detects potential price peak. Taking profits ($14.57, 0.3%).","SELL: ML profit peak ML=0.457, P&L=$19.48",44957.19393205268,,,195.5750732421875,196.35438537597656,4889.3768310546875,4903.950774765015,14.573943710327512,0.2980736444317745,216.3489450073239,191.29364619445914
2025-07-30 00:00:00-04:00,TSLA,SELL,15,,,"End of trading session - closing all positions ($-103.04, -2.1%).",FORCED EXIT: Held for 48.0 hours (max: 48),49738.00846009833,,,325.5899963378906,319.0400085449219,4883.849945068359,4780.814528045655,-103.03541702270468,-2.109717091671671,-908.4447131347642,88.25822917175446
2025-07-30 00:00:00-04:00,NVDA,BUY,27,179.27000427246094,4845.130405471801,Strong upward momentum detected. Algorithm confidence: 40%. Good entry point for potential gains.,BUY: Momentum entry Q=0.401 >= 0.35,44892.87805462653,27.0,179.27000427246094,,,,,,,,88.25822917175446
2025-07-31 00:00:00-04:00,AAPL,BUY,24,207.33470153808594,4981.008869750976,Strong upward momentum detected. Algorithm confidence: 59%. Good entry point for potential gains.,BUY: Momentum entry Q=0.586 >= 0.35,39911.869184875555,24.0,207.33470153808594,,,,,,,,88.25822917175446
2025-07-31 00:00:00-04:00,MSFT,BUY,9,532.6243896484375,4798.413126342773,Strong upward momentum detected. Algorithm confidence: 41%. Good entry point for potential gains.,BUY: Momentum entry Q=0.407 >= 0.35,35113.456058532785,9.0,532.6243896484375,,,,,,,,88.25822917175446
2025-07-31 00:00:00-04:00,TSLA,BUY,16,308.2699890136719,4937.252144042968,Strong upward momentum detected. Algorithm confidence: 44%. Good entry point for potential gains.,BUY: Momentum entry Q=0.440 >= 0.35,30176.203914489815,16.0,308.2699890136719,,,,,,,,88.25822917175446
2025-07-31 00:00:00-04:00,NVDA,SELL,27,,,"Algorithm confidence dropped. Exiting position to preserve capital ($-42.60, -0.9%).",SELL: Conviction lost Q=0.219 <= 0.3,34973.891292785716,,,179.27000427246094,177.8699951171875,4840.290115356445,4797.687378295898,-42.60273706054704,-0.8801690817123617,397.5977034454336,45.65549211120742
2025-08-01 00:00:00-04:00,AAPL,SELL,24,,,"Stop loss triggered to limit losses. Protecting capital ($-129.27, -2.6%).",SELL: Stop loss 2.5% >= 2.0%,39820.653814392164,,,207.33470153808594,202.1505889892578,4976.0328369140625,4846.762521606445,-129.27031530761724,-2.597858968064719,-168.32313339233315,-83.61482319640982
2025-08-01 00:00:00-04:00,GOOGL,BUY,26,188.96099853515625,4917.898947875976,Strong upward momentum detected. Algorithm confidence: 57%. Good entry point for potential gains.,BUY: Momentum entry Q=0.573 >= 0.35,34902.75486651619,26.0,188.96099853515625,,,,,,,,-83.61482319640982
2025-08-01 00:00:00-04:00,TSLA,SELL,16,,,"Algorithm confidence dropped. Exiting position to preserve capital ($-95.08, -1.9%).",SELL: Conviction lost Q=0.272 <= 0.3,39739.992864563064,,,308.2699890136719,302.6300048828125,4932.31982421875,4837.237998046875,-95.08182617187504,-1.9277303492162623,-1003.5265393066393,-178.69664936828485
2025-08-01 00:00:00-04:00,NVDA,BUY,28,173.72000122070312,4869.024194213866,Strong upward momentum detected. Algorithm confidence: 57%. Good entry point for potential gains.,BUY: Momentum entry Q=0.569 >= 0.35,34870.9686703492,28.0,173.72000122070312,,,,,,,,-178.69664936828485
2025-08-04 00:00:00-04:00,AAPL,BUY,24,203.11949157714844,4879.7426656494135,Strong upward momentum detected. Algorithm confidence: 57%. Good entry point for potential gains.,BUY: Momentum entry Q=0.575 >= 0.35,29991.226004699784,24.0,203.11949157714844,,,,,,,,-178.69664936828485
2025-08-04 00:00:00-04:00,MSFT,SELL,9,,,"End of trading session - closing all positions ($14.42, 0.3%).",FORCED EXIT: Held for 96.0 hours (max: 48),34799.261484008864,,,532.6243896484375,534.7609252929688,4793.6195068359375,4808.035479309082,14.415972473144393,0.3007325143888977,393.6223473510745,-164.28067689514046
2025-08-04 00:00:00-04:00,GOOGL,SELL,26,,,"End of trading session - closing all positions ($148.46, 3.0%).",FORCED EXIT: Held for 72.0 hours (max: 48),39860.70336795051,,,188.96099853515625,194.86570739746094,4912.9859619140625,5061.44188394165,148.4559220275878,3.0217045841049073,364.8048670349117,-15.824754867552656
2025-08-04 00:00:00-04:00,TSLA,BUY,16,309.260009765625,4953.108316406249,Strong upward momentum detected. Algorithm confidence: 38%. Good entry point for potential gains.,BUY: Momentum entry Q=0.382 >= 0.35,34907.59505154426,16.0,309.260009765625,,,,,,,,-15.824754867552656
2025-08-04 00:00:00-04:00,NVDA,SELL,28,,,"End of trading session - closing all positions ($170.80, 3.5%).",FORCED EXIT: Held for 72.0 hours (max: 48),39942.55505154426,,,173.72000122070312,180.0,4864.1600341796875,5034.96,170.79996582031254,3.5113969240347367,568.3976692657461,154.97521095275988
2025-08-05 00:00:00-04:00,AAPL,SELL,24,,,"Algorithm confidence dropped. Exiting position to preserve capital ($-15.17, -0.3%).",SELL: Conviction lost Q=0.245 <= 0.3,44802.249452545235,,,203.11949157714844,202.68995666503906,4874.8677978515625,4859.6944010009765,-15.17339685058596,-0.3112576069708626,-183.4965302429191,139.80181410217392
2025-08-05 00:00:00-04:00,MSFT,BUY,9,526.8838500976562,4746.696605529784,Strong upward momentum detected. Algorithm confidence: 56%. Good entry point for potential gains.,BUY: Momentum entry Q=0.562 >= 0.35,40055.55284701545,9.0,526.8838500976562,,,,,,,,139.80181410217392
2025-08-05 00:00:00-04:00,GOOGL,BUY,25,194.4960479736328,4867.263600540161,Strong upward momentum detected. Algorithm confidence: 61%. Good entry point for potential gains.,BUY: Momentum entry Q=0.609 >= 0.35,35188.289246475295,25.0,194.4960479736328,,,,,,,,139.80181410217392
2025-08-05 00:00:00-04:00,TSLA,SELL,16,,,"Algorithm confidence dropped. Exiting position to preserve capital ($-13.58, -0.3%).",SELL: Conviction lost Q=0.197 <= 0.3,40122.869745987016,,,309.260009765625,308.7200012207031,4948.16015625,4934.580499511719,-13.579656738281301,-0.2744385046051691,-1017.1061960449206,126.22215736389262
2025-08-05 00:00:00-04:00,NVDA,BUY,28,178.25999450683594,4996.271126037597,Strong upward momentum detected. Algorithm confidence: 63%. Good entry point for potential gains.,BUY: Momentum entry Q=0.627 >= 0.35,35126.59861994942,28.0,178.25999450683594,,,,,,,,126.22215736389262
2025-08-06 00:00:00-04:00,AAPL,BUY,23,213.0082550048828,4904.089054977417,Strong upward momentum detected. Algorithm confidence: 66%. Good entry point for potential gains.,BUY: Momentum entry Q=0.664 >= 0.35,30222.509564972006,23.0,213.0082550048828,,,,,,,,126.22215736389262
2025-08-06 00:00:00-04:00,GOOGL,SELL,25,,,"AI model detects potential price peak. Taking profits ($30.57, 0.6%).","SELL: ML profit peak ML=0.442, P&L=$35.47",35115.48080596932,,,194.4960479736328,195.91476440429688,4862.40119934082,4892.971240997314,30.57004165649414,0.6287025772500718,395.37490869140584,156.79219902038676
2025-08-06 00:00:00-04:00,TSLA,BUY,15,319.9100036621094,4803.448704986572,Strong upward momentum detected. Algorithm confidence: 42%. Good entry point for potential gains.,BUY: Momentum entry Q=0.416 >= 0.35,30312.032100982746,15.0,319.9100036621094,,,,,,,,156.79219902038676
2025-08-06 00:00:00-04:00,NVDA,SELL,28,,,"AI model detects potential price peak. Taking profits ($27.46, 0.6%).","SELL: ML profit peak ML=0.675, P&L=$32.48",35330.768289764485,,,178.25999450683594,179.4199981689453,4991.279846191406,5018.736188781738,27.456342590331587,0.5500862190943299,595.8540118560777,184.24854161071835
2025-08-07 00:00:00-04:00,AAPL,SELL,23,,,"Exit signal triggered. Closing position with profit ($150.71, 3.1%).",SELL: Swing trade profit 3.2% >= 2.0% (24.0h),40380.666293960654,,,213.0082550048828,219.7805633544922,4899.189865112305,5049.898004196167,150.70813908386208,3.0761849047139833,-32.78839115905703,334.9566806945804
2025-08-07 00:00:00-04:00,MSFT,SELL,9,,,"End of trading session - closing all positions ($-66.77, -1.4%).",FORCED EXIT: Held for 48.0 hours (max: 48),45055.85349232491,,,526.8838500976562,519.9852294921875,4741.954650878906,4675.187198364258,-66.76745251464854,-1.4080154162223673,326.85489483642596,268.1892281799319
2025-08-07 00:00:00-04:00,GOOGL,BUY,25,196.34439086914062,4913.518381500244,Strong upward momentum detected. Algorithm confidence: 63%. Good entry point for potential gains.,BUY: Momentum entry Q=0.633 >= 0.35,40142.335110824664,25.0,196.34439086914062,,,,,,,,268.1892281799319
2025-08-07 00:00:00-04:00,TSLA,SELL,15,,,"AI model detects potential price peak. Taking profits ($30.57, 0.6%).","SELL: ML profit peak ML=0.623, P&L=$35.40",44971.55089619454,,,319.9100036621094,322.2699890136719,4798.650054931641,4829.215785369873,30.565730438232094,0.6369651899666919,-986.5404656066885,298.754958618164
2025-08-07 00:00:00-04:00,NVDA,BUY,27,180.77000427246094,4885.670905471801,Strong upward momentum detected. Algorithm confidence: 66%. Good entry point for potential gains.,BUY: Momentum entry Q=0.656 >= 0.35,40085.87999072274,27.0,180.77000427246094,,,,,,,,298.754958618164
2025-08-08 00:00:00-04:00,AAPL,BUY,21,229.0900115966797,4815.701133773803,Strong upward momentum detected. Algorithm confidence: 56%. Good entry point for potential gains.,BUY: Momentum entry Q=0.559 >= 0.35,35270.178856948936,21.0,229.0900115966797,,,,,,,,298.754958618164
2025-08-08 00:00:00-04:00,MSFT,BUY,9,521.1832275390625,4695.339696899414,Strong upward momentum detected. Algorithm confidence: 60%. Good entry point for potential gains.,BUY: Momentum entry Q=0.600 >= 0.35,30574.839160049523,9.0,521.1832275390625,,,,,,,,298.754958618164
2025-08-08 00:00:00-04:00,GOOGL,SELL,25,,,"Exit signal triggered. Closing position with profit ($117.36, 2.4%).",SELL: Swing trade profit 2.5% >= 2.0% (24.0h),35600.808297241296,,,196.34439086914062,201.24000549316406,4908.609771728516,5025.9691371917725,117.35936546325684,2.390888070573391,512.7342741546627,416.1143240814208
2025-08-08 00:00:00-04:00,TSLA,BUY,15,329.6499938964844,4949.694658355712,Strong upward momentum detected. Algorithm confidence: 62%. Good entry point for potential gains.,BUY: Momentum entry Q=0.618 >= 0.35,30651.113638885585,15.0,329.6499938964844,,,,,,,,416.1143240814208
2025-08-08 00:00:00-04:00,NVDA,SELL,27,,,"AI model detects potential price peak. Taking profits ($47.18, 1.0%).","SELL: ML profit peak ML=0.527, P&L=$52.11",35579.08065657052,,,180.77000427246094,182.6999969482422,4880.790115356445,4927.967017684937,47.17690232849145,0.9665833033889045,643.0309141845692,463.29122640991227
2025-08-11 00:00:00-04:00,AAPL,SELL,21,,,"End of trading session - closing all positions ($-44.88, -0.9%).",FORCED EXIT: Held for 72.0 hours (max: 48),40345.089722915734,,,229.0900115966797,227.17999267578125,4810.890243530273,4766.009066345215,-44.88117718505873,-0.9329079424627349,-77.66956834411576,418.41004922485354
2025-08-11 00:00:00-04:00,MSFT,SELL,9,,,"End of trading session - closing all positions ($-7.11, -0.2%).",FORCED EXIT: Held for 72.0 hours (max: 48),45028.624766250694,,,521.1832275390625,520.9136962890625,4690.6490478515625,4683.535043334961,-7.114004516601199,-0.1516635425935265,319.74089031982476,411.29604470825234
2025-08-11 00:00:00-04:00,GOOGL,BUY,24,200.8203887939453,4824.509020385742,Strong upward momentum detected. Algorithm confidence: 53%. Good entry point for potential gains.,BUY: Momentum entry Q=0.532 >= 0.35,40204.115745864954,24.0,200.8203887939453,,,,,,,,411.29604470825234
2025-08-11 00:00:00-04:00,TSLA,SELL,15,,,"End of trading session - closing all positions ($135.61, 2.7%).",FORCED EXIT: Held for 72.0 hours (max: 48),45284.480277572715,,,329.6499938964844,339.0299987792969,4944.749908447266,5080.3645317077635,135.61462326049786,2.7425982258237838,-850.9258423461906,546.9106679687502
2025-08-11 00:00:00-04:00,NVDA,BUY,27,182.05999755859375,4920.535554016113,Strong upward momentum detected. Algorithm confidence: 35%. Good entry point for potential gains.,BUY: Momentum entry Q=0.354 >= 0.35,40363.944723556604,27.0,182.05999755859375,,,,,,,,546.9106679687502
2025-08-12 00:00:00-04:00,AAPL,BUY,21,229.64999389648438,4827.472521697998,Strong upward momentum detected. Algorithm confidence: 53%. Good entry point for potential gains.,BUY: Momentum entry Q=0.529 >= 0.35,35536.4722018586,21.0,229.64999389648438,,,,,,,,546.9106679687502
2025-08-12 00:00:00-04:00,MSFT,BUY,9,528.3713989257812,4760.097932922363,Strong upward momentum detected. Algorithm confidence: 63%. Good entry point for potential gains.,BUY: Momentum entry Q=0.631 >= 0.35,30776.37426893624,9.0,528.3713989257812,,,,,,,,546.9106679687502
2025-08-12 00:00:00-04:00,GOOGL,SELL,24,,,"AI model detects potential price peak. Taking profits ($51.23, 1.1%).","SELL: ML profit peak ML=0.421, P&L=$56.11",35647.2975421296,,,200.8203887939453,203.15829467773438,4819.6893310546875,4870.92327319336,51.23394213867232,1.0630133732594929,563.968216293335,598.1446101074225
2025-08-12 00:00:00-04:00,TSLA,BUY,14,340.8399963378906,4776.531708679198,Strong upward momentum detected. Algorithm confidence: 56%. Good entry point for potential gains.,BUY: Momentum entry Q=0.561 >= 0.35,30870.7658334504,14.0,340.8399963378906,,,,,,,,598.1446101074225
2025-08-12 00:00:00-04:00,NVDA,SELL,27,,,"AI model detects potential price peak. Taking profits ($24.75, 0.5%).","SELL: ML profit peak ML=0.518, P&L=$29.70",35811.140612228475,,,182.05999755859375,183.16000366210938,4915.619934082031,4940.374778778076,24.75484469604453,0.5035955795607574,667.7857588806137,622.899454803467
2025-08-13 00:00:00-04:00,AAPL,SELL,21,,,"AI model detects potential price peak. Taking profits ($72.38, 1.5%).","SELL: ML profit peak ML=0.525, P&L=$77.28",40706.17072064217,,,229.64999389648438,233.3300018310547,4822.649871826172,4895.030108413696,72.38023658752445,1.500839549028189,-5.289331756591309,695.2796913909915
2025-08-13 00:00:00-04:00,GOOGL,BUY,24,201.779541015625,4847.551693359374,Strong upward momentum detected. Algorithm confidence: 71%. Good entry point for potential gains.,BUY: Momentum entry Q=0.713 >= 0.35,35858.619027282795,24.0,201.779541015625,,,,,,,,695.2796913909915
2025-08-13 00:00:00-04:00,TSLA,SELL,14,,,"Algorithm confidence dropped. Exiting position to preserve capital ($-25.19, -0.5%).",SELL: Conviction lost Q=0.169 <= 0.3,40605.18777557381,,,340.8399963378906,339.3800048828125,4771.759948730469,4746.568748291015,-25.191200439453496,-0.527922626245179,-876.1170427856441,670.088490951538
2025-08-13 00:00:00-04:00,NVDA,BUY,27,181.58999633789062,4907.8328310241695,Strong upward momentum detected. Algorithm confidence: 66%. Good entry point for potential gains.,BUY: Momentum entry Q=0.659 >= 0.35,35697.35494454964,27.0,181.58999633789062,,,,,,,,670.088490951538
2025-08-14 00:00:00-04:00,AAPL,BUY,21,232.77999877929688,4893.268354339599,Strong upward momentum detected. Algorithm confidence: 62%. Good entry point for potential gains.,BUY: Momentum entry Q=0.619 >= 0.35,30804.08659021004,21.0,232.77999877929688,,,,,,,,670.088490951538
2025-08-14 00:00:00-04:00,MSFT,SELL,9,,,"End of trading session - closing all positions ($-65.43, -1.4%).",FORCED EXIT: Held for 48.0 hours (max: 48),35493.99446575936,,,528.3713989257812,521.6224975585938,4755.342590332031,4689.9078755493165,-65.43471478271476,-1.3760252503310373,254.30617553711,604.6537761688232
2025-08-14 00:00:00-04:00,GOOGL,SELL,24,,,"AI model detects potential price peak. Taking profits ($18.63, 0.4%).","SELL: ML profit peak ML=0.476, P&L=$23.50",40355.33589971932,,,201.779541015625,202.75865173339844,4842.708984375,4861.341433959961,18.63244958496125,0.38475261769969754,582.6006658782962,623.2862257537845
2025-08-14 00:00:00-04:00,TSLA,BUY,14,335.5799865722656,4702.81793182373,Strong upward momentum detected. Algorithm confidence: 70%. Good entry point for potential gains.,BUY: Momentum entry Q=0.702 >= 0.35,35652.51796789559,14.0,335.5799865722656,,,,,,,,623.2862257537845
2025-08-14 00:00:00-04:00,NVDA,SELL,27,,,"AI model detects potential price peak. Taking profits ($6.70, 0.1%).","SELL: ML profit peak ML=0.546, P&L=$11.61",40562.14354313668,,,181.58999633789062,182.02000427246094,4902.929901123047,4909.625575241089,6.695674118042007,0.13656475317969202,674.4814329986557,629.9818998718265
2025-08-15 00:00:00-04:00,MSFT,BUY,9,519.3162841796875,4678.520404174804,Strong upward momentum detected. Algorithm confidence: 65%. Good entry point for potential gains.,BUY: Momentum entry Q=0.649 >= 0.35,35883.62313896188,9.0,519.3162841796875,,,,,,,,629.9818998718265
2025-08-15 00:00:00-04:00,GOOGL,BUY,24,203.71778869628906,4894.116155639648,Strong upward momentum detected. Algorithm confidence: 61%. Good entry point for potential gains.,BUY: Momentum entry Q=0.612 >= 0.35,30989.50698332223,24.0,203.71778869628906,,,,,,,,629.9818998718265
2025-08-15 00:00:00-04:00,NVDA,BUY,27,180.4499969482422,4877.022067520141,Strong upward momentum detected. Algorithm confidence: 59%. Good entry point for potential gains.,BUY: Momentum entry Q=0.589 >= 0.35,26112.484915802088,27.0,180.4499969482422,,,,,,,,629.9818998718265
2025-08-18 00:00:00-04:00,AAPL,SELL,21,,,"End of trading session - closing all positions ($-44.54, -0.9%).",FORCED EXIT: Held for 96.0 hours (max: 48),30956.326212997523,,,232.77999877929688,230.88999938964844,4888.379974365234,4843.841297195435,-44.538677169799485,-0.911113240037829,-49.828008926390794,585.443222702027
2025-08-18 00:00:00-04:00,MSFT,SELL,9,,,"End of trading session - closing all positions ($-32.23, -0.7%).",FORCED EXIT: Held for 72.0 hours (max: 48),35597.94148710641,,,519.3162841796875,516.2512817382812,4673.8465576171875,4641.615274108886,-32.2312835083012,-0.6896093637428548,222.0748920288088,553.2119391937258
2025-08-18 00:00:00-04:00,GOOGL,SELL,24,,,"End of trading session - closing all positions ($-14.47, -0.3%).",FORCED EXIT: Held for 72.0 hours (max: 48),40472.69771549996,,,203.71778869628906,203.3181610107422,4889.2269287109375,4874.756228393555,-14.47070031738258,-0.29597113262234753,568.1299655609137,538.7412388763432
2025-08-18 00:00:00-04:00,TSLA,SELL,14,,,"End of trading session - closing all positions ($-10.57, -0.2%).",FORCED EXIT: Held for 96.0 hours (max: 48),45160.24552671822,,,335.5799865722656,335.1600036621094,4698.119812011719,4687.547811218262,-10.572000793456937,-0.2250262065779468,-886.689043579101,528.1692380828863
2025-08-18 00:00:00-04:00,NVDA,SELL,27,,,"End of trading session - closing all positions ($37.21, 0.8%).",FORCED EXIT: Held for 72.0 hours (max: 48),50069.60110855111,,,180.4499969482422,182.00999450683594,4872.149917602539,4909.355581832886,37.20566423034688,0.7636395607599621,711.6870972290026,565.3749023132332
2025-08-19 00:00:00-04:00,AAPL,BUY,21,230.55999755859375,4846.601708679199,Strong upward momentum detected. Algorithm confidence: 39%. Good entry point for potential gains.,BUY: Momentum entry Q=0.388 >= 0.35,45222.999399871915,21.0,230.55999755859375,,,,,,,,565.3749023132332
2025-08-19 00:00:00-04:00,MSFT,BUY,9,508.933349609375,4584.980546630859,Strong upward momentum detected. Algorithm confidence: 49%. Good entry point for potential gains.,BUY: Momentum entry Q=0.489 >= 0.35,40638.018853241054,9.0,508.933349609375,,,,,,,,565.3749023132332
2025-08-19 00:00:00-04:00,GOOGL,BUY,24,201.389892578125,4838.190779296874,Strong upward momentum detected. Algorithm confidence: 70%. Good entry point for potential gains.,BUY: Momentum entry Q=0.700 >= 0.35,35799.82807394418,24.0,201.389892578125,,,,,,,,565.3749023132332
2025-08-19 00:00:00-04:00,TSLA,BUY,15,329.30999755859375,4944.589613342285,Strong upward momentum detected. Algorithm confidence: 64%. Good entry point for potential gains.,BUY: Momentum entry Q=0.640 >= 0.35,30855.238460601897,15.0,329.30999755859375,,,,,,,,565.3749023132332
2025-08-19 00:00:00-04:00,NVDA,BUY,28,175.63999938964844,4922.837902893066,Strong upward momentum detected. Algorithm confidence: 55%. Good entry point for potential gains.,BUY: Momentum entry Q=0.550 >= 0.35,25932.400557708832,28.0,175.63999938964844,,,,,,,,565.3749023132332
2025-08-21 00:00:00-04:00,AAPL,SELL,21,,,"End of trading session - closing all positions ($-123.58, -2.6%).",FORCED EXIT: Held for 48.0 hours (max: 48),30650.577529663176,,,230.55999755859375,224.89999389648438,4841.759948730469,4718.176971954345,-123.58297677612336,-2.5524391561074267,-173.41098570251415,441.7919255371098
2025-08-21 00:00:00-04:00,MSFT,SELL,9,,,"End of trading session - closing all positions ($-46.78, -1.0%).",FORCED EXIT: Held for 48.0 hours (max: 48),35184.19928186044,,,508.933349609375,504.239990234375,4580.400146484375,4533.621752197266,-46.77839428710922,-1.021273093858696,175.29649774169957,395.0135312500006
2025-08-21 00:00:00-04:00,GOOGL,SELL,24,,,"End of trading session - closing all positions ($-48.43, -1.0%).",FORCED EXIT: Held for 48.0 hours (max: 48),39969.12563024911,,,201.389892578125,199.57150268554688,4833.357421875,4784.926348388672,-48.43107348632839,-1.0020172161722847,519.6988920745853,346.5824577636722
2025-08-21 00:00:00-04:00,TSLA,SELL,15,,,"End of trading session - closing all positions ($-142.80, -2.9%).",FORCED EXIT: Held for 48.0 hours (max: 48),44765.97376074227,,,329.30999755859375,320.1099853515625,4939.649963378906,4796.848130493164,-142.80183288574244,-2.890930206480878,-1029.4908764648435,203.78062487792977
2025-08-21 00:00:00-04:00,NVDA,SELL,28,,,"End of trading session - closing all positions ($-23.38, -0.5%).",FORCED EXIT: Held for 48.0 hours (max: 48),49660.514201232996,,,175.63999938964844,174.97999572753906,4917.919982910156,4894.540440490723,-23.379542419433164,-0.47539493323757637,688.3075548095694,180.4010824584966
2025-08-22 00:00:00-04:00,MSFT,BUY,9,507.2300109863281,4569.635168975829,Strong upward momentum detected. Algorithm confidence: 84%. Good entry point for potential gains.,BUY: Momentum entry Q=0.838 >= 0.35,45090.879032257166,9.0,507.2300109863281,,,,,,,,180.4010824584966
2025-08-22 00:00:00-04:00,GOOGL,BUY,24,205.9058380126953,4946.681852416991,Strong upward momentum detected. Algorithm confidence: 39%. Good entry point for potential gains.,BUY: Momentum entry Q=0.394 >= 0.35,40144.19717984017,24.0,205.9058380126953,,,,,,,,180.4010824584966
2025-08-22 00:00:00-04:00,TSLA,BUY,14,340.010009765625,4764.900276855468,Strong upward momentum detected. Algorithm confidence: 61%. Good entry point for potential gains.,BUY: Momentum entry Q=0.608 >= 0.35,35379.2969029847,14.0,340.010009765625,,,,,,,,180.4010824584966
2025-08-22 00:00:00-04:00,NVDA,BUY,28,177.99000549316406,4988.703873962402,Strong upward momentum detected. Algorithm confidence: 50%. Good entry point for potential gains.,BUY: Momentum entry Q=0.496 >= 0.35,30390.593029022297,28.0,177.99000549316406,,,,,,,,180.4010824584966
2025-08-25 00:00:00-04:00,AAPL,BUY,22,227.16000366210938,5002.517600646972,Strong upward momentum detected. Algorithm confidence: 36%. Good entry point for potential gains.,BUY: Momentum entry Q=0.357 >= 0.35,25388.075428375327,22.0,227.16000366210938,,,,,,,,180.4010824584966
2025-08-25 00:00:00-04:00,MSFT,SELL,9,,,"End of trading session - closing all positions ($-31.27, -0.7%).",FORCED EXIT: Held for 72.0 hours (max: 48),29921.87717617806,,,507.2300109863281,504.260009765625,4565.070098876953,4533.801747802734,-31.268351074219026,-0.6849478846318551,144.02814666748054,149.13273138427758
2025-08-25 00:00:00-04:00,GOOGL,SELL,24,,,"End of trading session - closing all positions ($52.55, 1.1%).",FORCED EXIT: Held for 72.0 hours (max: 48),34916.166583770835,,,205.9058380126953,208.30369567871094,4941.7401123046875,4994.289407592773,52.54929528808589,1.0633763430262297,572.2481873626712,201.68202667236346
2025-08-25 00:00:00-04:00,TSLA,SELL,14,,,"End of trading session - closing all positions ($87.41, 1.8%).",FORCED EXIT: Held for 72.0 hours (max: 48),39763.7142691346,,,340.010009765625,346.6000061035156,4760.14013671875,4847.547685363769,87.40754864501923,1.8362389789908753,-942.0833278198243,289.0895753173827
2025-08-25 00:00:00-04:00,NVDA,SELL,28,,,"End of trading session - closing all positions ($45.93, 0.9%).",FORCED EXIT: Held for 72.0 hours (max: 48),44793.35952084359,,,177.99000549316406,179.80999755859375,4983.720153808594,5029.645251708985,45.92509790039094,0.9215023412840438,734.2326527099603,335.01467321777363
2025-08-26 00:00:00-04:00,AAPL,SELL,22,,,"AI model detects potential price peak. Taking profits ($42.26, 0.8%).","SELL: ML profit peak ML=0.718, P&L=$47.30",49833.13464718636,,,227.16000366210938,229.30999755859375,4997.520080566406,5039.775126342774,42.2550457763673,0.845520279962101,-131.15593992614686,377.26971899414093
2025-08-26 00:00:00-04:00,MSFT,BUY,9,502.0400085449219,4522.878436981201,Strong upward momentum detected. Algorithm confidence: 58%. Good entry point for potential gains.,BUY: Momentum entry Q=0.576 >= 0.35,45310.25621020516,9.0,502.0400085449219,,,,,,,,377.26971899414093
2025-08-26 00:00:00-04:00,TSLA,BUY,14,351.6700134277344,4928.303568176269,Strong upward momentum detected. Algorithm confidence: 57%. Good entry point for potential gains.,BUY: Momentum entry Q=0.573 >= 0.35,40381.95264202889,14.0,351.6700134277344,,,,,,,,377.26971899414093
2025-08-26 00:00:00-04:00,NVDA,BUY,27,181.77000427246094,4912.697905471801,Strong upward momentum detected. Algorithm confidence: 62%. Good entry point for potential gains.,BUY: Momentum entry Q=0.621 >= 0.35,35469.254736557086,27.0,181.77000427246094,,,,,,,,377.26971899414093
2025-08-27 00:00:00-04:00,AAPL,BUY,21,230.49000549316406,4845.130405471801,Strong upward momentum detected. Algorithm confidence: 61%. Good entry point for potential gains.,BUY: Momentum entry Q=0.606 >= 0.35,30624.124331085284,21.0,230.49000549316406,,,,,,,,377.26971899414093
2025-08-27 00:00:00-04:00,MSFT,SELL,9,,,"AI model detects potential price peak. Taking profits ($37.74, 0.8%).","SELL: ML profit peak ML=0.488, P&L=$42.30",35180.22358328255,,,502.0400085449219,506.739990234375,4518.360076904297,4556.099252197266,37.739175292968866,0.8352405441494922,181.7673219604494,415.0088942871098
2025-08-27 00:00:00-04:00,GOOGL,BUY,24,207.29458618164062,4980.045138427734,Strong upward momentum detected. Algorithm confidence: 40%. Good entry point for potential gains.,BUY: Momentum entry Q=0.395 >= 0.35,30200.17844485482,24.0,207.29458618164062,,,,,,,,415.0088942871098
2025-08-28 00:00:00-04:00,AAPL,SELL,21,,,"AI model detects potential price peak. Taking profits ($38.59, 0.8%).","SELL: ML profit peak ML=0.697, P&L=$43.47",35079.05463363656,,,230.49000549316406,232.55999755859375,4840.290115356445,4878.876188781738,38.58607342529285,0.7971851377848933,-92.569866500854,453.59496771240265
2025-08-28 00:00:00-04:00,MSFT,BUY,9,509.6400146484375,4591.3468919677725,Strong upward momentum detected. Algorithm confidence: 38%. Good entry point for potential gains.,BUY: Momentum entry Q=0.380 >= 0.35,30487.707741668786,9.0,509.6400146484375,,,,,,,,453.59496771240265
2025-08-28 00:00:00-04:00,GOOGL,SELL,24,,,"Exit signal triggered. Closing position with profit ($94.68, 1.9%).",SELL: Swing trade profit 2.0% >= 2.0% (24.0h),35557.454087493985,,,207.29458618164062,211.4508819580078,4975.070068359375,5069.746345825195,94.67627746582002,1.9030139508576076,666.9244648284912,548.2712451782227
2025-08-28 00:00:00-04:00,TSLA,SELL,14,,,"End of trading session - closing all positions ($-84.50, -1.7%).",FORCED EXIT: Held for 48.0 hours (max: 48),40396.33052114877,,,351.6700134277344,345.9800109863281,4923.380187988281,4838.876433654785,-84.50375433349654,-1.7163767799135823,-1026.5870821533208,463.7674908447261
2025-08-28 00:00:00-04:00,NVDA,SELL,27,,,"End of trading session - closing all positions ($-48.06, -1.0%).",FORCED EXIT: Held for 48.0 hours (max: 48),45256.05588175973,,,181.77000427246094,180.1699981689453,4907.790115356445,4859.725360610962,-48.0647547454837,-0.9793563623491024,686.1678979644767,415.70273609924243
2025-08-29 00:00:00-04:00,AAPL,BUY,21,232.13999938964844,4879.814927169799,Strong upward momentum detected. Algorithm confidence: 57%. Good entry point for potential gains.,BUY: Momentum entry Q=0.566 >= 0.35,40376.24095458993,21.0,232.13999938964844,,,,,,,,415.70273609924243
2025-08-29 00:00:00-04:00,MSFT,SELL,9,,,"Algorithm confidence dropped. Exiting position to preserve capital ($-31.11, -0.7%).",SELL: Conviction lost Q=0.227 <= 0.3,44931.890766540615,,,509.6400146484375,506.69000244140625,4586.7601318359375,4555.649811950683,-31.110319885254285,-0.678263501710559,150.65700207519512,384.59241621398814
2025-08-29 00:00:00-04:00,GOOGL,BUY,23,212.71974182128906,4897.446615951538,Strong upward momentum detected. Algorithm confidence: 45%. Good entry point for potential gains.,BUY: Momentum entry Q=0.448 >= 0.35,40034.44415058908,23.0,212.71974182128906,,,,,,,,384.59241621398814
2025-08-29 00:00:00-04:00,TSLA,BUY,14,333.8699951171875,4678.8541115722655,Strong upward momentum detected. Algorithm confidence: 58%. Good entry point for potential gains.,BUY: Momentum entry Q=0.579 >= 0.35,35355.59003901681,14.0,333.8699951171875,,,,,,,,384.59241621398814
2025-08-29 00:00:00-04:00,NVDA,BUY,28,174.17999267578125,4881.916834716796,Strong upward momentum detected. Algorithm confidence: 59%. Good entry point for potential gains.,BUY: Momentum entry Q=0.591 >= 0.35,30473.673204300016,28.0,174.17999267578125,,,,,,,,384.59241621398814
2025-09-02 00:00:00-04:00,AAPL,SELL,21,,,"End of trading session - closing all positions ($-55.64, -1.1%).",FORCED EXIT: Held for 96.0 hours (max: 48),35292.96910990914,,,232.13999938964844,229.72000122070312,4874.939987182617,4819.295905609131,-55.64408157348589,-1.1414311093016014,-148.2139480743399,328.94833464050225
2025-09-02 00:00:00-04:00,MSFT,BUY,9,505.1199951171875,4550.626036010742,Strong upward momentum detected. Algorithm confidence: 56%. Good entry point for potential gains.,BUY: Momentum entry Q=0.564 >= 0.35,30742.343073898403,9.0,505.1199951171875,,,,,,,,328.94833464050225
2025-09-02 00:00:00-04:00,GOOGL,SELL,23,,,"End of trading session - closing all positions ($-40.70, -0.8%).",FORCED EXIT: Held for 96.0 hours (max: 48),35594.19277313241,,,212.71974182128906,211.16114807128906,4892.554061889648,4851.849699234009,-40.70436265563967,-0.8319655161851895,626.2201021728515,288.2439719848626
2025-09-02 00:00:00-04:00,TSLA,SELL,14,,,"End of trading session - closing all positions ($-67.75, -1.4%).",FORCED EXIT: Held for 96.0 hours (max: 48),40200.62152825936,,,333.8699951171875,329.3599853515625,4674.179931640625,4606.428755126954,-67.75117651367145,-1.4494772880917095,-1094.3382586669923,220.49279547119113
2025-09-02 00:00:00-04:00,NVDA,SELL,28,,,"End of trading session - closing all positions ($-99.98, -2.1%).",FORCED EXIT: Held for 96.0 hours (max: 48),44977.679654113854,,,174.17999267578125,170.77999877929688,4877.039794921875,4777.058125854493,-99.98166906738243,-2.0500482520459733,586.1862288970942,120.5111264038087
2025-09-03 00:00:00-04:00,AAPL,BUY,20,238.47000122070312,4774.169424438476,Strong upward momentum detected. Algorithm confidence: 64%. Good entry point for potential gains.,BUY: Momentum entry Q=0.644 >= 0.35,40203.510229675376,20.0,238.47000122070312,,,,,,,,120.5111264038087
2025-09-03 00:00:00-04:00,MSFT,SELL,9,,,"AI model detects potential price peak. Taking profits ($-2.48, -0.1%).","SELL: ML profit peak ML=0.628, P&L=$2.07",44747.11213455209,,,505.1199951171875,505.3500061035156,4546.0799560546875,4543.601904876709,-2.478051177978159,-0.054509625917990544,148.17895089721696,118.03307522583054
2025-09-03 00:00:00-04:00,GOOGL,BUY,21,230.45388793945312,4844.371178375243,Strong upward momentum detected. Algorithm confidence: 41%. Good entry point for potential gains.,BUY: Momentum entry Q=0.408 >= 0.35,39902.74095617684,21.0,230.45388793945312,,,,,,,,118.03307522583054
2025-09-03 00:00:00-04:00,TSLA,BUY,14,334.0899963378906,4681.937208679199,Strong upward momentum detected. Algorithm confidence: 56%. Good entry point for potential gains.,BUY: Momentum entry Q=0.561 >= 0.35,35220.803747497645,14.0,334.0899963378906,,,,,,,,118.03307522583054
2025-09-03 00:00:00-04:00,NVDA,BUY,29,170.6199951171875,4952.9278382568355,Strong upward momentum detected. Algorithm confidence: 57%. Good entry point for potential gains.,BUY: Momentum entry Q=0.569 >= 0.35,30267.875909240807,29.0,170.6199951171875,,,,,,,,118.03307522583054
2025-09-04 00:00:00-04:00,AAPL,SELL,20,,,"AI model detects potential price peak. Taking profits ($21.40, 0.4%).","SELL: ML profit peak ML=0.827, P&L=$26.20",35058.68028485116,,,238.47000122070312,239.77999877929688,4769.4000244140625,4790.804375610352,21.4043511962891,0.4487849852543811,-126.8095968780508,139.43742642211964
2025-09-04 00:00:00-04:00,MSFT,BUY,9,507.9700012207031,4576.301740997314,Strong upward momentum detected. Algorithm confidence: 35%. Good entry point for potential gains.,BUY: Momentum entry Q=0.354 >= 0.35,30482.378543853843,9.0,507.9700012207031,,,,,,,,139.43742642211964
2025-09-04 00:00:00-04:00,GOOGL,SELL,21,,,"AI model detects potential price peak. Taking profits ($29.54, 0.6%).","SELL: ML profit peak ML=0.491, P&L=$34.41",35351.445475174034,,,230.45388793945312,232.09242248535156,4839.531646728516,4869.066931320191,29.53528459167501,0.6102922089917652,655.7553867645265,168.97271101379465
2025-09-04 00:00:00-04:00,TSLA,SELL,14,,,"AI model detects potential price peak. Taking profits ($57.42, 1.2%).","SELL: ML profit peak ML=0.655, P&L=$62.16",40086.12603810128,,,334.0899963378906,338.5299987792969,4677.259948730469,4734.680562927246,57.420614196777024,1.2276549694947463,-1036.9176444702152,226.39332521057167
2025-09-04 00:00:00-04:00,NVDA,SELL,29,,,"AI model detects potential price peak. Taking profits ($25.18, 0.5%).","SELL: ML profit peak ML=0.991, P&L=$30.16",45059.288004196256,,,170.6199951171875,171.66000366210938,4947.9798583984375,4973.161966094971,25.18210769653342,0.5089371504572852,611.3683365936276,251.5754329071051
2025-09-05 00:00:00-04:00,AAPL,BUY,20,239.69000244140625,4798.5938488769525,Strong upward momentum detected. Algorithm confidence: 65%. Good entry point for potential gains.,BUY: Momentum entry Q=0.647 >= 0.35,40260.6941553193,20.0,239.69000244140625,,,,,,,,251.5754329071051
2025-09-05 00:00:00-04:00,MSFT,SELL,9,,,"Stop loss triggered to limit losses. Protecting capital ($-121.19, -2.7%).",SELL: Stop loss 2.6% >= 2.0%,44711.2391553193,,,507.9700012207031,495.0,4571.730010986328,4450.545,-121.18501098632805,-2.6507473253037306,26.993939910888912,130.39042192077704
2025-09-05 00:00:00-04:00,GOOGL,BUY,21,234.79000854492188,4935.520769622803,Strong upward momentum detected. Algorithm confidence: 40%. Good entry point for potential gains.,BUY: Momentum entry Q=0.403 >= 0.35,39775.7183856965,21.0,234.79000854492188,,,,,,,,130.39042192077704
2025-09-05 00:00:00-04:00,TSLA,BUY,14,350.8399963378906,4916.671708679199,Strong upward momentum detected. Algorithm confidence: 56%. Good entry point for potential gains.,BUY: Momentum entry Q=0.565 >= 0.35,34859.0466770173,14.0,350.8399963378906,,,,,,,,130.39042192077704
2025-09-05 00:00:00-04:00,NVDA,BUY,29,167.02000427246094,4848.423704025268,Strong upward momentum detected. Algorithm confidence: 51%. Good entry point for potential gains.,BUY: Momentum entry Q=0.512 >= 0.35,30010.62297299203,29.0,167.02000427246094,,,,,,,,130.39042192077704
2025-09-08 00:00:00-04:00,AAPL,SELL,20,,,"End of trading session - closing all positions ($-40.96, -0.9%).",FORCED EXIT: Held for 72.0 hours (max: 48),34763.465470550625,,,239.69000244140625,237.8800048828125,4793.800048828125,4752.842497558594,-40.957551269530995,-0.8543858912000999,-167.7671481475818,89.43287065124605
2025-09-08 00:00:00-04:00,MSFT,BUY,10,498.20001220703125,4986.982122192382,Strong upward momentum detected. Algorithm confidence: 45%. Good entry point for potential gains.,BUY: Momentum entry Q=0.454 >= 0.35,29776.483348358244,10.0,498.20001220703125,,,,,,,,89.43287065124605
2025-09-08 00:00:00-04:00,GOOGL,SELL,21,,,"End of trading session - closing all positions ($-20.67, -0.4%).",FORCED EXIT: Held for 72.0 hours (max: 48),34686.408367508026,,,234.79000854492188,234.0399932861328,4930.590179443359,4909.92501914978,-20.665160293578992,-0.4191214345847741,635.0902264709475,68.76771035766706
2025-09-08 00:00:00-04:00,TSLA,SELL,14,,,"End of trading session - closing all positions ($-67.01, -1.4%).",FORCED EXIT: Held for 72.0 hours (max: 48),39531.158682144254,,,350.8399963378906,346.3999938964844,4911.759948730469,4844.7503146362305,-67.00963409423821,-1.3642693208481826,-1103.9272785644534,1.7580762634288476
2025-09-08 00:00:00-04:00,NVDA,SELL,29,,,"End of trading session - closing all positions ($32.53, 0.7%).",FORCED EXIT: Held for 72.0 hours (max: 48),44407.26762141427,,,167.02000427246094,168.30999755859375,4843.580123901367,4876.10893927002,32.52881536865243,0.6715861931989965,643.8971519622801,34.28689163208128
