date,symbol,action,shares,price,cost,reason,technical_reason,cash_after,total_position,avg_price,buy_price,sell_price,cost_basis,proceeds,pnl,pnl_pct,cumulative_pnl,running_total_pnl
2025-06-11 00:00:00-04:00,AAPL,BUY,25,198.55465698242188,4968.830290985107,Strong upward momentum detected. Algorithm confidence: 38%. Good entry point for potential gains.,BUY: Momentum entry Q=0.380 >= 0.35,95031.1697090149,25.0,198.55465698242188,,,,,,,,0.0
2025-06-11 00:00:00-04:00,MSFT,BUY,10,471.8443298339844,4723.161741638183,Strong upward momentum detected. Algorithm confidence: 40%. Good entry point for potential gains.,BUY: Momentum entry Q=0.401 >= 0.35,90308.00796737672,10.0,471.8443298339844,,,,,,,,0.0
2025-06-11 00:00:00-04:00,GOOGL,BUY,28,177.1915283203125,4966.324155761718,Strong upward momentum detected. Algorithm confidence: 37%. Good entry point for potential gains.,BUY: Momentum entry Q=0.367 >= 0.35,85341.683811615,28.0,177.1915283203125,,,,,,,,0.0
2025-06-11 00:00:00-04:00,TSLA,BUY,15,326.42999267578125,4901.346340026855,Strong upward momentum detected. Algorithm confidence: 40%. Good entry point for potential gains.,BUY: Momentum entry Q=0.402 >= 0.35,80440.33747158815,15.0,326.42999267578125,,,,,,,,0.0
2025-06-11 00:00:00-04:00,NVDA,BUY,35,142.8300018310547,5004.049114151,Strong upward momentum detected. Algorithm confidence: 48%. Good entry point for potential gains.,BUY: Momentum entry Q=0.484 >= 0.35,75436.28835743715,35.0,142.8300018310547,,,,,,,,0.0
2025-06-12 00:00:00-04:00,AAPL,SELL,25,,,"AI model detects potential price peak. Taking profits ($5.51, 0.1%).","SELL: ML profit peak ML=0.361, P&L=$10.49",80405.66855610658,,,198.55465698242188,198.97418212890625,4963.866424560547,4969.380198669433,5.513774108886537,0.11107821277391995,5.513774108886537,5.513774108886537
2025-06-12 00:00:00-04:00,MSFT,SELL,10,,,"AI model detects potential price peak. Taking profits ($57.62, 1.2%).","SELL: ML profit peak ML=0.479, P&L=$62.40",85181.72847462464,,,471.8443298339844,478.0840759277344,4718.443298339844,4776.059918518066,57.61662017822255,1.2210938340298507,57.61662017822255,63.130394287109084
2025-06-12 00:00:00-04:00,TSLA,SELL,15,,,"Stop loss triggered to limit losses. Protecting capital ($-114.59, -2.3%).",SELL: Stop loss 2.2% >= 2.0%,89963.5916051178,,,326.42999267578125,319.1099853515625,4896.449890136719,4781.863130493164,-114.58675964355461,-2.3402008029199934,-114.58675964355461,-51.45636535644553
2025-06-12 00:00:00-04:00,NVDA,SELL,35,,,"AI model detects potential price peak. Taking profits ($70.87, 1.4%).","SELL: ML profit peak ML=0.513, P&L=$75.95",95033.51660511781,,,142.8300018310547,145.0,4999.050064086914,5069.925,70.87493591308612,1.4177680760240907,70.87493591308612,19.41857055664059
2025-06-13 00:00:00-04:00,AAPL,BUY,25,196.227294921875,4910.588055419921,Strong upward momentum detected. Algorithm confidence: 41%. Good entry point for potential gains.,BUY: Momentum entry Q=0.410 >= 0.35,90122.92854969788,25.0,196.227294921875,,,,,,,,19.41857055664059
2025-06-13 00:00:00-04:00,MSFT,BUY,10,474.18048095703125,4746.546614379882,Strong upward momentum detected. Algorithm confidence: 57%. Good entry point for potential gains.,BUY: Momentum entry Q=0.568 >= 0.35,85376.381935318,10.0,474.18048095703125,,,,,,,,19.41857055664059
2025-06-13 00:00:00-04:00,GOOGL,SELL,28,,,"End of trading session - closing all positions ($-79.86, -1.6%).",FORCED EXIT: Held for 48.0 hours (max: 48),90257.88519410706,,,177.1915283203125,174.513916015625,4961.36279296875,4881.503258789063,-79.85953417968722,-1.6096289973566185,-79.85953417968722,-60.44096362304663
2025-06-13 00:00:00-04:00,TSLA,BUY,15,325.30999755859375,4884.529613342284,Strong upward momentum detected. Algorithm confidence: 38%. Good entry point for potential gains.,BUY: Momentum entry Q=0.381 >= 0.35,85373.35558076478,15.0,325.30999755859375,,,,,,,,-60.44096362304663
2025-06-13 00:00:00-04:00,NVDA,BUY,35,141.97000122070312,4973.918992767333,Strong upward momentum detected. Algorithm confidence: 58%. Good entry point for potential gains.,BUY: Momentum entry Q=0.576 >= 0.35,80399.43658799745,35.0,141.97000122070312,,,,,,,,-60.44096362304663
2025-06-16 00:00:00-04:00,AAPL,SELL,25,,,"End of trading session - closing all positions ($44.24, 0.9%).",FORCED EXIT: Held for 72.0 hours (max: 48),85349.35842027284,,,196.227294921875,198.195068359375,4905.682373046875,4949.92183227539,44.23945922851544,0.90180031776168,49.75323333740198,-16.201504394531185
2025-06-16 00:00:00-04:00,MSFT,SELL,10,,,"End of trading session - closing all positions ($36.95, 0.8%).",FORCED EXIT: Held for 72.0 hours (max: 48),90128.11126084901,,,474.18048095703125,478.3536376953125,4741.8048095703125,4778.752840576172,36.948031005859775,0.7791976365473359,94.56465118408232,20.74652661132859
2025-06-16 00:00:00-04:00,GOOGL,BUY,28,176.61204528808594,4950.082405334472,Strong upward momentum detected. Algorithm confidence: 42%. Good entry point for potential gains.,BUY: Momentum entry Q=0.421 >= 0.35,85178.02885551454,28.0,176.61204528808594,,,,,,,,20.74652661132859
2025-06-16 00:00:00-04:00,TSLA,SELL,15,,,"End of trading session - closing all positions ($52.36, 1.1%).",FORCED EXIT: Held for 72.0 hours (max: 48),90110.04197868348,,,325.30999755859375,329.1300048828125,4879.649963378906,4932.013123168946,52.36315979003939,1.0730925411252368,-62.223599853515225,73.10968640136798
2025-06-16 00:00:00-04:00,NVDA,SELL,35,,,"End of trading session - closing all positions ($90.14, 1.8%).",FORCED EXIT: Held for 72.0 hours (max: 48),95169.12791404725,,,141.97000122070312,144.69000244140625,4968.950042724609,5059.08593536377,90.13589263916037,1.813982669661465,161.0108285522465,163.24557904052836
2025-06-17 00:00:00-04:00,AAPL,BUY,25,195.418212890625,4890.34077758789,Strong upward momentum detected. Algorithm confidence: 45%. Good entry point for potential gains.,BUY: Momentum entry Q=0.453 >= 0.35,90278.78713645936,25.0,195.418212890625,,,,,,,,163.24557904052836
2025-06-17 00:00:00-04:00,MSFT,BUY,10,477.25543212890625,4777.326875610351,Strong upward momentum detected. Algorithm confidence: 55%. Good entry point for potential gains.,BUY: Momentum entry Q=0.552 >= 0.35,85501.46026084901,10.0,477.25543212890625,,,,,,,,163.24557904052836
2025-06-17 00:00:00-04:00,GOOGL,SELL,28,,,"Algorithm confidence dropped. Exiting position to preserve capital ($-27.86, -0.6%).",SELL: Conviction lost Q=0.285 <= 0.3,90418.73563407898,,,176.61204528808594,175.7927703857422,4945.137268066406,4917.275373229981,-27.861894836425563,-0.5634200493552693,-107.72142901611278,135.3836842041028
2025-06-17 00:00:00-04:00,TSLA,BUY,15,316.3500061035156,4749.995341644287,Strong upward momentum detected. Algorithm confidence: 42%. Good entry point for potential gains.,BUY: Momentum entry Q=0.415 >= 0.35,85668.7402924347,15.0,316.3500061035156,,,,,,,,135.3836842041028
2025-06-17 00:00:00-04:00,NVDA,BUY,34,144.1199951171875,4904.979913818359,Strong upward momentum detected. Algorithm confidence: 55%. Good entry point for potential gains.,BUY: Momentum entry Q=0.552 >= 0.35,80763.76037861634,34.0,144.1199951171875,,,,,,,,135.3836842041028
2025-06-18 00:00:00-04:00,AAPL,SELL,25,,,"AI model detects potential price peak. Taking profits ($18.56, 0.4%).","SELL: ML profit peak ML=0.529, P&L=$23.47",85667.78013035584,,,195.418212890625,196.35714721679688,4885.455322265625,4904.019751739502,18.56442947387677,0.37999384395695457,68.31766281127875,153.94811367797956
2025-06-18 00:00:00-04:00,MSFT,SELL,10,,,"AI model detects potential price peak. Taking profits ($17.17, 0.4%).","SELL: ML profit peak ML=0.692, P&L=$21.96",90457.5037396698,,,477.25543212890625,479.4518127441406,4772.5543212890625,4789.7236093139645,17.169288024902016,0.3597504998175612,111.73393920898434,171.11740170288158
2025-06-18 00:00:00-04:00,TSLA,SELL,15,,,"AI model detects potential price peak. Taking profits ($80.67, 1.7%).","SELL: ML profit peak ML=0.489, P&L=$85.50",95283.42280674743,,,316.3500061035156,322.04998779296875,4745.250091552734,4825.919067077637,80.66897552490263,1.6999941829937617,18.44537567138741,251.78637722778421
2025-06-18 00:00:00-04:00,NVDA,SELL,34,,,"AI model detects potential price peak. Taking profits ($41.29, 0.8%).","SELL: ML profit peak ML=0.490, P&L=$46.24",100224.79634162903,,,144.1199951171875,145.47999572753906,4900.079833984375,4941.373534881592,41.293700897216695,0.842714859680965,202.3045294494632,293.0800781250009
2025-06-20 00:00:00-04:00,MSFT,BUY,10,476.6164855957031,4770.931020812988,Strong upward momentum detected. Algorithm confidence: 54%. Good entry point for potential gains.,BUY: Momentum entry Q=0.544 >= 0.35,95453.86532081604,10.0,476.6164855957031,,,,,,,,293.0800781250009
2025-06-20 00:00:00-04:00,GOOGL,BUY,30,166.4910888671875,4999.72739868164,Strong upward momentum detected. Algorithm confidence: 39%. Good entry point for potential gains.,BUY: Momentum entry Q=0.389 >= 0.35,90454.1379221344,30.0,166.4910888671875,,,,,,,,293.0800781250009
2025-06-20 00:00:00-04:00,TSLA,BUY,15,322.1600036621094,4837.232454986572,Strong upward momentum detected. Algorithm confidence: 45%. Good entry point for potential gains.,BUY: Momentum entry Q=0.447 >= 0.35,85616.90546714782,15.0,322.1600036621094,,,,,,,,293.0800781250009
2025-06-20 00:00:00-04:00,NVDA,BUY,34,143.85000610351562,4895.79110772705,Strong upward momentum detected. Algorithm confidence: 69%. Good entry point for potential gains.,BUY: Momentum entry Q=0.687 >= 0.35,80721.11435942077,34.0,143.85000610351562,,,,,,,,293.0800781250009
2025-06-23 00:00:00-04:00,AAPL,BUY,24,201.27157592773438,4835.34834008789,Strong upward momentum detected. Algorithm confidence: 58%. Good entry point for potential gains.,BUY: Momentum entry Q=0.579 >= 0.35,75885.76601933288,24.0,201.27157592773438,,,,,,,,293.0800781250009
2025-06-23 00:00:00-04:00,MSFT,SELL,10,,,"End of trading session - closing all positions ($81.01, 1.7%).",FORCED EXIT: Held for 72.0 hours (max: 48),80732.93761631774,,,476.6164855957031,485.2023620605469,4766.164855957031,4847.171596984863,81.0067410278316,1.6996210470266182,192.74068023681593,374.0868191528325
2025-06-23 00:00:00-04:00,GOOGL,SELL,30,,,"End of trading session - closing all positions ($-48.41, -1.0%).",FORCED EXIT: Held for 72.0 hours (max: 48),85679.25801213073,,,166.4910888671875,165.04238891601562,4994.732666015625,4946.320395812988,-48.412270202637046,-0.9692664941216215,-156.13369921874983,325.67454895019546
2025-06-23 00:00:00-04:00,TSLA,SELL,15,,,"End of trading session - closing all positions ($392.57, 8.1%).",FORCED EXIT: Held for 72.0 hours (max: 48),90904.2277023773,,,322.1600036621094,348.67999267578125,4832.400054931641,5224.969690246582,392.5696353149415,8.12369900779034,411.0150109863289,718.2441842651369
2025-06-23 00:00:00-04:00,NVDA,SELL,34,,,"End of trading session - closing all positions ($5.98, 0.1%).",FORCED EXIT: Held for 72.0 hours (max: 48),95801.1058601837,,,143.85000610351562,144.1699981689453,4890.900207519531,4896.878157806396,5.9779502868650525,0.1222259713595103,208.28247973632824,724.222134552002
2025-06-24 00:00:00-04:00,MSFT,BUY,10,489.30560302734375,4897.949086303711,Strong upward momentum detected. Algorithm confidence: 64%. Good entry point for potential gains.,BUY: Momentum entry Q=0.641 >= 0.35,90903.15677388,10.0,489.30560302734375,,,,,,,,724.222134552002
2025-06-24 00:00:00-04:00,GOOGL,BUY,30,166.62098693847656,5003.62823776245,Strong upward momentum detected. Algorithm confidence: 45%. Good entry point for potential gains.,BUY: Momentum entry Q=0.450 >= 0.35,85899.52853611755,30.0,166.62098693847656,,,,,,,,724.222134552002
2025-06-24 00:00:00-04:00,TSLA,BUY,14,340.4700012207031,4771.346597106933,Strong upward momentum detected. Algorithm confidence: 63%. Good entry point for potential gains.,BUY: Momentum entry Q=0.627 >= 0.35,81128.18193901061,14.0,340.4700012207031,,,,,,,,724.222134552002
2025-06-24 00:00:00-04:00,NVDA,BUY,33,147.89999389648438,4885.580498382567,Strong upward momentum detected. Algorithm confidence: 64%. Good entry point for potential gains.,BUY: Momentum entry Q=0.641 >= 0.35,76242.60144062804,33.0,147.89999389648438,,,,,,,,724.222134552002
2025-06-25 00:00:00-04:00,AAPL,SELL,24,,,"End of trading session - closing all positions ($-3.39, -0.1%).",FORCED EXIT: Held for 48.0 hours (max: 48),81069.72578315734,,,201.27157592773438,201.33151245117188,4830.517822265625,4827.124342529297,-3.3934797363281177,-0.07025084807029025,64.92418307495063,720.8286548156739
2025-06-25 00:00:00-04:00,MSFT,SELL,10,,,"AI model detects potential price peak. Taking profits ($16.65, 0.3%).","SELL: ML profit peak ML=0.654, P&L=$21.56",85979.43182899474,,,489.30560302734375,491.4620666503906,4893.0560302734375,4909.706045837403,16.6500155639651,0.3402784570818546,209.39069580078103,737.478670379639
2025-06-25 00:00:00-04:00,GOOGL,SELL,30,,,"Exit signal triggered. Closing position with profit ($112.08, 2.2%).",SELL: Swing trade profit 2.3% >= 2.0% (24.0h),91090.14043693541,,,166.62098693847656,170.52748107910156,4998.629608154297,5110.708607940674,112.0789997863767,2.242194532748366,-44.05469943237313,849.5576701660157
2025-06-25 00:00:00-04:00,TSLA,SELL,14,,,"Stop loss triggered to limit losses. Protecting capital ($-185.47, -3.9%).",SELL: Stop loss 3.8% >= 2.0%,95671.25456620788,,,340.4700012207031,327.54998779296875,4766.580017089844,4581.114129272461,-185.4658878173832,-3.8909634822540187,225.5491231689457,664.0917823486325
2025-06-25 00:00:00-04:00,NVDA,SELL,33,,,"Exit signal triggered. Closing position with profit ($206.44, 4.2%).",SELL: Swing trade profit 4.3% >= 2.0% (24.0h),100758.39225572204,,,147.89999389648438,154.30999755859375,4880.699798583984,5087.13768951416,206.43789093017585,4.229678108661155,414.7203706665041,870.5296732788083
2025-06-26 00:00:00-04:00,AAPL,BUY,24,200.7721405029297,4823.349903442382,Strong upward momentum detected. Algorithm confidence: 52%. Good entry point for potential gains.,BUY: Momentum entry Q=0.519 >= 0.35,95935.04235227965,24.0,200.7721405029297,,,,,,,,870.5296732788083
2025-06-26 00:00:00-04:00,MSFT,BUY,10,496.6335754394531,4971.302090148925,Strong upward momentum detected. Algorithm confidence: 63%. Good entry point for potential gains.,BUY: Momentum entry Q=0.629 >= 0.35,90963.74026213073,10.0,496.6335754394531,,,,,,,,870.5296732788083
2025-06-26 00:00:00-04:00,GOOGL,BUY,28,173.38491821289062,4859.632487670898,Strong upward momentum detected. Algorithm confidence: 37%. Good entry point for potential gains.,BUY: Momentum entry Q=0.367 >= 0.35,86104.10777445983,28.0,173.38491821289062,,,,,,,,870.5296732788083
2025-06-26 00:00:00-04:00,TSLA,BUY,15,325.7799987792969,4891.586681671142,Strong upward momentum detected. Algorithm confidence: 58%. Good entry point for potential gains.,BUY: Momentum entry Q=0.583 >= 0.35,81212.5210927887,15.0,325.7799987792969,,,,,,,,870.5296732788083
2025-06-26 00:00:00-04:00,NVDA,BUY,32,155.02000427246094,4965.600776855468,Strong upward momentum detected. Algorithm confidence: 58%. Good entry point for potential gains.,BUY: Momentum entry Q=0.576 >= 0.35,76246.92031593322,32.0,155.02000427246094,,,,,,,,870.5296732788083
2025-06-27 00:00:00-04:00,AAPL,SELL,24,,,"AI model detects potential price peak. Taking profits ($-2.90, -0.1%).","SELL: ML profit peak ML=0.675, P&L=$1.92",81062.54908546447,,,200.7721405029297,200.85205078125,4818.5313720703125,4815.62876953125,-2.9026025390621726,-0.060238323981588,62.02158053588846,867.6270707397462
2025-06-27 00:00:00-04:00,GOOGL,SELL,28,,,"Exit signal triggered. Closing position with profit ($134.60, 2.8%).",SELL: Swing trade profit 2.9% >= 2.0% (24.0h),86051.92782026672,,,173.38491821289062,178.37046813964844,4854.7777099609375,4989.378734802246,134.60102484130857,2.7725476403407066,90.54632540893545,1002.2280955810547
2025-06-27 00:00:00-04:00,NVDA,SELL,32,,,"AI model detects potential price peak. Taking profits ($82.31, 1.7%).","SELL: ML profit peak ML=0.605, P&L=$87.36",91094.87982026672,,,155.02000427246094,157.75,4960.64013671875,5042.952,82.31186328125023,1.659299223742845,497.0322339477543,1084.539958862305
2025-06-30 00:00:00-04:00,AAPL,BUY,24,204.93740844726562,4923.416300537109,Strong upward momentum detected. Algorithm confidence: 59%. Good entry point for potential gains.,BUY: Momentum entry Q=0.593 >= 0.35,86171.46351972962,24.0,204.93740844726562,,,,,,,,1084.539958862305
2025-06-30 00:00:00-04:00,MSFT,SELL,10,,,"End of trading session - closing all positions ($-5.37, -0.1%).",FORCED EXIT: Held for 96.0 hours (max: 48),91132.4341676178,,,496.6335754394531,496.5936584472656,4966.335754394531,4960.9706478881835,-5.365106506347729,-0.10802947629145573,204.0255892944333,1079.1748523559572
2025-06-30 00:00:00-04:00,GOOGL,BUY,28,176.07252502441406,4934.960731384277,Strong upward momentum detected. Algorithm confidence: 37%. Good entry point for potential gains.,BUY: Momentum entry Q=0.374 >= 0.35,86197.47343623353,28.0,176.07252502441406,,,,,,,,1079.1748523559572
2025-06-30 00:00:00-04:00,TSLA,SELL,15,,,"End of trading session - closing all positions ($-126.56, -2.6%).",FORCED EXIT: Held for 96.0 hours (max: 48),90957.60859111024,,,325.7799987792969,317.6600036621094,4886.699981689453,4760.135154876709,-126.56482681274429,-2.5899856198863205,98.98429635620141,952.6100255432129
2025-06-30 00:00:00-04:00,NVDA,BUY,31,157.99000549316406,4902.587860458373,Strong upward momentum detected. Algorithm confidence: 62%. Good entry point for potential gains.,BUY: Momentum entry Q=0.619 >= 0.35,86055.02073065187,31.0,157.99000549316406,,,,,,,,952.6100255432129
2025-07-01 00:00:00-04:00,AAPL,SELL,24,,,"AI model detects potential price peak. Taking profits ($58.55, 1.2%).","SELL: ML profit peak ML=0.597, P&L=$63.53",91032.06458367921,,,204.93740844726562,207.58441162109375,4918.497802734375,4977.043853027344,58.546050292969085,1.1903238070050812,120.56763082885755,1011.156075836182
2025-07-01 00:00:00-04:00,MSFT,BUY,10,491.242431640625,4917.336740722656,Strong upward momentum detected. Algorithm confidence: 60%. Good entry point for potential gains.,BUY: Momentum entry Q=0.605 >= 0.35,86114.72784295655,10.0,491.242431640625,,,,,,,,1011.156075836182
2025-07-01 00:00:00-04:00,GOOGL,SELL,28,,,"Algorithm confidence dropped. Exiting position to preserve capital ($-15.83, -0.3%).",SELL: Conviction lost Q=0.250 <= 0.3,91028.92884002686,,,176.07252502441406,175.682861328125,4930.030700683594,4914.200997070312,-15.829703613281708,-0.3210873232713698,74.71662179565374,995.3263722229003
2025-07-01 00:00:00-04:00,TSLA,BUY,16,300.7099914550781,4816.171223144531,Strong upward momentum detected. Algorithm confidence: 37%. Good entry point for potential gains.,BUY: Momentum entry Q=0.369 >= 0.35,86212.75761688233,16.0,300.7099914550781,,,,,,,,995.3263722229003
2025-07-01 00:00:00-04:00,NVDA,SELL,31,,,"Stop loss triggered to limit losses. Protecting capital ($-150.14, -3.1%).",SELL: Stop loss 3.0% >= 2.0%,90960.30541139221,,,157.99000549316406,153.3000030517578,4897.690170288086,4747.547794509887,-150.14237577819858,-3.0655752111278836,346.88985816955574,845.1839964447017
2025-07-02 00:00:00-04:00,AAPL,BUY,23,212.1991729736328,4885.461559371947,Strong upward momentum detected. Algorithm confidence: 41%. Good entry point for potential gains.,BUY: Momentum entry Q=0.410 >= 0.35,86074.84385202026,23.0,212.1991729736328,,,,,,,,845.1839964447017
2025-07-02 00:00:00-04:00,GOOGL,BUY,28,178.48036193847656,5002.4475844116205,Strong upward momentum detected. Algorithm confidence: 36%. Good entry point for potential gains.,BUY: Momentum entry Q=0.359 >= 0.35,81072.39626760864,28.0,178.48036193847656,,,,,,,,845.1839964447017
2025-07-02 00:00:00-04:00,TSLA,SELL,16,,,"Exit signal triggered. Closing position with profit ($233.99, 4.9%).",SELL: Swing trade profit 5.0% >= 2.0% (24.0h),86117.74577005004,,,300.7099914550781,315.6499938964844,4811.35986328125,5045.349502441406,233.989639160156,4.863274537951103,332.9739355163574,1079.1736356048577
2025-07-03 00:00:00-04:00,AAPL,SELL,23,,,"AI model detects potential price peak. Taking profits ($20.60, 0.4%).","SELL: ML profit peak ML=0.727, P&L=$25.50",91018.92190219116,,,212.1991729736328,213.30792236328125,4880.580978393555,4901.176132141113,20.59515374755847,0.4219816009350873,141.16278457641602,1099.7687893524162
2025-07-03 00:00:00-04:00,MSFT,SELL,10,,,"End of trading session - closing all positions ($62.81, 1.3%).",FORCED EXIT: Held for 48.0 hours (max: 48),95994.15470187378,,,491.242431640625,498.02130126953125,4912.42431640625,4975.232799682617,62.80848327636704,1.2785638868084472,266.83407257080034,1162.5772726287832
2025-07-07 00:00:00-04:00,AAPL,BUY,23,209.7119903564453,4828.199153976439,Strong upward momentum detected. Algorithm confidence: 41%. Good entry point for potential gains.,BUY: Momentum entry Q=0.414 >= 0.35,91165.95554789733,23.0,209.7119903564453,,,,,,,,1162.5772726287832
2025-07-07 00:00:00-04:00,MSFT,BUY,10,496.90313720703125,4974.000403442382,Strong upward momentum detected. Algorithm confidence: 43%. Good entry point for potential gains.,BUY: Momentum entry Q=0.426 >= 0.35,86191.95514445496,10.0,496.90313720703125,,,,,,,,1162.5772726287832
2025-07-07 00:00:00-04:00,GOOGL,SELL,28,,,"End of trading session - closing all positions ($-56.70, -1.1%).",FORCED EXIT: Held for 120.0 hours (max: 48),91132.70598112488,,,178.48036193847656,176.63201904296875,4997.450134277344,4940.750836669922,-56.69929760742161,-1.1345645495994652,18.017324188232124,1105.8779750213616
2025-07-07 00:00:00-04:00,TSLA,BUY,17,293.94000244140625,5001.97702154541,Strong upward momentum detected. Algorithm confidence: 37%. Good entry point for potential gains.,BUY: Momentum entry Q=0.374 >= 0.35,86130.72895957947,17.0,293.94000244140625,,,,,,,,1105.8779750213616
2025-07-07 00:00:00-04:00,NVDA,BUY,31,158.24000549316406,4910.345610458374,Strong upward momentum detected. Algorithm confidence: 44%. Good entry point for potential gains.,BUY: Momentum entry Q=0.443 >= 0.35,81220.3833491211,31.0,158.24000549316406,,,,,,,,1105.8779750213616
2025-07-08 00:00:00-04:00,AAPL,SELL,23,,,"AI model detects potential price peak. Taking profits ($-3.45, -0.1%).","SELL: ML profit peak ML=0.525, P&L=$1.38",86040.31291304016,,,209.7119903564453,209.7719268798828,4823.375778198242,4819.929563919068,-3.4462142791744554,-0.07144818147388422,137.71657029724156,1102.4317607421872
2025-07-08 00:00:00-04:00,GOOGL,BUY,28,174.20419311523438,4882.595124633788,Strong upward momentum detected. Algorithm confidence: 60%. Good entry point for potential gains.,BUY: Momentum entry Q=0.596 >= 0.35,81157.71778840637,28.0,174.20419311523438,,,,,,,,1102.4317607421872
2025-07-08 00:00:00-04:00,TSLA,SELL,17,,,"AI model detects potential price peak. Taking profits ($60.73, 1.2%).","SELL: ML profit peak ML=0.504, P&L=$65.79",86215.42497694396,,,293.94000244140625,297.80999755859375,4996.980041503906,5057.707188537598,60.727147033691836,1.215276957868641,393.70108255004925,1163.158907775879
2025-07-08 00:00:00-04:00,NVDA,SELL,31,,,"AI model detects potential price peak. Taking profits ($49.60, 1.0%).","SELL: ML profit peak ML=0.520, P&L=$54.56",91170.46497694396,,,158.24000549316406,160.0,4905.440170288086,4955.04,49.599829711914026,1.0111188392906467,396.48968788146976,1212.758737487793
2025-07-09 00:00:00-04:00,MSFT,SELL,10,,,"End of trading session - closing all positions ($52.78, 1.1%).",FORCED EXIT: Held for 48.0 hours (max: 48),96192.27468824766,,,496.90313720703125,502.68365478515625,4969.0313720703125,5021.809711303711,52.77833923339858,1.0621454219438518,319.6124118041989,1265.5370767211916
2025-07-09 00:00:00-04:00,GOOGL,SELL,28,,,"AI model detects potential price peak. Taking profits ($58.28, 1.2%).","SELL: ML profit peak ML=0.421, P&L=$63.22",101128.27460432432,,,174.20419311523438,176.46217346191406,4877.7174072265625,4935.99991607666,58.282508850097656,1.194872600937263,76.29983303832978,1323.8195855712893
2025-07-09 00:00:00-04:00,TSLA,BUY,16,295.8800048828125,4738.814158203125,Strong upward momentum detected. Algorithm confidence: 50%. Good entry point for potential gains.,BUY: Momentum entry Q=0.499 >= 0.35,96389.4604461212,16.0,295.8800048828125,,,,,,,,1323.8195855712893
2025-07-09 00:00:00-04:00,NVDA,BUY,30,162.8800048828125,4891.2865466308585,Strong upward momentum detected. Algorithm confidence: 35%. Good entry point for potential gains.,BUY: Momentum entry Q=0.353 >= 0.35,91498.17389949034,30.0,162.8800048828125,,,,,,,,1323.8195855712893
2025-07-10 00:00:00-04:00,AAPL,BUY,23,212.16920471191406,4884.771600082397,Strong upward momentum detected. Algorithm confidence: 53%. Good entry point for potential gains.,BUY: Momentum entry Q=0.531 >= 0.35,86613.40229940794,23.0,212.16920471191406,,,,,,,,1323.8195855712893
2025-07-10 00:00:00-04:00,MSFT,BUY,9,500.656982421875,4510.418754638671,Strong upward momentum detected. Algorithm confidence: 50%. Good entry point for potential gains.,BUY: Momentum entry Q=0.503 >= 0.35,82102.98354476927,9.0,500.656982421875,,,,,,,,1323.8195855712893
2025-07-10 00:00:00-04:00,GOOGL,BUY,28,177.46127319335938,4973.884565063476,Strong upward momentum detected. Algorithm confidence: 63%. Good entry point for potential gains.,BUY: Momentum entry Q=0.628 >= 0.35,77129.0989797058,28.0,177.46127319335938,,,,,,,,1323.8195855712893
2025-07-10 00:00:00-04:00,TSLA,SELL,16,,,"Exit signal triggered. Closing position with profit ($218.88, 4.6%).",SELL: Swing trade profit 4.7% >= 2.0% (24.0h),82082.06098165893,,,295.8800048828125,309.8699951171875,4734.080078125,4952.962001953125,218.88192382812485,4.623536573441659,612.5830063781741,1542.7015093994141
2025-07-10 00:00:00-04:00,NVDA,SELL,30,,,"AI model detects potential price peak. Taking profits ($31.68, 0.6%).","SELL: ML profit peak ML=0.562, P&L=$36.60",87000.1381645813,,,162.8800048828125,164.10000610351562,4886.400146484375,4918.077182922363,31.677036437988136,0.6482693903154627,428.1667243194579,1574.3785458374023
2025-07-11 00:00:00-04:00,AAPL,SELL,23,,,"Algorithm confidence dropped. Exiting position to preserve capital ($-33.57, -0.7%).",SELL: Conviction lost Q=0.148 <= 0.3,91846.4613371582,,,212.16920471191406,210.92062377929688,4879.891708374023,4846.323172576905,-33.568535797118784,-0.6878950969242675,104.14803450012278,1540.8100100402835
2025-07-11 00:00:00-04:00,MSFT,SELL,9,,,"AI model detects potential price peak. Taking profits ($12.01, 0.3%).","SELL: ML profit peak ML=0.501, P&L=$16.53",96364.3845092163,,,500.656982421875,502.49395751953125,4505.912841796875,4517.923172058106,12.010330261230592,0.2665459959594135,331.6227420654295,1552.820340301514
2025-07-11 00:00:00-04:00,GOOGL,SELL,28,,,"AI model detects potential price peak. Taking profits ($66.86, 1.3%).","SELL: ML profit peak ML=0.630, P&L=$71.90",101400.15546502684,,,177.46127319335938,180.02899169921875,4968.9156494140625,5035.770955810547,66.8553063964846,1.3454707447965677,143.15513943481437,1619.6756466979987
2025-07-11 00:00:00-04:00,TSLA,BUY,15,313.510009765625,4707.352796630859,Strong upward momentum detected. Algorithm confidence: 36%. Good entry point for potential gains.,BUY: Momentum entry Q=0.358 >= 0.35,96692.80266839598,15.0,313.510009765625,,,,,,,,1619.6756466979987
2025-07-11 00:00:00-04:00,NVDA,BUY,30,164.9199981689453,4952.547545013427,Strong upward momentum detected. Algorithm confidence: 41%. Good entry point for potential gains.,BUY: Momentum entry Q=0.411 >= 0.35,91740.25512338255,30.0,164.9199981689453,,,,,,,,1619.6756466979987
2025-07-14 00:00:00-04:00,AAPL,BUY,23,208.3834991455078,4797.613300827026,Strong upward momentum detected. Algorithm confidence: 55%. Good entry point for potential gains.,BUY: Momentum entry Q=0.548 >= 0.35,86942.64182255552,23.0,208.3834991455078,,,,,,,,1619.6756466979987
2025-07-14 00:00:00-04:00,MSFT,BUY,9,502.1944274902344,4524.269597259521,Strong upward momentum detected. Algorithm confidence: 48%. Good entry point for potential gains.,BUY: Momentum entry Q=0.482 >= 0.35,82418.372225296,9.0,502.1944274902344,,,,,,,,1619.6756466979987
2025-07-14 00:00:00-04:00,GOOGL,BUY,27,181.3977508544922,4902.637012344359,Strong upward momentum detected. Algorithm confidence: 44%. Good entry point for potential gains.,BUY: Momentum entry Q=0.443 >= 0.35,77515.73521295164,27.0,181.3977508544922,,,,,,,,1619.6756466979987
2025-07-14 00:00:00-04:00,TSLA,SELL,15,,,"End of trading session - closing all positions ($46.10, 1.0%).",FORCED EXIT: Held for 72.0 hours (max: 48),82264.48162149046,,,313.510009765625,316.8999938964844,4702.650146484375,4748.746408538818,46.09626205444329,0.9802188259508121,658.6792684326174,1665.771908752442
2025-07-14 00:00:00-04:00,NVDA,SELL,30,,,"End of trading session - closing all positions ($-30.42, -0.6%).",FORCED EXIT: Held for 72.0 hours (max: 48),87181.65974099729,,,164.9199981689453,164.07000732421875,4947.599945068359,4917.178119506836,-30.421825561523292,-0.6148804652616868,397.7448987579346,1635.3500831909187
2025-07-15 00:00:00-04:00,AAPL,SELL,23,,,"AI model detects potential price peak. Taking profits ($6.45, 0.1%).","SELL: ML profit peak ML=0.494, P&L=$11.26",91980.93363543699,,,208.3834991455078,208.87295532226562,4792.82048034668,4799.273894439697,6.4534140930172725,0.13464752371761016,110.60144859314005,1641.803497283936
2025-07-15 00:00:00-04:00,MSFT,SELL,9,,,"AI model detects potential price peak. Taking profits ($20.61, 0.5%).","SELL: ML profit peak ML=0.616, P&L=$25.16",96521.29726571652,,,502.1944274902344,504.9898376464844,4519.749847412109,4540.363630279541,20.613782867431837,0.45608238427696945,352.23652493286136,1662.4172801513678
2025-07-15 00:00:00-04:00,GOOGL,SELL,27,,,"AI model detects potential price peak. Taking profits ($6.96, 0.1%).","SELL: ML profit peak ML=0.486, P&L=$11.87",101425.99669598386,,,181.3977508544922,181.83737182617188,4897.739273071289,4904.699430267334,6.960157196044747,0.1421095899145352,150.11529663085912,1669.3774373474125
2025-07-15 00:00:00-04:00,NVDA,BUY,29,170.6999969482422,4955.250211410522,Strong upward momentum detected. Algorithm confidence: 35%. Good entry point for potential gains.,BUY: Momentum entry Q=0.354 >= 0.35,96470.74648457335,29.0,170.6999969482422,,,,,,,,1669.3774373474125
2025-07-16 00:00:00-04:00,AAPL,BUY,23,209.92176818847656,4833.028869003296,Strong upward momentum detected. Algorithm confidence: 58%. Good entry point for potential gains.,BUY: Momentum entry Q=0.576 >= 0.35,91637.71761557006,23.0,209.92176818847656,,,,,,,,1669.3774373474125
2025-07-16 00:00:00-04:00,MSFT,BUY,9,504.7901611328125,4547.654561645507,Strong upward momentum detected. Algorithm confidence: 58%. Good entry point for potential gains.,BUY: Momentum entry Q=0.583 >= 0.35,87090.06305392455,9.0,504.7901611328125,,,,,,,,1669.3774373474125
2025-07-16 00:00:00-04:00,GOOGL,BUY,27,182.80650329589844,4940.7113645782465,Strong upward momentum detected. Algorithm confidence: 42%. Good entry point for potential gains.,BUY: Momentum entry Q=0.419 >= 0.35,82149.3516893463,27.0,182.80650329589844,,,,,,,,1669.3774373474125
2025-07-16 00:00:00-04:00,TSLA,BUY,15,321.6700134277344,4829.875251617431,Strong upward momentum detected. Algorithm confidence: 41%. Good entry point for potential gains.,BUY: Momentum entry Q=0.413 >= 0.35,77319.47643772887,15.0,321.6700134277344,,,,,,,,1669.3774373474125
2025-07-16 00:00:00-04:00,NVDA,SELL,29,,,"AI model detects potential price peak. Taking profits ($14.46, 0.3%).","SELL: ML profit peak ML=0.529, P&L=$19.43",82284.23656626891,,,170.6999969482422,171.3699951171875,4950.299911499023,4964.760128540039,14.460217041015312,0.2921078985017808,412.2051157989499,1683.8376543884278
2025-07-17 00:00:00-04:00,MSFT,SELL,9,,,"AI model detects potential price peak. Taking profits ($50.03, 1.1%).","SELL: ML profit peak ML=0.583, P&L=$54.63",86877.38061524963,,,504.7901611328125,510.8601989746094,4543.1114501953125,4593.144048980713,50.032598785400296,1.1012848646548028,402.26912371826165,1733.8702531738281
2025-07-17 00:00:00-04:00,GOOGL,SELL,27,,,"AI model detects potential price peak. Taking profits ($11.50, 0.2%).","SELL: ML profit peak ML=0.580, P&L=$16.46",91824.65915840148,,,182.80650329589844,183.41595458984375,4935.775588989258,4947.278543151855,11.502954162597234,0.2330526166598428,161.61825079345635,1745.3732073364254
2025-07-17 00:00:00-04:00,NVDA,BUY,28,173.0,4848.843999999999,Strong upward momentum detected. Algorithm confidence: 44%. Good entry point for potential gains.,BUY: Momentum entry Q=0.437 >= 0.35,86975.81515840148,28.0,173.0,,,,,,,,1745.3732073364254
2025-07-18 00:00:00-04:00,AAPL,SELL,23,,,"End of trading session - closing all positions ($18.58, 0.4%).",FORCED EXIT: Held for 48.0 hours (max: 48),91822.59726794434,,,209.92176818847656,210.9405975341797,4828.200668334961,4846.782109542846,18.58144120788529,0.38485229766337015,129.18288980102534,1763.9546485443107
2025-07-18 00:00:00-04:00,MSFT,BUY,9,509.212890625,4587.4989316406245,Strong upward momentum detected. Algorithm confidence: 64%. Good entry point for potential gains.,BUY: Momentum entry Q=0.643 >= 0.35,87235.09833630371,9.0,509.212890625,,,,,,,,1763.9546485443107
2025-07-18 00:00:00-04:00,GOOGL,BUY,27,184.89462280273438,4997.146970489502,Strong upward momentum detected. Algorithm confidence: 73%. Good entry point for potential gains.,BUY: Momentum entry Q=0.726 >= 0.35,82237.95136581421,27.0,184.89462280273438,,,,,,,,1763.9546485443107
2025-07-18 00:00:00-04:00,TSLA,SELL,15,,,"End of trading session - closing all positions ($114.75, 2.4%).",FORCED EXIT: Held for 48.0 hours (max: 48),87177.75652435303,,,321.6700134277344,329.6499938964844,4825.050201416016,4939.805158538818,114.75495712280281,2.378316335219175,773.4342255554202,1878.7096056671135
2025-07-18 00:00:00-04:00,NVDA,SELL,28,,,"Algorithm confidence dropped. Exiting position to preserve capital ($-21.35, -0.4%).",SELL: Conviction lost Q=0.255 <= 0.3,92000.40914678955,,,173.0,172.41000366210938,4844.0,4822.652622436523,-21.347377563476584,-0.44069730725591627,390.85773823547333,1857.3622281036369
2025-07-21 00:00:00-04:00,AAPL,BUY,23,212.23912048339844,4886.381270889282,Strong upward momentum detected. Algorithm confidence: 64%. Good entry point for potential gains.,BUY: Momentum entry Q=0.637 >= 0.35,87114.02787590027,23.0,212.23912048339844,,,,,,,,1857.3622281036369
2025-07-21 00:00:00-04:00,MSFT,SELL,9,,,"End of trading session - closing all positions ($-4.49, -0.1%).",FORCED EXIT: Held for 72.0 hours (max: 48),91692.45069892883,,,509.212890625,509.2228698730469,4582.916015625,4578.422823028564,-4.49319259643562,-0.09804221986867145,397.77593112182603,1852.8690355072013
2025-07-21 00:00:00-04:00,GOOGL,SELL,27,,,"End of trading session - closing all positions ($130.83, 2.6%).",FORCED EXIT: Held for 72.0 hours (max: 48),96815.43609555054,,,184.89462280273438,189.9301300048828,4992.154815673828,5122.985396621704,130.83058094787611,2.6207236309480706,292.44883174133247,1983.6996164550774
2025-07-21 00:00:00-04:00,TSLA,BUY,15,328.489990234375,4932.27720336914,Strong upward momentum detected. Algorithm confidence: 39%. Good entry point for potential gains.,BUY: Momentum entry Q=0.388 >= 0.35,91883.1588921814,15.0,328.489990234375,,,,,,,,1983.6996164550774
2025-07-22 00:00:00-04:00,AAPL,SELL,23,,,"AI model detects potential price peak. Taking profits ($39.18, 0.8%).","SELL: ML profit peak ML=0.494, P&L=$44.11",96803.84317608643,,,212.23912048339844,214.15695190429688,4881.499771118164,4920.68428390503,39.184512786865525,0.8027146291945817,168.36740258789087,2022.884129241943
2025-07-22 00:00:00-04:00,MSFT,BUY,9,504.44073486328125,4544.5065803833,Strong upward momentum detected. Algorithm confidence: 53%. Good entry point for potential gains.,BUY: Momentum entry Q=0.527 >= 0.35,92259.33659570313,9.0,504.44073486328125,,,,,,,,2022.884129241943
2025-07-22 00:00:00-04:00,GOOGL,BUY,26,191.1690216064453,4975.364956329345,Strong upward momentum detected. Algorithm confidence: 43%. Good entry point for potential gains.,BUY: Momentum entry Q=0.427 >= 0.35,87283.97163937379,26.0,191.1690216064453,,,,,,,,2022.884129241943
2025-07-22 00:00:00-04:00,TSLA,SELL,15,,,"AI model detects potential price peak. Taking profits ($49.32, 1.0%).","SELL: ML profit peak ML=0.599, P&L=$54.30",92260.63976986696,,,328.489990234375,332.1099853515625,4927.349853515625,4976.668130493164,49.318276977539426,1.0009087733510789,822.7525025329596,2072.2024062194823
2025-07-23 00:00:00-04:00,AAPL,BUY,23,213.9072265625,4924.786077148437,Strong upward momentum detected. Algorithm confidence: 65%. Good entry point for potential gains.,BUY: Momentum entry Q=0.654 >= 0.35,87335.85369271852,23.0,213.9072265625,,,,,,,,2072.2024062194823
2025-07-23 00:00:00-04:00,MSFT,SELL,9,,,"AI model detects potential price peak. Taking profits ($0.85, 0.0%).","SELL: ML profit peak ML=0.624, P&L=$5.39",91876.66621447755,,,504.44073486328125,505.0397644042969,4539.966613769531,4540.812521759033,0.8459079895019386,0.018632471589908495,398.621839111328,2073.0483142089843
2025-07-23 00:00:00-04:00,GOOGL,SELL,26,,,"Algorithm confidence dropped. Exiting position to preserve capital ($-33.78, -0.7%).",SELL: Conviction lost Q=0.261 <= 0.3,96813.28498739626,,,191.1690216064453,190.0600128173828,4970.394561767578,4936.618772918701,-33.7757888488768,-0.6795393892605863,258.67304289245567,2039.2725253601075
2025-07-23 00:00:00-04:00,TSLA,BUY,15,332.55999755859375,4993.388363342285,Strong upward momentum detected. Algorithm confidence: 62%. Good entry point for potential gains.,BUY: Momentum entry Q=0.618 >= 0.35,91819.89662405397,15.0,332.55999755859375,,,,,,,,2039.2725253601075
2025-07-24 00:00:00-04:00,MSFT,BUY,9,510.0415344238281,4594.964183624267,Strong upward momentum detected. Algorithm confidence: 64%. Good entry point for potential gains.,BUY: Momentum entry Q=0.644 >= 0.35,87224.93244042971,9.0,510.0415344238281,,,,,,,,2039.2725253601075
2025-07-24 00:00:00-04:00,TSLA,SELL,15,,,"Stop loss triggered to limit losses. Protecting capital ($-413.48, -8.3%).",SELL: Stop loss 8.2% >= 2.0%,91799.85275750734,,,332.55999755859375,305.29998779296875,4988.399963378906,4574.920317077636,-413.4796463012699,-8.288823056224993,409.27285623168973,1625.7928790588376
2025-07-24 00:00:00-04:00,NVDA,BUY,28,173.74000549316406,4869.584873962402,Strong upward momentum detected. Algorithm confidence: 42%. Good entry point for potential gains.,BUY: Momentum entry Q=0.416 >= 0.35,86930.26788354493,28.0,173.74000549316406,,,,,,,,1625.7928790588376
2025-07-25 00:00:00-04:00,AAPL,SELL,23,,,"End of trading session - closing all positions ($-11.12, -0.2%).",FORCED EXIT: Held for 48.0 hours (max: 48),91839.01770272828,,,213.9072265625,213.63754272460938,4919.8662109375,4908.749819183349,-11.116391754150754,-0.22594906604243783,157.2510108337401,1614.6764873046868
2025-07-25 00:00:00-04:00,MSFT,SELL,9,,,"AI model detects potential price peak. Taking profits ($20.81, 0.5%).","SELL: ML profit peak ML=0.660, P&L=$25.43",96450.20439047241,,,510.0415344238281,512.866943359375,4590.373809814453,4611.186687744141,20.812877929687602,0.453402681175738,419.4347170410156,1635.4893652343744
2025-07-25 00:00:00-04:00,TSLA,BUY,15,316.05999755859375,4745.640863342284,Strong upward momentum detected. Algorithm confidence: 47%. Good entry point for potential gains.,BUY: Momentum entry Q=0.466 >= 0.35,91704.56352713013,15.0,316.05999755859375,,,,,,,,1635.4893652343744
2025-07-25 00:00:00-04:00,NVDA,SELL,28,,,"Algorithm confidence dropped. Exiting position to preserve capital ($-11.58, -0.2%).",SELL: Conviction lost Q=0.245 <= 0.3,96557.70552713014,,,173.74000549316406,173.5,4864.720153808594,4853.142,-11.578153808593925,-0.2380024635030522,379.2795844268794,1623.9112114257805
2025-07-28 00:00:00-04:00,AAPL,BUY,23,213.80735778808594,4922.486798355102,Strong upward momentum detected. Algorithm confidence: 61%. Good entry point for potential gains.,BUY: Momentum entry Q=0.614 >= 0.35,91635.21872877503,23.0,213.80735778808594,,,,,,,,1623.9112114257805
2025-07-28 00:00:00-04:00,MSFT,BUY,9,511.65887451171875,4609.5348004760735,Strong upward momentum detected. Algorithm confidence: 39%. Good entry point for potential gains.,BUY: Momentum entry Q=0.394 >= 0.35,87025.68392829895,9.0,511.65887451171875,,,,,,,,1623.9112114257805
2025-07-28 00:00:00-04:00,GOOGL,BUY,25,192.4079132080078,4815.008028030395,Strong upward momentum detected. Algorithm confidence: 36%. Good entry point for potential gains.,BUY: Momentum entry Q=0.358 >= 0.35,82210.67590026856,25.0,192.4079132080078,,,,,,,,1623.9112114257805
2025-07-28 00:00:00-04:00,TSLA,SELL,15,,,"End of trading session - closing all positions ($138.07, 2.9%).",FORCED EXIT: Held for 72.0 hours (max: 48),87089.64199539185,,,316.05999755859375,325.5899963378906,4740.899963378906,4878.966095123291,138.06613174438462,2.9122346560964543,547.3389879760743,1761.977343170165
2025-07-28 00:00:00-04:00,NVDA,BUY,28,176.75,4953.949,Strong upward momentum detected. Algorithm confidence: 37%. Good entry point for potential gains.,BUY: Momentum entry Q=0.374 >= 0.35,82135.69299539186,28.0,176.75,,,,,,,,1761.977343170165
2025-07-29 00:00:00-04:00,MSFT,SELL,9,,,"AI model detects potential price peak. Taking profits ($-3.98, -0.1%).","SELL: ML profit peak ML=0.579, P&L=$0.63",86736.64627444459,,,511.65887451171875,511.728759765625,4604.929870605469,4600.953279052735,-3.976591552734135,-0.0863550947456944,415.45812548828144,1758.000751617431
2025-07-29 00:00:00-04:00,GOOGL,SELL,25,,,"AI model detects potential price peak. Taking profits ($74.29, 1.5%).","SELL: ML profit peak ML=0.671, P&L=$79.18",91621.13372866822,,,192.4079132080078,195.5750732421875,4810.197830200195,4884.487454223633,74.28962402343768,1.544419307601447,332.96266691589335,1832.2903756408687
2025-07-29 00:00:00-04:00,TSLA,BUY,15,321.20001220703125,4822.818183288574,Strong upward momentum detected. Algorithm confidence: 64%. Good entry point for potential gains.,BUY: Momentum entry Q=0.645 >= 0.35,86798.31554537965,15.0,321.20001220703125,,,,,,,,1832.2903756408687
2025-07-29 00:00:00-04:00,NVDA,SELL,28,,,"Algorithm confidence dropped. Exiting position to preserve capital ($-39.63, -0.8%).",SELL: Conviction lost Q=0.209 <= 0.3,91707.68111172486,,,176.75,175.50999450683594,4949.0,4909.365566345215,-39.634433654785425,-0.8008574187671332,339.645150772094,1792.6559419860832
2025-07-30 00:00:00-04:00,AAPL,SELL,23,,,"End of trading session - closing all positions ($-119.67, -2.4%).",FORCED EXIT: Held for 48.0 hours (max: 48),96505.57784466553,,,213.80735778808594,208.81301879882812,4917.569229125977,4797.896732940674,-119.6724961853024,-2.433570136166083,37.578514648437704,1672.9834458007808
2025-07-30 00:00:00-04:00,MSFT,BUY,9,512.3976440429688,4616.190375183105,Strong upward momentum detected. Algorithm confidence: 45%. Good entry point for potential gains.,BUY: Momentum entry Q=0.447 >= 0.35,91889.38746948243,9.0,512.3976440429688,,,,,,,,1672.9834458007808
2025-07-30 00:00:00-04:00,GOOGL,BUY,25,196.35438537597656,4913.768494033813,Strong upward momentum detected. Algorithm confidence: 43%. Good entry point for potential gains.,BUY: Momentum entry Q=0.429 >= 0.35,86975.61897544863,25.0,196.35438537597656,,,,,,,,1672.9834458007808
2025-07-30 00:00:00-04:00,NVDA,BUY,27,179.27000427246094,4845.130405471801,Strong upward momentum detected. Algorithm confidence: 35%. Good entry point for potential gains.,BUY: Momentum entry Q=0.351 >= 0.35,82130.48856997682,27.0,179.27000427246094,,,,,,,,1672.9834458007808
2025-07-31 00:00:00-04:00,AAPL,BUY,24,207.33470153808594,4981.008869750976,Strong upward momentum detected. Algorithm confidence: 63%. Good entry point for potential gains.,BUY: Momentum entry Q=0.633 >= 0.35,77149.47970022584,24.0,207.33470153808594,,,,,,,,1672.9834458007808
2025-07-31 00:00:00-04:00,MSFT,SELL,9,,,"Exit signal triggered. Closing position with profit ($177.25, 3.8%).",SELL: Swing trade profit 3.9% >= 2.0% (24.0h),81938.30558755495,,,512.3976440429688,532.6243896484375,4611.578796386719,4788.8258873291015,177.24709094238278,3.8435229835226945,592.7052164306642,1850.2305367431636
2025-07-31 00:00:00-04:00,GOOGL,SELL,25,,,"Stop loss triggered to limit losses. Protecting capital ($-120.44, -2.5%).",SELL: Stop loss 2.4% >= 2.0%,86726.72526528932,,,196.35438537597656,191.728515625,4908.859634399414,4788.419677734375,-120.43995666503906,-2.4535221137928214,212.5227102508543,1729.7905800781245
2025-07-31 00:00:00-04:00,TSLA,SELL,15,,,"End of trading session - closing all positions ($-198.57, -4.1%).",FORCED EXIT: Held for 48.0 hours (max: 48),91346.15105065919,,,321.20001220703125,308.2699890136719,4818.000183105469,4619.425785369873,-198.574397735596,-4.1215107967804965,348.76459024047836,1531.2161823425286
2025-07-31 00:00:00-04:00,NVDA,SELL,27,,,"Algorithm confidence dropped. Exiting position to preserve capital ($-42.60, -0.9%).",SELL: Conviction lost Q=0.220 <= 0.3,96143.83842895509,,,179.27000427246094,177.8699951171875,4840.290115356445,4797.687378295898,-42.60273706054704,-0.8801690817123617,297.04241371154694,1488.6134452819815
2025-08-01 00:00:00-04:00,AAPL,SELL,24,,,"Stop loss triggered to limit losses. Protecting capital ($-129.27, -2.6%).",SELL: Stop loss 2.5% >= 2.0%,100990.60095056154,,,207.33470153808594,202.1505889892578,4976.0328369140625,4846.762521606445,-129.27031530761724,-2.597858968064719,-91.69180065917953,1359.3431299743643
2025-08-01 00:00:00-04:00,MSFT,BUY,9,523.2498168945312,4713.957600402831,Strong upward momentum detected. Algorithm confidence: 57%. Good entry point for potential gains.,BUY: Momentum entry Q=0.574 >= 0.35,96276.6433501587,9.0,523.2498168945312,,,,,,,,1359.3431299743643
2025-08-01 00:00:00-04:00,GOOGL,BUY,26,188.96099853515625,4917.898947875976,Strong upward momentum detected. Algorithm confidence: 64%. Good entry point for potential gains.,BUY: Momentum entry Q=0.637 >= 0.35,91358.74440228273,26.0,188.96099853515625,,,,,,,,1359.3431299743643
2025-08-01 00:00:00-04:00,NVDA,BUY,28,173.72000122070312,4869.024194213866,Strong upward momentum detected. Algorithm confidence: 59%. Good entry point for potential gains.,BUY: Momentum entry Q=0.587 >= 0.35,86489.72020806886,28.0,173.72000122070312,,,,,,,,1359.3431299743643
2025-08-04 00:00:00-04:00,AAPL,BUY,24,203.11949157714844,4879.7426656494135,Strong upward momentum detected. Algorithm confidence: 66%. Good entry point for potential gains.,BUY: Momentum entry Q=0.660 >= 0.35,81609.97754241945,24.0,203.11949157714844,,,,,,,,1359.3431299743643
2025-08-04 00:00:00-04:00,MSFT,SELL,9,,,"End of trading session - closing all positions ($98.79, 2.1%).",FORCED EXIT: Held for 72.0 hours (max: 48),86418.01302172853,,,523.2498168945312,534.7609252929688,4709.248352050781,4808.035479309082,98.78712725830064,2.097726003668523,691.4923436889649,1458.130257232665
2025-08-04 00:00:00-04:00,GOOGL,SELL,26,,,"End of trading session - closing all positions ($148.46, 3.0%).",FORCED EXIT: Held for 72.0 hours (max: 48),91479.45490567018,,,188.96099853515625,194.86570739746094,4912.9859619140625,5061.44188394165,148.4559220275878,3.0217045841049073,360.9786322784421,1606.5861792602527
2025-08-04 00:00:00-04:00,TSLA,BUY,16,309.260009765625,4953.108316406249,Strong upward momentum detected. Algorithm confidence: 42%. Good entry point for potential gains.,BUY: Momentum entry Q=0.415 >= 0.35,86526.34658926394,16.0,309.260009765625,,,,,,,,1606.5861792602527
2025-08-04 00:00:00-04:00,NVDA,SELL,28,,,"End of trading session - closing all positions ($170.80, 3.5%).",FORCED EXIT: Held for 72.0 hours (max: 48),91561.30658926394,,,173.72000122070312,180.0,4864.1600341796875,5034.96,170.79996582031254,3.5113969240347367,467.8423795318595,1777.3861450805653
2025-08-05 00:00:00-04:00,AAPL,SELL,24,,,"Algorithm confidence dropped. Exiting position to preserve capital ($-15.17, -0.3%).",SELL: Conviction lost Q=0.289 <= 0.3,96421.00099026492,,,203.11949157714844,202.68995666503906,4874.8677978515625,4859.6944010009765,-15.17339685058596,-0.3112576069708626,-106.8651975097655,1762.2127482299793
2025-08-05 00:00:00-04:00,MSFT,BUY,9,526.8838500976562,4746.696605529784,Strong upward momentum detected. Algorithm confidence: 55%. Good entry point for potential gains.,BUY: Momentum entry Q=0.546 >= 0.35,91674.30438473514,9.0,526.8838500976562,,,,,,,,1762.2127482299793
2025-08-05 00:00:00-04:00,GOOGL,BUY,25,194.4960479736328,4867.263600540161,Strong upward momentum detected. Algorithm confidence: 56%. Good entry point for potential gains.,BUY: Momentum entry Q=0.558 >= 0.35,86807.04078419498,25.0,194.4960479736328,,,,,,,,1762.2127482299793
2025-08-05 00:00:00-04:00,TSLA,SELL,16,,,"Algorithm confidence dropped. Exiting position to preserve capital ($-13.58, -0.3%).",SELL: Conviction lost Q=0.289 <= 0.3,91741.6212837067,,,309.260009765625,308.7200012207031,4948.16015625,4934.580499511719,-13.579656738281301,-0.2744385046051691,335.18493350219705,1748.633091491698
2025-08-05 00:00:00-04:00,NVDA,BUY,28,178.25999450683594,4996.271126037597,Strong upward momentum detected. Algorithm confidence: 61%. Good entry point for potential gains.,BUY: Momentum entry Q=0.611 >= 0.35,86745.3501576691,28.0,178.25999450683594,,,,,,,,1748.633091491698
2025-08-06 00:00:00-04:00,AAPL,BUY,23,213.0082550048828,4904.089054977417,Strong upward momentum detected. Algorithm confidence: 61%. Good entry point for potential gains.,BUY: Momentum entry Q=0.611 >= 0.35,81841.26110269169,23.0,213.0082550048828,,,,,,,,1748.633091491698
2025-08-06 00:00:00-04:00,GOOGL,SELL,25,,,"AI model detects potential price peak. Taking profits ($30.57, 0.6%).","SELL: ML profit peak ML=0.731, P&L=$35.47",86734.232343689,,,194.4960479736328,195.91476440429688,4862.40119934082,4892.971240997314,30.57004165649414,0.6287025772500718,391.54867393493623,1779.2031331481921
2025-08-06 00:00:00-04:00,TSLA,BUY,15,319.9100036621094,4803.448704986572,Strong upward momentum detected. Algorithm confidence: 46%. Good entry point for potential gains.,BUY: Momentum entry Q=0.461 >= 0.35,81930.78363870243,15.0,319.9100036621094,,,,,,,,1779.2031331481921
2025-08-06 00:00:00-04:00,NVDA,SELL,28,,,"AI model detects potential price peak. Taking profits ($27.46, 0.6%).","SELL: ML profit peak ML=0.614, P&L=$32.48",86949.51982748417,,,178.25999450683594,179.4199981689453,4991.279846191406,5018.736188781738,27.456342590331587,0.5500862190943299,495.29872212219107,1806.6594757385237
2025-08-07 00:00:00-04:00,AAPL,SELL,23,,,"Exit signal triggered. Closing position with profit ($150.71, 3.1%).",SELL: Swing trade profit 3.2% >= 2.0% (24.0h),91999.41783168033,,,213.0082550048828,219.7805633544922,4899.189865112305,5049.898004196167,150.70813908386208,3.0761849047139833,43.842941574096585,1957.3676148223858
2025-08-07 00:00:00-04:00,MSFT,SELL,9,,,"End of trading session - closing all positions ($-66.77, -1.4%).",FORCED EXIT: Held for 48.0 hours (max: 48),96674.6050300446,,,526.8838500976562,519.9852294921875,4741.954650878906,4675.187198364258,-66.76745251464854,-1.4080154162223673,624.7248911743163,1890.6001623077373
2025-08-07 00:00:00-04:00,GOOGL,BUY,25,196.34439086914062,4913.518381500244,Strong upward momentum detected. Algorithm confidence: 66%. Good entry point for potential gains.,BUY: Momentum entry Q=0.663 >= 0.35,91761.08664854435,25.0,196.34439086914062,,,,,,,,1890.6001623077373
2025-08-07 00:00:00-04:00,TSLA,SELL,15,,,"AI model detects potential price peak. Taking profits ($30.57, 0.6%).","SELL: ML profit peak ML=0.559, P&L=$35.40",96590.30243391423,,,319.9100036621094,322.2699890136719,4798.650054931641,4829.215785369873,30.565730438232094,0.6369651899666919,365.75066394042915,1921.1658927459694
2025-08-07 00:00:00-04:00,NVDA,BUY,27,180.77000427246094,4885.670905471801,Strong upward momentum detected. Algorithm confidence: 56%. Good entry point for potential gains.,BUY: Momentum entry Q=0.563 >= 0.35,91704.63152844243,27.0,180.77000427246094,,,,,,,,1921.1658927459694
2025-08-08 00:00:00-04:00,AAPL,BUY,21,229.0900115966797,4815.701133773803,Strong upward momentum detected. Algorithm confidence: 59%. Good entry point for potential gains.,BUY: Momentum entry Q=0.593 >= 0.35,86888.93039466863,21.0,229.0900115966797,,,,,,,,1921.1658927459694
2025-08-08 00:00:00-04:00,MSFT,BUY,9,521.1832275390625,4695.339696899414,Strong upward momentum detected. Algorithm confidence: 46%. Good entry point for potential gains.,BUY: Momentum entry Q=0.461 >= 0.35,82193.5906977692,9.0,521.1832275390625,,,,,,,,1921.1658927459694
2025-08-08 00:00:00-04:00,GOOGL,SELL,25,,,"Exit signal triggered. Closing position with profit ($117.36, 2.4%).",SELL: Swing trade profit 2.5% >= 2.0% (24.0h),87219.55983496098,,,196.34439086914062,201.24000549316406,4908.609771728516,5025.9691371917725,117.35936546325684,2.390888070573391,508.90803939819307,2038.5252582092262
2025-08-08 00:00:00-04:00,TSLA,BUY,15,329.6499938964844,4949.694658355712,Strong upward momentum detected. Algorithm confidence: 67%. Good entry point for potential gains.,BUY: Momentum entry Q=0.668 >= 0.35,82269.86517660526,15.0,329.6499938964844,,,,,,,,2038.5252582092262
2025-08-08 00:00:00-04:00,NVDA,SELL,27,,,"AI model detects potential price peak. Taking profits ($47.18, 1.0%).","SELL: ML profit peak ML=0.621, P&L=$52.11",87197.8321942902,,,180.77000427246094,182.6999969482422,4880.790115356445,4927.967017684937,47.17690232849145,0.9665833033889045,542.4756244506825,2085.7021605377176
2025-08-11 00:00:00-04:00,AAPL,SELL,21,,,"End of trading session - closing all positions ($-44.88, -0.9%).",FORCED EXIT: Held for 72.0 hours (max: 48),91963.84126063541,,,229.0900115966797,227.17999267578125,4810.890243530273,4766.009066345215,-44.88117718505873,-0.9329079424627349,-1.038235610962147,2040.820983352659
2025-08-11 00:00:00-04:00,MSFT,SELL,9,,,"End of trading session - closing all positions ($-7.11, -0.2%).",FORCED EXIT: Held for 72.0 hours (max: 48),96647.37630397038,,,521.1832275390625,520.9136962890625,4690.6490478515625,4683.535043334961,-7.114004516601199,-0.1516635425935265,617.6108866577151,2033.7069788360577
2025-08-11 00:00:00-04:00,GOOGL,BUY,24,200.8203887939453,4824.509020385742,Strong upward momentum detected. Algorithm confidence: 49%. Good entry point for potential gains.,BUY: Momentum entry Q=0.489 >= 0.35,91822.86728358464,24.0,200.8203887939453,,,,,,,,2033.7069788360577
2025-08-11 00:00:00-04:00,TSLA,SELL,15,,,"End of trading session - closing all positions ($135.61, 2.7%).",FORCED EXIT: Held for 72.0 hours (max: 48),96903.2318152924,,,329.6499938964844,339.0299987792969,4944.749908447266,5080.3645317077635,135.61462326049786,2.7425982258237838,501.365287200927,2169.3216020965556
2025-08-11 00:00:00-04:00,NVDA,BUY,27,182.05999755859375,4920.535554016113,Strong upward momentum detected. Algorithm confidence: 50%. Good entry point for potential gains.,BUY: Momentum entry Q=0.497 >= 0.35,91982.69626127629,27.0,182.05999755859375,,,,,,,,2169.3216020965556
2025-08-12 00:00:00-04:00,AAPL,BUY,21,229.64999389648438,4827.472521697998,Strong upward momentum detected. Algorithm confidence: 66%. Good entry point for potential gains.,BUY: Momentum entry Q=0.662 >= 0.35,87155.22373957829,21.0,229.64999389648438,,,,,,,,2169.3216020965556
2025-08-12 00:00:00-04:00,MSFT,BUY,9,528.3713989257812,4760.097932922363,Strong upward momentum detected. Algorithm confidence: 54%. Good entry point for potential gains.,BUY: Momentum entry Q=0.541 >= 0.35,82395.12580665592,9.0,528.3713989257812,,,,,,,,2169.3216020965556
2025-08-12 00:00:00-04:00,GOOGL,SELL,24,,,"AI model detects potential price peak. Taking profits ($51.23, 1.1%).","SELL: ML profit peak ML=0.734, P&L=$56.11",87266.04907984928,,,200.8203887939453,203.15829467773438,4819.6893310546875,4870.92327319336,51.23394213867232,1.0630133732594929,560.1419815368654,2220.555544235228
2025-08-12 00:00:00-04:00,TSLA,BUY,14,340.8399963378906,4776.531708679198,Strong upward momentum detected. Algorithm confidence: 65%. Good entry point for potential gains.,BUY: Momentum entry Q=0.647 >= 0.35,82489.51737117008,14.0,340.8399963378906,,,,,,,,2220.555544235228
2025-08-12 00:00:00-04:00,NVDA,SELL,27,,,"AI model detects potential price peak. Taking profits ($24.75, 0.5%).","SELL: ML profit peak ML=0.526, P&L=$29.70",87429.89214994815,,,182.05999755859375,183.16000366210938,4915.619934082031,4940.374778778076,24.75484469604453,0.5035955795607574,567.230469146727,2245.3103889312724
2025-08-13 00:00:00-04:00,AAPL,SELL,21,,,"AI model detects potential price peak. Taking profits ($72.38, 1.5%).","SELL: ML profit peak ML=0.639, P&L=$77.28",92324.92225836185,,,229.64999389648438,233.3300018310547,4822.649871826172,4895.030108413696,72.38023658752445,1.500839549028189,71.3420009765623,2317.690625518797
2025-08-13 00:00:00-04:00,GOOGL,BUY,24,201.779541015625,4847.551693359374,Strong upward momentum detected. Algorithm confidence: 70%. Good entry point for potential gains.,BUY: Momentum entry Q=0.698 >= 0.35,87477.37056500248,24.0,201.779541015625,,,,,,,,2317.690625518797
2025-08-13 00:00:00-04:00,TSLA,SELL,14,,,"Algorithm confidence dropped. Exiting position to preserve capital ($-25.19, -0.5%).",SELL: Conviction lost Q=0.288 <= 0.3,92223.9393132935,,,340.8399963378906,339.3800048828125,4771.759948730469,4746.568748291015,-25.191200439453496,-0.527922626245179,476.1740867614735,2292.4994250793434
2025-08-13 00:00:00-04:00,NVDA,BUY,27,181.58999633789062,4907.8328310241695,Strong upward momentum detected. Algorithm confidence: 62%. Good entry point for potential gains.,BUY: Momentum entry Q=0.619 >= 0.35,87316.10648226933,27.0,181.58999633789062,,,,,,,,2292.4994250793434
2025-08-14 00:00:00-04:00,AAPL,BUY,21,232.77999877929688,4893.268354339599,Strong upward momentum detected. Algorithm confidence: 59%. Good entry point for potential gains.,BUY: Momentum entry Q=0.586 >= 0.35,82422.83812792973,21.0,232.77999877929688,,,,,,,,2292.4994250793434
2025-08-14 00:00:00-04:00,MSFT,SELL,9,,,"End of trading session - closing all positions ($-65.43, -1.4%).",FORCED EXIT: Held for 48.0 hours (max: 48),87112.74600347904,,,528.3713989257812,521.6224975585938,4755.342590332031,4689.9078755493165,-65.43471478271476,-1.3760252503310373,552.1761718750004,2227.0647102966286
2025-08-14 00:00:00-04:00,GOOGL,SELL,24,,,"AI model detects potential price peak. Taking profits ($18.63, 0.4%).","SELL: ML profit peak ML=0.677, P&L=$23.50",91974.087437439,,,201.779541015625,202.75865173339844,4842.708984375,4861.341433959961,18.63244958496125,0.38475261769969754,578.7744311218266,2245.69715988159
2025-08-14 00:00:00-04:00,TSLA,BUY,14,335.5799865722656,4702.81793182373,Strong upward momentum detected. Algorithm confidence: 59%. Good entry point for potential gains.,BUY: Momentum entry Q=0.591 >= 0.35,87271.26950561527,14.0,335.5799865722656,,,,,,,,2245.69715988159
2025-08-14 00:00:00-04:00,NVDA,SELL,27,,,"AI model detects potential price peak. Taking profits ($6.70, 0.1%).","SELL: ML profit peak ML=0.502, P&L=$11.61",92180.89508085637,,,181.58999633789062,182.02000427246094,4902.929901123047,4909.625575241089,6.695674118042007,0.13656475317969202,573.926143264769,2252.392833999632
2025-08-15 00:00:00-04:00,MSFT,BUY,9,519.3162841796875,4678.520404174804,Strong upward momentum detected. Algorithm confidence: 56%. Good entry point for potential gains.,BUY: Momentum entry Q=0.560 >= 0.35,87502.37467668156,9.0,519.3162841796875,,,,,,,,2252.392833999632
2025-08-15 00:00:00-04:00,GOOGL,BUY,24,203.71778869628906,4894.116155639648,Strong upward momentum detected. Algorithm confidence: 61%. Good entry point for potential gains.,BUY: Momentum entry Q=0.610 >= 0.35,82608.2585210419,24.0,203.71778869628906,,,,,,,,2252.392833999632
2025-08-15 00:00:00-04:00,NVDA,BUY,27,180.4499969482422,4877.022067520141,Strong upward momentum detected. Algorithm confidence: 64%. Good entry point for potential gains.,BUY: Momentum entry Q=0.645 >= 0.35,77731.23645352176,27.0,180.4499969482422,,,,,,,,2252.392833999632
2025-08-18 00:00:00-04:00,AAPL,SELL,21,,,"End of trading session - closing all positions ($-44.54, -0.9%).",FORCED EXIT: Held for 96.0 hours (max: 48),82575.0777507172,,,232.77999877929688,230.88999938964844,4888.379974365234,4843.841297195435,-44.538677169799485,-0.911113240037829,26.80332380676282,2207.8541568298324
2025-08-18 00:00:00-04:00,MSFT,SELL,9,,,"End of trading session - closing all positions ($-32.23, -0.7%).",FORCED EXIT: Held for 72.0 hours (max: 48),87216.69302482609,,,519.3162841796875,516.2512817382812,4673.8465576171875,4641.615274108886,-32.2312835083012,-0.6896093637428548,519.9448883666992,2175.622873321531
2025-08-18 00:00:00-04:00,GOOGL,SELL,24,,,"End of trading session - closing all positions ($-14.47, -0.3%).",FORCED EXIT: Held for 72.0 hours (max: 48),92091.44925321965,,,203.71778869628906,203.3181610107422,4889.2269287109375,4874.756228393555,-14.47070031738258,-0.29597113262234753,564.3037308044441,2161.1521730041486
2025-08-18 00:00:00-04:00,TSLA,SELL,14,,,"End of trading session - closing all positions ($-10.57, -0.2%).",FORCED EXIT: Held for 96.0 hours (max: 48),96778.9970644379,,,335.5799865722656,335.1600036621094,4698.119812011719,4687.547811218262,-10.572000793456937,-0.2250262065779468,465.6020859680166,2150.5801722106917
2025-08-18 00:00:00-04:00,NVDA,SELL,27,,,"End of trading session - closing all positions ($37.21, 0.8%).",FORCED EXIT: Held for 72.0 hours (max: 48),101688.3526462708,,,180.4499969482422,182.00999450683594,4872.149917602539,4909.355581832886,37.20566423034688,0.7636395607599621,611.1318074951159,2187.7858364410386
2025-08-19 00:00:00-04:00,AAPL,BUY,21,230.55999755859375,4846.601708679199,Strong upward momentum detected. Algorithm confidence: 41%. Good entry point for potential gains.,BUY: Momentum entry Q=0.406 >= 0.35,96841.7509375916,21.0,230.55999755859375,,,,,,,,2187.7858364410386
2025-08-19 00:00:00-04:00,MSFT,BUY,9,508.933349609375,4584.980546630859,Strong upward momentum detected. Algorithm confidence: 69%. Good entry point for potential gains.,BUY: Momentum entry Q=0.693 >= 0.35,92256.77039096074,9.0,508.933349609375,,,,,,,,2187.7858364410386
2025-08-19 00:00:00-04:00,GOOGL,BUY,24,201.389892578125,4838.190779296874,Strong upward momentum detected. Algorithm confidence: 64%. Good entry point for potential gains.,BUY: Momentum entry Q=0.642 >= 0.35,87418.57961166387,24.0,201.389892578125,,,,,,,,2187.7858364410386
2025-08-19 00:00:00-04:00,TSLA,BUY,15,329.30999755859375,4944.589613342285,Strong upward momentum detected. Algorithm confidence: 62%. Good entry point for potential gains.,BUY: Momentum entry Q=0.615 >= 0.35,82473.98999832159,15.0,329.30999755859375,,,,,,,,2187.7858364410386
2025-08-19 00:00:00-04:00,NVDA,BUY,28,175.63999938964844,4922.837902893066,Strong upward momentum detected. Algorithm confidence: 58%. Good entry point for potential gains.,BUY: Momentum entry Q=0.585 >= 0.35,77551.15209542852,28.0,175.63999938964844,,,,,,,,2187.7858364410386
2025-08-21 00:00:00-04:00,AAPL,SELL,21,,,"End of trading session - closing all positions ($-123.58, -2.6%).",FORCED EXIT: Held for 48.0 hours (max: 48),82269.32906738287,,,230.55999755859375,224.89999389648438,4841.759948730469,4718.176971954345,-123.58297677612336,-2.5524391561074267,-96.77965296936054,2064.202859664915
2025-08-21 00:00:00-04:00,MSFT,SELL,9,,,"End of trading session - closing all positions ($-46.78, -1.0%).",FORCED EXIT: Held for 48.0 hours (max: 48),86802.95081958015,,,508.933349609375,504.239990234375,4580.400146484375,4533.621752197266,-46.77839428710922,-1.021273093858696,473.16649407958994,2017.424465377806
2025-08-21 00:00:00-04:00,GOOGL,SELL,24,,,"End of trading session - closing all positions ($-48.43, -1.0%).",FORCED EXIT: Held for 48.0 hours (max: 48),91587.87716796882,,,201.389892578125,199.57150268554688,4833.357421875,4784.926348388672,-48.43107348632839,-1.0020172161722847,515.8726573181157,1968.9933918914776
2025-08-21 00:00:00-04:00,TSLA,SELL,15,,,"End of trading session - closing all positions ($-142.80, -2.9%).",FORCED EXIT: Held for 48.0 hours (max: 48),96384.72529846198,,,329.30999755859375,320.1099853515625,4939.649963378906,4796.848130493164,-142.80183288574244,-2.890930206480878,322.80025308227414,1826.1915590057351
2025-08-21 00:00:00-04:00,NVDA,SELL,28,,,"End of trading session - closing all positions ($-23.38, -0.5%).",FORCED EXIT: Held for 48.0 hours (max: 48),101279.2657389527,,,175.63999938964844,174.97999572753906,4917.919982910156,4894.540440490723,-23.379542419433164,-0.47539493323757637,587.7522650756828,1802.812016586302
2025-08-22 00:00:00-04:00,MSFT,BUY,9,507.2300109863281,4569.635168975829,Strong upward momentum detected. Algorithm confidence: 88%. Good entry point for potential gains.,BUY: Momentum entry Q=0.885 >= 0.35,96709.63056997687,9.0,507.2300109863281,,,,,,,,1802.812016586302
2025-08-22 00:00:00-04:00,GOOGL,BUY,24,205.9058380126953,4946.681852416991,Strong upward momentum detected. Algorithm confidence: 41%. Good entry point for potential gains.,BUY: Momentum entry Q=0.407 >= 0.35,91762.94871755988,24.0,205.9058380126953,,,,,,,,1802.812016586302
2025-08-22 00:00:00-04:00,TSLA,BUY,14,340.010009765625,4764.900276855468,Strong upward momentum detected. Algorithm confidence: 49%. Good entry point for potential gains.,BUY: Momentum entry Q=0.494 >= 0.35,86998.04844070441,14.0,340.010009765625,,,,,,,,1802.812016586302
2025-08-22 00:00:00-04:00,NVDA,BUY,28,177.99000549316406,4988.703873962402,Strong upward momentum detected. Algorithm confidence: 61%. Good entry point for potential gains.,BUY: Momentum entry Q=0.609 >= 0.35,82009.34456674202,28.0,177.99000549316406,,,,,,,,1802.812016586302
2025-08-25 00:00:00-04:00,AAPL,BUY,22,227.16000366210938,5002.517600646972,Strong upward momentum detected. Algorithm confidence: 40%. Good entry point for potential gains.,BUY: Momentum entry Q=0.403 >= 0.35,77006.82696609505,22.0,227.16000366210938,,,,,,,,1802.812016586302
2025-08-25 00:00:00-04:00,MSFT,SELL,9,,,"End of trading session - closing all positions ($-31.27, -0.7%).",FORCED EXIT: Held for 72.0 hours (max: 48),81540.62871389778,,,507.2300109863281,504.260009765625,4565.070098876953,4533.801747802734,-31.268351074219026,-0.6849478846318551,441.8981430053709,1771.543665512083
2025-08-25 00:00:00-04:00,GOOGL,SELL,24,,,"End of trading session - closing all positions ($52.55, 1.1%).",FORCED EXIT: Held for 72.0 hours (max: 48),86534.91812149055,,,205.9058380126953,208.30369567871094,4941.7401123046875,4994.289407592773,52.54929528808589,1.0633763430262297,568.4219526062016,1824.0929608001688
2025-08-25 00:00:00-04:00,TSLA,SELL,14,,,"End of trading session - closing all positions ($87.41, 1.8%).",FORCED EXIT: Held for 72.0 hours (max: 48),91382.46580685432,,,340.010009765625,346.6000061035156,4760.14013671875,4847.547685363769,87.40754864501923,1.8362389789908753,410.2078017272934,1911.500509445188
2025-08-25 00:00:00-04:00,NVDA,SELL,28,,,"End of trading session - closing all positions ($45.93, 0.9%).",FORCED EXIT: Held for 72.0 hours (max: 48),96412.1110585633,,,177.99000549316406,179.80999755859375,4983.720153808594,5029.645251708985,45.92509790039094,0.9215023412840438,633.6773629760737,1957.425607345579
2025-08-26 00:00:00-04:00,AAPL,SELL,22,,,"AI model detects potential price peak. Taking profits ($42.26, 0.8%).","SELL: ML profit peak ML=0.665, P&L=$47.30",101451.88618490608,,,227.16000366210938,229.30999755859375,4997.520080566406,5039.775126342774,42.2550457763673,0.845520279962101,-54.524607192993244,1999.6806531219463
2025-08-26 00:00:00-04:00,MSFT,BUY,9,502.0400085449219,4522.878436981201,Strong upward momentum detected. Algorithm confidence: 60%. Good entry point for potential gains.,BUY: Momentum entry Q=0.605 >= 0.35,96929.00774792487,9.0,502.0400085449219,,,,,,,,1999.6806531219463
2025-08-26 00:00:00-04:00,GOOGL,BUY,24,206.95489501953125,4971.8843979492185,Strong upward momentum detected. Algorithm confidence: 40%. Good entry point for potential gains.,BUY: Momentum entry Q=0.398 >= 0.35,91957.12334997565,24.0,206.95489501953125,,,,,,,,1999.6806531219463
2025-08-26 00:00:00-04:00,TSLA,BUY,14,351.6700134277344,4928.303568176269,Strong upward momentum detected. Algorithm confidence: 59%. Good entry point for potential gains.,BUY: Momentum entry Q=0.586 >= 0.35,87028.81978179938,14.0,351.6700134277344,,,,,,,,1999.6806531219463
2025-08-26 00:00:00-04:00,NVDA,BUY,27,181.77000427246094,4912.697905471801,Strong upward momentum detected. Algorithm confidence: 63%. Good entry point for potential gains.,BUY: Momentum entry Q=0.630 >= 0.35,82116.12187632758,27.0,181.77000427246094,,,,,,,,1999.6806531219463
2025-08-27 00:00:00-04:00,AAPL,BUY,21,230.49000549316406,4845.130405471801,Strong upward momentum detected. Algorithm confidence: 55%. Good entry point for potential gains.,BUY: Momentum entry Q=0.548 >= 0.35,77270.99147085578,21.0,230.49000549316406,,,,,,,,1999.6806531219463
2025-08-27 00:00:00-04:00,MSFT,SELL,9,,,"AI model detects potential price peak. Taking profits ($37.74, 0.8%).","SELL: ML profit peak ML=0.581, P&L=$42.30",81827.09072305304,,,502.0400085449219,506.739990234375,4518.360076904297,4556.099252197266,37.739175292968866,0.8352405441494922,479.6373182983398,2037.4198284149152
2025-08-27 00:00:00-04:00,GOOGL,SELL,24,,,"AI model detects potential price peak. Taking profits ($3.18, 0.1%).","SELL: ML profit peak ML=0.697, P&L=$8.15",86797.18572134405,,,206.95489501953125,207.29458618164062,4966.91748046875,4970.094998291016,3.1775178222660543,0.06397363827285042,571.5994704284676,2040.5973462371812
2025-08-28 00:00:00-04:00,AAPL,SELL,21,,,"AI model detects potential price peak. Taking profits ($38.59, 0.8%).","SELL: ML profit peak ML=0.620, P&L=$43.47",91676.06191012579,,,230.49000549316406,232.55999755859375,4840.290115356445,4878.876188781738,38.58607342529285,0.7971851377848933,-15.938533767700392,2079.183419662474
2025-08-28 00:00:00-04:00,GOOGL,BUY,23,211.4508819580078,4868.2336553192135,Strong upward momentum detected. Algorithm confidence: 65%. Good entry point for potential gains.,BUY: Momentum entry Q=0.649 >= 0.35,86807.82825480658,23.0,211.4508819580078,,,,,,,,2079.183419662474
2025-08-28 00:00:00-04:00,TSLA,SELL,14,,,"End of trading session - closing all positions ($-84.50, -1.7%).",FORCED EXIT: Held for 48.0 hours (max: 48),91646.70468846137,,,351.6700134277344,345.9800109863281,4923.380187988281,4838.876433654785,-84.50375433349654,-1.7163767799135823,325.7040473937968,1994.6796653289775
2025-08-28 00:00:00-04:00,NVDA,SELL,27,,,"End of trading session - closing all positions ($-48.06, -1.0%).",FORCED EXIT: Held for 48.0 hours (max: 48),96506.43004907233,,,181.77000427246094,180.1699981689453,4907.790115356445,4859.725360610962,-48.0647547454837,-0.9793563623491024,585.61260823059,1946.6149105834938
2025-08-29 00:00:00-04:00,AAPL,BUY,21,232.13999938964844,4879.814927169799,Strong upward momentum detected. Algorithm confidence: 66%. Good entry point for potential gains.,BUY: Momentum entry Q=0.659 >= 0.35,91626.61512190252,21.0,232.13999938964844,,,,,,,,1946.6149105834938
2025-08-29 00:00:00-04:00,MSFT,BUY,9,506.69000244140625,4564.770231994628,Strong upward momentum detected. Algorithm confidence: 40%. Good entry point for potential gains.,BUY: Momentum entry Q=0.405 >= 0.35,87061.8448899079,9.0,506.69000244140625,,,,,,,,1946.6149105834938
2025-08-29 00:00:00-04:00,GOOGL,SELL,23,,,"AI model detects potential price peak. Taking profits ($24.29, 0.5%).","SELL: ML profit peak ML=0.598, P&L=$29.18",91949.50639773565,,,211.4508819580078,212.71974182128906,4863.37028503418,4887.661507827759,24.291222793579436,0.49947302734339744,595.890693222047,1970.9061333770733
2025-08-29 00:00:00-04:00,TSLA,BUY,14,333.8699951171875,4678.8541115722655,Strong upward momentum detected. Algorithm confidence: 61%. Good entry point for potential gains.,BUY: Momentum entry Q=0.609 >= 0.35,87270.65228616339,14.0,333.8699951171875,,,,,,,,1970.9061333770733
2025-08-29 00:00:00-04:00,NVDA,BUY,28,174.17999267578125,4881.916834716796,Strong upward momentum detected. Algorithm confidence: 68%. Good entry point for potential gains.,BUY: Momentum entry Q=0.679 >= 0.35,82388.73545144658,28.0,174.17999267578125,,,,,,,,1970.9061333770733
2025-09-02 00:00:00-04:00,AAPL,SELL,21,,,"End of trading session - closing all positions ($-55.64, -1.1%).",FORCED EXIT: Held for 96.0 hours (max: 48),87208.03135705572,,,232.13999938964844,229.72000122070312,4874.939987182617,4819.295905609131,-55.64408157348589,-1.1414311093016014,-71.58261534118628,1915.2620518035874
2025-09-02 00:00:00-04:00,MSFT,SELL,9,,,"End of trading session - closing all positions ($-18.68, -0.4%).",FORCED EXIT: Held for 96.0 hours (max: 48),91749.56523315435,,,506.69000244140625,505.1199951171875,4560.210021972656,4541.533876098632,-18.67614587402386,-0.40954573986802756,460.9611724243159,1896.5859059295635
2025-09-02 00:00:00-04:00,GOOGL,BUY,23,211.16114807128906,4861.563112045287,Strong upward momentum detected. Algorithm confidence: 56%. Good entry point for potential gains.,BUY: Momentum entry Q=0.560 >= 0.35,86888.00212110906,23.0,211.16114807128906,,,,,,,,1896.5859059295635
2025-09-02 00:00:00-04:00,TSLA,SELL,14,,,"End of trading session - closing all positions ($-67.75, -1.4%).",FORCED EXIT: Held for 96.0 hours (max: 48),91494.43087623602,,,333.8699951171875,329.3599853515625,4674.179931640625,4606.428755126954,-67.75117651367145,-1.4494772880917095,257.9528708801254,1828.834729415892
2025-09-02 00:00:00-04:00,NVDA,SELL,28,,,"End of trading session - closing all positions ($-99.98, -2.1%).",FORCED EXIT: Held for 96.0 hours (max: 48),96271.48900209051,,,174.17999267578125,170.77999877929688,4877.039794921875,4777.058125854493,-99.98166906738243,-2.0500482520459733,485.6309391632076,1728.8530603485096
2025-09-03 00:00:00-04:00,AAPL,BUY,20,238.47000122070312,4774.169424438476,Strong upward momentum detected. Algorithm confidence: 57%. Good entry point for potential gains.,BUY: Momentum entry Q=0.573 >= 0.35,91497.31957765204,20.0,238.47000122070312,,,,,,,,1728.8530603485096
2025-09-03 00:00:00-04:00,MSFT,BUY,9,505.3500061035156,4552.698204986572,Strong upward momentum detected. Algorithm confidence: 45%. Good entry point for potential gains.,BUY: Momentum entry Q=0.448 >= 0.35,86944.62137266547,9.0,505.3500061035156,,,,,,,,1728.8530603485096
2025-09-03 00:00:00-04:00,GOOGL,SELL,23,,,"Exit signal triggered. Closing position with profit ($438.43, 9.0%).",SELL: Swing trade profit 9.1% >= 2.0% (24.0h),92239.76035585029,,,211.16114807128906,230.45388793945312,4856.706405639648,5295.138983184815,438.43257754516617,9.027364244955276,1034.3232707672132,2167.285637893676
2025-09-03 00:00:00-04:00,TSLA,BUY,14,334.0899963378906,4681.937208679199,Strong upward momentum detected. Algorithm confidence: 56%. Good entry point for potential gains.,BUY: Momentum entry Q=0.556 >= 0.35,87557.82314717109,14.0,334.0899963378906,,,,,,,,2167.285637893676
2025-09-03 00:00:00-04:00,NVDA,BUY,29,170.6199951171875,4952.9278382568355,Strong upward momentum detected. Algorithm confidence: 71%. Good entry point for potential gains.,BUY: Momentum entry Q=0.706 >= 0.35,82604.89530891426,29.0,170.6199951171875,,,,,,,,2167.285637893676
2025-09-04 00:00:00-04:00,AAPL,SELL,20,,,"AI model detects potential price peak. Taking profits ($21.40, 0.4%).","SELL: ML profit peak ML=0.610, P&L=$26.20",87395.69968452462,,,238.47000122070312,239.77999877929688,4769.4000244140625,4790.804375610352,21.4043511962891,0.4487849852543811,-50.178264144897184,2188.689989089965
2025-09-04 00:00:00-04:00,MSFT,SELL,9,,,"AI model detects potential price peak. Taking profits ($19.01, 0.4%).","SELL: ML profit peak ML=0.495, P&L=$23.58",91962.85796549996,,,505.3500061035156,507.9700012207031,4548.150054931641,4567.158280975342,19.008226043701143,0.417933133562517,479.96939846801706,2207.698215133666
2025-09-04 00:00:00-04:00,GOOGL,BUY,21,232.09242248535156,4878.814813064575,Strong upward momentum detected. Algorithm confidence: 40%. Good entry point for potential gains.,BUY: Momentum entry Q=0.396 >= 0.35,87084.04315243539,21.0,232.09242248535156,,,,,,,,2207.698215133666
2025-09-04 00:00:00-04:00,TSLA,SELL,14,,,"AI model detects potential price peak. Taking profits ($57.42, 1.2%).","SELL: ML profit peak ML=0.786, P&L=$62.16",91818.72371536263,,,334.0899963378906,338.5299987792969,4677.259948730469,4734.680562927246,57.420614196777024,1.2276549694947463,315.3734850769024,2265.118829330443
2025-09-04 00:00:00-04:00,NVDA,SELL,29,,,"AI model detects potential price peak. Taking profits ($25.18, 0.5%).","SELL: ML profit peak ML=0.919, P&L=$30.16",96791.8856814576,,,170.6199951171875,171.66000366210938,4947.9798583984375,4973.161966094971,25.18210769653342,0.5089371504572852,510.813046859741,2290.3009370269765
2025-09-05 00:00:00-04:00,AAPL,BUY,20,239.69000244140625,4798.5938488769525,Strong upward momentum detected. Algorithm confidence: 64%. Good entry point for potential gains.,BUY: Momentum entry Q=0.642 >= 0.35,91993.29183258065,20.0,239.69000244140625,,,,,,,,2290.3009370269765
2025-09-05 00:00:00-04:00,MSFT,BUY,10,495.0,4954.95,Strong upward momentum detected. Algorithm confidence: 57%. Good entry point for potential gains.,BUY: Momentum entry Q=0.570 >= 0.35,87038.34183258066,10.0,495.0,,,,,,,,2290.3009370269765
2025-09-05 00:00:00-04:00,GOOGL,SELL,21,,,"AI model detects potential price peak. Taking profits ($51.72, 1.1%).","SELL: ML profit peak ML=0.679, P&L=$56.65",91964.00142184457,,,232.09242248535156,234.79000854492188,4873.940872192383,4925.659589263916,51.71871707153332,1.0611272977603716,1086.0419878387465,2342.01965409851
2025-09-05 00:00:00-04:00,TSLA,BUY,14,350.8399963378906,4916.671708679199,Strong upward momentum detected. Algorithm confidence: 61%. Good entry point for potential gains.,BUY: Momentum entry Q=0.606 >= 0.35,87047.32971316537,14.0,350.8399963378906,,,,,,,,2342.01965409851
2025-09-05 00:00:00-04:00,NVDA,BUY,29,167.02000427246094,4848.423704025268,Strong upward momentum detected. Algorithm confidence: 54%. Good entry point for potential gains.,BUY: Momentum entry Q=0.536 >= 0.35,82198.9060091401,29.0,167.02000427246094,,,,,,,,2342.01965409851
2025-09-08 00:00:00-04:00,AAPL,SELL,20,,,"End of trading session - closing all positions ($-40.96, -0.9%).",FORCED EXIT: Held for 72.0 hours (max: 48),86951.7485066987,,,239.69000244140625,237.8800048828125,4793.800048828125,4752.842497558594,-40.957551269530995,-0.8543858912000999,-91.13581541442818,2301.062102828979
2025-09-08 00:00:00-04:00,MSFT,SELL,10,,,"End of trading session - closing all positions ($27.02, 0.5%).",FORCED EXIT: Held for 72.0 hours (max: 48),91928.76662864695,,,495.0,498.20001220703125,4950.0,4977.018121948242,27.01812194824197,0.5458206454190296,506.98752041625903,2328.080224777221
2025-09-08 00:00:00-04:00,GOOGL,BUY,21,234.0399932861328,4919.754698867798,Strong upward momentum detected. Algorithm confidence: 38%. Good entry point for potential gains.,BUY: Momentum entry Q=0.378 >= 0.35,87009.01192977915,21.0,234.0399932861328,,,,,,,,2328.080224777221
2025-09-08 00:00:00-04:00,TSLA,SELL,14,,,"End of trading session - closing all positions ($-67.01, -1.4%).",FORCED EXIT: Held for 72.0 hours (max: 48),91853.76224441538,,,350.8399963378906,346.3999938964844,4911.759948730469,4844.7503146362305,-67.00963409423821,-1.3642693208481826,248.3638509826642,2261.0705906829826
2025-09-08 00:00:00-04:00,NVDA,SELL,29,,,"End of trading session - closing all positions ($32.53, 0.7%).",FORCED EXIT: Held for 72.0 hours (max: 48),96729.8711836854,,,167.02000427246094,168.30999755859375,4843.580123901367,4876.10893927002,32.52881536865243,0.6715861931989965,543.3418622283934,2293.599406051635
