date,symbol,action,shares,price,cost,reason,technical_reason,cash_after,total_position,avg_price,buy_price,sell_price,cost_basis,proceeds,pnl,pnl_pct,cumulative_pnl,running_total_pnl
2024-10-01 00:00:00-04:00,AAPL,BUY,22,225.16209411621094,4958.519636627197,Strong upward momentum detected. Algorithm confidence: 43%. Good entry point for potential gains.,BUY: Momentum entry Q=0.429 >= 0.35,45041.4803633728,22.0,225.16209411621094,,,,,,,,0.0
2024-10-01 00:00:00-04:00,MSFT,BUY,11,417.5552062988281,4597.700376556396,Strong upward momentum detected. Algorithm confidence: 46%. Good entry point for potential gains.,BUY: Momentum entry Q=0.460 >= 0.35,40443.77998681641,11.0,417.5552062988281,,,,,,,,0.0
2024-10-01 00:00:00-04:00,GOOGL,BUY,30,166.25682067871094,4992.692324981689,Strong upward momentum detected. Algorithm confidence: 39%. Good entry point for potential gains.,BUY: Momentum entry Q=0.388 >= 0.35,35451.08766183472,30.0,166.25682067871094,,,,,,,,0.0
2024-10-01 00:00:00-04:00,NVDA,BUY,42,116.97306060791016,4917.781414077758,Strong upward momentum detected. Algorithm confidence: 40%. Good entry point for potential gains.,BUY: Momentum entry Q=0.403 >= 0.35,30533.30624775696,42.0,116.97306060791016,,,,,,,,0.0
2024-10-01 00:00:00-04:00,TSLA,BUY,19,258.0199890136719,4907.282171051025,Strong upward momentum detected. Algorithm confidence: 43%. Good entry point for potential gains.,BUY: Momentum entry Q=0.429 >= 0.35,25626.024076705933,19.0,258.0199890136719,,,,,,,,0.0
2024-10-02 00:00:00-04:00,AAPL,SELL,22,,,"AI model detects potential price peak. Taking profits ($7.52, 0.2%).","SELL: ML profit peak ML=0.435, P&L=$12.48",30587.10584992981,,,225.16209411621094,225.7294464111328,4953.566070556641,4961.081773223877,7.515702667235928,0.15172307303839747,7.515702667235928,7.515702667235928
2024-10-02 00:00:00-04:00,GOOGL,SELL,30,,,"Algorithm confidence dropped. Exiting position to preserve capital ($-38.71, -0.8%).",SELL: Conviction lost Q=0.233 <= 0.3,35536.105143753055,,,166.25682067871094,165.13177490234375,4987.704620361328,4948.999293823243,-38.7053265380855,-0.7760148101007942,-38.7053265380855,-31.189623870849573
2024-10-02 00:00:00-04:00,NVDA,SELL,42,,,"AI model detects potential price peak. Taking profits ($72.69, 1.5%).","SELL: ML profit peak ML=0.487, P&L=$77.68",40521.66481021119,,,116.97306060791016,118.82262420654297,4912.868545532227,4985.55966645813,72.6911209259033,1.479606471294836,72.6911209259033,41.50149705505373
2024-10-02 00:00:00-04:00,TSLA,SELL,19,,,"Stop loss triggered to limit losses. Protecting capital ($-175.73, -3.6%).",SELL: Stop loss 3.5% >= 2.0%,45248.31351130677,,,258.0199890136719,249.02000427246094,4902.379791259766,4726.648701095581,-175.73109016418493,-3.584607836330593,-175.73109016418493,-134.2295931091312
2024-10-03 00:00:00-04:00,AAPL,BUY,22,224.6245880126953,4946.6826772155755,Strong upward momentum detected. Algorithm confidence: 38%. Good entry point for potential gains.,BUY: Momentum entry Q=0.383 >= 0.35,40301.63083409119,22.0,224.6245880126953,,,,,,,,-134.2295931091312
2024-10-03 00:00:00-04:00,MSFT,SELL,11,,,"End of trading session - closing all positions ($-49.86, -1.1%).",FORCED EXIT: Held for 48.0 hours (max: 48),44844.880765853886,,,417.5552062988281,413.4361572265625,4593.107269287109,4543.249931762695,-49.857337524414106,-1.0854816707155286,-49.857337524414106,-184.0869306335453
2024-10-03 00:00:00-04:00,NVDA,BUY,40,122.82170867919922,4917.781215515136,Strong upward momentum detected. Algorithm confidence: 64%. Good entry point for potential gains.,BUY: Momentum entry Q=0.635 >= 0.35,39927.09955033875,40.0,122.82170867919922,,,,,,,,-184.0869306335453
2024-10-03 00:00:00-04:00,TSLA,BUY,20,240.66000366210938,4818.013273315429,Strong upward momentum detected. Algorithm confidence: 47%. Good entry point for potential gains.,BUY: Momentum entry Q=0.471 >= 0.35,35109.08627702332,20.0,240.66000366210938,,,,,,,,-184.0869306335453
2024-10-04 00:00:00-04:00,AAPL,SELL,22,,,"AI model detects potential price peak. Taking profits ($19.78, 0.4%).","SELL: ML profit peak ML=0.668, P&L=$24.74",40070.60535664368,,,224.6245880126953,225.7493438720703,4941.740936279297,4961.5190796203615,19.778143341064606,0.400226227883889,27.293846008300534,-164.3087872924807
2024-10-04 00:00:00-04:00,MSFT,BUY,12,412.9596862792969,4960.471751586913,Strong upward momentum detected. Algorithm confidence: 41%. Good entry point for potential gains.,BUY: Momentum entry Q=0.413 >= 0.35,35110.13360505677,12.0,412.9596862792969,,,,,,,,-164.3087872924807
2024-10-04 00:00:00-04:00,GOOGL,BUY,30,166.32650756835938,4994.785022277832,Strong upward momentum detected. Algorithm confidence: 44%. Good entry point for potential gains.,BUY: Momentum entry Q=0.435 >= 0.35,30115.348582778937,30.0,166.32650756835938,,,,,,,,-164.3087872924807
2024-10-04 00:00:00-04:00,NVDA,SELL,40,,,"AI model detects potential price peak. Taking profits ($77.79, 1.6%).","SELL: ML profit peak ML=0.399, P&L=$82.78",35106.00204255677,,,122.82170867919922,124.89122772216797,4912.868347167969,4990.653459777832,77.78511260986306,1.583293243644569,150.47623353576637,-86.52367468261764
2024-10-04 00:00:00-04:00,TSLA,SELL,20,,,"Exit signal triggered. Closing position with profit ($183.40, 3.8%).",SELL: Swing trade profit 3.9% >= 2.0% (24.0h),40102.60047914124,,,240.66000366210938,250.0800018310547,4813.2000732421875,4996.598436584472,183.39836334228494,3.8103207959678103,7.667273178100004,96.8746886596673
2024-10-07 00:00:00-04:00,AAPL,BUY,22,220.6630401611328,4859.441470428466,Strong upward momentum detected. Algorithm confidence: 45%. Good entry point for potential gains.,BUY: Momentum entry Q=0.451 >= 0.35,35243.15900871278,22.0,220.6630401611328,,,,,,,,96.8746886596673
2024-10-07 00:00:00-04:00,MSFT,SELL,12,,,"End of trading session - closing all positions ($-82.53, -1.7%).",FORCED EXIT: Held for 72.0 hours (max: 48),40116.140524337774,,,412.9596862792969,406.48828125,4955.5162353515625,4872.981515625,-82.5347197265628,-1.6655120436853434,-132.3920572509769,14.339968933104501
2024-10-07 00:00:00-04:00,GOOGL,SELL,30,,,"End of trading session - closing all positions ($-126.73, -2.5%).",FORCED EXIT: Held for 72.0 hours (max: 48),44979.204721115115,,,166.32650756835938,162.264404296875,4989.795227050781,4863.064196777344,-126.73103027343768,-2.5398042305704407,-165.43635681152318,-112.39106134033318
2024-10-07 00:00:00-04:00,NVDA,BUY,39,127.69058990478516,4984.912939292907,Strong upward momentum detected. Algorithm confidence: 61%. Good entry point for potential gains.,BUY: Momentum entry Q=0.611 >= 0.35,39994.291781822205,39.0,127.69058990478516,,,,,,,,-112.39106134033318
2024-10-07 00:00:00-04:00,TSLA,BUY,20,240.8300018310547,4821.416636657715,Strong upward momentum detected. Algorithm confidence: 42%. Good entry point for potential gains.,BUY: Momentum entry Q=0.423 >= 0.35,35172.87514516449,20.0,240.8300018310547,,,,,,,,-112.39106134033318
2024-10-08 00:00:00-04:00,AAPL,SELL,22,,,"AI model detects potential price peak. Taking profits ($84.40, 1.7%).","SELL: ML profit peak ML=0.431, P&L=$89.34",40111.8622139206,,,220.6630401611328,224.72413635253906,4854.586883544922,4938.987068756103,84.40018521118145,1.7385657572071438,111.69403121948199,-27.99087612915173
2024-10-08 00:00:00-04:00,GOOGL,BUY,30,163.65826416015625,4914.657672729491,Strong upward momentum detected. Algorithm confidence: 41%. Good entry point for potential gains.,BUY: Momentum entry Q=0.411 >= 0.35,35197.20454119111,30.0,163.65826416015625,,,,,,,,-27.99087612915173
2024-10-08 00:00:00-04:00,NVDA,SELL,39,,,"Exit signal triggered. Closing position with profit ($196.40, 3.9%).",SELL: Swing trade profit 4.0% >= 2.0% (24.0h),40373.53924506379,,,127.69058990478516,132.85939025878906,4979.933006286621,5176.334703872681,196.40169758605953,3.943862243490502,346.8779311218259,168.4108214569078
2024-10-08 00:00:00-04:00,TSLA,SELL,20,,,"AI model detects potential price peak. Taking profits ($68.51, 1.4%).","SELL: ML profit peak ML=0.386, P&L=$73.40",45258.64924506379,,,240.8300018310547,244.5,4816.600036621094,4885.11,68.50996337890592,1.4223718568703607,76.17723655700593,236.92078483581372
2024-10-09 00:00:00-04:00,AAPL,BUY,21,228.47665405273438,4802.807744842528,Strong upward momentum detected. Algorithm confidence: 66%. Good entry point for potential gains.,BUY: Momentum entry Q=0.662 >= 0.35,40455.84150022126,21.0,228.47665405273438,,,,,,,,236.92078483581372
2024-10-09 00:00:00-04:00,MSFT,BUY,12,414.3492431640625,4977.163108886718,Strong upward momentum detected. Algorithm confidence: 39%. Good entry point for potential gains.,BUY: Momentum entry Q=0.392 >= 0.35,35478.67839133454,12.0,414.3492431640625,,,,,,,,236.92078483581372
2024-10-09 00:00:00-04:00,GOOGL,SELL,30,,,"Algorithm confidence dropped. Exiting position to preserve capital ($-80.10, -1.6%).",SELL: Conviction lost Q=0.250 <= 0.3,40308.32358695222,,,163.65826416015625,161.14932250976562,4909.7479248046875,4829.645195617676,-80.10272918701139,-1.63150390638839,-245.53908599853457,156.81805564880233
2024-10-09 00:00:00-04:00,NVDA,BUY,37,132.6194305419922,4911.825848983764,Strong upward momentum detected. Algorithm confidence: 57%. Good entry point for potential gains.,BUY: Momentum entry Q=0.572 >= 0.35,35396.49773796846,37.0,132.6194305419922,,,,,,,,156.81805564880233
2024-10-09 00:00:00-04:00,TSLA,BUY,20,241.0500030517578,4825.8210610961905,Strong upward momentum detected. Algorithm confidence: 38%. Good entry point for potential gains.,BUY: Momentum entry Q=0.377 >= 0.35,30570.676676872266,20.0,241.0500030517578,,,,,,,,156.81805564880233
2024-10-10 00:00:00-04:00,MSFT,SELL,12,,,"Algorithm confidence dropped. Exiting position to preserve capital ($-24.25, -0.5%).",SELL: Conviction lost Q=0.284 <= 0.3,35518.62014281465,,,414.3492431640625,412.7413635253906,4972.19091796875,4947.943465942383,-24.247452026366773,-0.4876613232758245,-156.63950927734368,132.57060362243556
2024-10-10 00:00:00-04:00,NVDA,SELL,37,,,"AI model detects potential price peak. Taking profits ($74.92, 1.5%).","SELL: ML profit peak ML=0.483, P&L=$79.90",40500.45432096101,,,132.6194305419922,134.77894592285156,4906.918930053711,4981.834178146362,74.91524809265138,1.5267268353225343,421.7931792144773,207.48585171508694
2024-10-10 00:00:00-04:00,TSLA,SELL,20,,,"Algorithm confidence dropped. Exiting position to preserve capital ($-50.38, -1.0%).",SELL: Conviction lost Q=0.289 <= 0.3,45271.079006324784,,,241.0500030517578,238.77000427246094,4821.000061035156,4770.6246853637695,-50.37537567138679,-1.0449154746654428,25.801860885619135,157.11047604370015
2024-10-11 00:00:00-04:00,AAPL,SELL,21,,,"End of trading session - closing all positions ($-46.35, -1.0%).",FORCED EXIT: Held for 48.0 hours (max: 48),50022.73639562227,,,228.47665405273438,226.4958953857422,4798.009735107422,4751.657389297486,-46.352345809936196,-0.9660744427167866,65.34168540954579,110.75813023376395
2024-10-11 00:00:00-04:00,MSFT,BUY,12,413.2177429199219,4963.571527954101,Strong upward momentum detected. Algorithm confidence: 47%. Good entry point for potential gains.,BUY: Momentum entry Q=0.468 >= 0.35,45059.164867668165,12.0,413.2177429199219,,,,,,,,110.75813023376395
2024-10-11 00:00:00-04:00,GOOGL,BUY,30,162.5232696533203,4880.573787689208,Strong upward momentum detected. Algorithm confidence: 46%. Good entry point for potential gains.,BUY: Momentum entry Q=0.465 >= 0.35,40178.591079978956,30.0,162.5232696533203,,,,,,,,110.75813023376395
2024-10-11 00:00:00-04:00,NVDA,BUY,37,134.7689666748047,4991.438218734741,Strong upward momentum detected. Algorithm confidence: 62%. Good entry point for potential gains.,BUY: Momentum entry Q=0.622 >= 0.35,35187.15286124421,37.0,134.7689666748047,,,,,,,,110.75813023376395
2024-10-11 00:00:00-04:00,TSLA,BUY,22,217.8000030517578,4796.39166720581,Strong upward momentum detected. Algorithm confidence: 45%. Good entry point for potential gains.,BUY: Momentum entry Q=0.450 >= 0.35,30390.7611940384,22.0,217.8000030517578,,,,,,,,110.75813023376395
2024-10-14 00:00:00-04:00,AAPL,BUY,21,230.22853088378906,4839.633947708129,Strong upward momentum detected. Algorithm confidence: 68%. Good entry point for potential gains.,BUY: Momentum entry Q=0.678 >= 0.35,25551.127246330274,21.0,230.22853088378906,,,,,,,,110.75813023376395
2024-10-14 00:00:00-04:00,MSFT,SELL,12,,,"End of trading session - closing all positions ($28.60, 0.6%).",FORCED EXIT: Held for 72.0 hours (max: 48),30538.336460929884,,,413.2177429199219,416.01678466796875,4958.6129150390625,4987.209214599609,28.596299560546868,0.5766995740646876,-128.0432097167968,139.35442979431082
2024-10-14 00:00:00-04:00,GOOGL,SELL,30,,,"End of trading session - closing all positions ($46.45, 1.0%).",FORCED EXIT: Held for 72.0 hours (max: 48),35460.481379905716,,,162.5232696533203,164.23573303222656,4875.698089599609,4922.1449189758305,46.4468293762211,0.9526190613667652,-199.09225662231347,185.80125917053192
2024-10-14 00:00:00-04:00,NVDA,SELL,37,,,"End of trading session - closing all positions ($115.86, 2.3%).",FORCED EXIT: Held for 72.0 hours (max: 48),40562.78822650911,,,134.7689666748047,138.03822326660156,4986.451766967773,5102.306846603394,115.85507963562031,2.3233971779911746,537.6482588500976,301.65633880615223
2024-10-14 00:00:00-04:00,TSLA,SELL,22,,,"End of trading session - closing all positions ($25.10, 0.5%).",FORCED EXIT: Held for 72.0 hours (max: 48),45379.48678699495,,,217.8000030517578,219.16000366210938,4791.600067138672,4816.69856048584,25.098493347168187,0.523801924106656,50.90035423278732,326.7548321533204
2024-10-15 00:00:00-04:00,AAPL,SELL,21,,,"AI model detects potential price peak. Taking profits ($48.41, 1.0%).","SELL: ML profit peak ML=0.451, P&L=$53.30",50262.69924185945,,,230.22853088378906,232.76669311523438,4834.79914855957,4883.2124548645015,48.41330630493121,1.0013509313898792,113.754991714477,375.16813845825163
2024-10-15 00:00:00-04:00,MSFT,BUY,12,415.6197204589844,4992.424082153319,Strong upward momentum detected. Algorithm confidence: 46%. Good entry point for potential gains.,BUY: Momentum entry Q=0.464 >= 0.35,45270.275159706136,12.0,415.6197204589844,,,,,,,,375.16813845825163
2024-10-15 00:00:00-04:00,GOOGL,BUY,30,164.7335205078125,4946.947620849609,Strong upward momentum detected. Algorithm confidence: 40%. Good entry point for potential gains.,BUY: Momentum entry Q=0.401 >= 0.35,40323.32753885652,30.0,164.7335205078125,,,,,,,,375.16813845825163
2024-10-15 00:00:00-04:00,NVDA,BUY,38,131.5697021484375,5004.648330322265,Strong upward momentum detected. Algorithm confidence: 65%. Good entry point for potential gains.,BUY: Momentum entry Q=0.648 >= 0.35,35318.67920853426,38.0,131.5697021484375,,,,,,,,375.16813845825163
2024-10-15 00:00:00-04:00,TSLA,BUY,22,219.57000732421875,4835.370701293945,Strong upward momentum detected. Algorithm confidence: 42%. Good entry point for potential gains.,BUY: Momentum entry Q=0.420 >= 0.35,30483.308507240316,22.0,219.57000732421875,,,,,,,,375.16813845825163
2024-10-16 00:00:00-04:00,AAPL,BUY,21,230.70628356933594,4849.67678691101,Strong upward momentum detected. Algorithm confidence: 60%. Good entry point for potential gains.,BUY: Momentum entry Q=0.596 >= 0.35,25633.631720329307,21.0,230.70628356933594,,,,,,,,375.16813845825163
2024-10-16 00:00:00-04:00,MSFT,SELL,12,,,"Algorithm confidence dropped. Exiting position to preserve capital ($-36.16, -0.7%).",SELL: Conviction lost Q=0.212 <= 0.3,30584.90620250704,,,415.6197204589844,413.01922607421875,4987.4366455078125,4951.274482177734,-36.16216333007833,-0.7250651166195687,-164.20537304687514,339.0059751281733
2024-10-16 00:00:00-04:00,GOOGL,SELL,30,,,"Algorithm confidence dropped. Exiting position to preserve capital ($-13.89, -0.3%).",SELL: Conviction lost Q=0.264 <= 0.3,35513.01850627901,,,164.7335205078125,164.43484497070312,4942.005615234375,4928.112303771973,-13.89331146240238,-0.28112698657351665,-212.98556808471585,325.1126636657709
2024-10-16 00:00:00-04:00,NVDA,SELL,38,,,"Exit signal triggered. Closing position with profit ($151.37, 3.0%).",SELL: Swing trade profit 3.1% >= 2.0% (24.0h),40664.03430086519,,,131.5697021484375,135.68873596191406,4999.648681640625,5151.015794586182,151.36711294555698,3.0275549860412627,689.0153717956546,476.4797766113279
2024-10-16 00:00:00-04:00,TSLA,SELL,22,,,"AI model detects potential price peak. Taking profits ($33.85, 0.7%).","SELL: ML profit peak ML=0.623, P&L=$38.72",45528.425081108115,,,219.57000732421875,221.3300018310547,4830.5401611328125,4864.39078024292,33.8506191101078,0.7007626058566807,84.75097334289512,510.3303957214357
2024-10-17 00:00:00-04:00,AAPL,SELL,21,,,"AI model detects potential price peak. Taking profits ($2.88, 0.1%).","SELL: ML profit peak ML=0.697, P&L=$7.73",50376.13847888949,,,230.70628356933594,231.07456970214844,4844.831954956055,4847.713397781372,2.881442825317208,0.05947456696345507,116.63643453979421,513.2118385467529
2024-10-17 00:00:00-04:00,MSFT,BUY,12,413.6147766113281,4968.340696655273,Strong upward momentum detected. Algorithm confidence: 35%. Good entry point for potential gains.,BUY: Momentum entry Q=0.354 >= 0.35,45407.797782234215,12.0,413.6147766113281,,,,,,,,513.2118385467529
2024-10-17 00:00:00-04:00,NVDA,BUY,36,136.89846801757812,4933.273193481445,Strong upward momentum detected. Algorithm confidence: 68%. Good entry point for potential gains.,BUY: Momentum entry Q=0.682 >= 0.35,40474.52458875277,36.0,136.89846801757812,,,,,,,,513.2118385467529
2024-10-17 00:00:00-04:00,TSLA,BUY,22,220.88999938964844,4864.439566558837,Strong upward momentum detected. Algorithm confidence: 43%. Good entry point for potential gains.,BUY: Momentum entry Q=0.433 >= 0.35,35610.08502219393,22.0,220.88999938964844,,,,,,,,513.2118385467529
2024-10-18 00:00:00-04:00,AAPL,BUY,21,233.91136169433594,4917.050734176635,Strong upward momentum detected. Algorithm confidence: 57%. Good entry point for potential gains.,BUY: Momentum entry Q=0.567 >= 0.35,30693.034288017298,21.0,233.91136169433594,,,,,,,,513.2118385467529
2024-10-18 00:00:00-04:00,MSFT,SELL,12,,,"AI model detects potential price peak. Taking profits ($12.17, 0.2%).","SELL: ML profit peak ML=0.404, P&L=$17.15",35668.582567802456,,,413.6147766113281,415.0440673828125,4963.3773193359375,4975.548279785156,12.17096044921891,0.2452152972896949,-152.03441259765623,525.3827989959718
2024-10-18 00:00:00-04:00,GOOGL,BUY,30,162.70249938964844,4885.956056671142,Strong upward momentum detected. Algorithm confidence: 43%. Good entry point for potential gains.,BUY: Momentum entry Q=0.433 >= 0.35,30782.626511131315,30.0,162.70249938964844,,,,,,,,525.3827989959718
2024-10-18 00:00:00-04:00,NVDA,SELL,36,,,"AI model detects potential price peak. Taking profits ($33.54, 0.7%).","SELL: ML profit peak ML=0.632, P&L=$38.51",35744.51542928317,,,136.89846801757812,137.9682159423828,4928.3448486328125,4961.888918151855,33.54406951904275,0.680635599766285,722.5594413146973,558.9268685150146
2024-10-21 00:00:00-04:00,AAPL,SELL,21,,,"End of trading session - closing all positions ($25.99, 0.5%).",FORCED EXIT: Held for 72.0 hours (max: 48),40682.646665275606,,,233.91136169433594,235.38449096679688,4912.138595581055,4938.131235992431,25.99264041137667,0.5291512017751203,142.62907495117088,584.9195089263912
2024-10-21 00:00:00-04:00,MSFT,BUY,12,415.6593933105469,4992.900632446289,Strong upward momentum detected. Algorithm confidence: 38%. Good entry point for potential gains.,BUY: Momentum entry Q=0.383 >= 0.35,35689.74603282932,12.0,415.6593933105469,,,,,,,,584.9195089263912
2024-10-21 00:00:00-04:00,GOOGL,SELL,30,,,"End of trading session - closing all positions ($14.51, 0.3%).",FORCED EXIT: Held for 72.0 hours (max: 48),40585.33474040988,,,162.70249938964844,163.34963989257812,4881.074981689453,4895.588707580567,14.513725891113609,0.2973469152913949,-198.47184219360224,599.4332348175049
2024-10-21 00:00:00-04:00,NVDA,BUY,34,143.67691040039062,4889.899968566894,Strong upward momentum detected. Algorithm confidence: 43%. Good entry point for potential gains.,BUY: Momentum entry Q=0.432 >= 0.35,35695.434771842985,34.0,143.67691040039062,,,,,,,,599.4332348175049
2024-10-21 00:00:00-04:00,TSLA,SELL,22,,,"End of trading session - closing all positions ($-49.69, -1.0%).",FORCED EXIT: Held for 96.0 hours (max: 48),40505.32020598605,,,220.88999938964844,218.85000610351562,4859.579986572266,4809.885434143066,-49.694552429199575,-1.0226100314536017,35.05642091369555,549.7386823883053
2024-10-22 00:00:00-04:00,AAPL,BUY,21,234.76739501953125,4935.045410705566,Strong upward momentum detected. Algorithm confidence: 59%. Good entry point for potential gains.,BUY: Momentum entry Q=0.593 >= 0.35,35570.274795280486,21.0,234.76739501953125,,,,,,,,549.7386823883053
2024-10-22 00:00:00-04:00,MSFT,SELL,12,,,"Exit signal triggered. Closing position with profit ($98.89, 2.0%).",SELL: Swing trade profit 2.1% >= 2.0% (24.0h),40657.07572472384,,,415.6593933105469,424.32440185546875,4987.9127197265625,5086.80092944336,98.88820971679706,1.982556938610949,-53.146202880859164,648.6268921051023
2024-10-22 00:00:00-04:00,GOOGL,BUY,30,164.41493225097656,4937.380415496826,Strong upward momentum detected. Algorithm confidence: 36%. Good entry point for potential gains.,BUY: Momentum entry Q=0.355 >= 0.35,35719.69530922702,30.0,164.41493225097656,,,,,,,,648.6268921051023
2024-10-22 00:00:00-04:00,NVDA,SELL,34,,,"Algorithm confidence dropped. Exiting position to preserve capital ($-8.96, -0.2%).",SELL: Conviction lost Q=0.285 <= 0.3,40595.750530296355,,,143.67691040039062,143.55694580078125,4885.014953613281,4876.055221069336,-8.959732543945393,-0.1834125919577417,713.5997087707519,639.667159561157
2024-10-22 00:00:00-04:00,TSLA,BUY,22,217.97000122070312,4800.135366882324,Strong upward momentum detected. Algorithm confidence: 51%. Good entry point for potential gains.,BUY: Momentum entry Q=0.510 >= 0.35,35795.61516341403,22.0,217.97000122070312,,,,,,,,639.667159561157
2024-10-23 00:00:00-04:00,AAPL,SELL,21,,,"Stop loss triggered to limit losses. Protecting capital ($-111.43, -2.3%).",SELL: Stop loss 2.2% >= 2.0%,40614.302532051115,,,234.76739501953125,229.6909942626953,4930.115295410156,4818.687368637085,-111.4279267730717,-2.2601484974764987,31.201148178099174,528.2392327880852
2024-10-23 00:00:00-04:00,MSFT,BUY,11,421.4360656738281,4640.432519134521,Strong upward momentum detected. Algorithm confidence: 55%. Good entry point for potential gains.,BUY: Momentum entry Q=0.546 >= 0.35,35973.870012916595,11.0,421.4360656738281,,,,,,,,528.2392327880852
2024-10-23 00:00:00-04:00,GOOGL,SELL,30,,,"Algorithm confidence dropped. Exiting position to preserve capital ($-75.35, -1.5%).",SELL: Conviction lost Q=0.225 <= 0.3,40830.966367591886,,,164.41493225097656,162.06527709960938,4932.447967529297,4857.096354675293,-75.35161285400409,-1.5276717230480654,-273.82345504760633,452.88761993408116
2024-10-23 00:00:00-04:00,NVDA,BUY,35,139.52786254882812,4888.358664398193,Strong upward momentum detected. Algorithm confidence: 46%. Good entry point for potential gains.,BUY: Momentum entry Q=0.455 >= 0.35,35942.607703193695,35.0,139.52786254882812,,,,,,,,452.88761993408116
2024-10-24 00:00:00-04:00,AAPL,BUY,21,229.5019073486328,4824.35959437561,Strong upward momentum detected. Algorithm confidence: 56%. Good entry point for potential gains.,BUY: Momentum entry Q=0.559 >= 0.35,31118.248108818087,21.0,229.5019073486328,,,,,,,,452.88761993408116
2024-10-24 00:00:00-04:00,MSFT,SELL,11,,,"AI model detects potential price peak. Taking profits ($-3.22, -0.1%).","SELL: ML profit peak ML=0.470, P&L=$1.42",35750.827262077364,,,421.4360656738281,421.56512451171875,4635.796722412109,4632.5791532592775,-3.2175691528318566,-0.06940703713940423,-56.36377203369102,449.6700507812493
2024-10-24 00:00:00-04:00,GOOGL,BUY,30,162.00555419921875,4865.026792602538,Strong upward momentum detected. Algorithm confidence: 37%. Good entry point for potential gains.,BUY: Momentum entry Q=0.374 >= 0.35,30885.800469474827,30.0,162.00555419921875,,,,,,,,449.6700507812493
2024-10-24 00:00:00-04:00,NVDA,SELL,35,,,"AI model detects potential price peak. Taking profits ($24.83, 0.5%).","SELL: ML profit peak ML=0.571, P&L=$29.74",35794.10571109775,,,139.52786254882812,140.37767028808594,4883.475189208984,4908.305241622925,24.830052413940393,0.5084504671756572,738.4297611846923,474.5001031951897
2024-10-24 00:00:00-04:00,TSLA,SELL,22,,,"End of trading session - closing all positions ($929.49, 19.4%).",FORCED EXIT: Held for 48.0 hours (max: 48),41518.93539255527,,,217.97000122070312,260.4800109863281,4795.340026855469,5724.82968145752,929.4896546020509,19.38318553838947,964.5460755157465,1403.9897577972406
2024-10-25 00:00:00-04:00,AAPL,SELL,21,,,"AI model detects potential price peak. Taking profits ($12.72, 0.3%).","SELL: ML profit peak ML=0.418, P&L=$17.56",46351.19656089023,,,229.5019073486328,230.3380126953125,4819.540054321289,4832.2611683349605,12.721114013671468,0.26394871440616996,43.92226219177064,1416.710871810912
2024-10-25 00:00:00-04:00,MSFT,BUY,11,424.9595947265625,4679.23009753418,Strong upward momentum detected. Algorithm confidence: 38%. Good entry point for potential gains.,BUY: Momentum entry Q=0.376 >= 0.35,41671.96646335605,11.0,424.9595947265625,,,,,,,,1416.710871810912
2024-10-25 00:00:00-04:00,GOOGL,SELL,30,,,"AI model detects potential price peak. Taking profits ($71.23, 1.5%).","SELL: ML profit peak ML=0.485, P&L=$76.16",46603.36039432529,,,162.00555419921875,164.54434204101562,4860.1666259765625,4931.393930969239,71.22730499267618,1.4655321612222367,-202.59615005493015,1487.9381768035882
2024-10-25 00:00:00-04:00,NVDA,BUY,35,141.5074005126953,4957.71177696228,Strong upward momentum detected. Algorithm confidence: 59%. Good entry point for potential gains.,BUY: Momentum entry Q=0.593 >= 0.35,41645.64861736301,35.0,141.5074005126953,,,,,,,,1487.9381768035882
2024-10-25 00:00:00-04:00,TSLA,BUY,18,269.19000244140625,4850.265463989257,Strong upward momentum detected. Algorithm confidence: 38%. Good entry point for potential gains.,BUY: Momentum entry Q=0.383 >= 0.35,36795.383153373754,18.0,269.19000244140625,,,,,,,,1487.9381768035882
2024-10-28 00:00:00-04:00,AAPL,BUY,21,232.31878662109375,4883.573213562011,Strong upward momentum detected. Algorithm confidence: 53%. Good entry point for potential gains.,BUY: Momentum entry Q=0.534 >= 0.35,31911.80993981174,21.0,232.31878662109375,,,,,,,,1487.9381768035882
2024-10-28 00:00:00-04:00,MSFT,SELL,11,,,"End of trading session - closing all positions ($-21.69, -0.5%).",FORCED EXIT: Held for 72.0 hours (max: 48),36564.6758843613,,,424.9595947265625,423.4112243652344,4674.5555419921875,4652.8659445495605,-21.68959744262702,-0.463992720757863,-78.05336947631804,1466.2485793609612
2024-10-28 00:00:00-04:00,GOOGL,BUY,30,165.9879913330078,4984.619379730224,Strong upward momentum detected. Algorithm confidence: 52%. Good entry point for potential gains.,BUY: Momentum entry Q=0.523 >= 0.35,31580.056504631073,30.0,165.9879913330078,,,,,,,,1466.2485793609612
2024-10-28 00:00:00-04:00,NVDA,SELL,35,,,"End of trading session - closing all positions ($-40.61, -0.8%).",FORCED EXIT: Held for 72.0 hours (max: 48),36492.20738407138,,,141.5074005126953,140.48765563964844,4952.759017944336,4912.150879440308,-40.60813850402792,-0.8199094354661839,697.8216226806644,1425.6404408569333
2024-10-28 00:00:00-04:00,TSLA,SELL,18,,,"End of trading session - closing all positions ($-124.97, -2.6%).",FORCED EXIT: Held for 72.0 hours (max: 48),41212.66237967685,,,269.19000244140625,262.510009765625,4845.4200439453125,4720.454995605469,-124.96504833984363,-2.579034370735229,839.5810271759028,1300.6753925170897
2024-10-29 00:00:00-04:00,AAPL,SELL,21,,,"AI model detects potential price peak. Taking profits ($0.76, 0.0%).","SELL: ML profit peak ML=0.457, P&L=$5.64",46092.1163744736,,,232.31878662109375,232.58753967285156,4878.694519042969,4879.453994796753,0.7594757537844998,0.01556719222365828,44.68173794555514,1301.4348682708742
2024-10-29 00:00:00-04:00,MSFT,BUY,11,428.7312927246094,4720.760264190673,Strong upward momentum detected. Algorithm confidence: 41%. Good entry point for potential gains.,BUY: Momentum entry Q=0.406 >= 0.35,41371.356110282926,11.0,428.7312927246094,,,,,,,,1301.4348682708742
2024-10-29 00:00:00-04:00,GOOGL,SELL,30,,,"AI model detects potential price peak. Taking profits ($83.34, 1.7%).","SELL: ML profit peak ML=0.549, P&L=$88.41",46434.33752980807,,,165.9879913330078,168.9349822998047,4979.639739990234,5062.9814195251465,83.34167953491215,1.6736487755452685,-119.254470520018,1384.7765478057863
2024-10-29 00:00:00-04:00,NVDA,BUY,35,141.21746826171875,4947.554000549316,Strong upward momentum detected. Algorithm confidence: 63%. Good entry point for potential gains.,BUY: Momentum entry Q=0.632 >= 0.35,41486.783529258755,35.0,141.21746826171875,,,,,,,,1384.7765478057863
2024-10-29 00:00:00-04:00,TSLA,BUY,19,259.5199890136719,4935.810671051025,Strong upward momentum detected. Algorithm confidence: 59%. Good entry point for potential gains.,BUY: Momentum entry Q=0.588 >= 0.35,36550.97285820773,19.0,259.5199890136719,,,,,,,,1384.7765478057863
2024-10-30 00:00:00-04:00,AAPL,BUY,21,229.03408813476562,4814.525566680908,Strong upward momentum detected. Algorithm confidence: 60%. Good entry point for potential gains.,BUY: Momentum entry Q=0.600 >= 0.35,31736.44729152682,21.0,229.03408813476562,,,,,,,,1384.7765478057863
2024-10-30 00:00:00-04:00,MSFT,SELL,11,,,"AI model detects potential price peak. Taking profits ($1.61, 0.0%).","SELL: ML profit peak ML=0.654, P&L=$6.33",36454.10131893161,,,428.7312927246094,429.30694580078125,4716.044219970703,4717.654027404785,1.609807434081631,0.03413469761934572,-76.44356204223641,1386.386355239868
2024-10-30 00:00:00-04:00,GOOGL,BUY,28,173.6940155029297,4868.295866516113,Strong upward momentum detected. Algorithm confidence: 43%. Good entry point for potential gains.,BUY: Momentum entry Q=0.430 >= 0.35,31585.805452415494,28.0,173.6940155029297,,,,,,,,1386.386355239868
2024-10-31 00:00:00-04:00,MSFT,BUY,12,403.3220520019531,4844.7044886474605,Strong upward momentum detected. Algorithm confidence: 66%. Good entry point for potential gains.,BUY: Momentum entry Q=0.665 >= 0.35,26741.100963768033,12.0,403.3220520019531,,,,,,,,1386.386355239868
2024-10-31 00:00:00-04:00,NVDA,SELL,35,,,"End of trading session - closing all positions ($-301.73, -6.1%).",FORCED EXIT: Held for 48.0 hours (max: 48),31381.98552400973,,,141.21746826171875,132.72943115234375,4942.611389160156,4640.8845602417,-301.7268289184567,-6.104603521534916,396.0947937622077,1084.6595263214112
2024-10-31 00:00:00-04:00,TSLA,SELL,19,,,"End of trading session - closing all positions ($-188.48, -3.8%).",FORCED EXIT: Held for 48.0 hours (max: 48),36124.38848986056,,,259.5199890136719,249.85000610351562,4930.879791259766,4742.40296585083,-188.47682540893584,-3.8223772103108367,651.104201766967,896.1827009124754
2024-11-01 00:00:00-04:00,AAPL,SELL,21,,,"End of trading session - closing all positions ($-154.95, -3.2%).",FORCED EXIT: Held for 48.0 hours (max: 48),40779.153732551604,,,229.03408813476562,221.8773651123047,4809.715850830078,4654.76524269104,-154.9506081390382,-3.221616680584078,-110.26887019348305,741.2320927734372
2024-11-01 00:00:00-04:00,MSFT,SELL,12,,,"AI model detects potential price peak. Taking profits ($42.99, 0.9%).","SELL: ML profit peak ML=0.563, P&L=$47.88",45662.01122657016,,,403.3220520019531,407.3121032714844,4839.8646240234375,4882.8574940185545,42.99286999511696,0.8883072840863155,-33.450692047119446,784.2249627685542
2024-11-01 00:00:00-04:00,GOOGL,SELL,28,,,"End of trading session - closing all positions ($-93.15, -1.9%).",FORCED EXIT: Held for 48.0 hours (max: 48),50432.29787140658,,,173.6940155029297,170.5379180908203,4863.432434082031,4770.286644836426,-93.14578924560556,-1.915227373014523,-212.40025976562356,691.0791735229486
2024-11-01 00:00:00-04:00,NVDA,BUY,36,135.3688201904297,4878.150804382323,Strong upward momentum detected. Algorithm confidence: 64%. Good entry point for potential gains.,BUY: Momentum entry Q=0.638 >= 0.35,45554.147067024256,36.0,135.3688201904297,,,,,,,,691.0791735229486
2024-11-01 00:00:00-04:00,TSLA,BUY,20,248.97999572753906,4984.579514465331,Strong upward momentum detected. Algorithm confidence: 56%. Good entry point for potential gains.,BUY: Momentum entry Q=0.561 >= 0.35,40569.567552558925,20.0,248.97999572753906,,,,,,,,691.0791735229486
2024-11-04 00:00:00-05:00,AAPL,BUY,22,220.98153686523438,4866.4554048461905,Strong upward momentum detected. Algorithm confidence: 58%. Good entry point for potential gains.,BUY: Momentum entry Q=0.578 >= 0.35,35703.11214771273,22.0,220.98153686523438,,,,,,,,691.0791735229486
2024-11-04 00:00:00-05:00,MSFT,BUY,12,405.41632080078125,4869.860845458984,Strong upward momentum detected. Algorithm confidence: 42%. Good entry point for potential gains.,BUY: Momentum entry Q=0.419 >= 0.35,30833.251302253746,12.0,405.41632080078125,,,,,,,,691.0791735229486
2024-11-04 00:00:00-05:00,GOOGL,BUY,29,168.49693298339844,4891.297467575073,Strong upward momentum detected. Algorithm confidence: 58%. Good entry point for potential gains.,BUY: Momentum entry Q=0.577 >= 0.35,25941.953834678672,29.0,168.49693298339844,,,,,,,,691.0791735229486
2024-11-04 00:00:00-05:00,NVDA,SELL,36,,,"End of trading session - closing all positions ($18.50, 0.4%).",FORCED EXIT: Held for 73.0 hours (max: 48),30833.729525596642,,,135.3688201904297,136.0186767578125,4873.277526855469,4891.775690917969,18.49816406250011,0.37958363669134676,414.5929578247078,709.5773375854487
2024-11-04 00:00:00-05:00,TSLA,SELL,20,,,"End of trading session - closing all positions ($-127.66, -2.6%).",FORCED EXIT: Held for 73.0 hours (max: 48),35685.6726524277,,,248.97999572753906,242.83999633789062,4979.599914550781,4851.9431268310545,-127.65678771972671,-2.5635952668949082,523.4474140472403,581.920549865722
2024-11-05 00:00:00-05:00,AAPL,SELL,22,,,"AI model detects potential price peak. Taking profits ($26.64, 0.5%).","SELL: ML profit peak ML=0.462, P&L=$31.53",40573.90702736666,,,220.98153686523438,222.41488647460938,4861.593811035156,4888.234374938965,26.64056390380847,0.5479800439793636,-83.62830628967458,608.5611137695305
2024-11-05 00:00:00-05:00,MSFT,SELL,12,,,"AI model detects potential price peak. Taking profits ($30.83, 0.6%).","SELL: ML profit peak ML=0.534, P&L=$35.73",45469.73371694185,,,405.41632080078125,408.3939514160156,4864.995849609375,4895.826689575195,30.830839965819905,0.6337279808428903,-2.619852081299541,639.3919537353504
2024-11-05 00:00:00-05:00,GOOGL,SELL,29,,,"AI model detects potential price peak. Taking profits ($9.54, 0.2%).","SELL: ML profit peak ML=0.492, P&L=$14.44",50365.680205421464,,,168.49693298339844,168.99473571777344,4886.411056518555,4895.946488479614,9.535431961059658,0.19514183008282185,-202.8648278045639,648.92738569641
2024-11-05 00:00:00-05:00,NVDA,BUY,35,139.87777709960938,4900.617920684814,Strong upward momentum detected. Algorithm confidence: 59%. Good entry point for potential gains.,BUY: Momentum entry Q=0.593 >= 0.35,45465.06228473665,35.0,139.87777709960938,,,,,,,,648.92738569641
2024-11-05 00:00:00-05:00,TSLA,BUY,19,251.44000244140625,4782.137406433105,Strong upward momentum detected. Algorithm confidence: 57%. Good entry point for potential gains.,BUY: Momentum entry Q=0.571 >= 0.35,40682.924878303544,19.0,251.44000244140625,,,,,,,,648.92738569641
2024-11-06 00:00:00-05:00,AAPL,BUY,22,221.68824768066406,4882.018590423583,Strong upward momentum detected. Algorithm confidence: 37%. Good entry point for potential gains.,BUY: Momentum entry Q=0.374 >= 0.35,35800.90628787996,22.0,221.68824768066406,,,,,,,,648.92738569641
2024-11-06 00:00:00-05:00,MSFT,BUY,11,417.0489807128906,4592.126326629638,Strong upward momentum detected. Algorithm confidence: 40%. Good entry point for potential gains.,BUY: Momentum entry Q=0.397 >= 0.35,31208.779961250322,11.0,417.0489807128906,,,,,,,,648.92738569641
2024-11-06 00:00:00-05:00,NVDA,SELL,35,,,"Exit signal triggered. Closing position with profit ($194.36, 4.0%).",SELL: Swing trade profit 4.1% >= 2.0% (24.0h),36298.86094780733,,,139.87777709960938,145.5764617919922,4895.722198486328,5090.080986557007,194.3587880706791,3.9699717465744166,608.9517458953869,843.2861737670892
2024-11-06 00:00:00-05:00,TSLA,SELL,19,,,"Exit signal triggered. Closing position with profit ($699.23, 14.6%).",SELL: Swing trade profit 14.8% >= 2.0% (24.0h),41775.44885463716,,,251.44000244140625,288.5299987792969,4777.360046386719,5476.587906829834,699.2278604431149,14.636281411780233,1222.6752744903552,1542.514034210204
2024-11-07 00:00:00-05:00,AAPL,SELL,22,,,"Exit signal triggered. Closing position with profit ($99.25, 2.0%).",SELL: Swing trade profit 2.1% >= 2.0% (24.0h),46751.84406496431,,,221.68824768066406,226.42620849609375,4877.141448974609,4976.395210327149,99.25376135253919,2.035080638750117,15.625455062864603,1641.7677955627432
2024-11-07 00:00:00-05:00,MSFT,SELL,11,,,"AI model detects potential price peak. Taking profits ($52.67, 1.1%).","SELL: ML profit peak ML=0.418, P&L=$57.32",51392.05763549043,,,417.0489807128906,422.2598571777344,4587.538787841797,4640.2135705261235,52.6747826843266,1.1482144374218448,50.05493060302706,1694.4425782470698
2024-11-07 00:00:00-05:00,GOOGL,BUY,27,179.95640563964844,4863.681775222778,Strong upward momentum detected. Algorithm confidence: 40%. Good entry point for potential gains.,BUY: Momentum entry Q=0.403 >= 0.35,46528.37586026765,27.0,179.95640563964844,,,,,,,,1694.4425782470698
2024-11-07 00:00:00-05:00,NVDA,BUY,33,148.84573364257812,4916.821119415283,Strong upward momentum detected. Algorithm confidence: 60%. Good entry point for potential gains.,BUY: Momentum entry Q=0.596 >= 0.35,41611.55474085237,33.0,148.84573364257812,,,,,,,,1694.4425782470698
2024-11-08 00:00:00-05:00,AAPL,BUY,22,226.15716552734375,4980.433099243163,Strong upward momentum detected. Algorithm confidence: 36%. Good entry point for potential gains.,BUY: Momentum entry Q=0.359 >= 0.35,36631.12164160921,22.0,226.15716552734375,,,,,,,,1694.4425782470698
2024-11-08 00:00:00-05:00,MSFT,BUY,11,419.39141845703125,4617.91890863037,Strong upward momentum detected. Algorithm confidence: 39%. Good entry point for potential gains.,BUY: Momentum entry Q=0.390 >= 0.35,32013.202732978836,11.0,419.39141845703125,,,,,,,,1694.4425782470698
2024-11-08 00:00:00-05:00,GOOGL,SELL,27,,,"Algorithm confidence dropped. Exiting position to preserve capital ($-69.31, -1.4%).",SELL: Conviction lost Q=0.240 <= 0.3,36802.71540232088,,,179.95640563964844,177.56692504882812,4858.822952270508,4789.512669342041,-69.31028292846713,-1.4264829900023157,-272.17511073303103,1625.1322953186027
2024-11-08 00:00:00-05:00,TSLA,BUY,15,321.2200012207031,4823.118318328857,Strong upward momentum detected. Algorithm confidence: 41%. Good entry point for potential gains.,BUY: Momentum entry Q=0.408 >= 0.35,31979.597083992023,15.0,321.2200012207031,,,,,,,,1625.1322953186027
2024-11-11 00:00:00-05:00,AAPL,SELL,22,,,"End of trading session - closing all positions ($-64.76, -1.3%).",FORCED EXIT: Held for 72.0 hours (max: 48),36890.29136789705,,,226.15716552734375,223.4368133544922,4975.4576416015625,4910.694283905029,-64.7633576965336,-1.3016562970011893,-49.137902633669,1560.368937622069
2024-11-11 00:00:00-05:00,MSFT,SELL,11,,,"End of trading session - closing all positions ($-54.02, -1.2%).",FORCED EXIT: Held for 72.0 hours (max: 48),41449.57441431429,,,419.39141845703125,414.8951721191406,4613.305603027344,4559.283046417237,-54.02255661010713,-1.1710162139411802,-3.967626007080071,1506.346381011962
2024-11-11 00:00:00-05:00,GOOGL,BUY,27,179.55813598632812,4852.91774130249,Strong upward momentum detected. Algorithm confidence: 39%. Good entry point for potential gains.,BUY: Momentum entry Q=0.394 >= 0.35,36596.6566730118,27.0,179.55813598632812,,,,,,,,1506.346381011962
2024-11-11 00:00:00-05:00,NVDA,SELL,33,,,"End of trading session - closing all positions ($-124.23, -2.5%).",FORCED EXIT: Held for 96.0 hours (max: 48),41384.3397528763,,,148.84573364257812,145.22653198242188,4911.909210205078,4787.683079864502,-124.22613034057576,-2.529080343799538,484.72561555481116,1382.1202506713862
2024-11-11 00:00:00-05:00,TSLA,SELL,15,,,"End of trading session - closing all positions ($426.45, 8.9%).",FORCED EXIT: Held for 72.0 hours (max: 48),46629.0897528763,,,321.2200012207031,350.0,4818.300018310547,5244.75,426.4499816894531,8.850631551975885,1649.1252561798083,1808.5702323608393
2024-11-12 00:00:00-05:00,MSFT,BUY,11,419.87774658203125,4623.2738676147455,Strong upward momentum detected. Algorithm confidence: 55%. Good entry point for potential gains.,BUY: Momentum entry Q=0.545 >= 0.35,42005.81588526156,11.0,419.87774658203125,,,,,,,,1808.5702323608393
2024-11-12 00:00:00-05:00,GOOGL,SELL,27,,,"AI model detects potential price peak. Taking profits ($29.26, 0.6%).","SELL: ML profit peak ML=0.369, P&L=$34.14",46883.143087471035,,,179.55813598632812,180.82257080078125,4848.069671630859,4877.3272022094725,29.257530578613114,0.6034882450187864,-242.91758015441792,1837.8277629394524
2024-11-12 00:00:00-05:00,NVDA,BUY,33,148.25582885742188,4897.334794647216,Strong upward momentum detected. Algorithm confidence: 59%. Good entry point for potential gains.,BUY: Momentum entry Q=0.592 >= 0.35,41985.80829282382,33.0,148.25582885742188,,,,,,,,1837.8277629394524
2024-11-12 00:00:00-05:00,TSLA,BUY,15,328.489990234375,4932.27720336914,Strong upward momentum detected. Algorithm confidence: 40%. Good entry point for potential gains.,BUY: Momentum entry Q=0.398 >= 0.35,37053.531089454686,15.0,328.489990234375,,,,,,,,1837.8277629394524
2024-11-13 00:00:00-05:00,AAPL,BUY,22,224.3236541748047,4940.055512237548,Strong upward momentum detected. Algorithm confidence: 35%. Good entry point for potential gains.,BUY: Momentum entry Q=0.350 >= 0.35,32113.475577217137,22.0,224.3236541748047,,,,,,,,1837.8277629394524
2024-11-13 00:00:00-05:00,MSFT,SELL,11,,,"AI model detects potential price peak. Taking profits ($19.05, 0.4%).","SELL: ML profit peak ML=0.539, P&L=$23.69",36751.18100775913,,,419.87774658203125,422.0316162109375,4618.655212402344,4637.705430541992,19.050218139648678,0.4124624433643297,15.082592132568607,1856.8779810791011
2024-11-13 00:00:00-05:00,GOOGL,BUY,28,178.09458923339844,4991.635147033691,Strong upward momentum detected. Algorithm confidence: 40%. Good entry point for potential gains.,BUY: Momentum entry Q=0.400 >= 0.35,31759.545860725437,28.0,178.09458923339844,,,,,,,,1856.8779810791011
2024-11-13 00:00:00-05:00,TSLA,SELL,15,,,"AI model detects potential price peak. Taking profits ($21.30, 0.4%).","SELL: ML profit peak ML=0.584, P&L=$26.25",36708.192114387544,,,328.489990234375,330.239990234375,4927.349853515625,4948.646253662109,21.296400146484302,0.4322079978000647,1670.4216563262926,1878.1743812255854
2024-11-14 00:00:00-05:00,AAPL,SELL,22,,,"AI model detects potential price peak. Taking profits ($62.96, 1.3%).","SELL: ML profit peak ML=0.689, P&L=$67.96",41706.26853318027,,,224.3236541748047,227.41270446777344,4935.120391845703,4998.076418792724,62.9560269470212,1.2756735793323992,13.8181243133522,1941.1304081726066
2024-11-14 00:00:00-05:00,MSFT,BUY,11,423.7090148925781,4665.459962982177,Strong upward momentum detected. Algorithm confidence: 55%. Good entry point for potential gains.,BUY: Momentum entry Q=0.549 >= 0.35,37040.808570198096,11.0,423.7090148925781,,,,,,,,1941.1304081726066
2024-11-14 00:00:00-05:00,NVDA,SELL,33,,,"End of trading session - closing all positions ($-55.32, -1.1%).",FORCED EXIT: Held for 48.0 hours (max: 48),41877.930580223125,,,148.25582885742188,146.72618103027344,4892.442352294922,4837.122010025025,-55.32034226989708,-1.1307305898851867,429.4052732849141,1885.8100659027095
2024-11-14 00:00:00-05:00,TSLA,BUY,16,311.17999267578125,4983.858762695312,Strong upward momentum detected. Algorithm confidence: 66%. Good entry point for potential gains.,BUY: Momentum entry Q=0.655 >= 0.35,36894.071817527816,16.0,311.17999267578125,,,,,,,,1885.8100659027095
2024-11-15 00:00:00-05:00,AAPL,BUY,22,224.2041015625,4937.422724609374,Strong upward momentum detected. Algorithm confidence: 50%. Good entry point for potential gains.,BUY: Momentum entry Q=0.495 >= 0.35,31956.649092918444,22.0,224.2041015625,,,,,,,,1885.8100659027095
2024-11-15 00:00:00-05:00,MSFT,SELL,11,,,"Stop loss triggered to limit losses. Protecting capital ($-134.35, -2.9%).",SELL: Stop loss 2.8% >= 2.0%,36483.10162990575,,,423.7090148925781,411.9075927734375,4660.799163818359,4526.4525369873045,-134.3466268310549,-2.8824804954906367,-119.26403469848628,1751.4634390716546
2024-11-15 00:00:00-05:00,GOOGL,SELL,28,,,"End of trading session - closing all positions ($-182.94, -3.7%).",FORCED EXIT: Held for 48.0 hours (max: 48),41286.807763694815,,,178.09458923339844,171.732666015625,4986.648498535156,4803.706133789063,-182.94236474609352,-3.6686436752025617,-425.85994490051144,1568.5210743255611
2024-11-15 00:00:00-05:00,NVDA,BUY,35,141.94729614257812,4973.123520355224,Strong upward momentum detected. Algorithm confidence: 62%. Good entry point for potential gains.,BUY: Momentum entry Q=0.618 >= 0.35,36313.684243339594,35.0,141.94729614257812,,,,,,,,1568.5210743255611
2024-11-15 00:00:00-05:00,TSLA,SELL,16,,,"Exit signal triggered. Closing position with profit ($147.51, 3.0%).",SELL: Swing trade profit 3.1% >= 2.0% (24.0h),41440.07274285131,,,311.17999267578125,320.7200012207031,4978.8798828125,5126.388499511719,147.5086166992187,2.9626867924335847,1817.9302730255113,1716.0296910247798
2024-11-18 00:00:00-05:00,AAPL,SELL,22,,,"End of trading session - closing all positions ($61.21, 1.2%).",FORCED EXIT: Held for 72.0 hours (max: 48),46433.76905516821,,,224.2041015625,227.21340942382812,4932.490234375,4993.696312316894,61.206077941894364,1.2408758058017693,75.02420225524656,1777.2357689666742
2024-11-18 00:00:00-05:00,MSFT,BUY,12,412.66192626953125,4956.895058349609,Strong upward momentum detected. Algorithm confidence: 40%. Good entry point for potential gains.,BUY: Momentum entry Q=0.396 >= 0.35,41476.8739968186,12.0,412.66192626953125,,,,,,,,1777.2357689666742
2024-11-18 00:00:00-05:00,GOOGL,BUY,28,174.5303192138672,4891.735786926269,Strong upward momentum detected. Algorithm confidence: 63%. Good entry point for potential gains.,BUY: Momentum entry Q=0.628 >= 0.35,36585.13820989233,28.0,174.5303192138672,,,,,,,,1777.2357689666742
2024-11-18 00:00:00-05:00,NVDA,SELL,35,,,"End of trading session - closing all positions ($-68.94, -1.4%).",FORCED EXIT: Held for 72.0 hours (max: 48),41484.353810630855,,,141.94729614257812,140.11770629882812,4968.155364990234,4899.215600738526,-68.93976425170877,-1.3876330184340817,360.4655090332053,1708.2960047149654
2024-11-18 00:00:00-05:00,TSLA,BUY,14,338.739990234375,4747.10222314453,Strong upward momentum detected. Algorithm confidence: 36%. Good entry point for potential gains.,BUY: Momentum entry Q=0.362 >= 0.35,36737.251587486324,14.0,338.739990234375,,,,,,,,1708.2960047149654
2024-11-19 00:00:00-05:00,AAPL,BUY,21,227.4724884033203,4781.699178726196,Strong upward momentum detected. Algorithm confidence: 38%. Good entry point for potential gains.,BUY: Momentum entry Q=0.375 >= 0.35,31955.55240876013,21.0,227.4724884033203,,,,,,,,1708.2960047149654
2024-11-19 00:00:00-05:00,MSFT,SELL,12,,,"AI model detects potential price peak. Taking profits ($19.20, 0.4%).","SELL: ML profit peak ML=0.571, P&L=$24.18",36926.6977472611,,,412.66192626953125,414.6767883300781,4951.943115234375,4971.145338500976,19.202223266601322,0.3877714832290129,-100.06181143188496,1727.4982279815667
2024-11-19 00:00:00-05:00,GOOGL,SELL,28,,,"AI model detects potential price peak. Taking profits ($73.65, 1.5%).","SELL: ML profit peak ML=0.520, P&L=$78.61",41887.194504280145,,,174.5303192138672,177.3379364013672,4886.848937988281,4960.496757019043,73.64781903076164,1.5070615025206708,-352.2121258697498,1801.1460470123284
2024-11-19 00:00:00-05:00,NVDA,BUY,34,146.97613525390625,5002.185787231445,Strong upward momentum detected. Algorithm confidence: 71%. Good entry point for potential gains.,BUY: Momentum entry Q=0.711 >= 0.35,36885.0087170487,34.0,146.97613525390625,,,,,,,,1801.1460470123284
2024-11-19 00:00:00-05:00,TSLA,SELL,14,,,"Exit signal triggered. Closing position with profit ($96.80, 2.0%).",SELL: Swing trade profit 2.1% >= 2.0% (24.0h),41724.164717048705,,,338.739990234375,346.0,4742.35986328125,4839.156,96.79613671874995,2.041096405783438,1914.7264097442612,1897.9421837310783
2024-11-20 00:00:00-05:00,AAPL,SELL,21,,,"AI model detects potential price peak. Taking profits ($10.27, 0.2%).","SELL: ML profit peak ML=0.783, P&L=$15.07",46511.36149781042,,,227.4724884033203,228.18994140625,4776.922256469727,4787.196780761718,10.274524291991838,0.2150866968386667,85.2987265472384,1908.2167080230702
2024-11-20 00:00:00-05:00,MSFT,BUY,12,412.3939208984375,4953.675777832031,Strong upward momentum detected. Algorithm confidence: 51%. Good entry point for potential gains.,BUY: Momentum entry Q=0.506 >= 0.35,41557.68571997839,12.0,412.3939208984375,,,,,,,,1908.2167080230702
2024-11-20 00:00:00-05:00,GOOGL,BUY,28,175.2073211669922,4910.7107976684565,Strong upward momentum detected. Algorithm confidence: 58%. Good entry point for potential gains.,BUY: Momentum entry Q=0.582 >= 0.35,36646.974922309935,28.0,175.2073211669922,,,,,,,,1908.2167080230702
2024-11-20 00:00:00-05:00,TSLA,BUY,14,342.0299987792969,4793.208402893066,Strong upward momentum detected. Algorithm confidence: 38%. Good entry point for potential gains.,BUY: Momentum entry Q=0.377 >= 0.35,31853.76651941687,14.0,342.0299987792969,,,,,,,,1908.2167080230702
2024-11-21 00:00:00-05:00,AAPL,BUY,21,227.71165466308594,4786.726692672729,Strong upward momentum detected. Algorithm confidence: 42%. Good entry point for potential gains.,BUY: Momentum entry Q=0.421 >= 0.35,27067.03982674414,21.0,227.71165466308594,,,,,,,,1908.2167080230702
2024-11-21 00:00:00-05:00,MSFT,SELL,12,,,"Algorithm confidence dropped. Exiting position to preserve capital ($-26.29, -0.5%).",SELL: Conviction lost Q=0.279 <= 0.3,31989.47733004004,,,412.3939208984375,410.6137390136719,4948.72705078125,4922.437503295899,-26.28954748535125,-0.5312385834898885,-126.35135891723621,1881.927160537719
2024-11-21 00:00:00-05:00,GOOGL,SELL,28,,,"Stop loss triggered to limit losses. Protecting capital ($-237.45, -4.8%).",SELL: Stop loss 4.7% >= 2.0%,36657.83664632422,,,175.2073211669922,166.89401245117188,4905.804992675781,4668.35931628418,-237.4456763916014,-4.840096105452635,-589.6578022613512,1644.4814841461175
2024-11-21 00:00:00-05:00,NVDA,SELL,34,,,"End of trading session - closing all positions ($-16.54, -0.3%).",FORCED EXIT: Held for 48.0 hours (max: 48),41638.48285042578,,,146.97613525390625,146.63623046875,4997.1885986328125,4980.646204101563,-16.542394531249556,-0.3310340245268192,343.92311450195575,1627.939089614868
2024-11-22 00:00:00-05:00,AAPL,SELL,21,,,"AI model detects potential price peak. Taking profits ($23.44, 0.5%).","SELL: ML profit peak ML=0.401, P&L=$28.25",46443.8669158097,,,227.71165466308594,229.05686950683594,4781.944747924805,4805.384065383912,23.43931745910686,0.4901628666721567,108.73804400634526,1651.3784070739748
2024-11-22 00:00:00-05:00,MSFT,BUY,12,414.7211608886719,4981.630584594726,Strong upward momentum detected. Algorithm confidence: 49%. Good entry point for potential gains.,BUY: Momentum entry Q=0.486 >= 0.35,41462.23633121497,12.0,414.7211608886719,,,,,,,,1651.3784070739748
2024-11-22 00:00:00-05:00,GOOGL,BUY,30,164.03659057617188,4926.0188150024405,Strong upward momentum detected. Algorithm confidence: 60%. Good entry point for potential gains.,BUY: Momentum entry Q=0.595 >= 0.35,36536.21751621253,30.0,164.03659057617188,,,,,,,,1651.3784070739748
2024-11-22 00:00:00-05:00,NVDA,BUY,35,141.91729736328125,4972.072513122558,Strong upward momentum detected. Algorithm confidence: 59%. Good entry point for potential gains.,BUY: Momentum entry Q=0.589 >= 0.35,31564.14500308997,35.0,141.91729736328125,,,,,,,,1651.3784070739748
2024-11-22 00:00:00-05:00,TSLA,SELL,14,,,"End of trading session - closing all positions ($142.48, 3.0%).",FORCED EXIT: Held for 48.0 hours (max: 48),36495.04912894446,,,342.0299987792969,352.55999755859375,4788.419982910156,4930.904125854492,142.48414294433587,2.9755982861332333,2057.210552688597,1793.8625500183107
2024-11-25 00:00:00-05:00,AAPL,BUY,21,232.04624938964844,4877.8442084197995,Strong upward momentum detected. Algorithm confidence: 74%. Good entry point for potential gains.,BUY: Momentum entry Q=0.741 >= 0.35,31617.204920524662,21.0,232.04624938964844,,,,,,,,1793.8625500183107
2024-11-25 00:00:00-05:00,MSFT,SELL,12,,,"End of trading session - closing all positions ($16.36, 0.3%).",FORCED EXIT: Held for 72.0 hours (max: 48),36610.223383537355,,,414.7211608886719,416.5013732910156,4976.6539306640625,4993.018463012695,16.364532348632565,0.32882600591938194,-109.98682656860365,1810.2270823669433
2024-11-25 00:00:00-05:00,GOOGL,SELL,30,,,"End of trading session - closing all positions ($81.31, 1.7%).",FORCED EXIT: Held for 72.0 hours (max: 48),41612.63280629736,,,164.03659057617188,166.9138946533203,4921.097717285156,5002.40942276001,81.31170547485362,1.6523082886415679,-508.3460967864976,1891.5387878417969
2024-11-25 00:00:00-05:00,NVDA,SELL,35,,,"End of trading session - closing all positions ($-212.26, -4.3%).",FORCED EXIT: Held for 72.0 hours (max: 48),46367.47693181616,,,141.91729736328125,135.98867797851562,4967.105407714844,4754.844125518799,-212.2612821960447,-4.273339596666567,131.66183230591105,1679.2775056457522
2024-11-25 00:00:00-05:00,TSLA,BUY,14,338.5899963378906,4745.000208679198,Strong upward momentum detected. Algorithm confidence: 43%. Good entry point for potential gains.,BUY: Momentum entry Q=0.428 >= 0.35,41622.47672313696,14.0,338.5899963378906,,,,,,,,1679.2775056457522
2024-11-26 00:00:00-05:00,AAPL,SELL,21,,,"AI model detects potential price peak. Taking profits ($40.91, 0.8%).","SELL: ML profit peak ML=0.576, P&L=$45.83",46536.356752433836,,,232.04624938964844,234.228515625,4872.971237182617,4913.880029296875,40.908792114258176,0.8395040750930067,149.64683612060344,1720.1862977600103
2024-11-26 00:00:00-05:00,MSFT,BUY,11,425.6510925292969,4686.844179840087,Strong upward momentum detected. Algorithm confidence: 62%. Good entry point for potential gains.,BUY: Momentum entry Q=0.623 >= 0.35,41849.51257259375,11.0,425.6510925292969,,,,,,,,1720.1862977600103
2024-11-26 00:00:00-05:00,GOOGL,BUY,29,168.37745666503906,4887.829189529419,Strong upward momentum detected. Algorithm confidence: 65%. Good entry point for potential gains.,BUY: Momentum entry Q=0.651 >= 0.35,36961.68338306433,29.0,168.37745666503906,,,,,,,,1720.1862977600103
2024-11-26 00:00:00-05:00,NVDA,BUY,36,136.8884735107422,4932.913031433105,Strong upward momentum detected. Algorithm confidence: 67%. Good entry point for potential gains.,BUY: Momentum entry Q=0.672 >= 0.35,32028.770351631225,36.0,136.8884735107422,,,,,,,,1720.1862977600103
2024-11-27 00:00:00-05:00,AAPL,BUY,21,234.0989532470703,4920.994096206665,Strong upward momentum detected. Algorithm confidence: 64%. Good entry point for potential gains.,BUY: Momentum entry Q=0.642 >= 0.35,27107.77625542456,21.0,234.0989532470703,,,,,,,,1720.1862977600103
2024-11-27 00:00:00-05:00,GOOGL,SELL,29,,,"AI model detects potential price peak. Taking profits ($-1.71, -0.0%).","SELL: ML profit peak ML=0.540, P&L=$3.18",31989.01179209143,,,168.37745666503906,168.48695373535156,4882.946243286133,4881.23553666687,-1.7107066192629645,-0.03503431195080474,-510.05680340576055,1718.4755911407474
2024-11-27 00:00:00-05:00,TSLA,SELL,14,,,"End of trading session - closing all positions ($-84.46, -1.8%).",FORCED EXIT: Held for 48.0 hours (max: 48),36644.81153696448,,,338.5899963378906,332.8900146484375,4740.259948730469,4655.799744873047,-84.46020385742213,-1.7817631263036993,1972.750348831175,1634.0153872833253
2024-11-29 00:00:00-05:00,AAPL,SELL,21,,,"End of trading session - closing all positions ($45.26, 0.9%).",FORCED EXIT: Held for 48.0 hours (max: 48),41606.145285743776,,,234.0989532470703,236.490478515625,4916.078018188477,4961.333748779297,45.25573059082035,0.9205657522802416,194.9025667114238,1679.2711178741456
2024-11-29 00:00:00-05:00,MSFT,SELL,11,,,"End of trading session - closing all positions ($-54.19, -1.2%).",FORCED EXIT: Held for 72.0 hours (max: 48),46234.11696002966,,,425.6510925292969,421.1458435058594,4682.162017822266,4627.971674285889,-54.19034353637653,-1.1573786496517087,-164.17717010498018,1625.080774337769
2024-11-29 00:00:00-05:00,GOOGL,BUY,29,168.2082061767578,4882.916017105102,Strong upward momentum detected. Algorithm confidence: 42%. Good entry point for potential gains.,BUY: Momentum entry Q=0.418 >= 0.35,41351.20094292456,29.0,168.2082061767578,,,,,,,,1625.080774337769
2024-11-29 00:00:00-05:00,NVDA,SELL,36,,,"End of trading session - closing all positions ($42.89, 0.9%).",FORCED EXIT: Held for 72.0 hours (max: 48),46322.07921477515,,,136.8884735107422,138.21817016601562,4927.985046386719,4970.878271850586,42.893225463867566,0.8704008851511754,174.5550577697786,1667.9739998016366
2024-11-29 00:00:00-05:00,TSLA,BUY,14,345.1600036621094,4837.0722913208,Strong upward momentum detected. Algorithm confidence: 64%. Good entry point for potential gains.,BUY: Momentum entry Q=0.639 >= 0.35,41485.00692345435,14.0,345.1600036621094,,,,,,,,1667.9739998016366
2024-12-02 00:00:00-05:00,AAPL,BUY,20,238.74246215820312,4779.624092407226,Strong upward momentum detected. Algorithm confidence: 42%. Good entry point for potential gains.,BUY: Momentum entry Q=0.416 >= 0.35,36705.38283104712,20.0,238.74246215820312,,,,,,,,1667.9739998016366
2024-12-02 00:00:00-05:00,MSFT,BUY,11,428.624755859375,4719.587186767578,Strong upward momentum detected. Algorithm confidence: 60%. Good entry point for potential gains.,BUY: Momentum entry Q=0.598 >= 0.35,31985.795644279544,11.0,428.624755859375,,,,,,,,1667.9739998016366
2024-12-02 00:00:00-05:00,GOOGL,SELL,29,,,"End of trading session - closing all positions ($68.38, 1.4%).",FORCED EXIT: Held for 72.0 hours (max: 48),36932.21858332068,,,168.2082061767578,170.73704528808594,4878.037979125977,4946.422939041137,68.38495991516083,1.4018947824472192,-441.6718434905997,1736.3589597167975
2024-12-02 00:00:00-05:00,NVDA,BUY,36,138.5980682373047,4994.519986999511,Strong upward momentum detected. Algorithm confidence: 59%. Good entry point for potential gains.,BUY: Momentum entry Q=0.592 >= 0.35,31937.69859632117,36.0,138.5980682373047,,,,,,,,1736.3589597167975
2024-12-02 00:00:00-05:00,TSLA,SELL,14,,,"End of trading session - closing all positions ($162.02, 3.4%).",FORCED EXIT: Held for 72.0 hours (max: 48),36931.95928510291,,,345.1600036621094,357.0899963378906,4832.240051269531,4994.260688781738,162.02063751220703,3.3529095366369637,2134.770986343382,1898.3795972290045
2024-12-03 00:00:00-05:00,AAPL,SELL,20,,,"AI model detects potential price peak. Taking profits ($56.15, 1.2%).","SELL: ML profit peak ML=0.533, P&L=$60.98",41762.95658185584,,,238.74246215820312,241.79165649414062,4774.8492431640625,4830.997296752929,56.14805358886679,1.175912593874067,251.05062030029057,1954.5276508178713
2024-12-03 00:00:00-05:00,MSFT,SELL,11,,,"AI model detects potential price peak. Taking profits ($-2.31, -0.0%).","SELL: ML profit peak ML=0.442, P&L=$2.41",46475.518538459844,,,428.624755859375,428.84356689453125,4714.872314453125,4712.561956604004,-2.310357849120919,-0.049001493466507506,-166.4875279541011,1952.2172929687504
2024-12-03 00:00:00-05:00,GOOGL,BUY,29,170.58770751953125,4951.990561584472,Strong upward momentum detected. Algorithm confidence: 36%. Good entry point for potential gains.,BUY: Momentum entry Q=0.363 >= 0.35,41523.527976875375,29.0,170.58770751953125,,,,,,,,1952.2172929687504
2024-12-03 00:00:00-05:00,NVDA,SELL,36,,,"AI model detects potential price peak. Taking profits ($53.62, 1.1%).","SELL: ML profit peak ML=0.594, P&L=$58.67",46566.67722815712,,,138.5980682373047,140.2277069091797,4989.530456542969,5043.1492512817385,53.61879473876979,1.0746260636300424,228.1738525085484,2005.8360877075202
2024-12-03 00:00:00-05:00,TSLA,BUY,14,351.4200134277344,4924.800068176269,Strong upward momentum detected. Algorithm confidence: 60%. Good entry point for potential gains.,BUY: Momentum entry Q=0.595 >= 0.35,41641.877159980846,14.0,351.4200134277344,,,,,,,,2005.8360877075202
2024-12-04 00:00:00-05:00,AAPL,BUY,20,242.150390625,4847.850820312499,Strong upward momentum detected. Algorithm confidence: 41%. Good entry point for potential gains.,BUY: Momentum entry Q=0.407 >= 0.35,36794.026339668344,20.0,242.150390625,,,,,,,,2005.8360877075202
2024-12-04 00:00:00-05:00,MSFT,BUY,11,435.0295715332031,4790.110612152099,Strong upward momentum detected. Algorithm confidence: 63%. Good entry point for potential gains.,BUY: Momentum entry Q=0.627 >= 0.35,32003.915727516243,11.0,435.0295715332031,,,,,,,,2005.8360877075202
2024-12-04 00:00:00-05:00,GOOGL,SELL,29,,,"AI model detects potential price peak. Taking profits ($82.45, 1.7%).","SELL: ML profit peak ML=0.665, P&L=$87.48",37033.40881830604,,,170.58770751953125,173.60440063476562,4947.043518066406,5029.493090789795,82.44957272338888,1.666643368352963,-359.22227076721083,2088.285660430909
2024-12-04 00:00:00-05:00,NVDA,BUY,34,145.10658264160156,4938.557433624267,Strong upward momentum detected. Algorithm confidence: 62%. Good entry point for potential gains.,BUY: Momentum entry Q=0.621 >= 0.35,32094.85138468177,34.0,145.10658264160156,,,,,,,,2088.285660430909
2024-12-04 00:00:00-05:00,TSLA,SELL,14,,,"AI model detects potential price peak. Taking profits ($86.13, 1.8%).","SELL: ML profit peak ML=0.432, P&L=$91.14",37100.860262245245,,,351.4200134277344,357.92999267578125,4919.880187988281,5006.008877563477,86.1286895751955,1.7506257527464943,2220.8996759185775,2174.4143500061045
2024-12-05 00:00:00-05:00,AAPL,SELL,20,,,"AI model detects potential price peak. Taking profits ($-4.25, -0.1%).","SELL: ML profit peak ML=0.587, P&L=$0.60",41939.62200357825,,,242.150390625,242.18026733398438,4843.0078125,4838.761741333008,-4.2460711669918965,-0.08767425805163093,246.80454913329868,2170.1682788391126
2024-12-05 00:00:00-05:00,MSFT,SELL,11,,,"AI model detects potential price peak. Taking profits ($52.05, 1.1%).","SELL: ML profit peak ML=0.683, P&L=$56.89",46776.99234595496,,,435.0295715332031,440.2011413574219,4785.325286865234,4837.370342376709,52.04505551147486,1.0875970261484247,-114.44247244262624,2222.2133343505875
2024-12-05 00:00:00-05:00,GOOGL,BUY,29,171.8820037841797,4989.562687850952,Strong upward momentum detected. Algorithm confidence: 55%. Good entry point for potential gains.,BUY: Momentum entry Q=0.548 >= 0.35,41787.42965810401,29.0,171.8820037841797,,,,,,,,2222.2133343505875
2024-12-05 00:00:00-05:00,TSLA,BUY,13,369.489990234375,4808.173242919921,Strong upward momentum detected. Algorithm confidence: 36%. Good entry point for potential gains.,BUY: Momentum entry Q=0.362 >= 0.35,36979.25641518409,13.0,369.489990234375,,,,,,,,2222.2133343505875
2024-12-06 00:00:00-05:00,GOOGL,SELL,29,,,"AI model detects potential price peak. Taking profits ($54.72, 1.1%).","SELL: ML profit peak ML=0.509, P&L=$59.77",42018.55665982826,,,171.8820037841797,173.9429168701172,4984.578109741211,5039.300244644165,54.72213490295417,1.0978288171673416,-304.50013586425666,2276.9354692535417
2024-12-06 00:00:00-05:00,NVDA,SELL,34,,,"End of trading session - closing all positions ($-96.29, -2.0%).",FORCED EXIT: Held for 48.0 hours (max: 48),46855.892734748915,,,145.10658264160156,142.41700744628906,4933.623809814453,4837.336074920654,-96.2877348937991,-1.951663495345024,131.8861176147493,2180.6477343597426
2024-12-06 00:00:00-05:00,TSLA,SELL,13,,,"Exit signal triggered. Closing position with profit ($251.43, 5.2%).",SELL: Swing trade profit 5.3% >= 2.0% (24.0h),51910.692890602186,,,369.489990234375,389.2200012207031,4803.369873046875,5054.8001558532715,251.43028280639646,5.234456005922965,2472.329958724974,2432.078017166139
2024-12-09 00:00:00-05:00,AAPL,BUY,20,245.8771514892578,4922.460572814941,Strong upward momentum detected. Algorithm confidence: 45%. Good entry point for potential gains.,BUY: Momentum entry Q=0.448 >= 0.35,46988.232317787246,20.0,245.8771514892578,,,,,,,,2432.078017166139
2024-12-09 00:00:00-05:00,MSFT,BUY,11,443.58251953125,4884.287122558593,Strong upward momentum detected. Algorithm confidence: 45%. Good entry point for potential gains.,BUY: Momentum entry Q=0.449 >= 0.35,42103.945195228654,11.0,443.58251953125,,,,,,,,2432.078017166139
2024-12-09 00:00:00-05:00,GOOGL,BUY,28,174.8001251220703,4899.297906921386,Strong upward momentum detected. Algorithm confidence: 57%. Good entry point for potential gains.,BUY: Momentum entry Q=0.574 >= 0.35,37204.64728830727,28.0,174.8001251220703,,,,,,,,2432.078017166139
2024-12-09 00:00:00-05:00,NVDA,BUY,36,138.78758239746094,5001.349319274902,Strong upward momentum detected. Algorithm confidence: 68%. Good entry point for potential gains.,BUY: Momentum entry Q=0.676 >= 0.35,32203.29796903237,36.0,138.78758239746094,,,,,,,,2432.078017166139
2024-12-09 00:00:00-05:00,TSLA,BUY,12,389.7900085449219,4682.157582641601,Strong upward momentum detected. Algorithm confidence: 46%. Good entry point for potential gains.,BUY: Momentum entry Q=0.464 >= 0.35,27521.14038639077,12.0,389.7900085449219,,,,,,,,2432.078017166139
2024-12-10 00:00:00-05:00,AAPL,SELL,20,,,"AI model detects potential price peak. Taking profits ($15.39, 0.3%).","SELL: ML profit peak ML=0.575, P&L=$20.33",32454.07360904702,,,245.8771514892578,246.8935546875,4917.543029785156,4932.93322265625,15.39019287109386,0.3129650880099415,262.19474200439254,2447.468210037233
2024-12-10 00:00:00-05:00,GOOGL,SELL,28,,,"Exit signal triggered. Closing position with profit ($268.34, 5.5%).",SELL: Swing trade profit 5.6% >= 2.0% (24.0h),37616.817196571435,,,174.8001251220703,184.56826782226562,4894.403503417969,5162.743587524414,268.3400841064449,5.482590144418042,-36.16005175781174,2715.808294143678
2024-12-10 00:00:00-05:00,NVDA,SELL,36,,,"Stop loss triggered to limit losses. Protecting capital ($-139.48, -2.8%).",SELL: Stop loss 2.7% >= 2.0%,42473.69075180825,,,138.78758239746094,135.04820251464844,4996.352966308594,4856.873555236816,-139.47941107177758,-2.79162445112095,-7.593293457028267,2576.3288830719002
2024-12-10 00:00:00-05:00,TSLA,SELL,12,,,"Exit signal triggered. Closing position with profit ($129.59, 2.8%).",SELL: Swing trade profit 2.9% >= 2.0% (24.0h),47280.75875473794,,,389.7900085449219,400.989990234375,4677.4801025390625,4807.068002929687,129.58790039062478,2.7704639581530444,2601.9178591155987,2705.916783462525
2024-12-11 00:00:00-05:00,AAPL,BUY,20,245.6180877685547,4917.274117126464,Strong upward momentum detected. Algorithm confidence: 46%. Good entry point for potential gains.,BUY: Momentum entry Q=0.464 >= 0.35,42363.48463761147,20.0,245.6180877685547,,,,,,,,2705.916783462525
2024-12-11 00:00:00-05:00,MSFT,SELL,11,,,"End of trading session - closing all positions ($27.58, 0.6%).",FORCED EXIT: Held for 48.0 hours (max: 48),47270.4725485917,,,443.58251953125,446.5363464355469,4879.40771484375,4906.987910980225,27.580196136475024,0.5652365563257344,-86.86227630615122,2733.496979599
2024-12-11 00:00:00-05:00,GOOGL,BUY,25,194.76502990722656,4873.994873428344,Strong upward momentum detected. Algorithm confidence: 38%. Good entry point for potential gains.,BUY: Momentum entry Q=0.384 >= 0.35,42396.477675163354,25.0,194.76502990722656,,,,,,,,2733.496979599
2024-12-11 00:00:00-05:00,NVDA,BUY,35,139.28750610351562,4879.937776336669,Strong upward momentum detected. Algorithm confidence: 56%. Good entry point for potential gains.,BUY: Momentum entry Q=0.558 >= 0.35,37516.53989882668,35.0,139.28750610351562,,,,,,,,2733.496979599
2024-12-12 00:00:00-05:00,AAPL,SELL,20,,,"AI model detects potential price peak. Taking profits ($24.35, 0.5%).","SELL: ML profit peak ML=0.621, P&L=$29.30",42453.25565108498,,,245.6180877685547,247.08287048339844,4912.361755371094,4936.715752258301,24.35399688720736,0.4957696134772466,286.5487388915999,2757.8509764862074
2024-12-12 00:00:00-05:00,MSFT,BUY,11,447.1032409667969,4923.0537862854,Strong upward momentum detected. Algorithm confidence: 38%. Good entry point for potential gains.,BUY: Momentum entry Q=0.385 >= 0.35,37530.20186479959,11.0,447.1032409667969,,,,,,,,2757.8509764862074
2024-12-12 00:00:00-05:00,GOOGL,SELL,25,,,"Algorithm confidence dropped. Exiting position to preserve capital ($-90.50, -1.9%).",SELL: Conviction lost Q=0.144 <= 0.3,42308.823382362454,,,194.76502990722656,191.33619689941406,4869.125747680664,4778.621517562866,-90.50423011779822,-1.8587367590764843,-126.66428187560996,2667.346746368409
2024-12-12 00:00:00-05:00,NVDA,SELL,35,,,"Algorithm confidence dropped. Exiting position to preserve capital ($-73.74, -1.5%).",SELL: Conviction lost Q=0.247 <= 0.3,47110.14114458475,,,139.28750610351562,137.3178253173828,4875.062713623047,4801.31776222229,-73.74495140075669,-1.5126974919662306,-81.33824485778496,2593.6017949676525
2024-12-12 00:00:00-05:00,TSLA,BUY,11,418.1000061035156,4603.69916720581,Strong upward momentum detected. Algorithm confidence: 38%. Good entry point for potential gains.,BUY: Momentum entry Q=0.377 >= 0.35,42506.44197737894,11.0,418.1000061035156,,,,,,,,2593.6017949676525
2024-12-13 00:00:00-05:00,AAPL,BUY,20,247.2522735595703,4949.990516662597,Strong upward momentum detected. Algorithm confidence: 45%. Good entry point for potential gains.,BUY: Momentum entry Q=0.450 >= 0.35,37556.451460716344,20.0,247.2522735595703,,,,,,,,2593.6017949676525
2024-12-13 00:00:00-05:00,NVDA,BUY,37,134.22833251953125,4971.414751525878,Strong upward momentum detected. Algorithm confidence: 44%. Good entry point for potential gains.,BUY: Momentum entry Q=0.441 >= 0.35,32585.036709190466,37.0,134.22833251953125,,,,,,,,2593.6017949676525
2024-12-13 00:00:00-05:00,TSLA,SELL,11,,,"Exit signal triggered. Closing position with profit ($194.63, 4.2%).",SELL: Swing trade profit 4.3% >= 2.0% (24.0h),37378.768299919226,,,418.1000061035156,436.2300109863281,4599.100067138672,4793.731590728759,194.63152359008745,4.231948006105841,2796.549382705686,2788.23331855774
2024-12-16 00:00:00-05:00,AAPL,SELL,20,,,"End of trading session - closing all positions ($52.99, 1.1%).",FORCED EXIT: Held for 72.0 hours (max: 48),42376.8048111497,,,247.2522735595703,250.1519775390625,4945.045471191406,4998.036511230469,52.99104003906268,1.0715986404528568,339.5397789306626,2841.2243585968026
2024-12-16 00:00:00-05:00,MSFT,SELL,11,,,"End of trading session - closing all positions ($17.27, 0.4%).",FORCED EXIT: Held for 96.0 hours (max: 48),47312.20791252909,,,447.1032409667969,449.12213134765625,4918.135650634766,4935.403101379395,17.26745074462906,0.35109748838262345,-69.59482556152216,2858.4918093414317
2024-12-16 00:00:00-05:00,NVDA,SELL,37,,,"End of trading session - closing all positions ($-88.12, -1.8%).",FORCED EXIT: Held for 72.0 hours (max: 48),52190.535989692784,,,134.22833251953125,131.9786834716797,4966.448303222656,4878.328077163696,-88.12022605895982,-1.7743107484231715,-169.45847091674477,2770.371583282472
2024-12-16 00:00:00-05:00,TSLA,BUY,10,463.0199890136719,4634.830090026855,Strong upward momentum detected. Algorithm confidence: 38%. Good entry point for potential gains.,BUY: Momentum entry Q=0.381 >= 0.35,47555.70589966593,10.0,463.0199890136719,,,,,,,,2770.371583282472
2024-12-17 00:00:00-05:00,AAPL,BUY,19,252.58334350585938,4803.882610137939,Strong upward momentum detected. Algorithm confidence: 39%. Good entry point for potential gains.,BUY: Momentum entry Q=0.388 >= 0.35,42751.823289527994,19.0,252.58334350585938,,,,,,,,2770.371583282472
2024-12-17 00:00:00-05:00,MSFT,BUY,11,451.9764099121094,4976.712249542235,Strong upward momentum detected. Algorithm confidence: 45%. Good entry point for potential gains.,BUY: Momentum entry Q=0.451 >= 0.35,37775.11103998576,11.0,451.9764099121094,,,,,,,,2770.371583282472
2024-12-17 00:00:00-05:00,GOOGL,BUY,25,194.7849578857422,4874.4935710906975,Strong upward momentum detected. Algorithm confidence: 41%. Good entry point for potential gains.,BUY: Momentum entry Q=0.408 >= 0.35,32900.617468895056,25.0,194.7849578857422,,,,,,,,2770.371583282472
2024-12-17 00:00:00-05:00,NVDA,BUY,38,130.36895751953125,4958.974406127929,Strong upward momentum detected. Algorithm confidence: 40%. Good entry point for potential gains.,BUY: Momentum entry Q=0.405 >= 0.35,27941.64306276713,38.0,130.36895751953125,,,,,,,,2770.371583282472
2024-12-17 00:00:00-05:00,TSLA,SELL,10,,,"Exit signal triggered. Closing position with profit ($163.60, 3.5%).",SELL: Swing trade profit 3.6% >= 2.0% (24.0h),32735.44431642924,,,463.0199890136719,479.8599853515625,4630.199890136719,4793.801253662109,163.6013635253903,3.533354226755846,2960.1507462310765,2933.972946807862
2024-12-18 00:00:00-05:00,AAPL,SELL,19,,,"Stop loss triggered to limit losses. Protecting capital ($-107.50, -2.2%).",SELL: Stop loss 2.1% >= 2.0%,37427.026709022626,,,252.58334350585938,247.1725616455078,4799.083526611328,4691.582392593384,-107.50113401794442,-2.2400346529049027,232.03864491271815,2826.4718127899177
2024-12-18 00:00:00-05:00,MSFT,SELL,11,,,"Stop loss triggered to limit losses. Protecting capital ($-191.53, -3.9%).",SELL: Stop loss 3.8% >= 2.0%,42207.238690803635,,,451.9764099121094,434.9997253417969,4971.740509033203,4780.211981781006,-191.5285272521969,-3.8523435988705943,-261.12335281371907,2634.943285537721
2024-12-18 00:00:00-05:00,GOOGL,SELL,25,,,"Stop loss triggered to limit losses. Protecting capital ($-179.62, -3.7%).",SELL: Stop loss 3.6% >= 2.0%,46897.238134239306,,,194.7849578857422,187.7877655029297,4869.623947143555,4689.999443435669,-179.6245037078861,-3.6886729993442517,-306.28878558349606,2455.3187818298347
2024-12-18 00:00:00-05:00,NVDA,SELL,38,,,"Algorithm confidence dropped. Exiting position to preserve capital ($-61.13, -1.2%).",SELL: Conviction lost Q=0.140 <= 0.3,51790.12959059917,,,130.36895751953125,128.88919067382812,4954.0203857421875,4892.891456359864,-61.128929382323804,-1.233925672939389,-230.58740029906858,2394.189852447511
2024-12-18 00:00:00-05:00,TSLA,BUY,11,440.1300048828125,4846.271483764648,Strong upward momentum detected. Algorithm confidence: 44%. Good entry point for potential gains.,BUY: Momentum entry Q=0.438 >= 0.35,46943.85810683452,11.0,440.1300048828125,,,,,,,,2394.189852447511
2024-12-19 00:00:00-05:00,AAPL,BUY,20,248.90640258789062,4983.10617980957,Strong upward momentum detected. Algorithm confidence: 37%. Good entry point for potential gains.,BUY: Momentum entry Q=0.370 >= 0.35,41960.751927024954,20.0,248.90640258789062,,,,,,,,2394.189852447511
2024-12-19 00:00:00-05:00,MSFT,BUY,11,434.6416931152344,4785.839682891845,Strong upward momentum detected. Algorithm confidence: 54%. Good entry point for potential gains.,BUY: Momentum entry Q=0.537 >= 0.35,37174.91224413311,11.0,434.6416931152344,,,,,,,,2394.189852447511
2024-12-19 00:00:00-05:00,GOOGL,BUY,26,187.89739990234375,4890.217729858398,Strong upward momentum detected. Algorithm confidence: 71%. Good entry point for potential gains.,BUY: Momentum entry Q=0.712 >= 0.35,32284.694514274714,26.0,187.89739990234375,,,,,,,,2394.189852447511
2024-12-19 00:00:00-05:00,NVDA,BUY,38,130.6588897705078,4970.002849090575,Strong upward momentum detected. Algorithm confidence: 52%. Good entry point for potential gains.,BUY: Momentum entry Q=0.523 >= 0.35,27314.69166518414,38.0,130.6588897705078,,,,,,,,2394.189852447511
2024-12-19 00:00:00-05:00,TSLA,SELL,11,,,"Algorithm confidence dropped. Exiting position to preserve capital ($-48.36, -1.0%).",SELL: Conviction lost Q=0.286 <= 0.3,32107.763942741512,,,440.1300048828125,436.1700134277344,4841.4300537109375,4793.072277557373,-48.35777615356437,-0.9988324857961818,2911.792970077512,2345.8320762939466
2024-12-20 00:00:00-05:00,AAPL,SELL,20,,,"AI model detects potential price peak. Taking profits ($88.60, 1.8%).","SELL: ML profit peak ML=0.905, P&L=$93.67",37174.48780138409,,,248.90640258789062,253.58978271484375,4978.1280517578125,5066.723858642578,88.5958068847658,1.779701244396114,320.63445179748396,2434.4278831787124
2024-12-20 00:00:00-05:00,GOOGL,SELL,26,,,"AI model detects potential price peak. Taking profits ($70.20, 1.4%).","SELL: ML profit peak ML=0.685, P&L=$75.16",42130.01556386578,,,187.89739990234375,190.7880096435547,4885.3323974609375,4955.527762481689,70.19536502075152,1.436859548333585,-236.09342056274454,2504.623248199464
2024-12-20 00:00:00-05:00,NVDA,SELL,38,,,"Exit signal triggered. Closing position with profit ($147.62, 3.0%).",SELL: Swing trade profit 3.1% >= 2.0% (24.0h),47242.67141085064,,,130.6588897705078,134.67825317382812,4965.037811279297,5112.655846984863,147.6180357055664,2.9731502823647378,-82.96936459350218,2652.2412839050303
2024-12-20 00:00:00-05:00,TSLA,BUY,11,421.05999755859375,4636.291633117676,Strong upward momentum detected. Algorithm confidence: 66%. Good entry point for potential gains.,BUY: Momentum entry Q=0.660 >= 0.35,42606.37977773297,11.0,421.05999755859375,,,,,,,,2652.2412839050303
2024-12-23 00:00:00-05:00,AAPL,BUY,19,254.3670196533203,4837.806346786499,Strong upward momentum detected. Algorithm confidence: 39%. Good entry point for potential gains.,BUY: Momentum entry Q=0.394 >= 0.35,37768.57343094647,19.0,254.3670196533203,,,,,,,,2652.2412839050303
2024-12-23 00:00:00-05:00,MSFT,SELL,11,,,"End of trading session - closing all positions ($-24.23, -0.5%).",FORCED EXIT: Held for 96.0 hours (max: 48),42525.39790445721,,,434.6416931152344,432.8714599609375,4781.058624267578,4756.824473510742,-24.234150756836243,-0.5068783435080495,-285.3575035705553,2628.007133148194
2024-12-23 00:00:00-05:00,GOOGL,BUY,25,193.99754333496094,4854.788521957397,Strong upward momentum detected. Algorithm confidence: 39%. Good entry point for potential gains.,BUY: Momentum entry Q=0.386 >= 0.35,37670.60938249982,25.0,193.99754333496094,,,,,,,,2628.007133148194
2024-12-23 00:00:00-05:00,NVDA,BUY,35,139.64744567871094,4892.548259353637,Strong upward momentum detected. Algorithm confidence: 40%. Good entry point for potential gains.,BUY: Momentum entry Q=0.397 >= 0.35,32778.06112314618,35.0,139.64744567871094,,,,,,,,2628.007133148194
2024-12-23 00:00:00-05:00,TSLA,SELL,11,,,"End of trading session - closing all positions ($100.20, 2.2%).",FORCED EXIT: Held for 72.0 hours (max: 48),37509.92459021771,,,421.05999755859375,430.6000061035156,4631.659973144531,4731.863467071533,100.20349392700155,2.1634466801968473,3011.9964640045137,2728.2106270751956
2024-12-24 00:00:00-05:00,AAPL,SELL,19,,,"AI model detects potential price peak. Taking profits ($50.59, 1.0%).","SELL: ML profit peak ML=0.632, P&L=$55.47",42393.48310370649,,,254.3670196533203,257.28668212890625,4832.973373413086,4883.55851348877,50.58514007568374,1.0466670549844161,371.2195918731677,2778.7957671508793
2024-12-24 00:00:00-05:00,MSFT,BUY,11,436.9291076660156,4811.026404510498,Strong upward momentum detected. Algorithm confidence: 59%. Good entry point for potential gains.,BUY: Momentum entry Q=0.594 >= 0.35,37582.45669919599,11.0,436.9291076660156,,,,,,,,2778.7957671508793
2024-12-24 00:00:00-05:00,GOOGL,SELL,25,,,"AI model detects potential price peak. Taking profits ($31.99, 0.7%).","SELL: ML profit peak ML=0.635, P&L=$36.88",42464.387813392765,,,193.99754333496094,195.47271728515625,4849.938583374023,4881.931114196777,31.992530822753906,0.6596481640494759,-204.10088973999063,2810.7882979736332
2024-12-24 00:00:00-05:00,NVDA,SELL,35,,,"AI model detects potential price peak. Taking profits ($14.34, 0.3%).","SELL: ML profit peak ML=0.581, P&L=$19.25",47366.38894063581,,,139.64744567871094,140.19737243652344,4887.660598754883,4902.001127243042,14.34052848815918,0.29340270664072676,-68.628836105343,2825.1288264617924
2024-12-26 00:00:00-05:00,AAPL,BUY,19,258.1037292480469,4908.874826568603,Strong upward momentum detected. Algorithm confidence: 35%. Good entry point for potential gains.,BUY: Momentum entry Q=0.354 >= 0.35,42457.514114067206,19.0,258.1037292480469,,,,,,,,2825.1288264617924
2024-12-26 00:00:00-05:00,MSFT,SELL,11,,,"End of trading session - closing all positions ($-18.14, -0.4%).",FORCED EXIT: Held for 48.0 hours (max: 48),47245.5949281236,,,436.9291076660156,435.7157897949219,4806.220184326172,4788.080814056397,-18.1393702697751,-0.3774144665475459,-303.4968738403304,2806.9894561920173
2024-12-26 00:00:00-05:00,GOOGL,BUY,25,194.96438598632812,4878.983759307861,Strong upward momentum detected. Algorithm confidence: 42%. Good entry point for potential gains.,BUY: Momentum entry Q=0.424 >= 0.35,42366.61116881574,25.0,194.96438598632812,,,,,,,,2806.9894561920173
2024-12-26 00:00:00-05:00,NVDA,BUY,35,139.90740966796875,4901.656097717285,Strong upward momentum detected. Algorithm confidence: 37%. Good entry point for potential gains.,BUY: Momentum entry Q=0.373 >= 0.35,37464.955071098455,35.0,139.90740966796875,,,,,,,,2806.9894561920173
2024-12-26 00:00:00-05:00,TSLA,BUY,11,454.1300048828125,5000.425483764648,Strong upward momentum detected. Algorithm confidence: 46%. Good entry point for potential gains.,BUY: Momentum entry Q=0.461 >= 0.35,32464.529587333807,11.0,454.1300048828125,,,,,,,,2806.9894561920173
2024-12-27 00:00:00-05:00,MSFT,BUY,11,428.1772155761719,4714.659320709228,Strong upward momentum detected. Algorithm confidence: 65%. Good entry point for potential gains.,BUY: Momentum entry Q=0.653 >= 0.35,27749.87026662458,11.0,428.1772155761719,,,,,,,,2806.9894561920173
2024-12-27 00:00:00-05:00,NVDA,SELL,35,,,"Stop loss triggered to limit losses. Protecting capital ($-106.98, -2.2%).",SELL: Stop loss 2.1% >= 2.0%,32539.651648918283,,,139.90740966796875,136.98788452148438,4896.759338378906,4789.781382293701,-106.97795608520482,-2.184668444837649,-175.60679219054782,2700.0115001068125
2024-12-27 00:00:00-05:00,TSLA,SELL,11,,,"Stop loss triggered to limit losses. Protecting capital ($-251.92, -5.0%).",SELL: Stop loss 4.9% >= 2.0%,37283.1634291612,,,454.1300048828125,431.6600036621094,4995.4300537109375,4743.5117802429195,-251.91827346801801,-5.04297469405815,2760.0781905364956,2448.0932266387945
2024-12-30 00:00:00-05:00,AAPL,SELL,19,,,"End of trading session - closing all positions ($-133.90, -2.7%).",FORCED EXIT: Held for 96.0 hours (max: 48),42053.238234657416,,,258.1037292480469,251.30787658691406,4903.970855712891,4770.074805496216,-133.89605021667467,-2.730359827907464,237.32354165649303,2314.19717642212
2024-12-30 00:00:00-05:00,MSFT,SELL,11,,,"End of trading session - closing all positions ($-67.00, -1.4%).",FORCED EXIT: Held for 72.0 hours (max: 48),46696.18262265791,,,428.1772155761719,422.50836181640625,4709.949371337891,4642.944388000488,-67.00498333740234,-1.4226264032721259,-370.50185717773275,2247.1921930847175
2024-12-30 00:00:00-05:00,GOOGL,SELL,25,,,"End of trading session - closing all positions ($-113.41, -2.3%).",FORCED EXIT: Held for 96.0 hours (max: 48),51456.881178413525,,,194.96438598632812,190.61856079101562,4874.109649658203,4760.698555755615,-113.41109390258771,-2.326806371919447,-317.51198364257834,2133.7810991821298
2024-12-30 00:00:00-05:00,TSLA,BUY,11,417.4100036621094,4596.101550323486,Strong upward momentum detected. Algorithm confidence: 57%. Good entry point for potential gains.,BUY: Momentum entry Q=0.570 >= 0.35,46860.77962809004,11.0,417.4100036621094,,,,,,,,2133.7810991821298
