date,symbol,action,shares,price,cost,reason,technical_reason,cash_after,total_position,avg_price,buy_price,sell_price,cost_basis,proceeds,pnl,pnl_pct,cumulative_pnl,running_total_pnl
2024-10-01 00:00:00-04:00,AAPL,BUY,22,225.16209411621094,4958.519636627197,Strong upward momentum detected. Algorithm confidence: 40%. Good entry point for potential gains.,BUY: Momentum entry Q=0.402 >= 0.35,45041.4803633728,22.0,225.16209411621094,,,,,,,,0.0
2024-10-01 00:00:00-04:00,GOOGL,BUY,30,166.25682067871094,4992.692324981689,Strong upward momentum detected. Algorithm confidence: 44%. Good entry point for potential gains.,BUY: Momentum entry Q=0.438 >= 0.35,40048.78803839111,30.0,166.25682067871094,,,,,,,,0.0
2024-10-01 00:00:00-04:00,NVDA,BUY,42,116.97305297851562,4917.781093322754,Strong upward momentum detected. Algorithm confidence: 40%. Good entry point for potential gains.,BUY: Momentum entry Q=0.403 >= 0.35,35131.00694506836,42.0,116.97305297851562,,,,,,,,0.0
2024-10-01 00:00:00-04:00,TSLA,BUY,19,258.0199890136719,4907.282171051025,Strong upward momentum detected. Algorithm confidence: 37%. Good entry point for potential gains.,BUY: Momentum entry Q=0.373 >= 0.35,30223.724774017333,19.0,258.0199890136719,,,,,,,,0.0
2024-10-02 00:00:00-04:00,AAPL,SELL,22,,,"AI model detects potential price peak. Taking profits ($7.52, 0.2%).","SELL: ML profit peak ML=0.453, P&L=$12.48",35184.80654724121,,,225.16209411621094,225.7294464111328,4953.566070556641,4961.081773223877,7.515702667235928,0.15172307303839747,7.515702667235928,7.515702667235928
2024-10-02 00:00:00-04:00,MSFT,BUY,12,414.021728515625,4973.229002929687,Strong upward momentum detected. Algorithm confidence: 38%. Good entry point for potential gains.,BUY: Momentum entry Q=0.384 >= 0.35,30211.577544311527,12.0,414.021728515625,,,,,,,,7.515702667235928
2024-10-02 00:00:00-04:00,GOOGL,SELL,30,,,"Algorithm confidence dropped. Exiting position to preserve capital ($-38.71, -0.8%).",SELL: Conviction lost Q=0.294 <= 0.4,35160.57683813477,,,166.25682067871094,165.13177490234375,4987.704620361328,4948.999293823243,-38.7053265380855,-0.7760148101007942,-38.7053265380855,-31.189623870849573
2024-10-02 00:00:00-04:00,NVDA,SELL,42,,,"AI model detects potential price peak. Taking profits ($72.69, 1.5%).","SELL: ML profit peak ML=0.600, P&L=$77.68",40146.136504592905,,,116.97305297851562,118.82262420654297,4912.868225097656,4985.55966645813,72.69144136047362,1.479613090152213,72.69144136047362,41.501817489624045
2024-10-02 00:00:00-04:00,TSLA,SELL,19,,,"Stop loss triggered to limit losses. Protecting capital ($-175.73, -3.6%).",SELL: Stop loss 3.5% >= 2.0%,44872.78520568849,,,258.0199890136719,249.02000427246094,4902.379791259766,4726.648701095581,-175.73109016418493,-3.584607836330593,-175.73109016418493,-134.2292726745609
2024-10-03 00:00:00-04:00,AAPL,BUY,22,224.6245880126953,4946.6826772155755,Strong upward momentum detected. Algorithm confidence: 39%. Good entry point for potential gains.,BUY: Momentum entry Q=0.394 >= 0.35,39926.10252847291,22.0,224.6245880126953,,,,,,,,-134.2292726745609
2024-10-03 00:00:00-04:00,MSFT,SELL,12,,,"Algorithm confidence dropped. Exiting position to preserve capital ($-11.99, -0.2%).",SELL: Conviction lost Q=0.259 <= 0.4,44882.374815460214,,,414.021728515625,413.4361267089844,4968.2607421875,4956.272286987305,-11.988455200194949,-0.24130084595593293,-11.988455200194949,-146.21772787475584
2024-10-03 00:00:00-04:00,GOOGL,BUY,30,165.13177490234375,4958.907200317382,Strong upward momentum detected. Algorithm confidence: 40%. Good entry point for potential gains.,BUY: Momentum entry Q=0.405 >= 0.35,39923.46761514283,30.0,165.13177490234375,,,,,,,,-146.21772787475584
2024-10-03 00:00:00-04:00,NVDA,BUY,40,122.82170867919922,4917.781215515136,Strong upward momentum detected. Algorithm confidence: 60%. Good entry point for potential gains.,BUY: Momentum entry Q=0.596 >= 0.35,35005.686399627695,40.0,122.82170867919922,,,,,,,,-146.21772787475584
2024-10-03 00:00:00-04:00,TSLA,BUY,20,240.66000366210938,4818.013273315429,Strong upward momentum detected. Algorithm confidence: 44%. Good entry point for potential gains.,BUY: Momentum entry Q=0.441 >= 0.35,30187.673126312267,20.0,240.66000366210938,,,,,,,,-146.21772787475584
2024-10-04 00:00:00-04:00,AAPL,SELL,22,,,"AI model detects potential price peak. Taking profits ($19.78, 0.4%).","SELL: ML profit peak ML=0.666, P&L=$24.74",35149.19254129029,,,224.6245880126953,225.74935913085938,4941.740936279297,4961.519414978027,19.778478698730396,0.40023301410902934,27.294181365966324,-126.43924917602544
2024-10-04 00:00:00-04:00,MSFT,BUY,12,412.9596862792969,4960.471751586913,Strong upward momentum detected. Algorithm confidence: 42%. Good entry point for potential gains.,BUY: Momentum entry Q=0.416 >= 0.35,30188.72078970338,12.0,412.9596862792969,,,,,,,,-126.43924917602544
2024-10-04 00:00:00-04:00,GOOGL,SELL,30,,,"AI model detects potential price peak. Taking profits ($30.85, 0.6%).","SELL: ML profit peak ML=0.607, P&L=$35.84",35173.5257642212,,,165.13177490234375,166.3264923095703,4953.9532470703125,4984.804974517822,30.851727447509802,0.6227698548781221,-7.853599090575699,-95.58752172851564
2024-10-04 00:00:00-04:00,NVDA,SELL,40,,,"AI model detects potential price peak. Taking profits ($77.79, 1.6%).","SELL: ML profit peak ML=0.440, P&L=$82.78",40164.17922399903,,,122.82170867919922,124.89122772216797,4912.868347167969,4990.653459777832,77.78511260986306,1.583293243644569,150.47655397033668,-17.802409118652577
2024-10-04 00:00:00-04:00,TSLA,SELL,20,,,"Exit signal triggered. Closing position with profit ($183.40, 3.8%).",SELL: Swing trade profit 3.9% >= 2.0% (24.0h),45160.7776605835,,,240.66000366210938,250.0800018310547,4813.2000732421875,4996.598436584472,183.39836334228494,3.8103207959678103,7.667273178100004,165.59595422363236
2024-10-07 00:00:00-04:00,AAPL,BUY,22,220.66302490234375,4859.441134399413,Strong upward momentum detected. Algorithm confidence: 47%. Good entry point for potential gains.,BUY: Momentum entry Q=0.473 >= 0.35,40301.33652618409,22.0,220.66302490234375,,,,,,,,165.59595422363236
2024-10-07 00:00:00-04:00,MSFT,SELL,12,,,"End of trading session - closing all positions ($-82.53, -1.7%).",FORCED EXIT: Held for 72.0 hours (max: 48),45174.318041809085,,,412.9596862792969,406.48828125,4955.5162353515625,4872.981515625,-82.5347197265628,-1.6655120436853434,-94.52317492675775,83.06123449706956
2024-10-07 00:00:00-04:00,GOOGL,BUY,30,162.26438903808594,4872.79960281372,Strong upward momentum detected. Algorithm confidence: 41%. Good entry point for potential gains.,BUY: Momentum entry Q=0.407 >= 0.35,40301.518438995365,30.0,162.26438903808594,,,,,,,,83.06123449706956
2024-10-07 00:00:00-04:00,NVDA,BUY,39,127.69059753417969,4984.9132371368405,Strong upward momentum detected. Algorithm confidence: 59%. Good entry point for potential gains.,BUY: Momentum entry Q=0.589 >= 0.35,35316.605201858525,39.0,127.69059753417969,,,,,,,,83.06123449706956
2024-10-07 00:00:00-04:00,TSLA,BUY,20,240.8300018310547,4821.416636657715,Strong upward momentum detected. Algorithm confidence: 42%. Good entry point for potential gains.,BUY: Momentum entry Q=0.424 >= 0.35,30495.18856520081,20.0,240.8300018310547,,,,,,,,83.06123449706956
2024-10-08 00:00:00-04:00,AAPL,SELL,22,,,"AI model detects potential price peak. Taking profits ($84.40, 1.7%).","SELL: ML profit peak ML=0.510, P&L=$89.34",35434.17596931458,,,220.66302490234375,224.72415161132812,4854.5865478515625,4938.987404113769,84.40085626220662,1.738579700459948,111.69503762817294,167.46209075927618
2024-10-08 00:00:00-04:00,GOOGL,SELL,30,,,"AI model detects potential price peak. Taking profits ($36.91, 0.8%).","SELL: ML profit peak ML=0.656, P&L=$41.82",40339.01414619446,,,162.26438903808594,163.65826416015625,4867.931671142578,4904.838176879883,36.90650573730454,0.7581557883420746,29.052906646728843,204.36859649658072
2024-10-08 00:00:00-04:00,NVDA,SELL,39,,,"Exit signal triggered. Closing position with profit ($196.40, 3.9%).",SELL: Swing trade profit 4.0% >= 2.0% (24.0h),45515.34885006714,,,127.69059753417969,132.85939025878906,4979.933303833008,5176.334703872681,196.4014000396728,3.943856032941335,346.8779540100095,400.76999653625353
2024-10-08 00:00:00-04:00,TSLA,SELL,20,,,"AI model detects potential price peak. Taking profits ($68.51, 1.4%).","SELL: ML profit peak ML=0.550, P&L=$73.40",50400.45885006714,,,240.8300018310547,244.5,4816.600036621094,4885.11,68.50996337890592,1.4223718568703607,76.17723655700593,469.27995991515945
2024-10-09 00:00:00-04:00,AAPL,BUY,21,228.47665405273438,4802.807744842528,Strong upward momentum detected. Algorithm confidence: 56%. Good entry point for potential gains.,BUY: Momentum entry Q=0.560 >= 0.35,45597.651105224606,21.0,228.47665405273438,,,,,,,,469.27995991515945
2024-10-09 00:00:00-04:00,GOOGL,BUY,31,161.14932250976562,5000.624626800536,Strong upward momentum detected. Algorithm confidence: 38%. Good entry point for potential gains.,BUY: Momentum entry Q=0.375 >= 0.35,40597.02647842407,31.0,161.14932250976562,,,,,,,,469.27995991515945
2024-10-09 00:00:00-04:00,NVDA,BUY,37,132.61944580078125,4911.826414123535,Strong upward momentum detected. Algorithm confidence: 67%. Good entry point for potential gains.,BUY: Momentum entry Q=0.671 >= 0.35,35685.20006430054,37.0,132.61944580078125,,,,,,,,469.27995991515945
2024-10-09 00:00:00-04:00,TSLA,BUY,20,241.0500030517578,4825.8210610961905,Strong upward momentum detected. Algorithm confidence: 41%. Good entry point for potential gains.,BUY: Momentum entry Q=0.410 >= 0.35,30859.379003204347,20.0,241.0500030517578,,,,,,,,469.27995991515945
2024-10-10 00:00:00-04:00,MSFT,BUY,12,412.7413024902344,4957.848525512694,Strong upward momentum detected. Algorithm confidence: 39%. Good entry point for potential gains.,BUY: Momentum entry Q=0.386 >= 0.35,25901.530477691653,12.0,412.7413024902344,,,,,,,,469.27995991515945
2024-10-10 00:00:00-04:00,GOOGL,SELL,31,,,"AI model detects potential price peak. Taking profits ($1.79, 0.0%).","SELL: ML profit peak ML=0.552, P&L=$6.79",30898.947766235353,,,161.14932250976562,161.36837768554688,4995.628997802734,4997.417288543701,1.7882907409666586,0.035797108667461414,30.8411973876955,471.0682506561261
2024-10-10 00:00:00-04:00,NVDA,SELL,37,,,"AI model detects potential price peak. Taking profits ($74.92, 1.5%).","SELL: ML profit peak ML=0.401, P&L=$79.90",35880.78250839234,,,132.61944580078125,134.77896118164062,4906.919494628906,4981.834742156982,74.91524752807618,1.5267266481563047,421.79320153808567,545.9834981842023
2024-10-10 00:00:00-04:00,TSLA,SELL,20,,,"Algorithm confidence dropped. Exiting position to preserve capital ($-50.38, -1.0%).",SELL: Conviction lost Q=0.273 <= 0.4,40651.40719375611,,,241.0500030517578,238.77000427246094,4821.000061035156,4770.6246853637695,-50.37537567138679,-1.0449154746654428,25.801860885619135,495.6081225128155
2024-10-11 00:00:00-04:00,AAPL,SELL,21,,,"End of trading session - closing all positions ($-46.35, -1.0%).",FORCED EXIT: Held for 48.0 hours (max: 48),45403.064583053594,,,228.47665405273438,226.4958953857422,4798.009735107422,4751.657389297486,-46.352345809936196,-0.9660744427167866,65.34269181823674,449.2557767028793
2024-10-11 00:00:00-04:00,MSFT,SELL,12,,,"AI model detects potential price peak. Taking profits ($0.76, 0.0%).","SELL: ML profit peak ML=0.609, P&L=$5.72",50356.718885177615,,,412.7413024902344,413.2177429199219,4952.8956298828125,4953.654302124023,0.758672241210661,0.015317751430764784,-93.76450268554709,450.01444894408996
2024-10-11 00:00:00-04:00,GOOGL,BUY,30,162.5232696533203,4880.573787689208,Strong upward momentum detected. Algorithm confidence: 41%. Good entry point for potential gains.,BUY: Momentum entry Q=0.411 >= 0.35,45476.14509748841,30.0,162.5232696533203,,,,,,,,450.01444894408996
2024-10-11 00:00:00-04:00,NVDA,BUY,37,134.7689666748047,4991.438218734741,Strong upward momentum detected. Algorithm confidence: 64%. Good entry point for potential gains.,BUY: Momentum entry Q=0.643 >= 0.35,40484.70687875366,37.0,134.7689666748047,,,,,,,,450.01444894408996
2024-10-11 00:00:00-04:00,TSLA,BUY,22,217.8000030517578,4796.39166720581,Strong upward momentum detected. Algorithm confidence: 37%. Good entry point for potential gains.,BUY: Momentum entry Q=0.366 >= 0.35,35688.31521154785,22.0,217.8000030517578,,,,,,,,450.01444894408996
2024-10-14 00:00:00-04:00,AAPL,BUY,21,230.22850036621094,4839.6333061981195,Strong upward momentum detected. Algorithm confidence: 53%. Good entry point for potential gains.,BUY: Momentum entry Q=0.533 >= 0.35,30848.68190534973,21.0,230.22850036621094,,,,,,,,450.01444894408996
2024-10-14 00:00:00-04:00,MSFT,BUY,12,416.0167541503906,4997.193250854491,Strong upward momentum detected. Algorithm confidence: 43%. Good entry point for potential gains.,BUY: Momentum entry Q=0.428 >= 0.35,25851.48865449524,12.0,416.0167541503906,,,,,,,,450.01444894408996
2024-10-14 00:00:00-04:00,GOOGL,SELL,30,,,"End of trading session - closing all positions ($46.45, 1.0%).",FORCED EXIT: Held for 72.0 hours (max: 48),30773.63357347107,,,162.5232696533203,164.23573303222656,4875.698089599609,4922.1449189758305,46.4468293762211,0.9526190613667652,77.2880267639166,496.46127832031107
2024-10-14 00:00:00-04:00,NVDA,SELL,37,,,"End of trading session - closing all positions ($115.86, 2.3%).",FORCED EXIT: Held for 72.0 hours (max: 48),35875.94042007446,,,134.7689666748047,138.03822326660156,4986.451766967773,5102.306846603394,115.85507963562031,2.3233971779911746,537.648281173706,612.3163579559314
2024-10-14 00:00:00-04:00,TSLA,SELL,22,,,"End of trading session - closing all positions ($25.10, 0.5%).",FORCED EXIT: Held for 72.0 hours (max: 48),40692.6389805603,,,217.8000030517578,219.16000366210938,4791.600067138672,4816.69856048584,25.098493347168187,0.523801924106656,50.90035423278732,637.4148513030996
2024-10-15 00:00:00-04:00,AAPL,SELL,21,,,"AI model detects potential price peak. Taking profits ($48.41, 1.0%).","SELL: ML profit peak ML=0.451, P&L=$53.30",45575.85175553894,,,230.22850036621094,232.76670837402344,4834.79850769043,4883.212774978638,48.414267288208066,1.0013709405096891,113.75695910644481,685.8291185913076
2024-10-15 00:00:00-04:00,MSFT,SELL,12,,,"Algorithm confidence dropped. Exiting position to preserve capital ($-9.75, -0.2%).",SELL: Conviction lost Q=0.325 <= 0.4,50558.30096440125,,,416.0167541503906,415.6197204589844,4992.2010498046875,4982.449208862305,-9.751840942382842,-0.1953415105900907,-103.51634362792993,676.0772776489248
2024-10-15 00:00:00-04:00,GOOGL,BUY,30,164.7335205078125,4946.947620849609,Strong upward momentum detected. Algorithm confidence: 45%. Good entry point for potential gains.,BUY: Momentum entry Q=0.450 >= 0.35,45611.353343551644,30.0,164.7335205078125,,,,,,,,676.0772776489248
2024-10-15 00:00:00-04:00,NVDA,BUY,38,131.5697021484375,5004.648330322265,Strong upward momentum detected. Algorithm confidence: 61%. Good entry point for potential gains.,BUY: Momentum entry Q=0.611 >= 0.35,40606.70501322938,38.0,131.5697021484375,,,,,,,,676.0772776489248
2024-10-15 00:00:00-04:00,TSLA,BUY,22,219.57000732421875,4835.370701293945,Strong upward momentum detected. Algorithm confidence: 39%. Good entry point for potential gains.,BUY: Momentum entry Q=0.392 >= 0.35,35771.33431193544,22.0,219.57000732421875,,,,,,,,676.0772776489248
2024-10-16 00:00:00-04:00,AAPL,BUY,21,230.70626831054688,4849.6764661560055,Strong upward momentum detected. Algorithm confidence: 52%. Good entry point for potential gains.,BUY: Momentum entry Q=0.525 >= 0.35,30921.657845779435,21.0,230.70626831054688,,,,,,,,676.0772776489248
2024-10-16 00:00:00-04:00,MSFT,BUY,12,413.01922607421875,4961.186943603515,Strong upward momentum detected. Algorithm confidence: 40%. Good entry point for potential gains.,BUY: Momentum entry Q=0.401 >= 0.35,25960.47090217592,12.0,413.01922607421875,,,,,,,,676.0772776489248
2024-10-16 00:00:00-04:00,GOOGL,SELL,30,,,"Algorithm confidence dropped. Exiting position to preserve capital ($-13.89, -0.3%).",SELL: Conviction lost Q=0.224 <= 0.4,30888.583205947893,,,164.7335205078125,164.43484497070312,4942.005615234375,4928.112303771973,-13.89331146240238,-0.28112698657351665,63.394715301514225,662.1839661865224
2024-10-16 00:00:00-04:00,NVDA,SELL,38,,,"Exit signal triggered. Closing position with profit ($151.37, 3.0%).",SELL: Swing trade profit 3.1% >= 2.0% (24.0h),36039.59900053407,,,131.5697021484375,135.68873596191406,4999.648681640625,5151.015794586182,151.36711294555698,3.0275549860412627,689.015394119263,813.5510791320794
2024-10-16 00:00:00-04:00,TSLA,SELL,22,,,"AI model detects potential price peak. Taking profits ($33.85, 0.7%).","SELL: ML profit peak ML=0.690, P&L=$38.72",40903.98978077699,,,219.57000732421875,221.3300018310547,4830.5401611328125,4864.39078024292,33.8506191101078,0.7007626058566807,84.75097334289512,847.4016982421872
2024-10-17 00:00:00-04:00,AAPL,SELL,21,,,"AI model detects potential price peak. Taking profits ($2.88, 0.1%).","SELL: ML profit peak ML=0.549, P&L=$7.73",45751.70317855836,,,230.70626831054688,231.07456970214844,4844.831634521484,4847.713397781372,2.8817632598875207,0.05948118484352961,116.63872236633233,850.2834615020747
2024-10-17 00:00:00-04:00,MSFT,SELL,12,,,"AI model detects potential price peak. Taking profits ($2.18, 0.0%).","SELL: ML profit peak ML=0.600, P&L=$7.15",50710.11712057496,,,413.01922607421875,413.6147766113281,4956.230712890625,4958.413942016601,2.1832291259761405,0.04405019161633851,-101.33311450195379,852.4666906280509
2024-10-17 00:00:00-04:00,NVDA,BUY,36,136.89846801757812,4933.273193481445,Strong upward momentum detected. Algorithm confidence: 64%. Good entry point for potential gains.,BUY: Momentum entry Q=0.645 >= 0.35,45776.84392709352,36.0,136.89846801757812,,,,,,,,852.4666906280509
2024-10-17 00:00:00-04:00,TSLA,BUY,22,220.88999938964844,4864.439566558837,Strong upward momentum detected. Algorithm confidence: 36%. Good entry point for potential gains.,BUY: Momentum entry Q=0.355 >= 0.35,40912.40436053468,22.0,220.88999938964844,,,,,,,,852.4666906280509
2024-10-18 00:00:00-04:00,AAPL,BUY,21,233.91136169433594,4917.050734176635,Strong upward momentum detected. Algorithm confidence: 64%. Good entry point for potential gains.,BUY: Momentum entry Q=0.637 >= 0.35,35995.353626358046,21.0,233.91136169433594,,,,,,,,852.4666906280509
2024-10-18 00:00:00-04:00,MSFT,BUY,12,415.0440673828125,4985.509337402344,Strong upward momentum detected. Algorithm confidence: 36%. Good entry point for potential gains.,BUY: Momentum entry Q=0.364 >= 0.35,31009.844288955705,12.0,415.0440673828125,,,,,,,,852.4666906280509
2024-10-18 00:00:00-04:00,GOOGL,BUY,30,162.70249938964844,4885.956056671142,Strong upward momentum detected. Algorithm confidence: 51%. Good entry point for potential gains.,BUY: Momentum entry Q=0.512 >= 0.35,26123.888232284564,30.0,162.70249938964844,,,,,,,,852.4666906280509
2024-10-18 00:00:00-04:00,NVDA,SELL,36,,,"AI model detects potential price peak. Taking profits ($33.54, 0.7%).","SELL: ML profit peak ML=0.536, P&L=$38.51",31085.77715043642,,,136.89846801757812,137.9682159423828,4928.3448486328125,4961.888918151855,33.54406951904275,0.680635599766285,722.5594636383057,886.0107601470936
2024-10-21 00:00:00-04:00,AAPL,SELL,21,,,"End of trading session - closing all positions ($25.99, 0.5%).",FORCED EXIT: Held for 72.0 hours (max: 48),36023.90870654299,,,233.91136169433594,235.38450622558594,4912.138595581055,4938.131556106568,25.9929605255129,0.529157718572845,142.63168289184523,912.0037206726065
2024-10-21 00:00:00-04:00,MSFT,SELL,12,,,"End of trading session - closing all positions ($2.40, 0.0%).",FORCED EXIT: Held for 72.0 hours (max: 48),41006.83387939456,,,415.0440673828125,415.659423828125,4980.52880859375,4982.925172851563,2.39636425781282,0.04811465508798919,-98.93675024414097,914.4000849304193
2024-10-21 00:00:00-04:00,GOOGL,SELL,30,,,"End of trading session - closing all positions ($14.51, 0.3%).",FORCED EXIT: Held for 72.0 hours (max: 48),45902.422586975124,,,162.70249938964844,163.34963989257812,4881.074981689453,4895.588707580567,14.513725891113609,0.2973469152913949,77.90844119262783,928.9138108215329
2024-10-21 00:00:00-04:00,NVDA,BUY,34,143.67691040039062,4889.899968566894,Strong upward momentum detected. Algorithm confidence: 40%. Good entry point for potential gains.,BUY: Momentum entry Q=0.398 >= 0.35,41012.52261840823,34.0,143.67691040039062,,,,,,,,928.9138108215329
2024-10-21 00:00:00-04:00,TSLA,SELL,22,,,"End of trading session - closing all positions ($-49.69, -1.0%).",FORCED EXIT: Held for 96.0 hours (max: 48),45822.40805255129,,,220.88999938964844,218.85000610351562,4859.579986572266,4809.885434143066,-49.694552429199575,-1.0226100314536017,35.05642091369555,879.2192583923334
2024-10-22 00:00:00-04:00,AAPL,BUY,21,234.76739501953125,4935.045410705566,Strong upward momentum detected. Algorithm confidence: 62%. Good entry point for potential gains.,BUY: Momentum entry Q=0.622 >= 0.35,40887.36264184573,21.0,234.76739501953125,,,,,,,,879.2192583923334
2024-10-22 00:00:00-04:00,MSFT,BUY,11,424.3243713378906,4672.235652801513,Strong upward momentum detected. Algorithm confidence: 62%. Good entry point for potential gains.,BUY: Momentum entry Q=0.615 >= 0.35,36215.12698904421,11.0,424.3243713378906,,,,,,,,879.2192583923334
2024-10-22 00:00:00-04:00,NVDA,SELL,34,,,"Algorithm confidence dropped. Exiting position to preserve capital ($-8.96, -0.2%).",SELL: Conviction lost Q=0.226 <= 0.4,41091.18221011355,,,143.67691040039062,143.55694580078125,4885.014953613281,4876.055221069336,-8.959732543945393,-0.1834125919577417,713.5997310943603,870.259525848388
2024-10-22 00:00:00-04:00,TSLA,BUY,22,217.97000122070312,4800.135366882324,Strong upward momentum detected. Algorithm confidence: 60%. Good entry point for potential gains.,BUY: Momentum entry Q=0.600 >= 0.35,36291.04684323123,22.0,217.97000122070312,,,,,,,,870.259525848388
2024-10-23 00:00:00-04:00,AAPL,SELL,21,,,"Stop loss triggered to limit losses. Protecting capital ($-111.43, -2.3%).",SELL: Stop loss 2.2% >= 2.0%,41109.734531982445,,,234.76739501953125,229.69100952148438,4930.115295410156,4818.687688751221,-111.42760665893547,-2.2601420044410006,31.204076232909756,758.8319191894525
2024-10-23 00:00:00-04:00,MSFT,SELL,11,,,"Algorithm confidence dropped. Exiting position to preserve capital ($-36.41, -0.8%).",SELL: Conviction lost Q=0.385 <= 0.4,45740.895457672144,,,424.3243713378906,421.4360656738281,4667.568084716797,4631.160925689697,-36.407159027099624,-0.7800027416056131,-135.3439092712406,722.4247601623529
2024-10-23 00:00:00-04:00,GOOGL,BUY,30,162.06527709960938,4866.820271301269,Strong upward momentum detected. Algorithm confidence: 41%. Good entry point for potential gains.,BUY: Momentum entry Q=0.408 >= 0.35,40874.07518637087,30.0,162.06527709960938,,,,,,,,722.4247601623529
2024-10-24 00:00:00-04:00,AAPL,BUY,21,229.50189208984375,4824.359273620605,Strong upward momentum detected. Algorithm confidence: 60%. Good entry point for potential gains.,BUY: Momentum entry Q=0.600 >= 0.35,36049.71591275027,21.0,229.50189208984375,,,,,,,,722.4247601623529
2024-10-24 00:00:00-04:00,MSFT,BUY,11,421.56512451171875,4641.853585998535,Strong upward momentum detected. Algorithm confidence: 58%. Good entry point for potential gains.,BUY: Momentum entry Q=0.584 >= 0.35,31407.862326751732,11.0,421.56512451171875,,,,,,,,722.4247601623529
2024-10-24 00:00:00-04:00,GOOGL,SELL,30,,,"Algorithm confidence dropped. Exiting position to preserve capital ($-6.65, -0.1%).",SELL: Conviction lost Q=0.274 <= 0.4,36263.16878610232,,,162.06527709960938,162.00555419921875,4861.958312988281,4855.306459350586,-6.65185363769524,-0.13681428777218052,71.2565875549326,715.7729065246576
2024-10-24 00:00:00-04:00,TSLA,SELL,22,,,"End of trading session - closing all positions ($929.49, 19.4%).",FORCED EXIT: Held for 48.0 hours (max: 48),41987.99846755984,,,217.97000122070312,260.4800109863281,4795.340026855469,5724.82968145752,929.4896546020509,19.38318553838947,964.5460755157465,1645.2625611267085
2024-10-25 00:00:00-04:00,AAPL,SELL,21,,,"AI model detects potential price peak. Taking profits ($12.72, 0.3%).","SELL: ML profit peak ML=0.367, P&L=$17.56",46820.2596358948,,,229.50189208984375,230.3380126953125,4819.539733886719,4832.2611683349605,12.72143444824178,0.2639553806102264,43.925510681151536,1657.9839955749503
2024-10-25 00:00:00-04:00,MSFT,SELL,11,,,"AI model detects potential price peak. Taking profits ($32.66, 0.7%).","SELL: ML profit peak ML=0.388, P&L=$37.34",51490.140957702664,,,421.56512451171875,424.9596252441406,4637.216369628906,4669.881321807861,32.66495217895499,0.7044086274018093,-102.6789570922856,1690.6489477539053
2024-10-25 00:00:00-04:00,GOOGL,BUY,30,164.54434204101562,4941.266591491699,Strong upward momentum detected. Algorithm confidence: 46%. Good entry point for potential gains.,BUY: Momentum entry Q=0.465 >= 0.35,46548.87436621096,30.0,164.54434204101562,,,,,,,,1690.6489477539053
2024-10-25 00:00:00-04:00,NVDA,BUY,35,141.5074005126953,4957.71177696228,Strong upward momentum detected. Algorithm confidence: 65%. Good entry point for potential gains.,BUY: Momentum entry Q=0.648 >= 0.35,41591.162589248685,35.0,141.5074005126953,,,,,,,,1690.6489477539053
2024-10-25 00:00:00-04:00,TSLA,BUY,18,269.19000244140625,4850.265463989257,Strong upward momentum detected. Algorithm confidence: 40%. Good entry point for potential gains.,BUY: Momentum entry Q=0.405 >= 0.35,36740.89712525943,18.0,269.19000244140625,,,,,,,,1690.6489477539053
2024-10-28 00:00:00-04:00,AAPL,BUY,21,232.3187713623047,4883.572892807007,Strong upward momentum detected. Algorithm confidence: 58%. Good entry point for potential gains.,BUY: Momentum entry Q=0.585 >= 0.35,31857.32423245242,21.0,232.3187713623047,,,,,,,,1690.6489477539053
2024-10-28 00:00:00-04:00,MSFT,BUY,11,423.4112243652344,4662.180991485595,Strong upward momentum detected. Algorithm confidence: 59%. Good entry point for potential gains.,BUY: Momentum entry Q=0.592 >= 0.35,27195.143240966827,11.0,423.4112243652344,,,,,,,,1690.6489477539053
2024-10-28 00:00:00-04:00,GOOGL,SELL,30,,,"End of trading session - closing all positions ($38.33, 0.8%).",FORCED EXIT: Held for 72.0 hours (max: 48),32169.80334121707,,,164.54434204101562,165.9879913330078,4936.330261230469,4974.660100250244,38.329839019775136,0.7764844933657404,109.58642657470773,1728.9787867736804
2024-10-28 00:00:00-04:00,NVDA,SELL,35,,,"End of trading session - closing all positions ($-40.61, -0.8%).",FORCED EXIT: Held for 72.0 hours (max: 48),37081.954220657375,,,141.5074005126953,140.48765563964844,4952.759017944336,4912.150879440308,-40.60813850402792,-0.8199094354661839,672.9915925903324,1688.3706482696525
2024-10-28 00:00:00-04:00,TSLA,SELL,18,,,"End of trading session - closing all positions ($-124.97, -2.6%).",FORCED EXIT: Held for 72.0 hours (max: 48),41802.409216262844,,,269.19000244140625,262.510009765625,4845.4200439453125,4720.454995605469,-124.96504833984363,-2.579034370735229,839.5810271759028,1563.405599929809
2024-10-29 00:00:00-04:00,AAPL,SELL,21,,,"AI model detects potential price peak. Taking profits ($0.76, 0.0%).","SELL: ML profit peak ML=0.401, P&L=$5.64",46681.862890945464,,,232.3187713623047,232.5875244140625,4878.694198608398,4879.453674682617,0.7594760742185827,0.01556719981414732,44.68498675537012,1564.1650760040275
2024-10-29 00:00:00-04:00,MSFT,SELL,11,,,"AI model detects potential price peak. Taking profits ($53.81, 1.2%).","SELL: ML profit peak ML=0.652, P&L=$58.52",51393.19140205386,,,423.4112243652344,428.7313232421875,4657.523468017578,4711.328511108399,53.80504309082062,1.1552285986381112,-48.87391400146498,1617.970119094848
2024-10-29 00:00:00-04:00,GOOGL,BUY,29,168.9349822998047,4904.01360118103,Strong upward momentum detected. Algorithm confidence: 37%. Good entry point for potential gains.,BUY: Momentum entry Q=0.374 >= 0.35,46489.17780087283,29.0,168.9349822998047,,,,,,,,1617.970119094848
2024-10-29 00:00:00-04:00,NVDA,BUY,35,141.21746826171875,4947.554000549316,Strong upward momentum detected. Algorithm confidence: 64%. Good entry point for potential gains.,BUY: Momentum entry Q=0.641 >= 0.35,41541.62380032351,35.0,141.21746826171875,,,,,,,,1617.970119094848
2024-10-29 00:00:00-04:00,TSLA,BUY,19,259.5199890136719,4935.810671051025,Strong upward momentum detected. Algorithm confidence: 62%. Good entry point for potential gains.,BUY: Momentum entry Q=0.620 >= 0.35,36605.81312927249,19.0,259.5199890136719,,,,,,,,1617.970119094848
2024-10-30 00:00:00-04:00,AAPL,BUY,21,229.03407287597656,4814.525245925903,Strong upward momentum detected. Algorithm confidence: 58%. Good entry point for potential gains.,BUY: Momentum entry Q=0.577 >= 0.35,31791.287883346584,21.0,229.03407287597656,,,,,,,,1617.970119094848
2024-10-30 00:00:00-04:00,MSFT,BUY,11,429.3069763183594,4727.099116241455,Strong upward momentum detected. Algorithm confidence: 45%. Good entry point for potential gains.,BUY: Momentum entry Q=0.452 >= 0.35,27064.18876710513,11.0,429.3069763183594,,,,,,,,1617.970119094848
2024-10-30 00:00:00-04:00,GOOGL,SELL,29,,,"Exit signal triggered. Closing position with profit ($132.97, 2.7%).",SELL: Swing trade profit 2.8% >= 2.0% (24.0h),32096.278090240507,,,168.9349822998047,173.6940155029297,4899.114486694336,5032.089323135376,132.97483644103977,2.714262685679023,242.5612630157475,1750.9449555358879
2024-10-31 00:00:00-04:00,MSFT,SELL,11,,,"Stop loss triggered to limit losses. Protecting capital ($-290.27, -6.1%).",SELL: Stop loss 6.1% >= 2.0%,36528.383784332305,,,429.3069763183594,403.322021484375,4722.376739501953,4432.105694091797,-290.27104541015615,-6.146715127196092,-339.14495941162113,1460.6739101257317
2024-10-31 00:00:00-04:00,GOOGL,BUY,29,170.35870361328125,4945.342807189941,Strong upward momentum detected. Algorithm confidence: 67%. Good entry point for potential gains.,BUY: Momentum entry Q=0.667 >= 0.35,31583.040977142366,29.0,170.35870361328125,,,,,,,,1460.6739101257317
2024-10-31 00:00:00-04:00,NVDA,SELL,35,,,"End of trading session - closing all positions ($-301.73, -6.1%).",FORCED EXIT: Held for 48.0 hours (max: 48),36223.925537384064,,,141.21746826171875,132.72943115234375,4942.611389160156,4640.8845602417,-301.7268289184567,-6.104603521534916,371.2647636718757,1158.947081207275
2024-10-31 00:00:00-04:00,TSLA,SELL,19,,,"End of trading session - closing all positions ($-188.48, -3.8%).",FORCED EXIT: Held for 48.0 hours (max: 48),40966.328503234894,,,259.5199890136719,249.85000610351562,4930.879791259766,4742.40296585083,-188.47682540893584,-3.8223772103108367,651.104201766967,970.4702557983392
2024-11-01 00:00:00-04:00,AAPL,SELL,21,,,"End of trading session - closing all positions ($-154.95, -3.2%).",FORCED EXIT: Held for 48.0 hours (max: 48),45621.09406604007,,,229.03407287597656,221.87738037109375,4809.715530395508,4654.765562805176,-154.94996759033165,-3.221603577407206,-110.26498083496153,815.5202882080075
2024-11-01 00:00:00-04:00,MSFT,BUY,12,407.3121032714844,4892.63298449707,Strong upward momentum detected. Algorithm confidence: 61%. Good entry point for potential gains.,BUY: Momentum entry Q=0.606 >= 0.35,40728.461081543,12.0,407.3121032714844,,,,,,,,815.5202882080075
2024-11-01 00:00:00-04:00,GOOGL,SELL,29,,,"AI model detects potential price peak. Taking profits ($0.25, 0.0%).","SELL: ML profit peak ML=0.751, P&L=$5.20",45669.115106552155,,,170.35870361328125,170.5379180908203,4940.402404785156,4940.654025009156,0.2516202239994527,0.00509311192456184,242.81288323974695,815.771908432007
2024-11-01 00:00:00-04:00,NVDA,BUY,36,135.3688201904297,4878.150804382323,Strong upward momentum detected. Algorithm confidence: 60%. Good entry point for potential gains.,BUY: Momentum entry Q=0.601 >= 0.35,40790.96430216983,36.0,135.3688201904297,,,,,,,,815.771908432007
2024-11-01 00:00:00-04:00,TSLA,BUY,20,248.97999572753906,4984.579514465331,Strong upward momentum detected. Algorithm confidence: 61%. Good entry point for potential gains.,BUY: Momentum entry Q=0.607 >= 0.35,35806.3847877045,20.0,248.97999572753906,,,,,,,,815.771908432007
2024-11-04 00:00:00-05:00,AAPL,BUY,22,220.98155212402344,4866.4557408752435,Strong upward momentum detected. Algorithm confidence: 68%. Good entry point for potential gains.,BUY: Momentum entry Q=0.675 >= 0.35,30939.929046829253,22.0,220.98155212402344,,,,,,,,815.771908432007
2024-11-04 00:00:00-05:00,MSFT,SELL,12,,,"End of trading session - closing all positions ($-27.61, -0.6%).",FORCED EXIT: Held for 73.0 hours (max: 48),35800.05990058902,,,407.3121032714844,405.41632080078125,4887.7452392578125,4860.130853759766,-27.61438549804643,-0.5649718662963616,-366.75934490966756,788.1575229339605
2024-11-04 00:00:00-05:00,GOOGL,BUY,29,168.49691772460938,4891.2970246276855,Strong upward momentum detected. Algorithm confidence: 54%. Good entry point for potential gains.,BUY: Momentum entry Q=0.539 >= 0.35,30908.762875961333,29.0,168.49691772460938,,,,,,,,788.1575229339605
2024-11-04 00:00:00-05:00,NVDA,SELL,36,,,"End of trading session - closing all positions ($18.50, 0.4%).",FORCED EXIT: Held for 73.0 hours (max: 48),35800.5385668793,,,135.3688201904297,136.0186767578125,4873.277526855469,4891.775690917969,18.49816406250011,0.37958363669134676,389.7629277343758,806.6556869964606
2024-11-04 00:00:00-05:00,TSLA,SELL,20,,,"End of trading session - closing all positions ($-127.66, -2.6%).",FORCED EXIT: Held for 73.0 hours (max: 48),40652.48169371036,,,248.97999572753906,242.83999633789062,4979.599914550781,4851.9431268310545,-127.65678771972671,-2.5635952668949082,523.4474140472403,678.9988992767339
2024-11-05 00:00:00-05:00,AAPL,SELL,22,,,"AI model detects potential price peak. Taking profits ($26.64, 0.5%).","SELL: ML profit peak ML=0.444, P&L=$31.53",45540.71539793399,,,220.98155212402344,222.41485595703125,4861.594146728516,4888.233704223633,26.639557495117515,0.5479593049338337,-83.62542333984402,705.6384567718515
2024-11-05 00:00:00-05:00,MSFT,BUY,12,408.39398193359375,4905.6285109863275,Strong upward momentum detected. Algorithm confidence: 42%. Good entry point for potential gains.,BUY: Momentum entry Q=0.417 >= 0.35,40635.08688694767,12.0,408.39398193359375,,,,,,,,705.6384567718515
2024-11-05 00:00:00-05:00,GOOGL,SELL,29,,,"AI model detects potential price peak. Taking profits ($9.54, 0.2%).","SELL: ML profit peak ML=0.590, P&L=$14.44",45531.03381748966,,,168.49691772460938,168.9947509765625,4886.410614013672,4895.9469305419925,9.53631652832064,0.19515995035234174,252.3491997680676,715.1747733001721
2024-11-05 00:00:00-05:00,NVDA,BUY,35,139.87777709960938,4900.617920684814,Strong upward momentum detected. Algorithm confidence: 66%. Good entry point for potential gains.,BUY: Momentum entry Q=0.660 >= 0.35,40630.41589680484,35.0,139.87777709960938,,,,,,,,715.1747733001721
2024-11-05 00:00:00-05:00,TSLA,BUY,19,251.44000244140625,4782.137406433105,Strong upward momentum detected. Algorithm confidence: 55%. Good entry point for potential gains.,BUY: Momentum entry Q=0.554 >= 0.35,35848.27849037174,19.0,251.44000244140625,,,,,,,,715.1747733001721
2024-11-06 00:00:00-05:00,AAPL,BUY,22,221.68826293945312,4882.018926452636,Strong upward momentum detected. Algorithm confidence: 44%. Good entry point for potential gains.,BUY: Momentum entry Q=0.441 >= 0.35,30966.259563919106,22.0,221.68826293945312,,,,,,,,715.1747733001721
2024-11-06 00:00:00-05:00,MSFT,SELL,12,,,"Exit signal triggered. Closing position with profit ($98.86, 2.0%).",SELL: Swing trade profit 2.1% >= 2.0% (24.0h),35965.84274470524,,,408.39398193359375,417.0489807128906,4900.727783203125,4999.583180786133,98.8553975830082,2.0171574908083576,-267.90394732665936,814.0301708831803
2024-11-06 00:00:00-05:00,GOOGL,BUY,28,175.73501586914062,4925.501024780273,Strong upward momentum detected. Algorithm confidence: 36%. Good entry point for potential gains.,BUY: Momentum entry Q=0.359 >= 0.35,31040.341719924967,28.0,175.73501586914062,,,,,,,,814.0301708831803
2024-11-06 00:00:00-05:00,NVDA,SELL,35,,,"Exit signal triggered. Closing position with profit ($194.36, 4.0%).",SELL: Swing trade profit 4.1% >= 2.0% (24.0h),36130.42270648197,,,139.87777709960938,145.5764617919922,4895.722198486328,5090.080986557007,194.3587880706791,3.9699717465744166,584.1217158050549,1008.3889589538594
2024-11-06 00:00:00-05:00,TSLA,SELL,19,,,"Exit signal triggered. Closing position with profit ($699.23, 14.6%).",SELL: Swing trade profit 14.8% >= 2.0% (24.0h),41607.0106133118,,,251.44000244140625,288.5299987792969,4777.360046386719,5476.587906829834,699.2278604431149,14.636281411780233,1222.6752744903552,1707.6168193969743
2024-11-07 00:00:00-05:00,AAPL,SELL,22,,,"Exit signal triggered. Closing position with profit ($99.25, 2.0%).",SELL: Swing trade profit 2.1% >= 2.0% (24.0h),46583.405823638954,,,221.68826293945312,226.42620849609375,4877.141784667969,4976.395210327149,99.25342565917981,2.035073615681995,15.628002319335792,1806.870245056154
2024-11-07 00:00:00-05:00,MSFT,BUY,11,422.2598571777344,4649.503287384033,Strong upward momentum detected. Algorithm confidence: 39%. Good entry point for potential gains.,BUY: Momentum entry Q=0.392 >= 0.35,41933.90253625492,11.0,422.2598571777344,,,,,,,,1806.870245056154
2024-11-07 00:00:00-05:00,GOOGL,SELL,28,,,"Exit signal triggered. Closing position with profit ($113.16, 2.3%).",SELL: Swing trade profit 2.4% >= 2.0% (24.0h),46967.64268798832,,,175.73501586914062,179.95639038085938,4920.5804443359375,5033.740151733398,113.1597073974608,2.299722739574729,365.5089071655284,1920.029952453615
2024-11-07 00:00:00-05:00,NVDA,BUY,33,148.84571838378906,4916.820615371704,Strong upward momentum detected. Algorithm confidence: 57%. Good entry point for potential gains.,BUY: Momentum entry Q=0.569 >= 0.35,42050.82207261662,33.0,148.84571838378906,,,,,,,,1920.029952453615
2024-11-07 00:00:00-05:00,TSLA,BUY,16,296.9100036621094,4755.310618652343,Strong upward momentum detected. Algorithm confidence: 48%. Good entry point for potential gains.,BUY: Momentum entry Q=0.481 >= 0.35,37295.511453964275,16.0,296.9100036621094,,,,,,,,1920.029952453615
2024-11-08 00:00:00-05:00,AAPL,BUY,22,226.15716552734375,4980.433099243163,Strong upward momentum detected. Algorithm confidence: 37%. Good entry point for potential gains.,BUY: Momentum entry Q=0.369 >= 0.35,32315.07835472111,22.0,226.15716552734375,,,,,,,,1920.029952453615
2024-11-08 00:00:00-05:00,MSFT,SELL,11,,,"Algorithm confidence dropped. Exiting position to preserve capital ($-36.17, -0.8%).",SELL: Conviction lost Q=0.160 <= 0.4,36923.770652145424,,,422.2598571777344,419.39141845703125,4644.858428955078,4608.692297424316,-36.16613153076196,-0.7786272086423527,-304.0700788574213,1883.863820922853
2024-11-08 00:00:00-05:00,GOOGL,BUY,28,177.56692504882812,4976.8457752685545,Strong upward momentum detected. Algorithm confidence: 42%. Good entry point for potential gains.,BUY: Momentum entry Q=0.423 >= 0.35,31946.92487687687,28.0,177.56692504882812,,,,,,,,1883.863820922853
2024-11-08 00:00:00-05:00,NVDA,SELL,33,,,"Algorithm confidence dropped. Exiting position to preserve capital ($-46.11, -0.9%).",SELL: Conviction lost Q=0.388 <= 0.4,36812.72197949223,,,148.84571838378906,147.5959930419922,4911.908706665039,4865.797102615356,-46.11160404968268,-0.9387716019052469,538.0101117553722,1837.7522168731703
2024-11-08 00:00:00-05:00,TSLA,SELL,16,,,"Exit signal triggered. Closing position with profit ($383.82, 8.1%).",SELL: Swing trade profit 8.2% >= 2.0% (24.0h),41947.102479003945,,,296.9100036621094,321.2200012207031,4750.56005859375,5134.380499511719,383.8204409179689,8.079477707552371,1606.495715408324,2221.572657791139
2024-11-11 00:00:00-05:00,AAPL,SELL,22,,,"End of trading session - closing all positions ($-64.76, -1.3%).",FORCED EXIT: Held for 72.0 hours (max: 48),46857.796762908976,,,226.15716552734375,223.4368133544922,4975.4576416015625,4910.694283905029,-64.7633576965336,-1.3016562970011893,-49.13535537719781,2156.8093000946055
2024-11-11 00:00:00-05:00,MSFT,BUY,12,414.89520263671875,4983.721174072265,Strong upward momentum detected. Algorithm confidence: 39%. Good entry point for potential gains.,BUY: Momentum entry Q=0.386 >= 0.35,41874.07558883671,12.0,414.89520263671875,,,,,,,,2156.8093000946055
2024-11-11 00:00:00-05:00,GOOGL,SELL,28,,,"End of trading session - closing all positions ($50.73, 1.0%).",FORCED EXIT: Held for 72.0 hours (max: 48),46896.67576864628,,,177.56692504882812,179.55813598632812,4971.8739013671875,5022.60017980957,50.72627844238286,1.0202647824280886,416.23518560791126,2207.5355785369884
2024-11-11 00:00:00-05:00,NVDA,BUY,34,145.22654724121094,4942.640308807372,Strong upward momentum detected. Algorithm confidence: 52%. Good entry point for potential gains.,BUY: Momentum entry Q=0.525 >= 0.35,41954.03545983891,34.0,145.22654724121094,,,,,,,,2207.5355785369884
2024-11-11 00:00:00-05:00,TSLA,BUY,14,350.0,4904.9,Strong upward momentum detected. Algorithm confidence: 44%. Good entry point for potential gains.,BUY: Momentum entry Q=0.437 >= 0.35,37049.13545983891,14.0,350.0,,,,,,,,2207.5355785369884
2024-11-12 00:00:00-05:00,AAPL,BUY,22,223.4368133544922,4920.525503692626,Strong upward momentum detected. Algorithm confidence: 44%. Good entry point for potential gains.,BUY: Momentum entry Q=0.442 >= 0.35,32128.609956146283,22.0,223.4368133544922,,,,,,,,2207.5355785369884
2024-11-12 00:00:00-05:00,MSFT,SELL,12,,,"AI model detects potential price peak. Taking profits ($54.75, 1.1%).","SELL: ML profit peak ML=0.623, P&L=$59.79",37162.104382171674,,,414.89520263671875,419.87774658203125,4978.742431640625,5033.494426025391,54.75199438476557,1.0997153425091597,-249.31808447265576,2262.287572921754
2024-11-12 00:00:00-05:00,GOOGL,BUY,27,180.82257080078125,4887.091621032714,Strong upward momentum detected. Algorithm confidence: 39%. Good entry point for potential gains.,BUY: Momentum entry Q=0.392 >= 0.35,32275.01276113896,27.0,180.82257080078125,,,,,,,,2262.287572921754
2024-11-12 00:00:00-05:00,NVDA,SELL,34,,,"Exit signal triggered. Closing position with profit ($97.95, 2.0%).",SELL: Swing trade profit 2.1% >= 2.0% (24.0h),37310.67024411015,,,145.22654724121094,148.25582885742188,4937.702606201172,5035.657482971192,97.95487677001984,1.9838148341902988,635.9649885253921,2360.242449691774
2024-11-12 00:00:00-05:00,TSLA,SELL,14,,,"Stop loss triggered to limit losses. Protecting capital ($-305.74, -6.2%).",SELL: Stop loss 6.1% >= 2.0%,41904.93124752812,,,350.0,328.489990234375,4900.0,4594.261003417969,-305.7389965820312,-6.239571358816963,1300.7567188262929,2054.5034531097426
2024-11-13 00:00:00-05:00,AAPL,SELL,22,,,"AI model detects potential price peak. Taking profits ($14.58, 0.3%).","SELL: ML profit peak ML=0.560, P&L=$19.51",46835.11651898197,,,223.4368133544922,224.3236541748047,4915.609893798828,4930.185271453857,14.575377655029115,0.2965120904613757,-34.559977722168696,2069.0788307647717
2024-11-13 00:00:00-05:00,MSFT,BUY,11,422.0316162109375,4646.990126098633,Strong upward momentum detected. Algorithm confidence: 58%. Good entry point for potential gains.,BUY: Momentum entry Q=0.580 >= 0.35,42188.12639288334,11.0,422.0316162109375,,,,,,,,2069.0788307647717
2024-11-13 00:00:00-05:00,GOOGL,SELL,27,,,"Algorithm confidence dropped. Exiting position to preserve capital ($-78.46, -1.6%).",SELL: Conviction lost Q=0.300 <= 0.4,46991.8717482758,,,180.82257080078125,178.09458923339844,4882.209411621094,4803.745355392456,-78.46405622863767,-1.6071423737349357,337.7711293792736,1990.614774536134
2024-11-13 00:00:00-05:00,NVDA,BUY,34,146.236328125,4977.007191406249,Strong upward momentum detected. Algorithm confidence: 60%. Good entry point for potential gains.,BUY: Momentum entry Q=0.602 >= 0.35,42014.86455686955,34.0,146.236328125,,,,,,,,1990.614774536134
2024-11-13 00:00:00-05:00,TSLA,BUY,15,330.239990234375,4958.55345336914,Strong upward momentum detected. Algorithm confidence: 38%. Good entry point for potential gains.,BUY: Momentum entry Q=0.385 >= 0.35,37056.31110350041,15.0,330.239990234375,,,,,,,,1990.614774536134
2024-11-14 00:00:00-05:00,AAPL,BUY,21,227.4127197265625,4780.4427813720695,Strong upward momentum detected. Algorithm confidence: 38%. Good entry point for potential gains.,BUY: Momentum entry Q=0.385 >= 0.35,32275.868322128343,21.0,227.4127197265625,,,,,,,,1990.614774536134
2024-11-14 00:00:00-05:00,MSFT,SELL,11,,,"AI model detects potential price peak. Taking profits ($13.79, 0.3%).","SELL: ML profit peak ML=0.531, P&L=$18.45",36932.00668678289,,,422.0316162109375,423.7090148925781,4642.3477783203125,4656.138364654541,13.790586334228465,0.29706060365899933,-235.5274981384273,2004.4053608703625
2024-11-14 00:00:00-05:00,GOOGL,BUY,28,174.80909729003906,4899.549378845214,Strong upward momentum detected. Algorithm confidence: 64%. Good entry point for potential gains.,BUY: Momentum entry Q=0.636 >= 0.35,32032.45730793767,28.0,174.80909729003906,,,,,,,,2004.4053608703625
2024-11-14 00:00:00-05:00,NVDA,SELL,34,,,"AI model detects potential price peak. Taking profits ($11.67, 0.2%).","SELL: ML profit peak ML=0.507, P&L=$16.66",37016.15929109197,,,146.236328125,146.7261962890625,4972.03515625,4983.701983154297,11.666826904296613,0.23464892217487754,647.6318154296887,2016.0721877746591
2024-11-14 00:00:00-05:00,TSLA,SELL,15,,,"Stop loss triggered to limit losses. Protecting capital ($-290.57, -5.9%).",SELL: Stop loss 5.8% >= 2.0%,41679.19148133855,,,330.239990234375,311.17999267578125,4953.599853515625,4663.032190246582,-290.5676632690429,-5.865787949400551,1010.18905555725,1725.5045245056162
2024-11-15 00:00:00-05:00,AAPL,SELL,21,,,"Algorithm confidence dropped. Exiting position to preserve capital ($-72.09, -1.5%).",SELL: Conviction lost Q=0.228 <= 0.4,46382.76932801824,,,227.4127197265625,224.2041015625,4775.6671142578125,4703.577846679687,-72.08926757812515,-1.5095119876111498,-106.64924530029384,1653.415256927491
2024-11-15 00:00:00-05:00,MSFT,BUY,12,411.9075927734375,4947.834004394531,Strong upward momentum detected. Algorithm confidence: 66%. Good entry point for potential gains.,BUY: Momentum entry Q=0.655 >= 0.35,41434.935323623715,12.0,411.9075927734375,,,,,,,,1653.415256927491
2024-11-15 00:00:00-05:00,NVDA,BUY,35,141.94729614257812,4973.123520355224,Strong upward momentum detected. Algorithm confidence: 61%. Good entry point for potential gains.,BUY: Momentum entry Q=0.612 >= 0.35,36461.81180326849,35.0,141.94729614257812,,,,,,,,1653.415256927491
2024-11-15 00:00:00-05:00,TSLA,BUY,15,320.7200012207031,4815.610818328857,Strong upward momentum detected. Algorithm confidence: 57%. Good entry point for potential gains.,BUY: Momentum entry Q=0.566 >= 0.35,31646.20098493963,15.0,320.7200012207031,,,,,,,,1653.415256927491
2024-11-18 00:00:00-05:00,AAPL,BUY,22,227.2134246826172,5003.694038360595,Strong upward momentum detected. Algorithm confidence: 38%. Good entry point for potential gains.,BUY: Momentum entry Q=0.385 >= 0.35,26642.506946579037,22.0,227.2134246826172,,,,,,,,1653.415256927491
2024-11-18 00:00:00-05:00,MSFT,SELL,12,,,"End of trading session - closing all positions ($4.10, 0.1%).",FORCED EXIT: Held for 72.0 hours (max: 48),31589.498484542903,,,411.9075927734375,412.6619567871094,4942.89111328125,4946.991537963867,4.100424682616904,0.08295599859764886,-231.4270734558104,1657.515681610108
2024-11-18 00:00:00-05:00,GOOGL,SELL,28,,,"End of trading session - closing all positions ($-12.69, -0.3%).",FORCED EXIT: Held for 96.0 hours (max: 48),36471.4605735932,,,174.80909729003906,174.5303192138672,4894.654724121094,4881.962089050293,-12.692635070800861,-0.259316249790837,325.0784943084727,1644.8230465393071
2024-11-18 00:00:00-05:00,NVDA,SELL,35,,,"End of trading session - closing all positions ($-68.94, -1.4%).",FORCED EXIT: Held for 72.0 hours (max: 48),41370.676174331726,,,141.94729614257812,140.11770629882812,4968.155364990234,4899.215600738526,-68.93976425170877,-1.3876330184340817,578.6920511779799,1575.8832822875984
2024-11-18 00:00:00-05:00,TSLA,SELL,15,,,"End of trading session - closing all positions ($265.22, 5.5%).",FORCED EXIT: Held for 72.0 hours (max: 48),46446.694927993834,,,320.7200012207031,338.739990234375,4810.800018310547,5076.01875366211,265.2187353515628,5.512986080113597,1275.4077909088128,1841.1020176391612
2024-11-19 00:00:00-05:00,AAPL,SELL,22,,,"AI model detects potential price peak. Taking profits ($0.69, 0.0%).","SELL: ML profit peak ML=0.446, P&L=$5.70",51446.08494276434,,,227.2134246826172,227.47247314453125,4998.695343017578,4999.390014770508,0.6946717529299349,0.013897061238194607,-105.9545735473639,1841.7966893920911
2024-11-19 00:00:00-05:00,MSFT,BUY,12,414.67681884765625,4981.097947998046,Strong upward momentum detected. Algorithm confidence: 38%. Good entry point for potential gains.,BUY: Momentum entry Q=0.378 >= 0.35,46464.986994766296,12.0,414.67681884765625,,,,,,,,1841.7966893920911
2024-11-19 00:00:00-05:00,GOOGL,BUY,28,177.33792114257812,4970.427253784179,Strong upward momentum detected. Algorithm confidence: 59%. Good entry point for potential gains.,BUY: Momentum entry Q=0.589 >= 0.35,41494.55974098212,28.0,177.33792114257812,,,,,,,,1841.7966893920911
2024-11-19 00:00:00-05:00,NVDA,BUY,34,146.97613525390625,5002.185787231445,Strong upward momentum detected. Algorithm confidence: 63%. Good entry point for potential gains.,BUY: Momentum entry Q=0.626 >= 0.35,36492.37395375068,34.0,146.97613525390625,,,,,,,,1841.7966893920911
2024-11-19 00:00:00-05:00,TSLA,BUY,14,346.0,4848.843999999999,Strong upward momentum detected. Algorithm confidence: 39%. Good entry point for potential gains.,BUY: Momentum entry Q=0.388 >= 0.35,31643.52995375068,14.0,346.0,,,,,,,,1841.7966893920911
2024-11-20 00:00:00-05:00,MSFT,SELL,12,,,"Algorithm confidence dropped. Exiting position to preserve capital ($-32.34, -0.6%).",SELL: Conviction lost Q=0.257 <= 0.4,36587.30827748115,,,414.67681884765625,412.3939208984375,4976.121826171875,4943.778323730468,-32.3435024414066,-0.6499740876780025,-263.770575897217,1809.4531869506845
2024-11-20 00:00:00-05:00,TSLA,SELL,14,,,"Algorithm confidence dropped. Exiting position to preserve capital ($-60.37, -1.2%).",SELL: Conviction lost Q=0.220 <= 0.4,41370.93984040839,,,346.0,342.0299987792969,4844.0,4783.631562927246,-60.368437072754205,-1.2462517975382785,1215.0393538360586,1749.0847498779303
2024-11-21 00:00:00-05:00,AAPL,BUY,21,227.71165466308594,4786.726692672729,Strong upward momentum detected. Algorithm confidence: 38%. Good entry point for potential gains.,BUY: Momentum entry Q=0.384 >= 0.35,36584.21314773566,21.0,227.71165466308594,,,,,,,,1749.0847498779303
2024-11-21 00:00:00-05:00,MSFT,BUY,12,410.61370849609375,4932.291866455078,Strong upward momentum detected. Algorithm confidence: 40%. Good entry point for potential gains.,BUY: Momentum entry Q=0.403 >= 0.35,31651.92128128058,12.0,410.61370849609375,,,,,,,,1749.0847498779303
2024-11-21 00:00:00-05:00,GOOGL,SELL,28,,,"End of trading session - closing all positions ($-297.10, -6.0%).",FORCED EXIT: Held for 48.0 hours (max: 48),36320.280597564764,,,177.33792114257812,166.89401245117188,4965.4617919921875,4668.35931628418,-297.10247570800766,-5.983380562652713,27.976018600465068,1451.9822741699227
2024-11-21 00:00:00-05:00,NVDA,SELL,34,,,"End of trading session - closing all positions ($-16.54, -0.3%).",FORCED EXIT: Held for 48.0 hours (max: 48),41300.926801666326,,,146.97613525390625,146.63623046875,4997.1885986328125,4980.646204101563,-16.542394531249556,-0.3310340245268192,562.1496566467304,1435.4398796386731
2024-11-21 00:00:00-05:00,TSLA,BUY,14,339.6400146484375,4759.715165283203,Strong upward momentum detected. Algorithm confidence: 40%. Good entry point for potential gains.,BUY: Momentum entry Q=0.397 >= 0.35,36541.21163638312,14.0,339.6400146484375,,,,,,,,1435.4398796386731
2024-11-22 00:00:00-05:00,AAPL,SELL,21,,,"AI model detects potential price peak. Taking profits ($23.44, 0.5%).","SELL: ML profit peak ML=0.465, P&L=$28.25",41346.5953816529,,,227.71165466308594,229.05685424804688,4781.944747924805,4805.383745269775,23.43899734497063,0.49015617244725235,-82.51557620239328,1458.8788769836437
2024-11-22 00:00:00-05:00,MSFT,SELL,12,,,"AI model detects potential price peak. Taking profits ($44.31, 0.9%).","SELL: ML profit peak ML=0.653, P&L=$49.29",46318.27229254157,,,410.61370849609375,414.72113037109375,4927.364501953125,4971.676910888672,44.312408935546955,0.8993125821721176,-219.45816696167003,1503.1912859191907
2024-11-22 00:00:00-05:00,GOOGL,BUY,30,164.03659057617188,4926.0188150024405,Strong upward momentum detected. Algorithm confidence: 56%. Good entry point for potential gains.,BUY: Momentum entry Q=0.560 >= 0.35,41392.25347753913,30.0,164.03659057617188,,,,,,,,1503.1912859191907
2024-11-22 00:00:00-05:00,NVDA,BUY,35,141.9173126220703,4972.073047714232,Strong upward momentum detected. Algorithm confidence: 59%. Good entry point for potential gains.,BUY: Momentum entry Q=0.588 >= 0.35,36420.1804298249,35.0,141.9173126220703,,,,,,,,1503.1912859191907
2024-11-22 00:00:00-05:00,TSLA,SELL,14,,,"Exit signal triggered. Closing position with profit ($175.94, 3.7%).",SELL: Swing trade profit 3.8% >= 2.0% (24.0h),41351.08455567939,,,339.6400146484375,352.55999755859375,4754.960205078125,4930.904125854492,175.94392077636712,3.7002185757194224,1390.9832746124257,1679.1352066955578
2024-11-25 00:00:00-05:00,AAPL,BUY,21,232.04624938964844,4877.8442084197995,Strong upward momentum detected. Algorithm confidence: 67%. Good entry point for potential gains.,BUY: Momentum entry Q=0.667 >= 0.35,36473.24034725959,21.0,232.04624938964844,,,,,,,,1679.1352066955578
2024-11-25 00:00:00-05:00,MSFT,BUY,12,416.5013732910156,5003.014495971679,Strong upward momentum detected. Algorithm confidence: 37%. Good entry point for potential gains.,BUY: Momentum entry Q=0.372 >= 0.35,31470.225851287913,12.0,416.5013732910156,,,,,,,,1679.1352066955578
2024-11-25 00:00:00-05:00,GOOGL,SELL,30,,,"End of trading session - closing all positions ($81.31, 1.7%).",FORCED EXIT: Held for 72.0 hours (max: 48),36472.63527404792,,,164.03659057617188,166.9138946533203,4921.097717285156,5002.40942276001,81.31170547485362,1.6523082886415679,109.28772407531869,1760.4469121704115
2024-11-25 00:00:00-05:00,NVDA,SELL,35,,,"End of trading session - closing all positions ($-212.26, -4.3%).",FORCED EXIT: Held for 72.0 hours (max: 48),41227.47939956672,,,141.9173126220703,135.98867797851562,4967.105941772461,4754.844125518799,-212.2618162536619,-4.273349889088905,349.8878403930685,1548.1850959167496
2024-11-25 00:00:00-05:00,TSLA,BUY,14,338.5899963378906,4745.000208679198,Strong upward momentum detected. Algorithm confidence: 42%. Good entry point for potential gains.,BUY: Momentum entry Q=0.419 >= 0.35,36482.47919088752,14.0,338.5899963378906,,,,,,,,1548.1850959167496
2024-11-26 00:00:00-05:00,AAPL,SELL,21,,,"AI model detects potential price peak. Taking profits ($40.91, 0.8%).","SELL: ML profit peak ML=0.557, P&L=$45.83",41396.35922018439,,,232.04624938964844,234.228515625,4872.971237182617,4913.880029296875,40.908792114258176,0.8395040750930067,-41.6067840881351,1589.0938880310077
2024-11-26 00:00:00-05:00,MSFT,SELL,12,,,"Exit signal triggered. Closing position with profit ($104.69, 2.1%).",SELL: Swing trade profit 2.2% >= 2.0% (24.0h),46499.064517425606,,,416.5013732910156,425.6510925292969,4998.0164794921875,5102.705297241211,104.68881774902366,2.0946072942852787,-114.76934921264638,1693.7827057800314
2024-11-26 00:00:00-05:00,GOOGL,BUY,29,168.37744140625,4887.82874658203,Strong upward momentum detected. Algorithm confidence: 54%. Good entry point for potential gains.,BUY: Momentum entry Q=0.544 >= 0.35,41611.235770843574,29.0,168.37744140625,,,,,,,,1693.7827057800314
2024-11-26 00:00:00-05:00,NVDA,BUY,36,136.8884735107422,4932.913031433105,Strong upward momentum detected. Algorithm confidence: 73%. Good entry point for potential gains.,BUY: Momentum entry Q=0.730 >= 0.35,36678.32273941047,36.0,136.8884735107422,,,,,,,,1693.7827057800314
2024-11-27 00:00:00-05:00,AAPL,BUY,21,234.0989532470703,4920.994096206665,Strong upward momentum detected. Algorithm confidence: 54%. Good entry point for potential gains.,BUY: Momentum entry Q=0.542 >= 0.35,31757.328643203804,21.0,234.0989532470703,,,,,,,,1693.7827057800314
2024-11-27 00:00:00-05:00,MSFT,BUY,11,420.6784362792969,4632.090261871337,Strong upward momentum detected. Algorithm confidence: 54%. Good entry point for potential gains.,BUY: Momentum entry Q=0.543 >= 0.35,27125.238381332467,11.0,420.6784362792969,,,,,,,,1693.7827057800314
2024-11-27 00:00:00-05:00,GOOGL,SELL,29,,,"AI model detects potential price peak. Taking profits ($-1.71, -0.0%).","SELL: ML profit peak ML=0.526, P&L=$3.18",32006.473917999338,,,168.37744140625,168.48695373535156,4882.94580078125,4881.23553666687,-1.710264114380152,-0.035025252873102077,107.57745996093854,1692.0724416656512
2024-11-27 00:00:00-05:00,TSLA,SELL,14,,,"End of trading session - closing all positions ($-84.46, -1.8%).",FORCED EXIT: Held for 48.0 hours (max: 48),36662.27366287239,,,338.5899963378906,332.8900146484375,4740.259948730469,4655.799744873047,-84.46020385742213,-1.7817631263036993,1306.5230707550036,1607.612237808229
2024-11-29 00:00:00-05:00,AAPL,SELL,21,,,"End of trading session - closing all positions ($45.26, 0.9%).",FORCED EXIT: Held for 48.0 hours (max: 48),41623.60773176582,,,234.0989532470703,236.49049377441406,4916.078018188477,4961.334068893432,45.25605070495567,0.9205722638558135,3.6492666168205687,1652.8682885131848
2024-11-29 00:00:00-05:00,MSFT,SELL,11,,,"End of trading session - closing all positions ($0.51, 0.0%).",FORCED EXIT: Held for 48.0 hours (max: 48),46251.57940605171,,,420.6784362792969,421.1458435058594,4627.462799072266,4627.971674285889,0.5088752136234689,0.010996851530075843,-114.2604739990229,1653.3771637268082
2024-11-29 00:00:00-05:00,GOOGL,BUY,29,168.20819091796875,4882.915574157714,Strong upward momentum detected. Algorithm confidence: 40%. Good entry point for potential gains.,BUY: Momentum entry Q=0.404 >= 0.35,41368.663831893995,29.0,168.20819091796875,,,,,,,,1653.3771637268082
2024-11-29 00:00:00-05:00,NVDA,SELL,36,,,"End of trading session - closing all positions ($42.89, 0.9%).",FORCED EXIT: Held for 72.0 hours (max: 48),46339.54210374458,,,136.8884735107422,138.21817016601562,4927.985046386719,4970.878271850586,42.893225463867566,0.8704008851511754,392.78106585693604,1696.2703891906758
2024-11-29 00:00:00-05:00,TSLA,BUY,14,345.1600036621094,4837.0722913208,Strong upward momentum detected. Algorithm confidence: 58%. Good entry point for potential gains.,BUY: Momentum entry Q=0.576 >= 0.35,41502.46981242378,14.0,345.1600036621094,,,,,,,,1696.2703891906758
2024-12-02 00:00:00-05:00,AAPL,BUY,20,238.7424774169922,4779.624397888183,Strong upward momentum detected. Algorithm confidence: 49%. Good entry point for potential gains.,BUY: Momentum entry Q=0.491 >= 0.35,36722.84541453559,20.0,238.7424774169922,,,,,,,,1696.2703891906758
2024-12-02 00:00:00-05:00,MSFT,BUY,11,428.6247863769531,4719.587522796631,Strong upward momentum detected. Algorithm confidence: 62%. Good entry point for potential gains.,BUY: Momentum entry Q=0.620 >= 0.35,32003.257891738962,11.0,428.6247863769531,,,,,,,,1696.2703891906758
2024-12-02 00:00:00-05:00,GOOGL,SELL,29,,,"End of trading session - closing all positions ($68.39, 1.4%).",FORCED EXIT: Held for 72.0 hours (max: 48),36949.68127284248,,,168.20819091796875,170.737060546875,4878.037536621094,4946.423381103516,68.38584448242182,1.4019130432889442,175.96330444336036,1764.6562336730976
2024-12-02 00:00:00-05:00,NVDA,BUY,36,138.59808349609375,4994.520536865234,Strong upward momentum detected. Algorithm confidence: 46%. Good entry point for potential gains.,BUY: Momentum entry Q=0.462 >= 0.35,31955.160735977242,36.0,138.59808349609375,,,,,,,,1764.6562336730976
2024-12-02 00:00:00-05:00,TSLA,SELL,14,,,"End of trading session - closing all positions ($162.02, 3.4%).",FORCED EXIT: Held for 72.0 hours (max: 48),36949.421424758984,,,345.1600036621094,357.0899963378906,4832.240051269531,4994.260688781738,162.02063751220703,3.3529095366369637,1468.5437082672106,1926.6768711853047
2024-12-03 00:00:00-05:00,AAPL,SELL,20,,,"AI model detects potential price peak. Taking profits ($56.15, 1.2%).","SELL: ML profit peak ML=0.609, P&L=$60.98",41780.41872151192,,,238.7424774169922,241.79165649414062,4774.849548339844,4830.997296752929,56.14774841308554,1.1759061274005465,59.797015029906106,1982.8246195983902
2024-12-03 00:00:00-05:00,MSFT,SELL,11,,,"AI model detects potential price peak. Taking profits ($-2.31, -0.0%).","SELL: ML profit peak ML=0.666, P&L=$2.41",46492.98067811592,,,428.6247863769531,428.84356689453125,4714.872650146484,4712.561956604004,-2.310693542480294,-0.04900860985945196,-116.5711675415032,1980.51392605591
2024-12-03 00:00:00-05:00,GOOGL,BUY,29,170.5876922607422,4951.990118637084,Strong upward momentum detected. Algorithm confidence: 42%. Good entry point for potential gains.,BUY: Momentum entry Q=0.418 >= 0.35,41540.990559478836,29.0,170.5876922607422,,,,,,,,1980.51392605591
2024-12-03 00:00:00-05:00,NVDA,SELL,36,,,"AI model detects potential price peak. Taking profits ($53.62, 1.1%).","SELL: ML profit peak ML=0.423, P&L=$58.67",46584.13981076058,,,138.59808349609375,140.2277069091797,4989.531005859375,5043.1492512817385,53.61824542236354,1.0746149359408295,446.3993112792996,2034.1321714782734
2024-12-03 00:00:00-05:00,TSLA,BUY,14,351.4200134277344,4924.800068176269,Strong upward momentum detected. Algorithm confidence: 70%. Good entry point for potential gains.,BUY: Momentum entry Q=0.700 >= 0.35,41659.33974258431,14.0,351.4200134277344,,,,,,,,2034.1321714782734
2024-12-04 00:00:00-05:00,AAPL,BUY,20,242.150390625,4847.850820312499,Strong upward momentum detected. Algorithm confidence: 41%. Good entry point for potential gains.,BUY: Momentum entry Q=0.414 >= 0.35,36811.488922271805,20.0,242.150390625,,,,,,,,2034.1321714782734
2024-12-04 00:00:00-05:00,MSFT,BUY,11,435.0295715332031,4790.110612152099,Strong upward momentum detected. Algorithm confidence: 65%. Good entry point for potential gains.,BUY: Momentum entry Q=0.650 >= 0.35,32021.378310119704,11.0,435.0295715332031,,,,,,,,2034.1321714782734
2024-12-04 00:00:00-05:00,GOOGL,SELL,29,,,"AI model detects potential price peak. Taking profits ($82.45, 1.7%).","SELL: ML profit peak ML=0.420, P&L=$87.48",37050.8714009095,,,170.5876922607422,173.60440063476562,4947.043075561523,5029.493090789795,82.4500152282717,1.6666524622673324,258.41331967163205,2116.582186706545
2024-12-04 00:00:00-05:00,NVDA,BUY,34,145.1065673828125,4938.5569143066405,Strong upward momentum detected. Algorithm confidence: 59%. Good entry point for potential gains.,BUY: Momentum entry Q=0.588 >= 0.35,32112.31448660286,34.0,145.1065673828125,,,,,,,,2116.582186706545
2024-12-04 00:00:00-05:00,TSLA,SELL,14,,,"AI model detects potential price peak. Taking profits ($86.13, 1.8%).","SELL: ML profit peak ML=0.501, P&L=$91.14",37118.32336416634,,,351.4200134277344,357.92999267578125,4919.880187988281,5006.008877563477,86.1286895751955,1.7506257527464943,1554.672397842406,2202.7108762817406
2024-12-05 00:00:00-05:00,AAPL,SELL,20,,,"AI model detects potential price peak. Taking profits ($-4.25, -0.1%).","SELL: ML profit peak ML=0.436, P&L=$0.60",41957.08541036995,,,242.150390625,242.18028259277344,4843.0078125,4838.762046203613,-4.245766296387046,-0.08766796298425435,55.55124873351906,2198.4651099853536
2024-12-05 00:00:00-05:00,MSFT,SELL,11,,,"AI model detects potential price peak. Taking profits ($52.05, 1.1%).","SELL: ML profit peak ML=0.722, P&L=$56.89",46794.45575274666,,,435.0295715332031,440.2011413574219,4785.325286865234,4837.370342376709,52.04505551147486,1.0875970261484247,-64.52611203002834,2250.5101654968284
2024-12-05 00:00:00-05:00,GOOGL,BUY,29,171.8820037841797,4989.562687850952,Strong upward momentum detected. Algorithm confidence: 55%. Good entry point for potential gains.,BUY: Momentum entry Q=0.552 >= 0.35,41804.89306489571,29.0,171.8820037841797,,,,,,,,2250.5101654968284
2024-12-05 00:00:00-05:00,TSLA,BUY,13,369.489990234375,4808.173242919921,Strong upward momentum detected. Algorithm confidence: 36%. Good entry point for potential gains.,BUY: Momentum entry Q=0.356 >= 0.35,36996.71982197579,13.0,369.489990234375,,,,,,,,2250.5101654968284
2024-12-06 00:00:00-05:00,AAPL,BUY,20,241.98098754882812,4844.459370727539,Strong upward momentum detected. Algorithm confidence: 39%. Good entry point for potential gains.,BUY: Momentum entry Q=0.391 >= 0.35,32152.260451248254,20.0,241.98098754882812,,,,,,,,2250.5101654968284
2024-12-06 00:00:00-05:00,MSFT,BUY,11,441.1459655761719,4857.458226959228,Strong upward momentum detected. Algorithm confidence: 35%. Good entry point for potential gains.,BUY: Momentum entry Q=0.353 >= 0.35,27294.802224289026,11.0,441.1459655761719,,,,,,,,2250.5101654968284
2024-12-06 00:00:00-05:00,GOOGL,SELL,29,,,"AI model detects potential price peak. Taking profits ($54.72, 1.1%).","SELL: ML profit peak ML=0.360, P&L=$59.77",32334.10246893319,,,171.8820037841797,173.9429168701172,4984.578109741211,5039.300244644165,54.72213490295417,1.0978288171673416,313.1354545745862,2305.2323003997826
2024-12-06 00:00:00-05:00,NVDA,SELL,34,,,"End of trading session - closing all positions ($-96.29, -2.0%).",FORCED EXIT: Held for 48.0 hours (max: 48),37171.439062133875,,,145.1065673828125,142.41702270507812,4933.623291015625,4837.336593200684,-96.28669781494136,-1.9516426799404054,350.1126134643582,2208.9456025848413
2024-12-06 00:00:00-05:00,TSLA,SELL,13,,,"Exit signal triggered. Closing position with profit ($251.43, 5.2%).",SELL: Swing trade profit 5.3% >= 2.0% (24.0h),42226.239217987146,,,369.489990234375,389.2200012207031,4803.369873046875,5054.8001558532715,251.43028280639646,5.234456005922965,1806.1026806488026,2460.3758853912377
2024-12-09 00:00:00-05:00,AAPL,SELL,20,,,"End of trading session - closing all positions ($73.01, 1.5%).",FORCED EXIT: Held for 72.0 hours (max: 48),47138.86470474252,,,241.98098754882812,245.8771514892578,4839.6197509765625,4912.625486755371,73.00573577880823,1.5085014843175804,128.5569845123273,2533.381621170046
2024-12-09 00:00:00-05:00,MSFT,SELL,11,,,"End of trading session - closing all positions ($21.92, 0.5%).",FORCED EXIT: Held for 72.0 hours (max: 48),52013.39334722909,,,441.1459655761719,443.5825500488281,4852.605621337891,4874.528642486573,21.923021148681983,0.451778340532806,-42.60309088134636,2555.304642318728
2024-12-09 00:00:00-05:00,GOOGL,BUY,28,174.8001251220703,4899.297906921386,Strong upward momentum detected. Algorithm confidence: 65%. Good entry point for potential gains.,BUY: Momentum entry Q=0.654 >= 0.35,47114.095440307705,28.0,174.8001251220703,,,,,,,,2555.304642318728
2024-12-09 00:00:00-05:00,NVDA,BUY,36,138.78758239746094,5001.349319274902,Strong upward momentum detected. Algorithm confidence: 61%. Good entry point for potential gains.,BUY: Momentum entry Q=0.610 >= 0.35,42112.746121032804,36.0,138.78758239746094,,,,,,,,2555.304642318728
2024-12-10 00:00:00-05:00,MSFT,BUY,11,440.9072570800781,4854.829807708739,Strong upward momentum detected. Algorithm confidence: 41%. Good entry point for potential gains.,BUY: Momentum entry Q=0.410 >= 0.35,37257.916313324065,11.0,440.9072570800781,,,,,,,,2555.304642318728
2024-12-10 00:00:00-05:00,GOOGL,SELL,28,,,"Exit signal triggered. Closing position with profit ($268.34, 5.5%).",SELL: Swing trade profit 5.6% >= 2.0% (24.0h),42420.65990084848,,,174.8001251220703,184.56826782226562,4894.403503417969,5162.743587524414,268.3400841064449,5.482590144418042,581.4755386810311,2823.644726425173
2024-12-10 00:00:00-05:00,NVDA,SELL,36,,,"Stop loss triggered to limit losses. Protecting capital ($-139.48, -2.8%).",SELL: Stop loss 2.7% >= 2.0%,47277.53345608529,,,138.78758239746094,135.04820251464844,4996.352966308594,4856.873555236816,-139.47941107177758,-2.79162445112095,210.63320239258064,2684.1653153533953
2024-12-10 00:00:00-05:00,TSLA,BUY,12,400.989990234375,4816.691762695312,Strong upward momentum detected. Algorithm confidence: 41%. Good entry point for potential gains.,BUY: Momentum entry Q=0.413 >= 0.35,42460.84169338998,12.0,400.989990234375,,,,,,,,2684.1653153533953
2024-12-11 00:00:00-05:00,AAPL,BUY,20,245.6180877685547,4917.274117126464,Strong upward momentum detected. Algorithm confidence: 39%. Good entry point for potential gains.,BUY: Momentum entry Q=0.394 >= 0.35,37543.567576263515,20.0,245.6180877685547,,,,,,,,2684.1653153533953
2024-12-11 00:00:00-05:00,MSFT,SELL,11,,,"AI model detects potential price peak. Taking profits ($57.01, 1.2%).","SELL: ML profit peak ML=0.685, P&L=$61.92",42450.55548724374,,,440.9072570800781,446.5363464355469,4849.979827880859,4906.987910980225,57.00808309936565,1.1754292826466177,14.404992218019288,2741.173398452761
2024-12-11 00:00:00-05:00,GOOGL,BUY,25,194.76502990722656,4873.994873428344,Strong upward momentum detected. Algorithm confidence: 46%. Good entry point for potential gains.,BUY: Momentum entry Q=0.456 >= 0.35,37576.560613815396,25.0,194.76502990722656,,,,,,,,2741.173398452761
2024-12-11 00:00:00-05:00,NVDA,BUY,35,139.28750610351562,4879.937776336669,Strong upward momentum detected. Algorithm confidence: 51%. Good entry point for potential gains.,BUY: Momentum entry Q=0.514 >= 0.35,32696.622837478728,35.0,139.28750610351562,,,,,,,,2741.173398452761
2024-12-11 00:00:00-05:00,TSLA,SELL,12,,,"Exit signal triggered. Closing position with profit ($280.26, 5.8%).",SELL: Swing trade profit 5.9% >= 2.0% (24.0h),37788.765465774624,,,400.989990234375,424.7699890136719,4811.8798828125,5092.142628295898,280.26274548339825,5.824391969643,2086.365426132201,3021.436143936159
2024-12-12 00:00:00-05:00,AAPL,SELL,20,,,"AI model detects potential price peak. Taking profits ($24.35, 0.5%).","SELL: ML profit peak ML=0.571, P&L=$29.30",42725.481218032925,,,245.6180877685547,247.08287048339844,4912.361755371094,4936.715752258301,24.35399688720736,0.4957696134772466,152.91098139953465,3045.7901408233665
2024-12-12 00:00:00-05:00,MSFT,BUY,11,447.10321044921875,4923.053450256347,Strong upward momentum detected. Algorithm confidence: 38%. Good entry point for potential gains.,BUY: Momentum entry Q=0.378 >= 0.35,37802.42776777658,11.0,447.10321044921875,,,,,,,,3045.7901408233665
2024-12-12 00:00:00-05:00,GOOGL,SELL,25,,,"Algorithm confidence dropped. Exiting position to preserve capital ($-90.50, -1.9%).",SELL: Conviction lost Q=0.206 <= 0.4,42581.0496664277,,,194.76502990722656,191.33621215820312,4869.125747680664,4778.621898651123,-90.50384902954102,-1.8587289324505776,490.9716896514901,2955.2862917938255
2024-12-12 00:00:00-05:00,NVDA,SELL,35,,,"Algorithm confidence dropped. Exiting position to preserve capital ($-73.74, -1.5%).",SELL: Conviction lost Q=0.265 <= 0.4,47382.36742864999,,,139.28750610351562,137.3178253173828,4875.062713623047,4801.31776222229,-73.74495140075669,-1.5126974919662306,136.88825099182395,2881.541340393069
2024-12-12 00:00:00-05:00,TSLA,BUY,11,418.1000061035156,4603.69916720581,Strong upward momentum detected. Algorithm confidence: 46%. Good entry point for potential gains.,BUY: Momentum entry Q=0.459 >= 0.35,42778.66826144418,11.0,418.1000061035156,,,,,,,,2881.541340393069
2024-12-13 00:00:00-05:00,AAPL,BUY,20,247.25228881835938,4949.990822143554,Strong upward momentum detected. Algorithm confidence: 48%. Good entry point for potential gains.,BUY: Momentum entry Q=0.475 >= 0.35,37828.67743930063,20.0,247.25228881835938,,,,,,,,2881.541340393069
2024-12-13 00:00:00-05:00,MSFT,SELL,11,,,"Algorithm confidence dropped. Exiting position to preserve capital ($-29.95, -0.6%).",SELL: Conviction lost Q=0.327 <= 0.4,42716.86721167001,,,447.10321044921875,444.8257141113281,4918.135314941406,4888.189772369385,-29.945542572021623,-0.608880005416817,-15.540550354002335,2851.595797821047
2024-12-13 00:00:00-05:00,GOOGL,BUY,26,189.2031707763672,4924.201722625732,Strong upward momentum detected. Algorithm confidence: 41%. Good entry point for potential gains.,BUY: Momentum entry Q=0.408 >= 0.35,37792.66548904428,26.0,189.2031707763672,,,,,,,,2851.595797821047
2024-12-13 00:00:00-05:00,TSLA,SELL,11,,,"Exit signal triggered. Closing position with profit ($194.63, 4.2%).",SELL: Swing trade profit 4.3% >= 2.0% (24.0h),42586.39707977304,,,418.1000061035156,436.2300109863281,4599.100067138672,4793.731590728759,194.63152359008745,4.231948006105841,2280.9969497222883,3046.2273214111347
2024-12-16 00:00:00-05:00,AAPL,SELL,20,,,"End of trading session - closing all positions ($52.99, 1.1%).",FORCED EXIT: Held for 72.0 hours (max: 48),47584.43328613291,,,247.25228881835938,250.15196228027344,4945.0457763671875,4998.036206359863,52.99042999267567,1.0715862378043424,205.90141139221032,3099.2177514038103
2024-12-16 00:00:00-05:00,MSFT,BUY,11,449.1221008300781,4945.28345223999,Strong upward momentum detected. Algorithm confidence: 46%. Good entry point for potential gains.,BUY: Momentum entry Q=0.459 >= 0.35,42639.14983389292,11.0,449.1221008300781,,,,,,,,3099.2177514038103
2024-12-16 00:00:00-05:00,GOOGL,SELL,26,,,"End of trading session - closing all positions ($172.17, 3.5%).",FORCED EXIT: Held for 72.0 hours (max: 48),47730.59760110483,,,189.2031707763672,196.02093505859375,4919.282440185547,5091.447767211914,172.16532702636687,3.499805695642739,663.137016677857,3271.383078430177
2024-12-16 00:00:00-05:00,TSLA,BUY,10,463.0199890136719,4634.830090026855,Strong upward momentum detected. Algorithm confidence: 39%. Good entry point for potential gains.,BUY: Momentum entry Q=0.389 >= 0.35,43095.76751107798,10.0,463.0199890136719,,,,,,,,3271.383078430177
2024-12-17 00:00:00-05:00,AAPL,BUY,19,252.58334350585938,4803.882610137939,Strong upward momentum detected. Algorithm confidence: 44%. Good entry point for potential gains.,BUY: Momentum entry Q=0.441 >= 0.35,38291.884900940044,19.0,252.58334350585938,,,,,,,,3271.383078430177
2024-12-17 00:00:00-05:00,MSFT,SELL,11,,,"AI model detects potential price peak. Taking profits ($26.43, 0.5%).","SELL: ML profit peak ML=0.481, P&L=$31.40",43258.65366946421,,,449.1221008300781,451.9764099121094,4940.343109130859,4966.76876852417,26.425659393310525,0.5348952250800151,10.88510903930819,3297.8087378234877
2024-12-17 00:00:00-05:00,GOOGL,BUY,25,194.7849578857422,4874.4935710906975,Strong upward momentum detected. Algorithm confidence: 38%. Good entry point for potential gains.,BUY: Momentum entry Q=0.375 >= 0.35,38384.16009837351,25.0,194.7849578857422,,,,,,,,3297.8087378234877
2024-12-17 00:00:00-05:00,NVDA,BUY,38,130.36895751953125,4958.974406127929,Strong upward momentum detected. Algorithm confidence: 46%. Good entry point for potential gains.,BUY: Momentum entry Q=0.455 >= 0.35,33425.185692245585,38.0,130.36895751953125,,,,,,,,3297.8087378234877
2024-12-17 00:00:00-05:00,TSLA,SELL,10,,,"Exit signal triggered. Closing position with profit ($163.60, 3.5%).",SELL: Swing trade profit 3.6% >= 2.0% (24.0h),38218.986945907694,,,463.0199890136719,479.8599853515625,4630.199890136719,4793.801253662109,163.6013635253903,3.533354226755846,2444.5983132476786,3461.410101348878
2024-12-18 00:00:00-05:00,AAPL,SELL,19,,,"Stop loss triggered to limit losses. Protecting capital ($-107.50, -2.2%).",SELL: Stop loss 2.1% >= 2.0%,42910.56933850108,,,252.58334350585938,247.1725616455078,4799.083526611328,4691.582392593384,-107.50113401794442,-2.2400346529049027,98.4002773742659,3353.9089673309336
2024-12-18 00:00:00-05:00,MSFT,BUY,11,434.999755859375,4789.782311767578,Strong upward momentum detected. Algorithm confidence: 61%. Good entry point for potential gains.,BUY: Momentum entry Q=0.613 >= 0.35,38120.7870267335,11.0,434.999755859375,,,,,,,,3353.9089673309336
2024-12-18 00:00:00-05:00,GOOGL,SELL,25,,,"Stop loss triggered to limit losses. Protecting capital ($-179.62, -3.7%).",SELL: Stop loss 3.6% >= 2.0%,42810.78647016917,,,194.7849578857422,187.7877655029297,4869.623947143555,4689.999443435669,-179.6245037078861,-3.6886729993442517,483.5125129699709,3174.2844636230475
2024-12-18 00:00:00-05:00,NVDA,SELL,38,,,"Algorithm confidence dropped. Exiting position to preserve capital ($-61.13, -1.2%).",SELL: Conviction lost Q=0.210 <= 0.4,47703.67792652904,,,130.36895751953125,128.88919067382812,4954.0203857421875,4892.891456359864,-61.128929382323804,-1.233925672939389,75.75932160950015,3113.1555342407237
2024-12-19 00:00:00-05:00,GOOGL,BUY,26,187.8974151611328,4890.218126983642,Strong upward momentum detected. Algorithm confidence: 59%. Good entry point for potential gains.,BUY: Momentum entry Q=0.593 >= 0.35,42813.459799545395,26.0,187.8974151611328,,,,,,,,3113.1555342407237
2024-12-19 00:00:00-05:00,NVDA,BUY,38,130.6588897705078,4970.002849090575,Strong upward momentum detected. Algorithm confidence: 40%. Good entry point for potential gains.,BUY: Momentum entry Q=0.405 >= 0.35,37843.45695045482,38.0,130.6588897705078,,,,,,,,3113.1555342407237
2024-12-19 00:00:00-05:00,TSLA,BUY,11,436.1700134277344,4802.668017852783,Strong upward momentum detected. Algorithm confidence: 37%. Good entry point for potential gains.,BUY: Momentum entry Q=0.367 >= 0.35,33040.78893260204,11.0,436.1700134277344,,,,,,,,3113.1555342407237
2024-12-20 00:00:00-05:00,AAPL,BUY,19,253.5897674560547,4823.023787246703,Strong upward momentum detected. Algorithm confidence: 37%. Good entry point for potential gains.,BUY: Momentum entry Q=0.368 >= 0.35,28217.765145355334,19.0,253.5897674560547,,,,,,,,3113.1555342407237
2024-12-20 00:00:00-05:00,MSFT,SELL,11,,,"End of trading session - closing all positions ($-13.42, -0.3%).",FORCED EXIT: Held for 48.0 hours (max: 48),32989.34367938244,,,434.999755859375,434.2140808105469,4784.997314453125,4771.5785340270995,-13.418780426025478,-0.28043444006737345,-2.5336713867172875,3099.736753814698
2024-12-20 00:00:00-05:00,GOOGL,SELL,26,,,"AI model detects potential price peak. Taking profits ($70.19, 1.4%).","SELL: ML profit peak ML=0.604, P&L=$75.16",37944.87104553234,,,187.8974151611328,190.78799438476562,4885.332794189453,4955.527366149902,70.19457196044914,1.4368431981530017,553.70708493042,3169.9313257751473
2024-12-20 00:00:00-05:00,NVDA,SELL,38,,,"Exit signal triggered. Closing position with profit ($147.62, 3.0%).",SELL: Swing trade profit 3.1% >= 2.0% (24.0h),43057.5268925172,,,130.6588897705078,134.67825317382812,4965.037811279297,5112.655846984863,147.6180357055664,2.9731502823647378,223.37735731506655,3317.5493614807137
2024-12-20 00:00:00-05:00,TSLA,SELL,11,,,"Stop loss triggered to limit losses. Protecting capital ($-170.84, -3.6%).",SELL: Stop loss 3.5% >= 2.0%,47684.555205688586,,,436.1700134277344,421.05999755859375,4797.870147705078,4627.028313171387,-170.84183453369133,-3.560784874834692,2273.7564787139872,3146.7075269470224
2024-12-23 00:00:00-05:00,AAPL,SELL,19,,,"End of trading session - closing all positions ($9.93, 0.2%).",FORCED EXIT: Held for 72.0 hours (max: 48),52512.695316101184,,,253.5897674560547,254.36700439453125,4818.205581665039,4828.140110412598,9.934528747558943,0.2061873155716582,108.33480612182484,3156.6420556945814
2024-12-23 00:00:00-05:00,MSFT,BUY,11,432.8714294433594,4766.347309600829,Strong upward momentum detected. Algorithm confidence: 57%. Good entry point for potential gains.,BUY: Momentum entry Q=0.572 >= 0.35,47746.34800650035,11.0,432.8714294433594,,,,,,,,3156.6420556945814
2024-12-23 00:00:00-05:00,GOOGL,BUY,25,193.99754333496094,4854.788521957397,Strong upward momentum detected. Algorithm confidence: 37%. Good entry point for potential gains.,BUY: Momentum entry Q=0.369 >= 0.35,42891.55948454296,25.0,193.99754333496094,,,,,,,,3156.6420556945814
2024-12-23 00:00:00-05:00,NVDA,BUY,35,139.64744567871094,4892.548259353637,Strong upward momentum detected. Algorithm confidence: 43%. Good entry point for potential gains.,BUY: Momentum entry Q=0.433 >= 0.35,37999.01122518932,35.0,139.64744567871094,,,,,,,,3156.6420556945814
2024-12-23 00:00:00-05:00,TSLA,BUY,11,430.6000061035156,4741.33666720581,Strong upward momentum detected. Algorithm confidence: 60%. Good entry point for potential gains.,BUY: Momentum entry Q=0.603 >= 0.35,33257.67455798351,11.0,430.6000061035156,,,,,,,,3156.6420556945814
2024-12-24 00:00:00-05:00,AAPL,BUY,19,257.28668212890625,4893.335407409668,Strong upward momentum detected. Algorithm confidence: 41%. Good entry point for potential gains.,BUY: Momentum entry Q=0.408 >= 0.35,28364.339150573844,19.0,257.28668212890625,,,,,,,,3156.6420556945814
2024-12-24 00:00:00-05:00,MSFT,SELL,11,,,"AI model detects potential price peak. Taking profits ($39.83, 0.8%).","SELL: ML profit peak ML=0.789, P&L=$44.63",33165.75311471569,,,432.8714294433594,436.9291076660156,4761.585723876953,4801.413964141846,39.828240264892884,0.8364490859667679,37.294568878175596,3196.4702959594742
2024-12-24 00:00:00-05:00,GOOGL,SELL,25,,,"AI model detects potential price peak. Taking profits ($31.99, 0.7%).","SELL: ML profit peak ML=0.653, P&L=$36.88",38047.68422891247,,,193.99754333496094,195.47271728515625,4849.938583374023,4881.931114196777,31.992530822753906,0.6596481640494759,585.6996157531739,3228.462826782228
2024-12-24 00:00:00-05:00,NVDA,SELL,35,,,"AI model detects potential price peak. Taking profits ($14.34, 0.3%).","SELL: ML profit peak ML=0.478, P&L=$19.25",42949.68535615551,,,139.64744567871094,140.19737243652344,4887.660598754883,4902.001127243042,14.34052848815918,0.29340270664072676,237.71788580322573,3242.8033552703873
2024-12-24 00:00:00-05:00,TSLA,SELL,11,,,"Exit signal triggered. Closing position with profit ($343.39, 7.2%).",SELL: Swing trade profit 7.4% >= 2.0% (24.0h),48029.6802627412,,,430.6000061035156,462.2799987792969,4736.600067138672,5079.994906585694,343.3948394470217,7.249817053996344,2617.151318161009,3586.198194717409
2024-12-26 00:00:00-05:00,AAPL,SELL,19,,,"End of trading session - closing all positions ($10.62, 0.2%).",FORCED EXIT: Held for 48.0 hours (max: 48),52928.747147598384,,,257.28668212890625,258.1037292480469,4888.446960449219,4899.066884857178,10.619924407958933,0.21724536430242922,118.95473052978377,3596.818119125368
2024-12-26 00:00:00-05:00,MSFT,BUY,11,435.7157897949219,4797.6665614318845,Strong upward momentum detected. Algorithm confidence: 64%. Good entry point for potential gains.,BUY: Momentum entry Q=0.639 >= 0.35,48131.0805861665,11.0,435.7157897949219,,,,,,,,3596.818119125368
2024-12-26 00:00:00-05:00,GOOGL,BUY,25,194.96438598632812,4878.983759307861,Strong upward momentum detected. Algorithm confidence: 52%. Good entry point for potential gains.,BUY: Momentum entry Q=0.516 >= 0.35,43252.09682685864,25.0,194.96438598632812,,,,,,,,3596.818119125368
2024-12-26 00:00:00-05:00,NVDA,BUY,35,139.90740966796875,4901.656097717285,Strong upward momentum detected. Algorithm confidence: 37%. Good entry point for potential gains.,BUY: Momentum entry Q=0.370 >= 0.35,38350.44072914135,35.0,139.90740966796875,,,,,,,,3596.818119125368
2024-12-26 00:00:00-05:00,TSLA,BUY,11,454.1300048828125,5000.425483764648,Strong upward momentum detected. Algorithm confidence: 61%. Good entry point for potential gains.,BUY: Momentum entry Q=0.612 >= 0.35,33350.01524537671,11.0,454.1300048828125,,,,,,,,3596.818119125368
2024-12-27 00:00:00-05:00,AAPL,BUY,19,254.6858673095703,4843.870510360717,Strong upward momentum detected. Algorithm confidence: 62%. Good entry point for potential gains.,BUY: Momentum entry Q=0.615 >= 0.35,28506.14473501599,19.0,254.6858673095703,,,,,,,,3596.818119125368
2024-12-27 00:00:00-05:00,NVDA,SELL,35,,,"Stop loss triggered to limit losses. Protecting capital ($-106.98, -2.2%).",SELL: Stop loss 2.1% >= 2.0%,33295.925583786135,,,139.90740966796875,136.9878692626953,4896.759338378906,4789.780848770141,-106.9784896087649,-2.1846793402793736,130.73939619446082,3489.839629516603
2024-12-27 00:00:00-05:00,TSLA,SELL,11,,,"Stop loss triggered to limit losses. Protecting capital ($-251.92, -5.0%).",SELL: Stop loss 4.9% >= 2.0%,38039.43736402906,,,454.1300048828125,431.6600036621094,4995.4300537109375,4743.5117802429195,-251.91827346801801,-5.04297469405815,2365.233044692991,3237.921356048585
2024-12-30 00:00:00-05:00,AAPL,SELL,19,,,"End of trading session - closing all positions ($-68.96, -1.4%).",FORCED EXIT: Held for 72.0 hours (max: 48),42809.512169525275,,,254.6858673095703,251.30787658691406,4839.031478881836,4770.074805496216,-68.95667338561998,-1.425009812119551,49.998057144163795,3168.964682662965
2024-12-30 00:00:00-05:00,MSFT,SELL,11,,,"End of trading session - closing all positions ($-149.93, -3.1%).",FORCED EXIT: Held for 96.0 hours (max: 48),47452.456557525766,,,435.7157897949219,422.50836181640625,4792.873687744141,4642.944388000488,-149.92929974365234,-3.1281713124849633,-112.63473086547674,3019.0353829193127
2024-12-30 00:00:00-05:00,GOOGL,SELL,25,,,"End of trading session - closing all positions ($-113.41, -2.3%).",FORCED EXIT: Held for 96.0 hours (max: 48),52213.155113281384,,,194.96438598632812,190.61856079101562,4874.109649658203,4760.698555755615,-113.41109390258771,-2.326806371919447,472.2885218505862,2905.624289016725
2024-12-30 00:00:00-05:00,TSLA,BUY,11,417.4100036621094,4596.101550323486,Strong upward momentum detected. Algorithm confidence: 49%. Good entry point for potential gains.,BUY: Momentum entry Q=0.492 >= 0.35,47617.053562957895,11.0,417.4100036621094,,,,,,,,2905.624289016725
