date,symbol,action,shares,price,cost,reason,technical_reason,cash_after,total_position,avg_price,buy_price,sell_price,cost_basis,proceeds,pnl,pnl_pct,cumulative_pnl,running_total_pnl
2025-01-02 00:00:00-05:00,AAPL,BUY,10,242.9874267578125,2432.304141845703,Strong upward momentum detected. Algorithm confidence: 40%. Good entry point for potential gains.,BUY: Momentum entry Q=0.399 >= 0.3,7567.695858154297,10.0,242.9874267578125,,,,,,,,0.0
2025-01-03 00:00:00-05:00,AAPL,SELL,10,,,"Algorithm confidence dropped. Exiting position to preserve capital ($-7.31, -0.3%).",SELL: Conviction lost Q=0.226 <= 0.35,9990.262474212646,,,242.9874267578125,242.49916076660156,2429.874267578125,2422.5666160583496,-7.307651519775391,-0.3007419609023221,-7.307651519775391,-7.307651519775391
2025-01-06 00:00:00-05:00,AAPL,BUY,10,244.1333465576172,2443.774799041748,Strong upward momentum detected. Algorithm confidence: 52%. Good entry point for potential gains.,BUY: Momentum entry Q=0.524 >= 0.3,7546.487675170898,10.0,244.1333465576172,,,,,,,,-7.307651519775391
2025-01-07 00:00:00-05:00,AAPL,SELL,10,,,"Algorithm confidence dropped. Exiting position to preserve capital ($-30.21, -1.2%).",SELL: Conviction lost Q=0.314 <= 0.35,9957.606399993896,,,244.1333465576172,241.3532257080078,2441.333465576172,2411.118724822998,-30.214740753173828,-1.2376326781742182,-37.52239227294922,-37.52239227294922
2025-01-08 00:00:00-05:00,AAPL,BUY,10,241.8414764404297,2420.833179168701,Strong upward momentum detected. Algorithm confidence: 41%. Good entry point for potential gains.,BUY: Momentum entry Q=0.414 >= 0.3,7536.773220825195,10.0,241.8414764404297,,,,,,,,-37.52239227294922
